id,listing_url,scrape_id,last_scraped,source,name,description,neighborhood_overview,picture_url,host_id,host_url,host_name,host_since,host_location,host_about,host_response_time,host_response_rate,host_acceptance_rate,host_is_superhost,host_thumbnail_url,host_picture_url,host_neighbourhood,host_listings_count,host_total_listings_count,host_verifications,host_has_profile_pic,host_identity_verified,neighbourhood,neighbourhood_cleansed,neighbourhood_group_cleansed,latitude,longitude,property_type,room_type,accommodates,bathrooms,bathrooms_text,bedrooms,beds,amenities,price,minimum_nights,maximum_nights,minimum_minimum_nights,maximum_minimum_nights,minimum_maximum_nights,maximum_maximum_nights,minimum_nights_avg_ntm,maximum_nights_avg_ntm,calendar_updated,has_availability,availability_30,availability_60,availability_90,availability_365,calendar_last_scraped,number_of_reviews,number_of_reviews_ltm,number_of_reviews_l30d,availability_eoy,number_of_reviews_ly,estimated_occupancy_l365d,estimated_revenue_l365d,first_review,last_review,review_scores_rating,review_scores_accuracy,review_scores_cleanliness,review_scores_checkin,review_scores_communication,review_scores_location,review_scores_value,license,instant_bookable,calculated_host_listings_count,calculated_host_listings_count_entire_homes,calculated_host_listings_count_private_rooms,calculated_host_listings_count_shared_rooms,reviews_per_month
1125097,https://www.airbnb.com/rooms/1125097,20250927041735,2025-09-27,city scrape,Strathlyn Coach House Barossa,"Please note there is a minimum stay of 2 nights.<br />Make use of the new Gymnasium and Guest Laundry on the property.<br />Enjoy the location set among the vineyards.<br />Conveniently close to the town of Angaston, cafes, restaurants, wineries and  bike track.",Strathlyn Estate is a very private property surrounded by extensive gardens. It is off the main road located amongst vineyards within walking distance of Saltram Winery. The accommodation is 1 km from Angaston town where guests can access the start of the bike track that runs through the centre of the Barossa Valley to Gawler.,https://a0.muscache.com/pictures/16953708/b789c3ad_original.jpg,6172214,https://www.airbnb.com/users/show/6172214,Heather,2013-05-01,,I have been a long time resident of the Barossa Valley.I would be happy to provide you with information about local points of interest.,within a day,100%,95%,t,https://a0.muscache.com/im/users/6172214/profile_pic/1367919828/original.jpg?aki_policy=profile_small,https://a0.muscache.com/im/users/6172214/profile_pic/1367919828/original.jpg?aki_policy=profile_x_medium,,3,4,"['email', 'phone']",t,t,Neighborhood highlights,Angaston,,-34.49563,139.0293,Entire cottage,Entire home/apt,2,1.0,1 bath,1,1,"[""Coffee maker"", ""Heating"", ""Hot water"", ""First aid kit"", ""Dishes and silverware"", ""Luggage dropoff allowed"", ""Bed linens"", ""Patio or balcony"", ""Dryer"", ""Iron"", ""Kitchen"", ""Gym"", ""Stove"", ""Extra pillows and blankets"", ""TV"", ""Refrigerator"", ""Hangers"", ""Air conditioning"", ""Private entrance"", ""BBQ grill"", ""Washer"", ""Backyard"", ""Fire extinguisher"", ""Shampoo"", ""Cooking basics"", ""Essentials"", ""Host greets you"", ""Smoke alarm"", ""Hair dryer"", ""Exterior security cameras on property"", ""Free parking on premises"", ""Breakfast""]",$229.00,2,14,2,2,14,14,2.0,14.0,,t,22,46,70,327,2025-09-27,228,17,2,72,15,102,23358,2013-09-13,2025-09-21,4.87,4.93,4.89,4.99,4.97,4.96,4.74,,f,3,2,1,0,1.56
1133195,https://www.airbnb.com/rooms/1133195,20250927041735,2025-09-27,city scrape,Strathlyn Lemon Tree Spa  Barossa,"Enjoy the charms of the Barossa Valley in this self contained cottage on the beautiful Strathlyn Estate located just out of Angaston.<br />If you are on an extended holiday, you have the convenience of a guest laundry on the property and a new Gymnasium.","Enjoy the tranquility of staying on the beautiful Strathlyn Estate, surrounded on all sides by historic vineyards.<br />Strathlyn Estate is within walking distance of Saltram Winery and the Farmers Market. The accommodation is 1 km from Angaston town where guests can access the start of the bike track that runs through the centre of the Barossa Valley to Gawler.",https://a0.muscache.com/pictures/17370883/ef4b46e7_original.jpg,6172214,https://www.airbnb.com/users/show/6172214,Heather,2013-05-01,,I have been a long time resident of the Barossa Valley.I would be happy to provide you with information about local points of interest.,within a day,100%,95%,t,https://a0.muscache.com/im/users/6172214/profile_pic/1367919828/original.jpg?aki_policy=profile_small,https://a0.muscache.com/im/users/6172214/profile_pic/1367919828/original.jpg?aki_policy=profile_x_medium,,3,4,"['email', 'phone']",t,t,Neighborhood highlights,Angaston,,-34.49538,139.03086,Entire cottage,Entire home/apt,2,1.0,1 bath,1,1,"[""Coffee maker"", ""Heating"", ""Hot water"", ""First aid kit"", ""Dishes and silverware"", ""Luggage dropoff allowed"", ""Bed linens"", ""Patio or balcony"", ""Dryer"", ""Iron"", ""Kitchen"", ""Gym"", ""Stove"", ""Extra pillows and blankets"", ""TV"", ""Refrigerator"", ""Hangers"", ""Air conditioning"", ""Private entrance"", ""BBQ grill"", ""Hot tub"", ""Washer"", ""Backyard"", ""Fire extinguisher"", ""Shampoo"", ""Cooking basics"", ""Essentials"", ""Microwave"", ""Smoke alarm"", ""Hair dryer"", ""Free parking on premises"", ""Breakfast""]",$213.00,2,1125,2,2,1125,1125,2.0,1125.0,,t,22,49,79,350,2025-09-27,87,10,0,85,6,60,12780,2014-09-30,2025-08-15,4.86,4.84,4.87,4.98,4.91,4.94,4.7,,f,3,2,1,0,0.65
1133236,https://www.airbnb.com/rooms/1133236,20250927041735,2025-09-27,city scrape,Strathlyn Spa Garden Suites Barossa,The spa garden suites are located on the eastern side of the main residence at Strathlyn Estate. They are very private with their own access from the garden. They are tastefully and comfortably furnished. Each features a luxury bathroom with spa.,Strathlyn Estate is a very private property surrounded by extensive gardens. It is off the main road located amongst vineyards within walking distance of Saltram Winery. The accommodation is 1 km from Angaston town where guests can access the start of the bike track that runs through the centre of the Barossa Valley to Gawler.,https://a0.muscache.com/pictures/17371242/8a9bd311_original.jpg,6172214,https://www.airbnb.com/users/show/6172214,Heather,2013-05-01,,I have been a long time resident of the Barossa Valley.I would be happy to provide you with information about local points of interest.,within a day,100%,95%,t,https://a0.muscache.com/im/users/6172214/profile_pic/1367919828/original.jpg?aki_policy=profile_small,https://a0.muscache.com/im/users/6172214/profile_pic/1367919828/original.jpg?aki_policy=profile_x_medium,,3,4,"['email', 'phone']",t,t,Neighborhood highlights,Penrice,,-34.49372,139.03199,Private room in rental unit,Private room,2,1.0,1 private bath,1,1,"[""Essentials"", ""Lock on bedroom door"", ""Gym"", ""Dryer"", ""TV"", ""Heating"", ""Hangers"", ""Air conditioning"", ""Hot tub"", ""Hot water"", ""Hair dryer"", ""Iron"", ""Free parking on premises"", ""Washer"", ""Shampoo"", ""Breakfast""]",$237.00,1,1125,1,1,1125,1125,1.0,1125.0,,t,20,48,78,351,2025-09-27,74,8,0,84,5,48,11376,2014-01-27,2025-08-24,4.88,4.92,4.89,4.95,4.92,4.92,4.61,,f,3,2,1,0,0.52
1710462,https://www.airbnb.com/rooms/1710462,20250927041735,2025-09-27,city scrape,Shea-Oak Log Studio Shed,"Our converted shed is a cozy and comfortable one bedroomed studio with glossy kitchen, granite bench tops, timber floors, shiny bathroom and large carpeted bedroom with a comfy queen bed. The studio has everything you could possibly need to have a wonderful and comfortable stay.<br />Located in western Barossa, just off the Sturt Hwy, minutes away from Barossa attractions and 50 minutes from Adelaide. Be Consumed-In the Barossa.","The Studio is located in a very unique area. There are no close by neighbouring houses, you are moments off of the Sturt Highway which leads you to the heart of the Barossa in 10 minutes and to Adelaide in 50 minutes. The studio is situated at the southern end of our property which is close to the Sturt Highway, this is great for access but you can hear the road noise from the studio. You are surrounded by the Barossa Ranges, vineyards and broadacre crops. No one will bother you here!",https://a0.muscache.com/pictures/miso/Hosting-1710462/original/2a15553d-684e-43cb-86a4-9d8261f21297.jpeg,6645956,https://www.airbnb.com/users/show/6645956,Kylie And Tom,2013-05-29,"Shea-Oak Log, Australia","We are a family of 4 who live, work and play in the Barossa Valley. We live on a small vineyard and make our own wine. We love the big outdoors, camping, the Murray river and doing things as a family. 
We are true locals and know the Barossa inside and out.
We live on the property but are far enough away to not bother you at all and let you enjoy yourselves but close enough if you have any problems.",within a day,100%,97%,f,https://a0.muscache.com/im/users/6645956/profile_pic/1380189231/original.jpg?aki_policy=profile_small,https://a0.muscache.com/im/users/6645956/profile_pic/1380189231/original.jpg?aki_policy=profile_x_medium,,1,1,"['email', 'phone']",t,t,Neighborhood highlights,Shea-Oak Log,,-34.51049,138.81731,Entire cabin,Entire home/apt,2,1.0,1 bath,1,1,"[""Valley view"", ""Lockbox"", ""Heating"", ""Long term stays allowed"", ""Hot water"", ""Dishes and silverware"", ""Private patio or balcony"", ""Luggage dropoff allowed"", ""Bed linens"", ""Books and reading material"", ""Oven"", ""Self check-in"", ""Freezer"", ""Dining table"", ""Iron"", ""Kitchen"", ""AC - split type ductless system"", ""Clothing storage: wardrobe and dresser"", ""Outdoor furniture"", ""Stove"", ""Room-darkening shades"", ""Cleaning products"", ""Shower gel"", ""Extra pillows and blankets"", ""Free parking on premises"", ""TV"", ""Dedicated workspace"", ""Hangers"", ""Refrigerator"", ""Baking sheet"", ""Private entrance"", ""Laundromat nearby"", ""Backyard"", ""Shampoo"", ""Fire extinguisher"", ""Cooking basics"", ""Wine glasses"", ""Essentials"", ""Conditioner"", ""Crib - available upon request"", ""Microwave"", ""Portable fans"", ""Smoke alarm"", ""Hair dryer"", ""Hot water kettle"", ""Body soap"", ""Toaster""]",$104.00,2,1125,1,2,1125,1125,2.0,1125.0,,t,19,47,71,344,2025-09-27,599,26,1,76,28,156,16224,2013-11-03,2025-09-05,4.76,4.83,4.71,4.96,4.95,4.61,4.83,,f,1,1,0,0,4.13
2028951,https://www.airbnb.com/rooms/2028951,20250927041735,2025-09-27,city scrape,"2 bedrooms with Woodfire, Barossa Country Cottages","Relax as a couple, or with the whole family, at our peaceful cottage. Historic Lyndoch is the ideal place from which to experience the famous Barossa Valley.  The cottage is just a short 800 metres from the shops, bakery, and more. Restaurants and vineyards are within minutes. We supply free bicycles to explore the Barossa Cycling trails (Pre booking required). A second cottage is available on the site if you search airbnb for "" 2 bedroom family cottage - sleeps up to 6 "".",,https://a0.muscache.com/pictures/miso/Hosting-2028951/original/3bf45951-2894-4638-882c-a45cd1fd7068.jpeg,10421165,https://www.airbnb.com/users/show/10421165,Mark And Fiona,2013-12-04,"Lyndoch, Australia","Hi, We love hosting people at our cottages in the Barossa, both at the 1890s historic Barossa Hills Cottages in Springton, and these two bedroom family cottages at Lyndoch. In February 2022 the previous owners retired, and we have now refreshed the cottages - which are renowned throughout the Barossa as affordable family (& pet!) friendly accommodation.",within an hour,100%,100%,f,https://a0.muscache.com/im/pictures/user/ac9ad189-b8a2-448d-a071-8e40760ddf46.jpg?aki_policy=profile_small,https://a0.muscache.com/im/pictures/user/ac9ad189-b8a2-448d-a071-8e40760ddf46.jpg?aki_policy=profile_x_medium,,2,3,"['email', 'phone']",t,t,,Lyndoch,,-34.60392,138.88311,Entire vacation home,Entire home/apt,4,1.0,1 bath,2,2,"[""Coffee maker"", ""Lockbox"", ""Heating"", ""Wifi"", ""32 inch HDTV"", ""Crib"", ""First aid kit"", ""Dishes and silverware"", ""Outdoor dining area"", ""Private patio or balcony"", ""Garden view"", ""Indoor fireplace: wood-burning"", ""Self check-in"", ""Pack \u2019n play/Travel crib"", ""Iron"", ""Kitchen"", ""Outdoor furniture"", ""Shared backyard \u2013 Fully fenced"", ""Free washer \u2013 In unit"", ""Refrigerator"", ""Dedicated workspace"", ""Air conditioning"", ""BBQ grill"", ""Fire extinguisher"", ""Cooking basics"", ""Pets allowed"", ""High chair"", ""Smoke alarm"", ""Hair dryer"", ""Exterior security cameras on property"", ""Free parking on premises""]",$184.00,2,1125,2,2,2,1125,2.0,273.0,,t,15,36,62,284,2025-09-27,46,14,2,67,15,84,15456,2022-04-10,2025-09-22,4.76,4.74,4.8,4.91,4.87,4.76,4.57,,t,2,2,0,0,1.09
2327616,https://www.airbnb.com/rooms/2327616,20250927041735,2025-09-27,city scrape,Gawler River Farm B and B.,"The comfortable, stylish, large one bedroom apartment is situated on a working sheep farm. Enjoy country life, night stars, birds at dawn. 30 min. to the Barossa Valley, 60 min. Clare Valley, 40 min. Adelaide CBD.<br />10 min. Gawler Gliding club.",The Gawler River area is the closest flat farming area to Adelaide. Studded with gum trees the farm land is park like. The view to the East is of the blue Mt Lofty ranges sweeping round to the Barossa Valley.,https://a0.muscache.com/pictures/6918de97-1185-446e-ac47-67c78a0a5a53.jpg,6713275,https://www.airbnb.com/users/show/6713275,Bill,2013-06-03,"Gawler River, Australia","My family have farmed in Gawler River since 1847. My farm runs the oldest Poll Dorset sheep stud in the world, I also grow cereal crops. Having lived in Gawler River all my live I have a detailed knowledge of the area, its history and attractions.
I enjoy traveling, meeting people and have many friends around the world. Especially through a long involvement with Rotary Youth Exchange.  ",within an hour,100%,100%,t,https://a0.muscache.com/im/pictures/user/327f5b26-5ce4-48cc-a34a-888dd6c54178.jpg?aki_policy=profile_small,https://a0.muscache.com/im/pictures/user/327f5b26-5ce4-48cc-a34a-888dd6c54178.jpg?aki_policy=profile_x_medium,,1,2,"['email', 'phone']",t,t,Neighborhood highlights,Gawler River,,-34.60549,138.64723,Entire guesthouse,Entire home/apt,3,1.0,1 bath,1,2,"[""Heating"", ""Wifi"", ""Crib"", ""Hot water"", ""First aid kit"", ""Dishes and silverware"", ""Luggage dropoff allowed"", ""Bed linens"", ""Dryer"", ""Pack \u2019n play/Travel crib"", ""Iron"", ""Shared patio or balcony"", ""Shared backyard \u2013 Fully fenced"", ""Extra pillows and blankets"", ""Window AC unit"", ""Carbon monoxide alarm"", ""TV"", ""Dedicated workspace"", ""Hangers"", ""Refrigerator"", ""BBQ grill"", ""Washer"", ""Shampoo"", ""Essentials"", ""High chair"", ""Children\u2019s books and toys"", ""Microwave"", ""Host greets you"", ""Smoke alarm"", ""Hair dryer"", ""Exterior security cameras on property"", ""Free parking on premises"", ""Single level home"", ""Breakfast""]",$105.00,1,1125,1,1,1125,1125,1.0,1125.0,,t,25,52,81,356,2025-09-27,227,27,2,87,29,162,17010,2015-02-17,2025-09-14,4.74,4.79,4.59,4.93,4.92,4.83,4.77,,f,1,1,0,0,1.76
2567051,https://www.airbnb.com/rooms/2567051,20250927041735,2025-09-27,city scrape,The Miners Cottage Barossa Valley,"The Miners Cottage is beautifully restored with modern comforts and old world charm. Open fire, gorgeous bathroom, comfy bed, peace and quiet, sleeps two. The Miners Barn, right next to the cottage, can be added to your booking to sleep an extra two people. Beautiful views from every aspect. <br />A booking for four will be in two seperate cottages- two in the Miners Cottage and two in the Barn. They are right next to each other.","Set in rural surrounds on the edge of the Barossa, 7 mins to Lyndoch, 10 mins to Gawler, 15 mins to Tanunda, 30 mins to Angaston. <br /><br />Tour the wineries, visit the farmers market, eat out, ride the Bike trail, fossick in an antique store...",https://a0.muscache.com/pictures/33850379/5f30c377_original.jpg,10726293,https://www.airbnb.com/users/show/10726293,Rebecca,2013-12-20,"Cockatoo Valley, Australia","Rebecca lives on the property with her husband and their 3 children.  They have a dog, cat, chooks, a duck and a few pet sheep.  Chances are you'll enjoy eggs fresh from the henhouse when you stay at The Miners Cottage!  ",N/A,N/A,0%,f,https://a0.muscache.com/im/pictures/user/845c76d9-fe66-45b1-8424-ec5abfd5cd3a.jpg?aki_policy=profile_small,https://a0.muscache.com/im/pictures/user/845c76d9-fe66-45b1-8424-ec5abfd5cd3a.jpg?aki_policy=profile_x_medium,,1,1,"['email', 'phone']",t,f,Neighborhood highlights,Cockatoo Valley,,-34.63808,138.84598,Private room in bed and breakfast,Private room,4,2.0,2 baths,2,2,"[""Heating"", ""Long term stays allowed"", ""Hot water"", ""First aid kit"", ""Outdoor dining area"", ""Indoor fireplace"", ""Dryer"", ""Pack \u2019n play/Travel crib"", ""Iron"", ""Kitchen"", ""Outdoor furniture"", ""Private pool"", ""TV"", ""Refrigerator"", ""Hangers"", ""Air conditioning"", ""BBQ grill"", ""Washer"", ""Backyard"", ""Fire extinguisher"", ""Shampoo"", ""Essentials"", ""Pets allowed"", ""High chair"", ""Board games"", ""Host greets you"", ""Smoke alarm"", ""Hair dryer"", ""Free parking on premises"", ""Breakfast""]",$182.00,2,1125,2,2,1125,1125,2.0,1125.0,,t,0,2,12,205,2025-09-27,33,1,0,16,1,6,1092,2014-11-10,2024-10-06,4.85,4.88,4.91,5.0,4.94,4.85,4.76,,f,1,0,1,0,0.25
5289072,https://www.airbnb.com/rooms/5289072,20250927041735,2025-09-27,city scrape,Mt McKenzie Raspberry Farm,"If you long for a quiet retreat away from the crowds and close to nature, Mt McKenzie Raspberry Farm could be for you. Perched on the hills above the North Para River in the south eastern ranges of the Barossa, you will be serenaded with the tweets from native birds, bleets from lambs and mesmerised by stunning sunrises and sunsets.<br />When the riches of local food and wine are needed, wineries, markets, cheese shops, cafe's and restaurants are just a 10 minute drive.",The beauty of Mt McKenzie is location.<br />Close to all the facilities that the Barossa Valley offers while giving privacy and independence of a rural property.,https://a0.muscache.com/pictures/airflow/Hosting-5289072/original/257d0efa-cb0a-40b5-a1fe-80a0cc76cc6d.jpg,27321203,https://www.airbnb.com/users/show/27321203,Phillip,2015-02-06,"Millswood, Australia","",within an hour,100%,78%,t,https://a0.muscache.com/im/pictures/user/0271fa82-a191-4771-b727-83da22836263.jpg?aki_policy=profile_small,https://a0.muscache.com/im/pictures/user/0271fa82-a191-4771-b727-83da22836263.jpg?aki_policy=profile_x_medium,,1,2,"['email', 'phone']",t,t,Neighborhood highlights,Flaxman Valley,,-34.56405,139.07988,Entire cabin,Entire home/apt,6,2.0,2 baths,3,3,"[""Valley view"", ""Heating"", ""Dishwasher"", ""Hot water"", ""First aid kit"", ""Dishes and silverware"", ""Private patio or balcony"", ""Bed linens"", ""Indoor fireplace"", ""Oven"", ""Iron"", ""Kitchen"", ""Outdoor furniture"", ""Stove"", ""Private backyard \u2013 Fully fenced"", ""Extra pillows and blankets"", ""TV"", ""Dedicated workspace"", ""Hangers"", ""Air conditioning"", ""Refrigerator"", ""Private entrance"", ""BBQ grill"", ""Washer"", ""Fire extinguisher"", ""Shampoo"", ""Cooking basics"", ""Essentials"", ""Microwave"", ""Host greets you"", ""Smoke alarm"", ""Hair dryer"", ""Free parking on premises"", ""Single level home""]",$184.00,3,200,3,3,200,200,3.0,200.0,,t,5,14,40,228,2025-09-27,152,16,2,40,14,96,17664,2015-10-26,2025-09-13,4.93,4.94,4.95,4.98,4.99,4.96,4.9,,f,1,1,0,0,1.26
5426792,https://www.airbnb.com/rooms/5426792,20250927041735,2025-09-27,city scrape,"""The Shed""","At first glance, yes it's a shed. But explore further and you will find an unique Aussie experience, a fully functional self contained room. Shower, toilet and kitchenette. All private and seperate from our house. It's normally used for overnighters by family and friends. Please be open minded in your expectations, it's not the Ritz, Hilton, Taj Mahal but what it is clean, tidy, private affordable accomadation. Single or couple. Please  note that toilet, shower and sink are located in same room.",Our residence is in a quiet street. We have lived at the same address for over 20yrs. We have a very safe neighbourhood and we have a good relationship with our neighbour's.,https://a0.muscache.com/pictures/95e40b07-63a6-4857-adae-122b1761c2f7.jpg,28149709,https://www.airbnb.com/users/show/28149709,Andrew & Belinda,2015-02-22,"Nuriootpa, Australia","My wife and I regard ourselves as very sociable people. I myself am an avid home brewer and love fine wine and social gatherings. Married since 1992 and have two adult children. Born and lived in the Barossa all my life with strong family ties and local knowledge. I work within the wine industry. Enjoy open air concerts, having been to numerous ""Day On The Green"" concerts. Love all types of music 
but especially 80's.",within an hour,100%,97%,t,https://a0.muscache.com/im/pictures/user/62590d58-3386-4ed5-a68d-a61a93801b36.jpg?aki_policy=profile_small,https://a0.muscache.com/im/pictures/user/62590d58-3386-4ed5-a68d-a61a93801b36.jpg?aki_policy=profile_x_medium,,1,1,"['email', 'phone']",t,t,Neighborhood highlights,Nuriootpa,,-34.46333,139.00032,Entire guesthouse,Entire home/apt,2,1.0,1 bath,1,1,"[""Lockbox"", ""Smoking allowed"", ""Heating"", ""Wifi"", ""Long term stays allowed"", ""Hot water"", ""Dishes and silverware"", ""Luggage dropoff allowed"", ""Bed linens"", ""Self check-in"", ""Kitchen"", ""Central air conditioning"", ""Cleaning products"", ""TV"", ""Laundromat nearby"", ""Backyard"", ""Cooking basics"", ""Essentials"", ""Mini fridge"", ""Microwave"", ""Free street parking"", ""Smoke alarm"", ""Exterior security cameras on property"", ""Free parking on premises"", ""Body soap""]",$71.00,1,35,1,1,1125,1125,1.0,1125.0,,t,9,33,61,210,2025-09-27,206,19,3,67,30,114,8094,2015-11-23,2025-09-11,4.8,4.95,4.91,4.96,4.98,4.9,4.89,,t,1,1,0,0,1.72
5537173,https://www.airbnb.com/rooms/5537173,20250927041735,2025-09-27,city scrape,1837 Barossa Luxury  Vineyard Cottage S Australia,"Beautiful cottage facing vineyard.  French provincial style in Lyndoch, fully equipped kitchen, bathroom with spa, 2 showers, 2TVs, outdoor sitting with views of Barossa Ranges and vineyards. Enjoy the beautiful Barossa sunrise from your bedroom and sunset from the William Light Monument Park. Coffee (Nespresso) and tea provided. Stroll around vineyard and watch out for kangaroos and native birds. Wi-Fi included. Tennis court is available to all guests at our cottages.","Surrounded by lovely vineyards and wineries, kangaroos and beautiful birds.<br />A perfect place to relax and enjoy the calmness of the country yet just an hour away from Adelaide. Stroll around the vineyard and enjoy the breathtaking views of the Barossa Ranges. Visit Colonel William Light Monument on the estate.",https://a0.muscache.com/pictures/4369d6d2-ef5a-4c14-9244-7e0eaba31707.jpg,28712482,https://www.airbnb.com/users/show/28712482,Nelly,2015-03-03,,"I am a Montessori teacher and at present working with children diagnosed with ASD. Love meeting people, friendly and easy going.",within an hour,100%,100%,f,https://a0.muscache.com/im/pictures/user/af750c7b-6b65-4424-a815-819c3f2984d6.jpg?aki_policy=profile_small,https://a0.muscache.com/im/pictures/user/af750c7b-6b65-4424-a815-819c3f2984d6.jpg?aki_policy=profile_x_medium,,3,8,"['email', 'phone']",t,t,Neighborhood highlights,Lyndoch,,-34.58503,138.86457,Entire villa,Entire home/apt,2,1.0,1 bath,1,1,"[""Heating"", ""Wifi"", ""Dishwasher"", ""Long term stays allowed"", ""Hot water"", ""Dishes and silverware"", ""Barbecue utensils"", ""Private backyard"", ""Private patio or balcony"", ""Luggage dropoff allowed"", ""Bed linens"", ""Indoor fireplace"", ""Dryer"", ""Oven"", ""Self check-in"", ""Freezer"", ""Iron"", ""Kitchen"", ""Stove"", ""Shower gel"", ""Extra pillows and blankets"", ""Private hot tub"", ""Free parking on premises"", ""Carbon monoxide alarm"", ""Refrigerator"", ""Hangers"", ""Air conditioning"", ""Baking sheet"", ""Private entrance"", ""BBQ grill"", ""Washer"", ""Fire extinguisher"", ""Shampoo"", ""TV with standard cable"", ""Cooking basics"", ""Essentials"", ""Smart lock"", ""Mini fridge"", ""Microwave"", ""Smoke alarm"", ""Hair dryer"", ""Coffee maker: Nespresso"", ""Single level home""]",$413.00,2,90,2,2,90,90,2.0,90.0,,t,25,48,67,328,2025-09-27,40,3,1,67,2,18,7434,2018-09-23,2025-09-20,4.95,4.98,5.0,4.95,4.98,4.93,4.78,,t,3,3,0,0,0.47
6170279,https://www.airbnb.com/rooms/6170279,20250927041735,2025-09-27,city scrape,"Little Para Cottage, Tanunda",Our  cottage is hidden away in Tanunda in the heart of the Barossa Valley. It's little - just one cosy bedroom - but in a very handy location  just up the road from iconic Tanunda wineries. It has a private garden and undercover off-street parking.,"We are on the edge of town in a residential street that feels more rural than township. Houses are on one side, and wineries and few homes on large allotments are on the other side. We are on the winery side!",https://a0.muscache.com/pictures/hosting/Hosting-U3RheVN1cHBseUxpc3Rpbmc6NjE3MDI3OQ==/original/e62767db-2eb8-4f15-9656-73fe59be17f4.jpeg,32013001,https://www.airbnb.com/users/show/32013001,Wendy,2015-04-26,"Tanunda, Australia","We feel very lucky to live and work in the Barossa and hope you will enjoy exploring our region during your stay! We like the rural feel where we live, with vineyards just over our back fence, but we are minutes to the centre of the township. We enjoy our wine and food and the opportunity to relax, so we understand that our guests might just like to be left to do their own thing and enjoy some time out. We like to take short impromptu getaways. Hubby loves his footy and horse-racing hence Foxtel in the cottage for people who may not want to miss a game while away. I enjoy gardening as being surrounded by a natural setting is important to me. If you want recommendations of where to dine out and what to do, we are happy to point you in directions that we have experienced and recommend! Careers in hospitality brought us to the Barossa in 1997... we're still here!",within an hour,100%,100%,t,https://a0.muscache.com/im/pictures/user/975cc791-a4db-4354-bae9-895c7a44ecfb.jpg?aki_policy=profile_small,https://a0.muscache.com/im/pictures/user/975cc791-a4db-4354-bae9-895c7a44ecfb.jpg?aki_policy=profile_x_medium,,1,3,"['email', 'phone']",t,t,Neighborhood highlights,Tanunda,,-34.50938,138.97314,Entire cottage,Entire home/apt,2,1.0,1 bath,1,1,"[""Coffee maker"", ""Lockbox"", ""Fire pit"", ""Heating"", ""Wifi"", ""Long term stays allowed"", ""Hot water"", ""First aid kit"", ""Dishes and silverware"", ""Barbecue utensils"", ""Outdoor dining area"", ""Private patio or balcony"", ""Luggage dropoff allowed"", ""Bed linens"", ""Oven"", ""Self check-in"", ""Pack \u2019n play/Travel crib"", ""Iron"", ""Kitchen"", ""AC - split type ductless system"", ""HDTV with Netflix, DVD player"", ""Outdoor furniture"", ""Stove"", ""Private backyard \u2013 Fully fenced"", ""Extra pillows and blankets"", ""Refrigerator"", ""Hangers"", ""Private entrance"", ""BBQ grill"", ""Fire extinguisher"", ""Shampoo"", ""Cooking basics"", ""Essentials"", ""High chair"", ""Children\u2019s books and toys"", ""Microwave"", ""Smoke alarm"", ""Hair dryer"", ""Free parking on premises""]",$144.00,2,90,2,5,1125,1125,2.1,1125.0,,t,0,6,28,53,2025-09-27,184,13,0,31,5,78,11232,2015-06-10,2025-07-12,4.89,4.97,4.87,4.99,4.99,4.9,4.82,,t,1,1,0,0,1.47
6170887,https://www.airbnb.com/rooms/6170887,20250927041735,2025-09-27,city scrape,Elderton Wines Guest House,"Our Guest House is located in Nuriootpa, in the heart of the Barossa Valley. Situated a short walk from the Elderton Wines Cellar Door, this is a great base for any Barossa visit, be it wine tasting, cycling the Nuriootpa to Angaston bike track or indulging in one of the Barossa’s great eateries and restaurants. Coffee and tea provisions are provided. Also included for your stay – a bottle of Elderton wine which can be enjoyed in our Riedel glassware.",Enjoy the Barossa experience!<br /><br />Elderton Guest House is ideally located within a short walking distance of:<br />Barossa Distillery<br />Provenance Barossa<br />Linke’s Central Meat Store – fifth generation butcher and smokehouse<br />Stein’s Tap House<br />Penfolds Cellar Door<br />Barossa Bush Gardens<br />Nuriootpa to Angaston Bike Trail<br />Barossa Farmers Market<br />Ember Pizza House<br />Barossa Co-Op Fresh Supermarket<br />Steiny’s Traditional Mettwurst<br />Vine Inn Barossa Community Hotel<br />Angas Park Hotel<br />Vintners Bar & Grill<br />Linke’s Bakehouse<br /><br />The townships of Angaston & Tanunda are only a short 10 minute drive away.,https://a0.muscache.com/pictures/6a5885fb-470d-4b4d-8503-b1dd4f3a006e.jpg,32017867,https://www.airbnb.com/users/show/32017867,Elderton,2015-04-26,"Nuriootpa, Australia","Elderton Wines is a small, family-owned winery, situated in Nuriootpa, in the heart of Australia’s Barossa Valley. Established by Lorraine and Neil Ashmead in 1982 the winery is now managed by the second generation of the Ashmead family, brothers Cameron and Allister. The Ashmead family have enjoyed hosting many visitors over the years, and now offer Guest House accommodation to the public.",within a few hours,100%,71%,f,https://a0.muscache.com/im/users/32017867/profile_pic/1430108275/original.jpg?aki_policy=profile_small,https://a0.muscache.com/im/users/32017867/profile_pic/1430108275/original.jpg?aki_policy=profile_x_medium,,1,1,"['email', 'phone']",t,t,Neighborhood highlights,Nuriootpa,,-34.47753,138.99632,Entire cottage,Entire home/apt,6,1.0,1 bath,3,4,"[""Heating"", ""Dishwasher"", ""Wifi"", ""EV charger"", ""Hot water"", ""Dishes and silverware"", ""Patio or balcony"", ""Dryer"", ""Oven"", ""Iron"", ""Kitchen"", ""Stove"", ""TV"", ""Refrigerator"", ""Air conditioning"", ""BBQ grill"", ""Washer"", ""Backyard"", ""Cooking basics"", ""Essentials"", ""Microwave"", ""Free street parking"", ""Smoke alarm"", ""Hair dryer"", ""Free parking on premises"", ""Single level home""]",$420.00,2,1125,1,2,1125,1125,2.0,1125.0,,t,9,32,51,301,2025-09-27,39,5,0,55,7,30,12600,2015-05-31,2025-03-22,4.72,4.56,4.9,4.92,4.82,4.79,4.67,,f,1,1,0,0,0.31
9264671,https://www.airbnb.com/rooms/9264671,20250927041735,2025-09-27,city scrape,Barossa Idyll Studio -great for romantics,"Barossa Idyll  Studio is located in the centre of the Barossa in Tanunda a short walk to cafes, wine bars and restaurants. A small and cosy haven; the Studio is attached to Barossa Idyll. With beautiful lawns and gardens, this is set in amongst magnificent Barossa vineyard and hills views.","Barossa Idyll is located in the centre of the Barossa in the main street of Tanunda. There are  cafes , hotels and restaurants within in a few minutes walking distance . There are many wineries a short drive away. The Barossa Visitor Centre is also located in Tanunda.",https://a0.muscache.com/pictures/0f8174c7-2f5b-424c-8b71-db99f5382747.jpg,17055114,https://www.airbnb.com/users/show/17055114,Tracey,2014-06-20,"Tanunda, Australia",Our family has had many wonderful experiences travelling in other countries and I would love to share the experience of our regions with you. Living between the vineyards and the coast we are able to share the lifestyle of both with our guests.,within an hour,100%,100%,t,https://a0.muscache.com/im/pictures/user/7c6e72c2-8170-4fa4-adfc-a035668b39a8.jpg?aki_policy=profile_small,https://a0.muscache.com/im/pictures/user/7c6e72c2-8170-4fa4-adfc-a035668b39a8.jpg?aki_policy=profile_x_medium,,5,5,"['email', 'phone']",t,t,Neighborhood highlights,Tanunda,,-34.52982,138.95272,Private room in guest suite,Private room,2,1.0,1 private bath,1,1,"[""Lockbox"", ""Heating"", ""Wifi"", ""Hot water"", ""Dishes and silverware"", ""Clothing storage: wardrobe"", ""Luggage dropoff allowed"", ""Bed linens"", ""Self check-in"", ""Iron"", ""Shower gel"", ""TV"", ""Refrigerator"", ""Hangers"", ""Air conditioning"", ""Private entrance"", ""Single level home"", ""Backyard"", ""Shampoo"", ""Essentials"", ""Free street parking"", ""Hair dryer"", ""Free parking on premises"", ""Body soap""]",$146.00,2,5,2,2,5,5,2.0,5.0,,t,13,31,45,220,2025-09-27,30,0,0,46,1,0,0,2016-03-29,2024-05-29,4.63,4.77,4.97,4.9,5.0,4.79,4.66,,f,4,3,1,0,0.26
9319789,https://www.airbnb.com/rooms/9319789,20250927041735,2025-09-27,city scrape,"Barossa Idyll -centre of town, breathtaking views","Located only a short walk to restaurants, wine bars and cafes. Architecturally designed for light and space; Barossa Idyll is warm and appealing with a true sense of conviviality. <br />Well suited to groups;  five bedrooms , three bathrooms, two lounges with open fires. Indulge in evening drinks on the lawns or firepit,  immerse yourself in the view overlooking the vineyards below.<br />Everything you need for a perfect Barossa stay. Mid week stay rates available.","Barossa Idyll is located in the centre of the Barossa in the main street of Tanunda. There are  cafes ,  wine bars,hotels and restaurants within in a few minutes walking distance . There are many wineries only a short drive away. The Barossa Visitor Centre is also located in Tanunda.",https://a0.muscache.com/pictures/38cdaf79-6a48-41e7-a799-878dbbad4456.jpg,17055114,https://www.airbnb.com/users/show/17055114,Tracey,2014-06-20,"Tanunda, Australia",Our family has had many wonderful experiences travelling in other countries and I would love to share the experience of our regions with you. Living between the vineyards and the coast we are able to share the lifestyle of both with our guests.,within an hour,100%,100%,t,https://a0.muscache.com/im/pictures/user/7c6e72c2-8170-4fa4-adfc-a035668b39a8.jpg?aki_policy=profile_small,https://a0.muscache.com/im/pictures/user/7c6e72c2-8170-4fa4-adfc-a035668b39a8.jpg?aki_policy=profile_x_medium,,5,5,"['email', 'phone']",t,t,Neighborhood highlights,Tanunda,,-34.52808,138.95335,Entire home,Entire home/apt,11,3.0,3 baths,5,5,"[""Coffee maker"", ""Lockbox"", ""Fire pit"", ""Babysitter recommendations"", ""Heating"", ""Wifi"", ""Dishwasher"", ""Crib"", ""Long term stays allowed"", ""Hot water"", ""Dishes and silverware"", ""Barbecue utensils"", ""Fireplace guards"", ""Clothing storage: wardrobe"", ""Luggage dropoff allowed"", ""Bed linens"", ""Indoor fireplace"", ""Dryer"", ""Oven"", ""Children\u2019s dinnerware"", ""Self check-in"", ""Pack \u2019n play/Travel crib"", ""Iron"", ""Kitchen"", ""Stove"", ""Shower gel"", ""Extra pillows and blankets"", ""Bathtub"", ""TV"", ""Dedicated workspace"", ""Hangers"", ""Air conditioning"", ""Refrigerator"", ""Private entrance"", ""BBQ grill"", ""Single level home"", ""Washer"", ""Backyard"", ""Shampoo"", ""Cooking basics"", ""Essentials"", ""High chair"", ""Microwave"", ""Free street parking"", ""Smoke alarm"", ""Hair dryer"", ""Free parking on premises"", ""Body soap""]",$740.00,1,1125,1,3,1125,1125,1.3,1125.0,,t,15,37,59,281,2025-09-27,132,17,2,61,20,102,75480,2016-04-25,2025-09-21,4.89,4.87,4.92,4.98,4.98,4.96,4.7,,t,4,3,1,0,1.15
9319994,https://www.airbnb.com/rooms/9319994,20250927041735,2025-09-27,city scrape,"Barossa Idyll 3 beds - town centre, amazing views","Only a short walk to restaurants, wine bars and cafes. Architecturally designed for light and space; Barossa Idyll is warm and appealing with a true sense of conviviality. <br />Well suited to groups; with three bedrooms and up to three bathrooms. Unwind in the expansive lounge rooms with a glass of wine.  Indulge in evening drinks on the lawns or immerse yourself in the view overlooking the vineyards below.<br />Everything you need for a perfect Barossa stay. Mid week stay rates available .","Barossa Idyll is located in the centre of the Barossa in the main street of Tanunda. There are  cafes, wine bars,  hotels and restaurants within in a few minutes walking distance . There are many wineries only a short drive away. The Barossa Visitor Centre is also located in Tanunda.",https://a0.muscache.com/pictures/4fd26f4f-9bcd-4511-8f5c-195c6807a67c.jpg,17055114,https://www.airbnb.com/users/show/17055114,Tracey,2014-06-20,"Tanunda, Australia",Our family has had many wonderful experiences travelling in other countries and I would love to share the experience of our regions with you. Living between the vineyards and the coast we are able to share the lifestyle of both with our guests.,within an hour,100%,100%,t,https://a0.muscache.com/im/pictures/user/7c6e72c2-8170-4fa4-adfc-a035668b39a8.jpg?aki_policy=profile_small,https://a0.muscache.com/im/pictures/user/7c6e72c2-8170-4fa4-adfc-a035668b39a8.jpg?aki_policy=profile_x_medium,,5,5,"['email', 'phone']",t,t,Neighborhood highlights,Tanunda,,-34.52751,138.95261,Entire home,Entire home/apt,6,3.0,3 baths,3,3,"[""Coffee maker"", ""Lockbox"", ""Babysitter recommendations"", ""Heating"", ""Wifi"", ""Dishwasher"", ""Crib"", ""Long term stays allowed"", ""Hot water"", ""Dishes and silverware"", ""Barbecue utensils"", ""Fireplace guards"", ""Clothing storage: wardrobe"", ""Luggage dropoff allowed"", ""Bed linens"", ""Indoor fireplace"", ""Dryer"", ""Oven"", ""Children\u2019s dinnerware"", ""Self check-in"", ""Pack \u2019n play/Travel crib"", ""Iron"", ""Kitchen"", ""Stove"", ""Shower gel"", ""Extra pillows and blankets"", ""Bathtub"", ""TV"", ""Dedicated workspace"", ""Hangers"", ""Air conditioning"", ""Refrigerator"", ""Private entrance"", ""BBQ grill"", ""Single level home"", ""Washer"", ""Backyard"", ""Shampoo"", ""Cooking basics"", ""Essentials"", ""High chair"", ""Microwave"", ""Free street parking"", ""Smoke alarm"", ""Hair dryer"", ""Free parking on premises"", ""Body soap""]",$468.00,2,1125,2,3,1125,1125,2.0,1125.0,,t,15,37,59,281,2025-09-27,88,11,1,61,10,66,30888,2016-06-20,2025-09-14,4.89,4.9,4.95,4.93,4.97,4.94,4.77,,t,4,3,1,0,0.78
9453124,https://www.airbnb.com/rooms/9453124,20250927041735,2025-09-27,city scrape,"Barossa Idyll 4 beds - town centre, amazing views","Located only a short walk to restaurants, wine bars and cafes. Architecturally designed for light and space; Barossa Idyll is warm and appealing with a true sense of conviviality.<br />Well suited to groups; four bedrooms , three bathrooms. two lounges with open fires. Indulge in evening drinks on the lawns or around the firepit, immerse yourself in the view overlooking vineyards .<br />Everything you need for a perfect Barossa stay. Mid week stay rates available.","Barossa Idyll is located in the centre of the Barossa in the main street of Tanunda. There are  cafes, wine bars,  hotels and restaurants within in a few minutes walking distance . There are many wineries only a short drive away. The Barossa Visitor Centre is also located in Tanunda.",https://a0.muscache.com/pictures/b242ce99-f099-466e-a76c-7538301417cd.jpg,17055114,https://www.airbnb.com/users/show/17055114,Tracey,2014-06-20,"Tanunda, Australia",Our family has had many wonderful experiences travelling in other countries and I would love to share the experience of our regions with you. Living between the vineyards and the coast we are able to share the lifestyle of both with our guests.,within an hour,100%,100%,t,https://a0.muscache.com/im/pictures/user/7c6e72c2-8170-4fa4-adfc-a035668b39a8.jpg?aki_policy=profile_small,https://a0.muscache.com/im/pictures/user/7c6e72c2-8170-4fa4-adfc-a035668b39a8.jpg?aki_policy=profile_x_medium,,5,5,"['email', 'phone']",t,t,Neighborhood highlights,Tanunda,,-34.52797,138.95259,Entire home,Entire home/apt,8,3.0,3 baths,4,4,"[""Coffee maker"", ""Lockbox"", ""Fire pit"", ""Babysitter recommendations"", ""Heating"", ""Wifi"", ""Dishwasher"", ""Crib"", ""Long term stays allowed"", ""Hot water"", ""Dishes and silverware"", ""Barbecue utensils"", ""Outdoor dining area"", ""Fireplace guards"", ""Clothing storage: wardrobe"", ""Luggage dropoff allowed"", ""Bed linens"", ""Indoor fireplace"", ""Dryer"", ""Oven"", ""Children\u2019s dinnerware"", ""Self check-in"", ""Pack \u2019n play/Travel crib"", ""Iron"", ""Kitchen"", ""Stove"", ""Shower gel"", ""Extra pillows and blankets"", ""Bathtub"", ""TV"", ""Dedicated workspace"", ""Hangers"", ""Air conditioning"", ""Refrigerator"", ""Private entrance"", ""BBQ grill"", ""Single level home"", ""Washer"", ""Backyard"", ""Shampoo"", ""Cooking basics"", ""Essentials"", ""High chair"", ""Microwave"", ""Free street parking"", ""Smoke alarm"", ""Hair dryer"", ""Free parking on premises"", ""Body soap""]",$638.00,1,1125,1,3,1125,1125,1.3,1125.0,,t,15,37,59,281,2025-09-27,55,10,2,61,9,60,38280,2016-01-02,2025-09-25,4.93,4.89,5.0,5.0,4.96,4.98,4.78,,t,4,3,1,0,0.46
9714178,https://www.airbnb.com/rooms/9714178,20250927041735,2025-09-27,city scrape,Barossa Bed and Breakfast,Barossa Bed & Breakfast is an advanced self contained private cottage with no hosts or other guests. Located in the centre of the magnificent Barossa Valley.,"Tanunda, Central Barossa Valley region.",https://a0.muscache.com/pictures/prohost-api/Hosting-9714178/original/dd27d0af-e9c0-4c35-85d1-9c9a1d0087ed.jpeg,50149490,https://www.airbnb.com/users/show/50149490,Yvette,2015-11-29,"New South Wales, Australia","",within an hour,100%,100%,t,https://a0.muscache.com/im/pictures/user/4cd62224-b7ea-4776-a841-1eb473128e2a.jpg?aki_policy=profile_small,https://a0.muscache.com/im/pictures/user/4cd62224-b7ea-4776-a841-1eb473128e2a.jpg?aki_policy=profile_x_medium,,1,1,"['email', 'phone']",t,t,Neighborhood highlights,Tanunda,,-34.52206,138.96239,Entire home,Entire home/apt,6,2.5,2.5 baths,3,3,"[""Coffee maker"", ""Heating"", ""Wifi"", ""Dishwasher"", ""Crib"", ""Hot water"", ""First aid kit"", ""Dishes and silverware"", ""Indoor fireplace"", ""Dryer"", ""Oven"", ""Children\u2019s dinnerware"", ""Self check-in"", ""Iron"", ""Kitchen"", ""Keypad"", ""Stove"", ""Room-darkening shades"", ""Bathtub"", ""TV"", ""Dedicated workspace"", ""Hangers"", ""Air conditioning"", ""Refrigerator"", ""Private entrance"", ""Washer"", ""Backyard"", ""Shampoo"", ""Fire extinguisher"", ""Cooking basics"", ""Essentials"", ""High chair"", ""Children\u2019s books and toys"", ""Microwave"", ""Free street parking"", ""Smoke alarm"", ""Hair dryer"", ""Free parking on premises"", ""Breakfast""]",$595.00,2,1125,2,3,2,1125,2.0,381.5,,t,5,19,35,261,2025-09-27,134,25,1,36,23,150,89250,2016-04-25,2025-09-01,5.0,4.99,5.0,5.0,5.0,4.99,4.93,,t,1,1,0,0,1.17
10526299,https://www.airbnb.com/rooms/10526299,20250927041735,2025-09-27,city scrape,Historic Kapunda School of Mines Homestay,"This delightful 1860s two-story building is a centrepiece in copper mining history. It not only provides a depth of incredible history, but it is also a very comfortable place to rest your head when visiting Kapunda and the surrounding areas such as the Barossa and Clare Valleys<br /><br />The Kapunda school of mines residence has spacious rooms, lofty ceilings, character and charm combined with luxury and convenience. Two double bedrooms can sleep up to 4 people very comfortably<br /><br />We can wait to see you!",Kapunda is a delightful historic country town with plenty to see.  There is something for everyone.,https://a0.muscache.com/pictures/miso/Hosting-10526299/original/a5c4eadc-137c-4d07-9118-d35ddd4ee6d5.jpeg,54276241,https://www.airbnb.com/users/show/54276241,Mark,2016-01-11,,"",within an hour,100%,100%,f,https://a0.muscache.com/defaults/user_pic-50x50.png?v=3,https://a0.muscache.com/defaults/user_pic-225x225.png?v=3,,1,1,"['email', 'phone']",f,f,Neighborhood highlights,Kapunda,,-34.34184,138.91579,Entire home,Entire home/apt,4,1.0,1 bath,2,2,"[""Lockbox"", ""Fire extinguisher"", ""Outdoor dining area"", ""65 inch HDTV with Netflix"", ""Wifi"", ""Dedicated workspace"", ""Self check-in"", ""Smoke alarm"", ""BBQ grill"", ""Hair dryer"", ""Iron"", ""Kitchen"", ""Free parking on premises"", ""First aid kit"", ""Outdoor furniture"", ""Central air conditioning""]",$188.00,2,1125,2,2,1125,1125,2.0,1125.0,,t,10,31,61,333,2025-09-27,14,6,0,67,5,36,6768,2022-07-06,2025-07-14,4.93,4.93,4.93,4.86,4.93,4.86,4.79,,f,1,1,0,0,0.36
10947532,https://www.airbnb.com/rooms/10947532,20250927041735,2025-09-27,city scrape,The Stables,,"There’s plenty to do, only minutes away: Tanunda Pines Golf course, the bike/walking path (from Angaston to Gawler) runs past the top of our property, hot air ballooning, helicopter scenic flights, wineries, restaurants, art galleries, cafes and day spa (at the Novotel). What more could you want?",https://a0.muscache.com/pictures/36f02a48-db5e-4d57-8d0e-6163c8fac4b1.jpg,54950628,https://www.airbnb.com/users/show/54950628,Kay,2016-01-17,"Rowland Flat, Australia","A Barossa girl, I started my nursing at Angaston Hospital, played netball for Sandy Creek and Lyndoch clubs, was a tour guide for Orlando and, the then, Kaiser Stuhl wineries and also a wine rep for Tolleys; so I do appreciate Barossa wines and just love this area.

After many years living both interstate and overseas the magic of the Barossa Valley always draws you back!

Gardening, animals, people, fine wine and food are a few of my passions.",within an hour,100%,96%,t,https://a0.muscache.com/im/pictures/user/50a0a20e-86b5-4daa-b96b-5a1af0bf3638.jpg?aki_policy=profile_small,https://a0.muscache.com/im/pictures/user/50a0a20e-86b5-4daa-b96b-5a1af0bf3638.jpg?aki_policy=profile_x_medium,,1,1,"['email', 'phone']",t,t,Neighborhood highlights,Altona,,-34.56985,138.92791,Entire guesthouse,Entire home/apt,2,1.0,1 bath,1,1,"[""Ceiling fan"", ""Fire pit"", ""Heating"", ""Wifi"", ""Sound system"", ""Hot water"", ""Dishes and silverware"", ""Barbecue utensils"", ""Private patio or balcony"", ""Garden view"", ""Bed linens"", ""Iron"", ""Kitchen"", ""Outdoor furniture"", ""Private backyard \u2013 Fully fenced"", ""Cleaning products"", ""Shower gel"", ""Private pool"", ""Free parking on premises"", ""Bathtub"", ""Vineyard view"", ""TV"", ""Hangers"", ""Air conditioning"", ""Private entrance"", ""BBQ grill"", ""Cooking basics"", ""Wine glasses"", ""Essentials"", ""Mini fridge"", ""Microwave"", ""Clothing storage"", ""Smoke alarm"", ""Host greets you"", ""Hair dryer"", ""Hot water kettle"", ""Single level home"", ""Toaster"", ""Breakfast""]",$180.00,2,1125,1,2,1125,1125,2.0,1125.0,,t,16,29,42,245,2025-09-27,401,29,1,44,34,174,31320,2016-02-15,2025-09-14,4.98,4.97,4.99,4.99,4.99,4.97,4.93,,t,1,1,0,0,3.42
10971607,https://www.airbnb.com/rooms/10971607,20250927041735,2025-09-27,city scrape,The Lodge Angaston,"Welcome to Angaston, Crown of the world renown Barossa wine region. Experience one of SA's most unique & grand designed buildings framed by 100 yo Moreton Bay fig trees. The Lodge towers prominently above Murray St and oh so conveniently located within minutes to award winning local cafes, shops & restaurants.<br />The lodge is well situated to access walking - cycling paths while road/mountain bike riders will delight in the local routes.","Angaston, 'the Crown of the Barossa' is nestled in the Barossa Ranges. You will need to set aside a couple of days to walk and taste and experience all the Main Street and historic surrounds have to offer.  Welcome to country hospitality.",https://a0.muscache.com/pictures/35391d10-5c9c-4dbf-888a-740c496ff8ac.jpg,48092850,https://www.airbnb.com/users/show/48092850,Robyn,2015-11-03,"Angaston, Australia","Hi. Thank you reading some of my bio.
Sharing a love of travel and discovery awarded me the opportunity to call the township of Angaston my Barossa home, my life and my passion. 
I would love nothing more than to welcome you and share some of my favourite authentically Barossa things to do.
Whether it's exploring a winery or two. Purely for research purposes of course. Taking in the local markets, catching up with friends while sourcing some locally grown produce to accompany our world class wines.  Walking or jogging and taking in the serenity of the every changing seasonal countryside. And sometimes sharing that space with wild kangaroos is majestic. 
You may even find me in a quaint little winter sunny spot or curled up with a good read in front of the fire.
The yang side of my personality loves nothing more than changing up the pace a bit.  Pop on some bright lippy,  jump on a scoot'ntoot scooter while getting some Barossa wind on my face.
I enjoy attempting all manner of sports and outdoor activities. Learning some footy skills from the local teens or switching up to my summer pace, water skiing & wake boarding.
I love open air concerts, festivals, camping, gardening, building/construction/renovation. 
My latest interest is self sustainability and environmentally sustainable practices. 
My mantra carpe diem. 
I can't wait to greet you and share a little of my Barossa home. ",within an hour,100%,100%,f,https://a0.muscache.com/im/pictures/user/02b7629c-369f-4573-821d-d2458bf5a93c.jpg?aki_policy=profile_small,https://a0.muscache.com/im/pictures/user/02b7629c-369f-4573-821d-d2458bf5a93c.jpg?aki_policy=profile_x_medium,,3,4,"['email', 'phone', 'work_email']",t,t,Neighborhood highlights,Angaston,,-34.50109,139.04697,Entire home,Entire home/apt,4,1.5,1.5 baths,2,2,"[""Heating"", ""Wifi"", ""First aid kit"", ""Indoor fireplace"", ""Dryer"", ""Iron"", ""Kitchen"", ""Private hot tub"", ""Carbon monoxide alarm"", ""TV"", ""Dedicated workspace"", ""Hangers"", ""Air conditioning"", ""Washer"", ""Fire extinguisher"", ""Shampoo"", ""Essentials"", ""Smoke alarm"", ""Hair dryer"", ""Free parking on premises"", ""Breakfast""]",$517.00,2,90,2,2,90,90,2.0,90.0,,t,29,59,89,364,2025-09-27,7,0,0,95,0,0,0,2016-05-04,2018-04-01,5.0,4.83,5.0,5.0,5.0,4.83,5.0,,f,3,3,0,0,0.06
11380095,https://www.airbnb.com/rooms/11380095,20250927041735,2025-09-27,previous scrape,Little House in the Barossa,A little house with contemporary decor and modern amenities; this house is ideal for a couple visiting for a weekend or a family looking to stay a little longer.,,https://a0.muscache.com/pictures/edeb0696-8204-4dad-aa1c-fa31da5d607e.jpg,59672772,https://www.airbnb.com/users/show/59672772,John And Bianca,2016-02-21,,"",N/A,N/A,N/A,f,https://a0.muscache.com/im/pictures/user/3202b2e4-51e9-47f2-a443-2c975963cd3b.jpg?aki_policy=profile_small,https://a0.muscache.com/im/pictures/user/3202b2e4-51e9-47f2-a443-2c975963cd3b.jpg?aki_policy=profile_x_medium,,1,1,['phone'],t,t,,Nuriootpa,,-34.46193,139.01084,Entire home,Entire home/apt,9,,2 baths,4,,"[""Coffee maker"", ""Lockbox"", ""Heating"", ""Wifi"", ""Dishwasher"", ""Hot water"", ""Dishes and silverware"", ""First aid kit"", ""Barbecue utensils"", ""Patio or balcony"", ""Dryer"", ""Oven"", ""Self check-in"", ""Kitchen"", ""Stove"", ""TV"", ""Refrigerator"", ""Air conditioning"", ""BBQ grill"", ""Washer"", ""Backyard"", ""Fire extinguisher"", ""Cooking basics"", ""Essentials"", ""Microwave"", ""Smoke alarm"", ""Free parking on premises""]",,3,1125,3,3,1125,1125,3.0,1125.0,,t,0,0,0,0,2025-09-27,43,0,0,0,0,0,,2016-03-13,2021-06-27,4.79,4.88,4.81,4.98,5.0,4.77,4.79,,f,1,1,0,0,0.37
11428035,https://www.airbnb.com/rooms/11428035,20250927041735,2025-09-27,city scrape,Tin House in Tanunda offers 3 bedrooms 2 bathrooms,"Tin House has modern interior, old worlde exterior with spa, 2 bathrooms and open wood fire in lounge. FREE WIFI, 3 bedrooms, offering 2 king beds and 2 single beds, Kitchen with dishwasher, open plan dining area, laundry facilities, all short stroll to Tanunda main street. Lovely rear backyard, and front has nice roses. The home is made of press tin which is unique to Barossa.<br />We can also offer our wine touring services to show your our amazing Barossa region. Airport and restaurant transfers","A beautiful, quiet street in a quiet neighborhood just a short walk from the main street. Please respect our neighbors by keeping noise to a minimum and please, no parties.",https://a0.muscache.com/pictures/68617974-18ac-499d-a782-e7ee07973986.jpg,9380091,https://www.airbnb.com/users/show/9380091,Kym,2013-10-12,"Beaumont, Australia","love travel, love creating wonderful experiences, love wine, love food, love my 3 children",within a day,100%,100%,f,https://a0.muscache.com/im/pictures/user/User-9380091/original/5f25e4ae-6331-4d57-a04f-503d2b9f4377.jpeg?aki_policy=profile_small,https://a0.muscache.com/im/pictures/user/User-9380091/original/5f25e4ae-6331-4d57-a04f-503d2b9f4377.jpeg?aki_policy=profile_x_medium,,2,2,"['email', 'phone', 'work_email']",t,t,Neighborhood highlights,Tanunda,,-34.52491,138.95631,Entire home,Entire home/apt,6,2.0,2 baths,3,4,"[""Coffee maker"", ""Babysitter recommendations"", ""Heating"", ""Wifi"", ""Dishwasher"", ""Crib"", ""Hot water"", ""Dishes and silverware"", ""Bed linens"", ""Patio or balcony"", ""Indoor fireplace"", ""Oven"", ""Self check-in"", ""Iron"", ""Kitchen"", ""Keypad"", ""Stove"", ""Extra pillows and blankets"", ""TV"", ""Refrigerator"", ""Hangers"", ""Air conditioning"", ""Private entrance"", ""BBQ grill"", ""Hot tub"", ""Washer"", ""Backyard"", ""Fire extinguisher"", ""Shampoo"", ""Cooking basics"", ""Essentials"", ""High chair"", ""Microwave"", ""Smoke alarm"", ""Hair dryer"", ""Free parking on premises""]",$320.00,2,1125,2,4,7,1125,2.1,951.2,,t,15,34,55,311,2025-09-27,45,1,0,61,4,6,1920,2016-03-20,2024-12-31,4.6,4.69,4.87,4.8,4.82,4.89,4.33,,f,2,1,1,0,0.39
11857399,https://www.airbnb.com/rooms/11857399,20250927041735,2025-09-27,city scrape,Historic Angaston Masonic Lodge,"Hello & welcome to Angaston (Crown of the Barossa) & home to one of South Australia's most prized architectural listing. The near 180yo lodge is located within walking distance to everything Angaston. Local cafes, restaurants, award winning produce, wineries, bikeways/walkways, historical points of interest & surrounded by beautiful scenery. Affordable luxury.","Put simply, friendly country hospitality.  We look forward to meeting you and welcoming you to our township and world class Barossa region. You will love the culture, history and regional diversity. Our community is safe, walking the streets isn't a worry, please consider, not all roads are well lit. we can provide you with a torch or download a torch to your mobile phone.",https://a0.muscache.com/pictures/e96cb5e9-5f5a-4b27-85d7-33be11e284cd.jpg,48092850,https://www.airbnb.com/users/show/48092850,Robyn,2015-11-03,"Angaston, Australia","Hi. Thank you reading some of my bio.
Sharing a love of travel and discovery awarded me the opportunity to call the township of Angaston my Barossa home, my life and my passion. 
I would love nothing more than to welcome you and share some of my favourite authentically Barossa things to do.
Whether it's exploring a winery or two. Purely for research purposes of course. Taking in the local markets, catching up with friends while sourcing some locally grown produce to accompany our world class wines.  Walking or jogging and taking in the serenity of the every changing seasonal countryside. And sometimes sharing that space with wild kangaroos is majestic. 
You may even find me in a quaint little winter sunny spot or curled up with a good read in front of the fire.
The yang side of my personality loves nothing more than changing up the pace a bit.  Pop on some bright lippy,  jump on a scoot'ntoot scooter while getting some Barossa wind on my face.
I enjoy attempting all manner of sports and outdoor activities. Learning some footy skills from the local teens or switching up to my summer pace, water skiing & wake boarding.
I love open air concerts, festivals, camping, gardening, building/construction/renovation. 
My latest interest is self sustainability and environmentally sustainable practices. 
My mantra carpe diem. 
I can't wait to greet you and share a little of my Barossa home. ",within an hour,100%,100%,f,https://a0.muscache.com/im/pictures/user/02b7629c-369f-4573-821d-d2458bf5a93c.jpg?aki_policy=profile_small,https://a0.muscache.com/im/pictures/user/02b7629c-369f-4573-821d-d2458bf5a93c.jpg?aki_policy=profile_x_medium,,3,4,"['email', 'phone', 'work_email']",t,t,Neighborhood highlights,Angaston,,-34.49983,139.04583,Entire home,Entire home/apt,4,1.5,1.5 baths,2,2,"[""Coffee maker"", ""Freezer"", ""Window guards"", ""Room-darkening shades"", ""BBQ grill: gas"", ""Bathtub"", ""Drying rack for clothing"", ""Hangers"", ""Pool table"", ""Air conditioning"", ""Wine glasses"", ""Bread maker"", ""Hot water kettle"", ""Breakfast"", ""Lockbox"", ""Babysitter recommendations"", ""Rice maker"", ""Dishwasher"", ""Long term stays allowed"", ""Hot water"", ""Fireplace guards"", ""Luggage dropoff allowed"", ""Bed linens"", ""Books and reading material"", ""Dryer"", ""Oven"", ""Children\u2019s dinnerware"", ""Pack \u2019n play/Travel crib"", ""Stove"", ""Extra pillows and blankets"", ""Portable heater"", ""Dedicated workspace"", ""Baking sheet"", ""Laundromat nearby"", ""Washer"", ""Cooking basics"", ""Essentials"", ""High chair"", ""Board games"", ""Mini fridge"", ""Piano"", ""Microwave"", ""Portable fans"", ""Hair dryer"", ""Toaster"", ""Fire pit"", ""Sukin  shampoo"", ""Barbecue utensils"", ""Outdoor dining area"", ""Waterfront"", ""Iron"", ""Outdoor furniture"", ""Samsung Smart Side by Side Fridge Freezer refrigerator"", ""Karaoke style player  Bluetooth sound system"", ""Paid crib - available upon request"", ""Record player"", ""TV"", ""Private entrance"", ""Paid resort access"", ""Fire extinguisher"", ""Free street parking"", ""Outlet covers"", ""Wifi"", ""First aid kit"", ""Dishes and silverware"", ""Shared backyard \u2013 Not fully fenced"", ""Safe"", ""Sukin body soap"", ""Indoor fireplace"", ""Sukin conditioner"", ""Coffee"", ""Self check-in"", ""Dining table"", ""Kitchen"", ""Radiant heating"", ""Cleaning products"", ""Baby bath"", ""Shower gel"", ""Private hot tub"", ""Blender"", ""Carbon monoxide alarm"", ""Bidet"", ""Children\u2019s books and toys"", ""Smoke alarm"", ""Free carport on premises""]",$313.00,2,28,2,2,1125,1125,2.0,1125.0,,t,0,0,0,156,2025-09-27,98,0,0,0,2,0,0,2016-08-27,2024-04-07,4.91,4.93,4.92,4.94,4.95,4.94,4.72,,t,3,3,0,0,0.89
12192423,https://www.airbnb.com/rooms/12192423,20250927041735,2025-09-27,city scrape,A Barn in the Barossa,"A Barn in the Barossa is a  2 storey picture book bluestone home architecturally renovated to celebrate wood, stone & natural light. It’s been featured by Qantas and other  magazines. A  one hour drive from Adelaide central and 12 minutes from famous Barossa Cellar doors. The ClareValley and Auburn are within range at 40 minute drive. <br /><br />Guests love the unique experience of the barn with beautiful spaces to relax and unwind. They are always delighted. The peace and starry nights are superb.","The barn is 18 minutes to Maggie Beers Farm shop and The Eatery ( a very delicious dining experience featuring local produce and shared plates style )  & 24 minutes to the Barossa Farmers Markets and all that ANGASTON and Vintners restaurant . Take in the sculpture park lookout with stunning views across the Barossa. <br /><br />Explore the Kaiser Stuhl  national park where you can see kangaroos if you keep your eyes peeled and tread softly. <br />Yalumba winery and many boutiques wines are great to visit in the area. <br /><br />Tanunda is 30 minutes drive from the barn and has boutique shopping, more wineries, cafes restaurants and art galleries.  <br /><br />Local amenities, pubs, supermarket, park for the kids and landscaped duck pond, and country bakery. <br /><br />The barn is a solid 1860s structure which has been converted with the help of an architect and a local builder to a very comfortable home and spacious living. <br /><br />The barn is located on the edge of the charming",https://a0.muscache.com/pictures/e3a8e6f0-b04e-43fc-b095-cc1e58deca59.jpg,65531648,https://www.airbnb.com/users/show/65531648,Jacqueline,2016-04-02,"Kapunda, Australia","Hi there, 
I'm an artist and business owner living  in the Barossa Valley. I love characterful houses, homes and hospitality and I have  three accommodations available in South Australia.
I have a weakness for beautiful stone homes typical to South Australia, that have a European feel. I appreciate natural light, wooden floorboards, enhancing architectural features and preserving what works from the past whilst adding charm and modern comforts. I like my guests to feel they have a stylish home away from home. 
My renovations style is comfy French provincial with a touch of vintage and original artworks on the walls for a restful and inspiring stay.
I travel a lot myself so I appreciate what it is to arrive to a place that feels like you can kick your shoes off, pour a wine and relax.
",within an hour,100%,100%,f,https://a0.muscache.com/im/pictures/user/15f490a8-ccbc-494c-8f20-d133bd6148cc.jpg?aki_policy=profile_small,https://a0.muscache.com/im/pictures/user/15f490a8-ccbc-494c-8f20-d133bd6148cc.jpg?aki_policy=profile_x_medium,,2,5,['phone'],t,t,Neighborhood highlights,Kapunda,,-34.34327,138.92162,Barn,Entire home/apt,6,1.0,1 bath,2,4,"[""Coffee maker"", ""Heating"", ""Wifi"", ""Dishes and silverware"", ""Indoor fireplace"", ""Dryer"", ""Self check-in"", ""Iron"", ""Kitchen"", ""TV"", ""Hangers"", ""Air conditioning"", ""Washer"", ""Backyard"", ""Fire extinguisher"", ""Shampoo"", ""Essentials"", ""Smart lock"", ""Microwave"", ""Free street parking"", ""Smoke alarm"", ""Hair dryer"", ""Free parking on premises""]",$356.00,7,90,1,7,1125,1125,7.0,1125.0,,t,11,41,71,193,2025-09-27,110,4,0,77,6,56,19936,2016-05-02,2025-04-25,4.76,4.83,4.53,4.95,4.85,4.72,4.6,,f,2,2,0,0,0.96
12856765,https://www.airbnb.com/rooms/12856765,20250927041735,2025-09-27,city scrape,Angaston by the Winter Creek,Two storey log cabin style home nestled amongst a cottage garden and well established privacy trees. Imagine sitting on the front porch with a cuppa watching the birds and listening to the meandering winter creek.<br />A perfect backdrop for your wedding or commitment ceremony.,"Angaston is defined as the Crown of the Barossa nestled amongst the foothills. Country hospitality, beautiful scenery, culture, ample free open public spaces, walking tracks and push bike tracks coupled with the necessities, cafes, cheese shop, award winning butcher/small goods, restaurants, wine bars and of course, the world famous Barossa cellar doors. Why not consider hiring a scooter and capture you entire days experience on the go pro. We can load your day's captured experience onto the usb stick. Check us out on the (EMAIL HIDDEN)",https://a0.muscache.com/pictures/ac881a27-4429-487e-b774-c85a4286ba9a.jpg,48092850,https://www.airbnb.com/users/show/48092850,Robyn,2015-11-03,"Angaston, Australia","Hi. Thank you reading some of my bio.
Sharing a love of travel and discovery awarded me the opportunity to call the township of Angaston my Barossa home, my life and my passion. 
I would love nothing more than to welcome you and share some of my favourite authentically Barossa things to do.
Whether it's exploring a winery or two. Purely for research purposes of course. Taking in the local markets, catching up with friends while sourcing some locally grown produce to accompany our world class wines.  Walking or jogging and taking in the serenity of the every changing seasonal countryside. And sometimes sharing that space with wild kangaroos is majestic. 
You may even find me in a quaint little winter sunny spot or curled up with a good read in front of the fire.
The yang side of my personality loves nothing more than changing up the pace a bit.  Pop on some bright lippy,  jump on a scoot'ntoot scooter while getting some Barossa wind on my face.
I enjoy attempting all manner of sports and outdoor activities. Learning some footy skills from the local teens or switching up to my summer pace, water skiing & wake boarding.
I love open air concerts, festivals, camping, gardening, building/construction/renovation. 
My latest interest is self sustainability and environmentally sustainable practices. 
My mantra carpe diem. 
I can't wait to greet you and share a little of my Barossa home. ",within an hour,100%,100%,f,https://a0.muscache.com/im/pictures/user/02b7629c-369f-4573-821d-d2458bf5a93c.jpg?aki_policy=profile_small,https://a0.muscache.com/im/pictures/user/02b7629c-369f-4573-821d-d2458bf5a93c.jpg?aki_policy=profile_x_medium,,3,4,"['email', 'phone', 'work_email']",t,t,Neighborhood highlights,Angaston,,-34.50133,139.04966,Entire home,Entire home/apt,8,2.5,2.5 baths,4,4,"[""Coffee maker"", ""Lockbox"", ""Fire pit"", ""Heating"", ""Wifi"", ""Dishwasher"", ""Hot water"", ""Private backyard \u2013 Not fully fenced"", ""First aid kit"", ""Dishes and silverware"", ""Outdoor dining area"", ""Private patio or balcony"", ""Indoor fireplace"", ""Dryer"", ""Oven"", ""Self check-in"", ""Iron"", ""Kitchen"", ""Outdoor furniture"", ""Stove"", ""Private hot tub"", ""Carbon monoxide alarm"", ""TV"", ""Dedicated workspace"", ""Hangers"", ""Air conditioning"", ""Refrigerator"", ""BBQ grill"", ""Washer"", ""Fire extinguisher"", ""Shampoo"", ""Cooking basics"", ""Essentials"", ""Microwave"", ""Free street parking"", ""Smoke alarm"", ""Hair dryer"", ""Free parking on premises"", ""Breakfast""]",$251.00,2,1125,2,2,1125,1125,2.0,1125.0,,t,15,40,67,332,2025-09-27,179,5,1,71,12,30,7530,2016-05-31,2025-09-07,4.84,4.87,4.76,4.93,4.92,4.96,4.78,,t,3,3,0,0,1.58
12906285,https://www.airbnb.com/rooms/12906285,20250927041735,2025-09-27,city scrape,Retro Barossa,"A lovely fully renovated 1950's house in the heart of Angaston. Experience the Barossa like a local. A short walk to the main street and less than 10 minutes drive to Tanunda. Drop into a winery, enjoy a balloon ride across the Barossa or just kick back enjoy the pace of life.<br />Please note a booking for two guests will allow access to one bedroom in the house. If you require both bedrooms you must book for a minimum of three guests. All guests must be over 18.","A beautiful town in the heart of the Barossa, Angaston is nestled in the rolling hills away from the hustle and bustle of the city. A great place to unwind and just enjoy the local places to dine or take a walk around the streets soaking up the feel of the Barossa.",https://a0.muscache.com/pictures/hosting/Hosting-12906285/original/c31c4bfc-c80b-4142-9853-50b396429ee4.jpeg,22786354,https://www.airbnb.com/users/show/22786354,Rebekah,2014-10-21,"Angaston, Australia",I am a winemaker/distiller who has spent many years travelling and living overseas. I love the idea of living like a local when I travel and hope that my experience of being a traveller and a regular user of Airbnb as a guest will help create a wonderful experience for others.,within an hour,100%,95%,t,https://a0.muscache.com/im/pictures/user/User/original/8657cac2-a6b2-4511-a467-ca6980506a83.jpeg?aki_policy=profile_small,https://a0.muscache.com/im/pictures/user/User/original/8657cac2-a6b2-4511-a467-ca6980506a83.jpeg?aki_policy=profile_x_medium,,1,1,"['email', 'phone', 'work_email']",t,t,Neighborhood highlights,Angaston,,-34.50746,139.04552,Entire home,Entire home/apt,3,1.0,1 bath,2,2,"[""Wifi \u2013 35 Mbps"", ""Coffee maker"", ""Ceiling fan"", ""Heating"", ""Hot water"", ""First aid kit"", ""Dishes and silverware"", ""Barbecue utensils"", ""Outdoor dining area"", ""Private patio or balcony"", ""Luggage dropoff allowed"", ""Bed linens"", ""Free washer \u2013 In building"", ""Books and reading material"", ""Oven"", ""Self check-in"", ""Coffee"", ""Freezer"", ""Dining table"", ""Iron"", ""Kitchen"", ""AC - split type ductless system"", ""Outdoor furniture"", ""Keypad"", ""Private backyard \u2013 Fully fenced"", ""Cleaning products"", ""Shower gel"", ""Extra pillows and blankets"", ""Free parking on premises"", ""Carbon monoxide alarm"", ""50 inch HDTV with Netflix, Amazon Prime Video"", ""Dedicated workspace"", ""Hangers"", ""Refrigerator"", ""Baking sheet"", ""Private entrance"", ""BBQ grill"", ""Single level home"", ""Shampoo"", ""Cooking basics"", ""Wine glasses"", ""Essentials"", ""Electric stove"", ""Board games"", ""Conditioner"", ""Clothing storage"", ""Portable fans"", ""Smoke alarm"", ""Hair dryer"", ""Free street parking"", ""Hot water kettle"", ""Body soap"", ""Toaster"", ""Breakfast""]",$172.00,3,14,2,3,1125,1125,3.0,1125.0,,t,3,5,29,239,2025-09-27,231,25,2,29,22,150,25800,2017-03-11,2025-09-08,4.95,4.97,4.99,5.0,4.99,4.89,4.87,,f,1,1,0,0,2.22
13865821,https://www.airbnb.com/rooms/13865821,20250927041735,2025-09-27,previous scrape,Bluebird Cottage is a relaxing 100year old cottage,"My place is good for couples and business travellers. <br />Bluebird Cottage is a unique and historic Bed & Breakfast nestled in the heart of South Australia's famous Barossa Valley region in Angaston. Your stay at Bluebird Cottage is all about winding down and relaxing to enjoy the atmosphere created by the charm in the cottage.<br />Capture the Barossa Experience with a day of wine tasting at many world class wineries and we are in walking distance to first class restaurants, cafes and pubs.","Angaton has got a relaxing village feel,our guests like to just walk and have coffe at some of nice cafes .Restaurants are in walking distance and wineries are just a very short drive ,as is the farmers market which is open on Saturday",https://a0.muscache.com/pictures/b13390bf-162f-4499-9a2b-55d091876ac5.jpg,81969986,https://www.airbnb.com/users/show/81969986,Jim,2016-07-05,"Angaston, Australia","",within an hour,100%,100%,f,https://a0.muscache.com/im/pictures/user/e69bea04-4de6-4725-b2d0-c880f9f9f348.jpg?aki_policy=profile_small,https://a0.muscache.com/im/pictures/user/e69bea04-4de6-4725-b2d0-c880f9f9f348.jpg?aki_policy=profile_x_medium,,1,1,"['email', 'phone']",t,f,Neighborhood highlights,Angaston,,-34.50174,139.05093,Entire cottage,Entire home/apt,4,,2 baths,2,,"[""Coffee maker"", ""Lockbox"", ""Heating"", ""Wifi"", ""Dishwasher"", ""Long term stays allowed"", ""Hot water"", ""First aid kit"", ""Dishes and silverware"", ""Fireplace guards"", ""Luggage dropoff allowed"", ""Bed linens"", ""Patio or balcony"", ""Indoor fireplace"", ""Dryer"", ""Oven"", ""Self check-in"", ""Iron"", ""Kitchen"", ""Stove"", ""Extra pillows and blankets"", ""Bathtub"", ""TV"", ""Refrigerator"", ""Hangers"", ""Air conditioning"", ""Private entrance"", ""BBQ grill"", ""Hot tub"", ""Washer"", ""Backyard"", ""Fire extinguisher"", ""Shampoo"", ""Cooking basics"", ""Essentials"", ""Microwave"", ""Free street parking"", ""Smoke alarm"", ""Hair dryer"", ""Free parking on premises"", ""Breakfast""]",,2,4,2,2,4,4,2.0,4.0,,t,0,0,0,0,2025-09-27,12,1,0,0,0,6,,2016-10-30,2025-07-27,4.92,5.0,5.0,5.0,5.0,5.0,4.83,,t,1,1,0,0,0.11
14031240,https://www.airbnb.com/rooms/14031240,20250927041735,2025-09-27,previous scrape,Barossa Vineyard Cottages,"Situated in Bethany, our fully self-contained stone cottages are located in the heart of the Barossa Valley. <br />Bordered by vineyards and a stunning outlook to the Barossa Ranges, the area is steeped in history and boasts of great walks as well as being surrounded by award winning wineries and restaurants.<br />With modern comforts behind classic settler style and grace, our cottages remain comfortable in every season.",,https://a0.muscache.com/pictures/33efa53a-15dc-4dc1-8911-d5392a95b384.jpg,2425103,https://www.airbnb.com/users/show/2425103,Sandra,2012-05-21,"Tanunda, Australia",Retired lady eager to visit many parts of the backyard and beyond,N/A,N/A,N/A,f,https://a0.muscache.com/im/pictures/user/080cef33-2421-4a36-8a7b-19d4016315b6.jpg?aki_policy=profile_small,https://a0.muscache.com/im/pictures/user/080cef33-2421-4a36-8a7b-19d4016315b6.jpg?aki_policy=profile_x_medium,,2,2,"['email', 'phone']",t,t,,Bethany,,-34.53852,138.96849,Room in bed and breakfast,Hotel room,2,,1 private bath,1,,"[""Heating"", ""Wifi"", ""Long term stays allowed"", ""Hot water"", ""First aid kit"", ""Shared backyard \u2013 Not fully fenced"", ""Outdoor dining area"", ""Luggage dropoff allowed"", ""Building staff"", ""Patio or balcony"", ""Free dryer \u2013 In building"", ""Indoor fireplace: wood-burning"", ""Self check-in"", ""Iron"", ""Kitchen"", ""Outdoor furniture"", ""Private hot tub"", ""Refrigerator"", ""Hangers"", ""Air conditioning"", ""BBQ grill"", ""Washer \u2013\u00a0In building"", ""Fire extinguisher"", ""Shampoo"", ""Cooking basics"", ""HDTV"", ""Essentials"", ""Smoke alarm"", ""Hair dryer"", ""Free parking on premises"", ""Breakfast""]",,999,1125,2,999,1125,1125,739.5,1125.0,,t,0,0,0,85,2025-09-27,25,0,0,1,0,0,,2016-10-07,2023-06-03,5.0,5.0,4.96,5.0,5.0,4.96,4.88,,t,2,1,0,0,0.23
14080027,https://www.airbnb.com/rooms/14080027,20250927041735,2025-09-27,city scrape,Barossa Glen - Henri's Cottage - Bed and Breakfast,"The perfect getaway. A uniquely secluded, air conditioned, bed and breakfast cottage in a romantic setting, exclusively for two. Vistas over looking rolling hills and vineyards from the paved terrace. A country charmed garden, a self cook full breakfast and a two person therapeutic spa.","Secluded country cottage. Shops and restaurants are within a  comfortable driving distance. This is a great location to launch your self drive tour of the Barossa. <br />If you are traveling here for the first time or would like some new ideas - We are more than happy to help with additional information and suggestions on restaurants, wineries, places of interest, walking trails and more.",https://a0.muscache.com/pictures/642c671a-8e52-4b03-8084-48d7c8abdf79.jpg,84633251,https://www.airbnb.com/users/show/84633251,Henri,2016-07-19,"Adelaide, Australia","We enjoy travel and enjoy knowing what you love about travel too. We love getting to see something more of each local region. We have unlimited understanding and knowledge of our local region to help make your stay a little bit better. By meeting locals and travellers we enjoy sharing stories, finding and creating something special together.",within an hour,100%,97%,t,https://a0.muscache.com/im/pictures/user/e2847a10-153f-4d5c-8410-ed4d9370a3d4.jpg?aki_policy=profile_small,https://a0.muscache.com/im/pictures/user/e2847a10-153f-4d5c-8410-ed4d9370a3d4.jpg?aki_policy=profile_x_medium,,1,3,"['email', 'phone']",t,t,Neighborhood highlights,Sandy Creek,,-34.58178,138.83414,Entire cottage,Entire home/apt,2,1.5,1.5 baths,1,1,"[""Valley view"", ""Coffee maker"", ""Fire pit"", ""Ethernet connection"", ""Heating"", ""Wifi"", ""Dishwasher"", ""River view"", ""48 inch HDTV with standard cable, Netflix, DVD player"", ""Long term stays allowed"", ""Hot water"", ""Private backyard \u2013 Not fully fenced"", ""First aid kit"", ""Dishes and silverware"", ""Barbecue utensils"", ""Outdoor dining area"", ""Fireplace guards"", ""Private patio or balcony"", ""Bed linens"", ""Free washer \u2013 In building"", ""Books and reading material"", ""Dryer"", ""Cleaning available during stay"", ""Coffee"", ""Paid parking off premises"", ""Freezer"", ""Dining table"", ""Iron"", ""Kitchen"", ""Outdoor furniture"", ""Private hot tub - available all year"", ""Private BBQ grill: gas"", ""Cleaning products"", ""Host greets you"", ""Shower gel"", ""Extra pillows and blankets"", ""Free driveway parking on premises \u2013 5 spaces"", ""Carbon monoxide alarm"", ""Bathtub"", ""Vineyard view"", ""Drying rack for clothing"", ""Hangers"", ""Air conditioning"", ""Dedicated workspace"", ""Refrigerator"", ""Private entrance"", ""Single level home"", ""Fire extinguisher"", ""Cooking basics"", ""Wine glasses"", ""Essentials"", ""Electric stove"", ""Board games"", ""Microwave"", ""Pure, Miracle Renew conditioner"", ""Clothing storage"", ""Portable fans"", ""Smoke alarm"", ""Hair dryer"", ""Exterior security cameras on property"", ""Free street parking"", ""Hot water kettle"", ""Body soap"", ""Toaster"", ""Single oven"", ""Pure, Miracle Renew.  shampoo"", ""Breakfast""]",$234.00,2,30,2,2,30,30,2.0,30.0,,t,14,38,64,330,2025-09-27,174,25,2,70,26,150,35100,2017-04-24,2025-09-23,4.96,4.95,4.95,4.97,4.98,4.97,4.94,,f,1,1,0,0,1.70
14377105,https://www.airbnb.com/rooms/14377105,20250927041735,2025-09-27,city scrape,Lambert Estate Retreat,"Located on the Lambert Estate vineyards, the retreat is close the heart of the Barossa Valley wine region, 9 minutes from the Farmers Markets and 20 minutes’ to the golf course<br /><br />The 3-bedroom house has a/c, gas fireplaces, spa bath, patio, fully equipped kitchen, laundry and outdoor dining space complete with BBQ<br /><br />The spacious lounge area offers a large screen TV, comfy sofas and iPod dock<br /><br />The entire house is yours to enjoy and is ideal for couples, business travelers, families and groups",,https://a0.muscache.com/pictures/hosting/Hosting-U3RheVN1cHBseUxpc3Rpbmc6MTQzNzcxMDU%3D/original/c7f54160-ca50-4306-bff7-ba52df6be44f.jpeg,88244555,https://www.airbnb.com/users/show/88244555,James,2016-08-06,"South Australia, Australia","The Barossa Valley is renowned wine-producing region northeast of Adelaide. If you are a wine lover, this is the destination you must visit. However, the Barossa has much more to offer than wine, please come and experience it.  Lambert estate retreat is part of Lambert Estate and it has been welcoming guests since 2013. We try our best to offer you the home-feeling accommodation. ",N/A,N/A,N/A,f,https://a0.muscache.com/im/pictures/user/1482c82a-0474-4334-b47a-c6df6f1457ea.jpg?aki_policy=profile_small,https://a0.muscache.com/im/pictures/user/1482c82a-0474-4334-b47a-c6df6f1457ea.jpg?aki_policy=profile_x_medium,,1,1,"['email', 'phone']",t,f,,Angaston,,-34.50712,139.03884,Entire cottage,Entire home/apt,6,2.0,2 baths,3,5,"[""Coffee maker"", ""Heating"", ""Wifi"", ""Dishwasher"", ""Long term stays allowed"", ""Hot water"", ""Dishes and silverware"", ""Barbecue utensils"", ""Outdoor dining area"", ""Private patio or balcony"", ""Bed linens"", ""Indoor fireplace"", ""Dryer"", ""Oven"", ""Coffee"", ""Freezer"", ""Iron"", ""Kitchen"", ""Outdoor furniture"", ""Stove"", ""Room-darkening shades"", ""Cleaning products"", ""Shower gel"", ""Extra pillows and blankets"", ""Free parking on premises"", ""Bathtub"", ""Vineyard view"", ""Drying rack for clothing"", ""Hangers"", ""TV"", ""Air conditioning"", ""Refrigerator"", ""BBQ grill"", ""Washer"", ""Shampoo"", ""Fire extinguisher"", ""Cooking basics"", ""Wine glasses"", ""Essentials"", ""Conditioner"", ""Microwave"", ""Clothing storage"", ""Smoke alarm"", ""Host greets you"", ""Hair dryer"", ""Hot water kettle"", ""Body soap"", ""Toaster""]",$343.00,2,7,2,2,7,7,2.0,7.0,,t,12,35,48,276,2025-09-27,31,0,0,48,1,0,0,2016-08-20,2024-01-26,4.65,4.61,4.94,4.77,4.71,4.84,4.48,,t,1,1,0,0,0.28
14697430,https://www.airbnb.com/rooms/14697430,20250927041735,2025-09-27,city scrape,"Lemke Cottage,Moculta, Barossa Valley","Lemke Cottage is a peaceful heritage retreat in Moculta, near Angaston in the Barossa Valley. Built in 1863, it blends antique charm with modern comfort. Enjoy two queen bedrooms, air conditioning, a slow combustion heater, smart TV, free WIFI, and a light breakfast. Set on a large block with native trees, it’s perfect for couples and business travellers. EV charger and ample parking included.","Moculta is a quiet little hamlet of about 280 residents. It is served by two Lutheran churches, Gruenberg and Gnadenberg.  Both are historic and worth visiting.  A visit to the Barossa wouldn't be complete without a visit to the Barossa Valley Cheese Company to purchase some locally made cheese and crackers to go with your favourite wine.There are a number of wineries a short drive away, with Henschke Hill of Grace Winery and vineyard the closest. There is an information book with our selection of favourite  take away and restaurants for the information of guests.",https://a0.muscache.com/pictures/miso/Hosting-14697430/original/7f0894d1-72ff-4c20-a910-18dc501bef69.jpeg,34978411,https://www.airbnb.com/users/show/34978411,John,2015-06-04,"Glenelg, Australia","John and Jan Shepherd have owned Lemke Cottage for 26 years.  Both have lead professional lives and have used the cottage as a weekend escape during this time. They have travelled extensively and stayed in B and B's rather than hotels and motels.  They decided to share their unique cottage with others and offer it as an Air BnB. They both enjoy overseas travel but also have travelled extensively throughout Australia.  John now runs a consultancy helping businesses grow, and Jan keeps busy with volunteering as a Justice of the Peace, Folk Dancing and Tai Chi.  They both enjoy music and regularly attend Adelaide Symphony Orchestra Concerts. They have 9 grandchildren and enjoy time with their family.",within an hour,83%,100%,t,https://a0.muscache.com/im/pictures/user/85240dd7-8f6e-4e50-8e3b-324f18cd8cf0.jpg?aki_policy=profile_small,https://a0.muscache.com/im/pictures/user/85240dd7-8f6e-4e50-8e3b-324f18cd8cf0.jpg?aki_policy=profile_x_medium,,1,1,"['email', 'phone', 'work_email']",t,t,Neighborhood highlights,Moculta,,-34.46685,139.12019,Entire cottage,Entire home/apt,4,1.0,1 bath,2,2,"[""Housekeeping - available at extra cost"", ""Coffee maker"", ""Lockbox"", ""Ceiling fan"", ""Free dryer \u2013 In unit"", ""Wifi"", ""Long term stays allowed"", ""Hot water"", ""Private backyard \u2013 Not fully fenced"", ""First aid kit"", ""Dishes and silverware"", ""Barbecue utensils"", ""Outdoor dining area"", ""Fireplace guards"", ""Clothing storage: wardrobe"", ""Private patio or balcony"", ""Garden view"", ""Bed linens"", ""Books and reading material"", ""Indoor fireplace"", ""Self check-in"", ""Coffee"", ""Freezer"", ""Dining table"", ""Iron"", ""Kitchen"", ""Outdoor furniture"", ""Central air conditioning"", ""Central heating"", ""Cleaning products"", ""Free driveway parking on premises"", ""BBQ grill: gas"", ""Shower gel"", ""Extra pillows and blankets"", ""Blender"", ""32 inch HDTV with Netflix"", ""Portable heater"", ""Free washer \u2013 In unit"", ""Bathtub"", ""Drying rack for clothing"", ""Carbon monoxide alarm"", ""Hangers"", ""Dedicated workspace"", ""Refrigerator"", ""Baking sheet"", ""Private entrance"", ""Gas Stove. Auto lighting stove"", ""Shampoo"", ""Fire extinguisher"", ""Cooking basics"", ""Electric Oven oven"", ""Essentials"", ""Wine glasses"", ""EV charger - level 2"", ""Board games"", ""Conditioner"", ""Microwave"", ""Mini fridge"", ""Free street parking"", ""Smoke alarm"", ""Hair dryer"", ""Exterior security cameras on property"", ""Hot water kettle"", ""Body soap"", ""Toaster"", ""Breakfast""]",$189.00,2,28,2,2,1125,1125,2.0,1125.0,,t,4,28,54,326,2025-09-27,80,9,0,60,12,54,10206,2018-09-29,2025-07-26,4.88,4.89,4.89,4.98,4.93,4.81,4.64,,f,1,1,0,0,0.94
15579249,https://www.airbnb.com/rooms/15579249,20250927041735,2025-09-27,city scrape,Casa Rossa - Barossa home with vineyard,"A hidden paradise in the heart of the Barossa, with everything you need for a peaceful family-friendly getaway. It is the perfect home base for exploring the Barossa Valley and making the most of your stay, whether you're an outdoors type, a wine connoisseur or just simply here to unwind. Then spend your evenings looking out onto its private vineyard and drinking in the sights and smells of nature at your doorstep, or cozy up by the log fire with a glass of wine","Casa Rossa is located in Lyndoch, South Australia, Australia.<br /><br />Lyndoch is a small but thriving town in the heart of the Barossa Valley, and is growing and improving constantly. From the property, it is about a twenty minute scenic walk into town, or a speedy five minute drive. <br /><br />You should be able to stock up on most things in Lyndoch, especially if you are in need of a quick fix. There is an IGA and convenience store, hairdresser and beautician, pub, and a number of great restaurants and cafes. Make sure you get to the Lord Lyndoch bistro for dinner! <br /><br />For bigger shops, head to Gawler, about a ten minute drive from the property, which has a shopping mall and main street strip with Coles, Foodland, Big W, Target etc, as well as a number of boutiques and specialty stores. <br /><br />Local attractions and venues include cellar doors and art Galleries.<br />Hot air-ballooning <br />Helicopter Scenic flights<br />Lord Lyndoch Restaurant <br />Lavender farm<br",https://a0.muscache.com/pictures/3ca26978-cc59-4fec-a054-5036efc417ab.jpg,14870315,https://www.airbnb.com/users/show/14870315,Maria,2014-04-29,"Sydney, Australia","",within an hour,100%,100%,t,https://a0.muscache.com/im/users/14870315/profile_pic/1398758206/original.jpg?aki_policy=profile_small,https://a0.muscache.com/im/users/14870315/profile_pic/1398758206/original.jpg?aki_policy=profile_x_medium,,1,1,"['email', 'phone']",t,t,Neighborhood highlights,Lyndoch,,-34.59793,138.87333,Entire home,Entire home/apt,6,1.5,1.5 baths,3,4,"[""Heating"", ""Bluetooth sound system"", ""Wifi"", ""Dishwasher"", ""Coffee maker: Nespresso"", ""Folding or convertible high chair - available upon request"", ""Long term stays allowed"", ""Hot water"", ""Private backyard \u2013 Not fully fenced"", ""First aid kit"", ""Dishes and silverware"", ""Barbecue utensils"", ""Outdoor dining area"", ""Fireplace guards"", ""Private patio or balcony"", ""Bed linens"", ""Books and reading material"", ""Oven"", ""Indoor fireplace: wood-burning"", ""Self check-in"", ""Coffee"", ""Freezer"", ""Dining table"", ""Iron"", ""Kitchen"", ""Outdoor furniture"", ""Central air conditioning"", ""Stove"", ""Pack \u2019n play/Travel crib - available upon request"", ""Shower gel"", ""Extra pillows and blankets"", ""Free parking on premises"", ""Carbon monoxide alarm"", ""Bathtub"", ""Drying rack for clothing"", ""TV"", ""Hangers"", ""Refrigerator"", ""Private entrance"", ""BBQ grill"", ""Single level home"", ""Washer"", ""Shampoo"", ""Fire extinguisher"", ""Cooking basics"", ""Wine glasses"", ""Essentials"", ""Smart lock"", ""Board games"", ""Conditioner"", ""Children\u2019s books and toys"", ""Microwave"", ""Clothing storage"", ""Portable fans"", ""Smoke alarm"", ""Hair dryer"", ""Hot water kettle"", ""Body soap"", ""Toaster""]",$292.00,2,1125,2,3,1125,1125,2.0,1125.0,,t,18,37,43,112,2025-09-27,147,8,0,43,14,48,14016,2017-03-04,2025-06-14,4.88,4.91,4.88,4.9,4.9,4.79,4.77,,t,1,1,0,0,1.41
16519738,https://www.airbnb.com/rooms/16519738,20250927041735,2025-09-27,city scrape,Old Mill Cottage,"Old Mill Cottage is ideal for a quiet getaway with its picturesque garden to relax in.  It is close to Dutton Park Recreation area including the Golf Course and Trotting Track.  Walking distance to the main street with great eateries and up to date information centre.  The Historic Mine site and the Mawson, Heysen and Kidman walking trails are on the doorstep.  Kapunda is nestled between the famous Barossa and Clare wine regions.",,https://a0.muscache.com/pictures/miso/Hosting-16519738/original/c6c15573-634c-4971-9ae9-e2de8476cdd2.jpeg,108616729,https://www.airbnb.com/users/show/108616729,Yvonne And Glenn,2016-12-26,"Kapunda, Australia","",within an hour,100%,95%,t,https://a0.muscache.com/im/pictures/user/747c8bcd-6a8f-4d79-a5c1-c6414769ef49.jpg?aki_policy=profile_small,https://a0.muscache.com/im/pictures/user/747c8bcd-6a8f-4d79-a5c1-c6414769ef49.jpg?aki_policy=profile_x_medium,,1,1,"['email', 'phone']",t,t,,Kapunda,,-34.33925,138.91111,Entire home,Entire home/apt,4,1.0,1 bath,2,2,"[""Lockbox"", ""Fire pit"", ""Wifi"", ""Long term stays allowed"", ""Hot water"", ""First aid kit"", ""Dishes and silverware"", ""Omega electric stove"", ""Barbecue utensils"", ""Outdoor dining area"", ""Clothing storage: wardrobe"", ""Private patio or balcony"", ""Bed linens"", ""Indoor fireplace: wood-burning"", ""Self check-in"", ""Pack \u2019n play/Travel crib"", ""Dining table"", ""Iron"", ""Kitchen"", ""Outdoor furniture"", ""Central air conditioning"", ""Cleaning products"", ""BBQ grill: gas"", ""Extra pillows and blankets"", ""Portable heater"", ""TV"", ""Hangers"", ""Private entrance"", ""Single level home"", ""Laundromat nearby"", ""Fire extinguisher"", ""Cooking basics"", ""Wine glasses"", ""Essentials"", ""Board games"", ""Mini fridge"", ""Microwave"", ""Free street parking"", ""Portable fans"", ""Locally made organic toiletries conditioner"", ""Locally made organic toiletries  body soap"", ""Hair dryer"", ""Smoke alarm"", ""Hot water kettle"", ""Free driveway parking on premises \u2013 2 spaces"", ""Toaster"", ""Locally made organic toiletries shampoo"", ""Breakfast""]",$200.00,2,1125,1,2,1125,1125,1.4,1125.0,,t,14,25,50,230,2025-09-27,227,42,3,56,44,252,50400,2017-01-30,2025-09-21,4.92,4.94,4.97,4.98,4.96,4.91,4.81,,t,1,1,0,0,2.15
17558728,https://www.airbnb.com/rooms/17558728,20250927041735,2025-09-27,city scrape,Seppeltsfield Vineyard Cottage. Luxury & Privacy.,"Set amongst vineyards and tranquil gardens, exclusive luxury for one couple, perfect for unwinding or celebrating any special occasion.  <br />Luxury facilities & amenities, plentiful provisions, peace, quiet, fresh air and privacy - relax and indulge! <br />Great location, walking distance to Hentley Farm and Fino, Seppeltsfield. Close to Appellation, Barossa Valley Estate and Izway Wines, so much to see and do. We love sharing our local knowledge and helping with recommendations during your stay!","We are uniquely positioned with the amazing neighbours we have. The Barossa is known for its food, wine, music, heritage and hospitality and along Seppeltsfield Road we offer this in spades!! Apart from our visually beautiful location with vineyards and rolling hills, we are right next door to Hentley Farm (you can walk there on our private path) <br />Surrounded by boutique cellars doors, three of the Barossa's best restaurants FINO, Appellation and Hentley Farm and it's also a short walk to the iconic winery Seppeltsfield Estate. Here they offer not only bespoke wine tours including tasting a 100 year old Tawny and other unique experiences, but also the Jam Factory studio with artisans in residence. These include a knifemaker, milliner, shoe maker and potter. You can even book to make your own knife (but plan and book well ahead!) You will also find Vasse Virgin who make luxe Olive oil body and food products & Octeine Coffee & Cafe.<br />Other wineries include Hentley Farm, Barossa V",https://a0.muscache.com/pictures/hosting/Hosting-U3RheVN1cHBseUxpc3Rpbmc6MTc1NTg3Mjg%3D/original/d777bd8e-95a7-49fc-b197-44f82cc5a8df.jpeg,77871395,https://www.airbnb.com/users/show/77871395,Wendy,2016-06-15,,"Introducing people to all of the amazing things the Barossa has to offer is what we love to do.  We love the ever changing culture of the Barossa, the friendly community feel and sharing with guests local knowledge and the best kept secrets of this wonderful region.",within an hour,100%,100%,t,https://a0.muscache.com/im/pictures/user/User/original/6a55b231-f1a4-459e-b3dc-e0fa299d0d78.jpeg?aki_policy=profile_small,https://a0.muscache.com/im/pictures/user/User/original/6a55b231-f1a4-459e-b3dc-e0fa299d0d78.jpeg?aki_policy=profile_x_medium,,2,2,"['email', 'phone']",t,t,Neighborhood highlights,Marananga,,-34.48914,138.91118,Entire cottage,Entire home/apt,2,1.0,1 bath,1,1,"[""Coffee maker"", ""Lockbox"", ""HDTV with Netflix"", ""Fire pit"", ""Heating"", ""Wifi"", ""Crib"", ""Sound system"", ""Hot water"", ""Private backyard \u2013 Not fully fenced"", ""First aid kit"", ""Dishes and silverware"", ""Outdoor dining area"", ""Private patio or balcony"", ""Bed linens"", ""Books and reading material"", ""Dryer"", ""Indoor fireplace: wood-burning"", ""Self check-in"", ""Pack \u2019n play/Travel crib"", ""Freezer"", ""Dining table"", ""Iron"", ""Kitchen"", ""AC - split type ductless system"", ""Outdoor furniture"", ""Room-darkening shades"", ""Cleaning products"", ""Shower gel"", ""Extra pillows and blankets"", ""Free parking on premises"", ""Free washer \u2013 In unit"", ""Bathtub"", ""Vineyard view"", ""Dedicated workspace"", ""Hangers"", ""Refrigerator"", ""Outdoor kitchen"", ""BBQ grill"", ""Laundromat nearby"", ""Shampoo"", ""Fire extinguisher"", ""Cooking basics"", ""Wine glasses"", ""Essentials"", ""Sun loungers"", ""Conditioner"", ""Children\u2019s books and toys"", ""Microwave"", ""Mini fridge"", ""Clothing storage"", ""Smoke alarm"", ""Hair dryer"", ""Hot water kettle"", ""Body soap"", ""Toaster"", ""Breakfast""]",$561.00,1,1125,1,2,1,1125,1.2,247.2,,t,15,32,55,304,2025-09-27,11,6,0,57,2,36,20196,2021-05-16,2025-08-26,4.91,4.91,4.91,5.0,5.0,5.0,4.82,,t,2,2,0,0,0.21
17737018,https://www.airbnb.com/rooms/17737018,20250927041735,2025-09-27,previous scrape,The Stables at 1860 Wine Country Cottages,"This old stone building has been in use since the 1860s, including as crop storage,  machinery shed and stables.  <br />Now it’s been reimagined into a secluded hideaway for two with the perfect ingredients for pure luxury. There’s more of everything in The Stables – set on its own 500m2 block away from the other cottages, it includes a large living space, a spacious entertaining deck, private garden, high ceilings, cathedral skylights, extra large spa bath and log fire to cuddle up next to.",,https://a0.muscache.com/pictures/749af9ca-d85d-42e7-bd2f-4454120b0c02.jpg,97913320,https://www.airbnb.com/users/show/97913320,Renate,2016-10-04,"South Australia, Australia","",N/A,N/A,N/A,f,https://a0.muscache.com/im/pictures/user/63e4e557-0f93-4ef3-94a5-0e05190e4f01.jpg?aki_policy=profile_small,https://a0.muscache.com/im/pictures/user/63e4e557-0f93-4ef3-94a5-0e05190e4f01.jpg?aki_policy=profile_x_medium,,1,3,['email'],t,f,,Springton,,-34.72364,139.06851,Entire home,Entire home/apt,2,,1 bath,1,,"[""Essentials"", ""Building staff"", ""Fire extinguisher"", ""Indoor fireplace"", ""TV"", ""Heating"", ""Self check-in"", ""Hangers"", ""Smoke alarm"", ""Private entrance"", ""Hair dryer"", ""Iron"", ""Kitchen"", ""Free parking on premises"", ""First aid kit"", ""Shampoo""]",,3,1125,3,3,1125,1125,3.0,1125.0,,,0,0,0,0,2025-09-27,0,0,0,0,0,0,,,,,,,,,,,,f,1,1,0,0,
17862552,https://www.airbnb.com/rooms/17862552,20250927041735,2025-09-27,city scrape,"""LiebenGott"" - Luxury 4 bedroom, central location","Luxury 2 storey home in the heart of the Barossa Valley with pool table and antique baby grand piano.<br /><br />3 bedrooms have queen beds and the 4th with a double with bunk and an extra bed, suitable for a fourth couple or children.<br /><br />A small  park borders the home on 2 sides with room to play cricket, football or soccer!<br /><br />Prepare your own meals in the fully equipped kitchen or take short stroll to the Weintal for breakfast, lunch or dinner, or dine out at anyone of the famous Barossa restaurants.",,https://a0.muscache.com/pictures/bebb933e-e554-44e7-a74b-c35787b38699.jpg,10112369,https://www.airbnb.com/users/show/10112369,Jason,2013-11-18,"Mount Barker, Australia","Married with three adult children
Attend C3 Christian Church in Hahndorf, Adelaide Hills
Interests: Cars, Latin dancing and gardening
State Director NSW & SA for Cement Concrete Aggregates Australia",within an hour,100%,99%,t,https://a0.muscache.com/im/pictures/user/User-10112369/original/d88e45d0-c912-451f-a2a6-2e61c923d8ba.jpeg?aki_policy=profile_small,https://a0.muscache.com/im/pictures/user/User-10112369/original/d88e45d0-c912-451f-a2a6-2e61c923d8ba.jpeg?aki_policy=profile_x_medium,,5,5,"['email', 'phone']",t,t,,Tanunda,,-34.51031,138.97908,Entire home,Entire home/apt,10,2.5,2.5 baths,4,5,"[""Coffee maker"", ""Ethernet connection"", ""Heating"", ""Wifi"", ""Dishwasher"", ""Crib"", ""Long term stays allowed"", ""Hot water"", ""First aid kit"", ""Dishes and silverware"", ""Outdoor dining area"", ""Private patio or balcony"", ""Luggage dropoff allowed"", ""Garden view"", ""Bed linens"", ""Oven"", ""Children\u2019s dinnerware"", ""Self check-in"", ""Pack \u2019n play/Travel crib"", ""Iron"", ""Kitchen"", ""Outdoor furniture"", ""Keypad"", ""Central air conditioning"", ""Stove"", ""Private backyard \u2013 Fully fenced"", ""Cleaning products"", ""Shower gel"", ""Extra pillows and blankets"", ""Private hot tub"", ""65 inch HDTV with standard cable"", ""Free washer \u2013 In unit"", ""Bathtub"", ""Carbon monoxide alarm"", ""Refrigerator"", ""Hangers"", ""Private entrance"", ""BBQ grill"", ""Shampoo"", ""Cooking basics"", ""Essentials"", ""High chair"", ""Park view"", ""Conditioner"", ""Children\u2019s books and toys"", ""Microwave"", ""Free street parking"", ""Smoke alarm"", ""Hair dryer"", ""Free parking on premises"", ""Body soap""]",$224.00,1,1125,1,4,1125,1125,1.5,1125.0,,t,17,40,60,316,2025-09-27,223,26,1,64,36,156,34944,2017-06-12,2025-08-31,4.92,4.95,4.92,4.97,4.97,4.91,4.82,,f,1,1,0,0,2.21
17963507,https://www.airbnb.com/rooms/17963507,20250927041735,2025-09-27,city scrape,"The Writer's Studio, Barossa","Perfect for one or two people, The Writer's Studio is fully self-contained.<br />It has a really comfortable and firm inflatable queen bed. <br />Away from the main house, it opens out onto a small orchard.<br />This is a quiet oasis you can enjoy in between exploring all the Barossa has to offer.<br />It has dining and sitting areas as well as a reading nook in the loft. It has a sofa which can open out for a child if necessary.  Or we can set up another inflatable bed in the loft, accessed by a loft ladder.","There is a vineyard and winery cellar door directly opposite the house.  It is a short, two block walk to the main street, supermarket, bakery, coffee shops, restaurants, Information Centre and bicycle hire.",https://a0.muscache.com/pictures/fdd07fbe-9afe-40d7-87ce-8222d63c2143.jpg,12063415,https://www.airbnb.com/users/show/12063415,Lesley Ann,2014-02-08,"Tanunda, Australia","I am a full time business coach helping business owners create businesses that work for not because of them.  My clients are mainly in Australia, New Zealand and the US, and as long as time zones are compatible I can work with them from anywhere. Thanks to Skype I have conducted my client meetings from Jaipur (India), New York, Perth, Sydney, South Australia and San Diego.
Clearly - one of the  things I can't live without is travel.
And I can't live without my Kindle - which has lightened my travel load enormously. No more books to carry and leave as I pick up more.
I love great food and wine - I live in a wine region where the two go together.
I am a great guest. Quiet, fun, a reader and a walker.
My life motto is Stride Into Life.",within an hour,100%,100%,t,https://a0.muscache.com/im/users/12063415/profile_pic/1391910411/original.jpg?aki_policy=profile_small,https://a0.muscache.com/im/users/12063415/profile_pic/1391910411/original.jpg?aki_policy=profile_x_medium,,1,1,"['email', 'phone']",t,t,Neighborhood highlights,Tanunda,,-34.52511,138.96518,Entire guesthouse,Entire home/apt,2,1.0,1 bath,1,1,"[""Coffee maker"", ""Heating"", ""Wifi"", ""Hot water"", ""Dishes and silverware"", ""First aid kit"", ""Patio or balcony"", ""Iron"", ""Kitchen"", ""AC - split type ductless system"", ""TV with Chromecast"", ""Refrigerator"", ""Hangers"", ""BBQ grill"", ""Backyard"", ""Fire extinguisher"", ""Shampoo"", ""Cooking basics"", ""Essentials"", ""Microwave"", ""Free street parking"", ""Smoke alarm"", ""Host greets you"", ""Hair dryer""]",$142.00,2,14,2,2,1125,1125,2.0,1125.0,,t,21,45,72,192,2025-09-27,455,38,1,73,52,228,32376,2017-04-08,2025-09-16,4.95,4.98,4.91,4.99,4.99,4.99,4.93,,t,1,1,0,0,4.41
17980547,https://www.airbnb.com/rooms/17980547,20250927041735,2025-09-27,city scrape,Martinsell Cottage Barossa Valley,"A self contained private 3 bedroom cottage, set amongst 77 acres of ancient old red gums, nearby vineyards and historic barn / stables. <br /><br />The cottage is set on the estate 500m from one of SA's most significant Georgian manors, 'Martinsell', built in 1901.  <br />This is also available for accomodation of up to four guests please log in to Martinsell Manor for further details.https://airbnb.com/rooms/22636387","The Pewsey Vale area was settled by English, Scottish and German settlers. Pewsey Vale is a part of the world-famous Barossa Valley food and wine region, famous for bold red wines, delicate Pewsey Vale Rieslings, and the finest boutique foods.<br /><br />The Barossa and its surroundings offer a wide variety of activities from hot air ballooning to trekking, cycling, horse riding, fishing, kayaking, wine tasting and more.<br /><br />Closest large stores:<br />Gawler (25min drive / 20km nth west) has a many large town facilities and services including;<br />•Supermarket open until 9pm mon-sat<br />•24 hr petrol station<br /><br />The local town of Williamstown (10min drive / 10km west) has a small general store, cemist, hotel, and bakery etc.<br />We are close to the National Motor Museum in Birdwood 18km, the famous Collingrove hillclimb circuit, and some of the best driving roads in Australia,  through the Adelaide Hills and Barossa Ranges.<br /><br />A Barossa Valley information guide",https://a0.muscache.com/pictures/746d3277-3873-415e-b62e-40978ee90c74.jpg,123514866,https://www.airbnb.com/users/show/123514866,Peter And Marijan,2017-03-30,"Pewsey Vale, Australia","We are a  retired couple who really enjoy living in the countryside, renovating historical buildings, gardening and hobby farming. Having hosted bed and breakfasts for many years, we enjoy meeting guests from all over the world and providing information on the Barossa area and beyond.",within an hour,100%,100%,t,https://a0.muscache.com/im/pictures/user/d75a43b6-68de-49c6-9396-9aa9cc8ebd7c.jpg?aki_policy=profile_small,https://a0.muscache.com/im/pictures/user/d75a43b6-68de-49c6-9396-9aa9cc8ebd7c.jpg?aki_policy=profile_x_medium,,2,2,"['email', 'phone']",t,t,Neighborhood highlights,Mount Crawford,,-34.65127498802909,138.97806003489265,Entire cottage,Entire home/apt,6,2.0,2 baths,3,4,"[""Fire pit"", ""Sound system"", ""Long term stays allowed"", ""Hot water"", ""Coffee maker: pour-over coffee"", ""First aid kit"", ""Dishes and silverware"", ""Barbecue utensils"", ""Outdoor dining area"", ""Private patio or balcony"", ""Garden view"", ""Bed linens"", ""Free washer \u2013 In building"", ""Books and reading material"", ""Free dryer \u2013 In building"", ""Oven"", ""Indoor fireplace: wood-burning"", ""Coffee"", ""Freezer"", ""Dining table"", ""Iron"", ""Kitchen"", ""Courtyard view"", ""Outdoor furniture"", ""Central air conditioning"", ""Private backyard \u2013 Fully fenced"", ""Central heating"", ""Room-darkening shades"", ""Mountain view"", ""Cleaning products"", ""Extra pillows and blankets"", ""Free parking on premises"", ""Bathtub"", ""Vineyard view"", ""Drying rack for clothing"", ""Hangers"", ""Dedicated workspace"", ""Refrigerator"", ""Private entrance"", ""BBQ grill"", ""Single level home"", ""Shampoo"", ""Fire extinguisher"", ""Cooking basics"", ""Wine glasses"", ""Essentials"", ""65 inch HDTV with DVD player"", ""Electric stove"", ""Park view"", ""Conditioner"", ""Microwave"", ""Clothing storage"", ""Portable fans"", ""Smoke alarm"", ""Hair dryer"", ""Free street parking"", ""Host greets you"", ""Hot water kettle"", ""Body soap"", ""Toaster""]",$126.00,2,365,2,2,1125,1125,2.0,1125.0,,t,13,13,36,257,2025-09-27,250,26,3,36,26,156,19656,2017-04-23,2025-09-21,4.88,4.9,4.83,4.96,4.95,4.88,4.78,,f,2,2,0,0,2.44
20002372,https://www.airbnb.com/rooms/20002372,20250927041735,2025-09-27,city scrape,"Boongarrie Luxury Tent - privacy, luxury, nature",Boongarrie Luxury Tent  offers privacy and luxury on a beautiful parcel of land in the Barossa Valley. Wake to views of majestic red gums and in the cooler months enjoy a campfire and savour the Barossa Red left for your enjoyment.  Little touches of luxury and generous breakfast supplies make this the perfect place for couples to explore the valley. Why not treat yourself and try something different.,"Flaxman Valley is a quiet regional area with some small wineries ,farms , pottery and a great place to brings bikes.",https://a0.muscache.com/pictures/miso/Hosting-20002372/original/7080586c-c991-4bf4-9fb3-ef4509909367.jpeg,15326510,https://www.airbnb.com/users/show/15326510,Kate,2014-05-10,"Flaxman Valley, Australia","My partner Garrry and I have lived in the beautiful Barossa for over 20 years. We enjoy all the fine foods and wines that are at our doorstep and love meeting new people. We enjoy travelling both overseas and in Australia, and love getting away from it all under the stars and living it up in luxury.
We love fishing and retreating when possible, to one of our beach houses on the Yorke Peninsula. 
We understand from our own travelling that guests may want total privacy and independence or wish to have some assistance and interaction. ",within an hour,100%,100%,t,https://a0.muscache.com/im/pictures/user/54be7e9b-889a-4c43-a5e1-68f9b84228ed.jpg?aki_policy=profile_small,https://a0.muscache.com/im/pictures/user/54be7e9b-889a-4c43-a5e1-68f9b84228ed.jpg?aki_policy=profile_x_medium,,1,2,"['email', 'phone']",t,t,Neighborhood highlights,Flaxman Valley,,-34.61,139.06722,Tent,Entire home/apt,2,1.0,1 bath,1,1,"[""Valley view"", ""Coffee maker"", ""Lockbox"", ""Outdoor kitchen with oven, sink"", ""Ceiling fan"", ""Small oven oven"", ""Heating"", ""Wifi"", ""Hot water"", ""First aid kit"", ""Dishes and silverware"", ""Mosquito net"", ""Private patio or balcony"", ""Garden view"", ""Bed linens"", ""Self check-in"", ""Dining table"", ""Iron"", ""Kitchen"", ""Outdoor furniture"", ""Stove"", ""Cleaning products"", ""Shower gel"", ""Extra pillows and blankets"", ""Free parking on premises"", ""Bathtub"", ""TV"", ""Refrigerator"", ""Outdoor shower"", ""Hangers"", ""Air conditioning"", ""Private entrance"", ""BBQ grill"", ""Backyard"", ""Shampoo"", ""Fire extinguisher"", ""Cooking basics"", ""Essentials"", ""Sun loungers"", ""Conditioner"", ""Microwave"", ""Mini fridge"", ""Free street parking"", ""Smoke alarm"", ""Hair dryer"", ""Hot water kettle"", ""Body soap"", ""Breakfast""]",$279.00,2,1125,1,2,1125,1125,2.0,1125.0,,t,19,49,73,340,2025-09-27,293,21,2,73,30,126,35154,2017-11-26,2025-09-14,4.97,4.96,4.96,4.98,4.96,4.9,4.81,,t,1,1,0,0,3.07
20057093,https://www.airbnb.com/rooms/20057093,20250927041735,2025-09-27,city scrape,Miriam's Cottage self contained Bed and Breakfast,"This lovely 1920's cottage is located in a quiet tree lined street in the heart of Tanunda. <br />Miriam's is a 5 minute walk to shops and restaurants such as Ferment Asian, 1918, Musque and cafe's. Also walking distance to Langmeil winery, Peter Lehmann, Z Wines etc<br />Breakfast provisions are there for guests to either have a cooked breakfast of bacon, eggs, tomatoes, mushrooms or continental breakfast.<br />Included is also a cheese plate and bottle of wine.<br />Firepit only supplied when seasonal.","Tanunda is in the heart of the Barossa and is close to all facilities. Miriam's Cottage is in a very quiet street but very close to everything. Walking distance to shops, restaurants, park, bakery",https://a0.muscache.com/pictures/bcd085c5-dfdf-4b43-9829-8a084c4d5f8c.jpg,142521667,https://www.airbnb.com/users/show/142521667,Alicia,2017-07-25,,"",within an hour,100%,100%,t,https://a0.muscache.com/im/pictures/user/034c6815-81da-4dd0-8d2e-3776b67fa474.jpg?aki_policy=profile_small,https://a0.muscache.com/im/pictures/user/034c6815-81da-4dd0-8d2e-3776b67fa474.jpg?aki_policy=profile_x_medium,,2,2,"['email', 'phone']",t,t,Neighborhood highlights,Tanunda,,-34.51962,138.96033,Entire cottage,Entire home/apt,4,1.0,1 bath,2,3,"[""Coffee maker"", ""Lockbox"", ""Fire pit"", ""Heating"", ""Wifi"", ""Dishwasher"", ""Crib"", ""Long term stays allowed"", ""Hot water"", ""First aid kit"", ""Dishes and silverware"", ""Outdoor dining area"", ""Private patio or balcony"", ""Luggage dropoff allowed"", ""Bed linens"", ""Oven"", ""Self check-in"", ""Iron"", ""Kitchen"", ""Stove"", ""Extra pillows and blankets"", ""Free parking on premises"", ""Refrigerator"", ""Hangers"", ""Air conditioning"", ""Private entrance"", ""BBQ grill"", ""Washer"", ""Backyard"", ""Fire extinguisher"", ""Shampoo"", ""TV with standard cable"", ""Cooking basics"", ""Essentials"", ""High chair"", ""Microwave"", ""Free street parking"", ""Smoke alarm"", ""Hair dryer"", ""Hot water kettle"", ""Breakfast""]",$302.00,2,28,2,2,28,28,2.0,28.0,,t,10,16,24,248,2025-09-27,192,34,4,24,22,204,61608,2017-12-12,2025-09-21,4.96,4.98,4.99,4.99,4.99,4.98,4.84,,t,1,1,0,0,2.02
20079805,https://www.airbnb.com/rooms/20079805,20250927041735,2025-09-27,city scrape,Azalea Cedar-Rose Barossa Vineyard Views Villa,"Azalea Cedar-Rose, beautifully restored to showcase its timeless charm, offers stunning vineyard views and is perfectly situated to explore Australia's premier wine region, the Barossa Valley.  4 queen beds and 3 single beds,  accommodating up to 11 guests. Two bathrooms, spa bath, bathrobes, comfy couches, a log fire, free Netflix & WiFi. The villa is alluring, beds made, fire set, afternoon tea supplied and beautiful vineyard views with Complimentary port and chocolates.","Easy stroll to bakeries, cafes, restaurants, pubs, super-market, fashion shops, cellar doors and art Galleries.<br />Hot air-ballooning <br />Helicopter Scenic flights<br />Lord Lyndoch Restaurant <br />Lavender farm<br />Excellent Tourist office in Tanunda",https://a0.muscache.com/pictures/prohost-api/Hosting-20079805/original/d26ea374-38f7-4a0d-8a4c-bf6dd07c2d19.jpeg,11110185,https://www.airbnb.com/users/show/11110185,Suzie,2014-01-07,"Glenelg South, Australia","Hi, I'm happily married to my sweetheart, whom I met at 12. We married at 19 and have four children, each with lovely partners, and 14 wonderful grandchildren. After running our busy florist shop for 15 years, we renovated two properties for B&B's. Now retired, we enjoy the beautiful scenery of the area. Our love for travel has taken us to may countries, helping us understand what our guests need for comfort and unique experiences.",within an hour,100%,100%,f,https://a0.muscache.com/im/pictures/user/84758b14-489f-423a-a963-64756dbd2a0a.jpg?aki_policy=profile_small,https://a0.muscache.com/im/pictures/user/84758b14-489f-423a-a963-64756dbd2a0a.jpg?aki_policy=profile_x_medium,,2,2,"['email', 'phone']",t,t,Neighborhood highlights,Lyndoch,,-34.60384,138.89156,Entire villa,Entire home/apt,11,2.0,2.5 baths,16,10,"[""Lockbox"", ""Fire pit"", ""Ethernet connection"", ""Heating"", ""Wifi"", ""Dishwasher"", ""Rice maker"", ""Crib"", ""Sound system"", ""Long term stays allowed"", ""Hot water"", ""First aid kit"", ""Dishes and silverware"", ""Barbecue utensils"", ""Outdoor dining area"", ""Clothing storage: closet"", ""Garden view"", ""Bed linens"", ""Books and reading material"", ""Patio or balcony"", ""Indoor fireplace"", ""Dryer"", ""Oven"", ""Children\u2019s dinnerware"", ""Self check-in"", ""Coffee"", ""Pack \u2019n play/Travel crib"", ""Freezer"", ""Dining table"", ""Iron"", ""Kitchen"", ""AC - split type ductless system"", ""HDTV with Netflix, DVD player"", ""Outdoor furniture"", ""Stove"", ""Private backyard \u2013 Fully fenced"", ""Cleaning products"", ""Baby bath"", ""Shower gel"", ""Extra pillows and blankets"", ""Private hot tub"", ""Free parking on premises"", ""Carbon monoxide alarm"", ""Bathtub"", ""Dedicated workspace"", ""Hangers"", ""Refrigerator"", ""Earth Essentials body soap"", ""Baking sheet"", ""Coffee maker: drip coffee maker, Nespresso"", ""Private entrance"", ""BBQ grill"", ""Washer"", ""Shampoo"", ""Fire extinguisher"", ""Cooking basics"", ""Wine glasses"", ""Essentials"", ""High chair"", ""Board games"", ""Conditioner"", ""Children\u2019s books and toys"", ""Microwave"", ""Mini fridge"", ""Free street parking"", ""Portable fans"", ""Smoke alarm"", ""Hair dryer"", ""Exterior security cameras on property"", ""Hot water kettle"", ""Single level home"", ""Toaster""]",$466.00,2,21,2,4,14,14,2.1,14.0,,t,12,32,57,323,2025-09-27,66,3,0,63,4,18,8388,2017-09-03,2025-08-10,4.95,4.97,4.91,5.0,5.0,4.88,4.89,,t,2,2,0,0,0.67
20144446,https://www.airbnb.com/rooms/20144446,20250927041735,2025-09-27,city scrape,Jasmine's Cottage Barossa Valley Vineyard Views,"Drink in the grandeur of the Barossa Valley from this gorgeous retreat. Perfect for a romantic escape or for couples to share.  Soft furnishings superbly compliment the 1880's cottage, and offers maximum comfort with the popular shabby chic style. Double spa bath, comfy couches, log fire, & outdoor bath.  You will find the cottage alluring, beds made, fire set, afternoon tea, pod coffee with lovely views across the vines and hillsComplimentary Tawny and chocolates.  Exclusively yours",A quiet neighbourhood and very safe. You can walk to the Pub or Lord Lyndoch at night without any worry at all.,https://a0.muscache.com/pictures/4db21458-535c-46bb-b35e-89aece649dae.jpg,11110185,https://www.airbnb.com/users/show/11110185,Suzie,2014-01-07,"Glenelg South, Australia","Hi, I'm happily married to my sweetheart, whom I met at 12. We married at 19 and have four children, each with lovely partners, and 14 wonderful grandchildren. After running our busy florist shop for 15 years, we renovated two properties for B&B's. Now retired, we enjoy the beautiful scenery of the area. Our love for travel has taken us to may countries, helping us understand what our guests need for comfort and unique experiences.",within an hour,100%,100%,f,https://a0.muscache.com/im/pictures/user/84758b14-489f-423a-a963-64756dbd2a0a.jpg?aki_policy=profile_small,https://a0.muscache.com/im/pictures/user/84758b14-489f-423a-a963-64756dbd2a0a.jpg?aki_policy=profile_x_medium,,2,2,"['email', 'phone']",t,t,Neighborhood highlights,Lyndoch,,-34.60504,138.89259,Entire cottage,Entire home/apt,4,1.0,1.5 baths,13,4,"[""Lockbox"", ""Fire pit"", ""Rice maker"", ""Heating"", ""Wifi"", ""Dishwasher"", ""Crib"", ""Long term stays allowed"", ""Hot water"", ""First aid kit"", ""Dishes and silverware"", ""Mosquito net"", ""Barbecue utensils"", ""Outdoor dining area"", ""Private patio or balcony"", ""Luggage dropoff allowed"", ""Garden view"", ""Bed linens"", ""Books and reading material"", ""Dryer"", ""56 inch HDTV with Chromecast"", ""Children\u2019s dinnerware"", ""Indoor fireplace: wood-burning"", ""Oven"", ""Pack \u2019n play/Travel crib"", ""Freezer"", ""Dining table"", ""Coffee"", ""Iron"", ""Kitchen"", ""Self check-in"", ""AC - split type ductless system"", ""Outdoor furniture"", ""Stove"", ""Private backyard \u2013 Fully fenced"", ""Cleaning products"", ""Shower gel"", ""Extra pillows and blankets"", ""Private hot tub"", ""Free parking on premises"", ""Free washer \u2013 In unit"", ""Bathtub"", ""Carbon monoxide alarm"", ""Dedicated workspace"", ""Outdoor shower"", ""Hangers"", ""Earth Essentials body soap"", ""Refrigerator"", ""Coffee maker: drip coffee maker, Nespresso"", ""Baking sheet"", ""Private entrance"", ""BBQ grill"", ""Shampoo"", ""Fire extinguisher"", ""Cooking basics"", ""Wine glasses"", ""Essentials"", ""High chair"", ""Earth Essentials conditioner"", ""Board games"", ""Piano"", ""Children\u2019s books and toys"", ""Microwave"", ""Free street parking"", ""Portable fans"", ""Smoke alarm"", ""Hair dryer"", ""Exterior security cameras on property"", ""Hot water kettle"", ""Single level home"", ""Toaster""]",$342.00,2,21,2,4,14,14,2.1,14.0,,t,13,31,52,308,2025-09-27,75,5,0,56,4,30,10260,2017-10-01,2025-08-04,4.96,4.96,4.92,5.0,5.0,4.87,4.79,,t,2,2,0,0,0.77
20524750,https://www.airbnb.com/rooms/20524750,20250927041735,2025-09-27,city scrape,The Reserve Barossa Valley,"The Reserve sits on six acres and accommodates up to 10 people in five bedrooms. It has an open plan fully equipped kitchen for food lovers, three bathrooms, several living and dining areas. <br />There are magnificent views and a huge outdoor area with a wood fired pizza oven. <br />The Reserve Barossa Valley is an amazing place to .... escape, relax and indulge all the Barossa has to offer","Where are the best Barossa Cellar Doors? Well, many of them can be found along Seppeltsfield Road! These include Hentley Farm, 2015 James Halliday Wine Companion Cellar Door of the Year. Hentley Farm, Greenock Creek Wines,Tscharke’s Place, Izway, Rolf Binder, Heritage, Two Hands and Torbreck are just a few of the wineries along the nine kilometres of Seppeltsfield Road where premium Barossa wines, including many famous Barossa Shiraz wines (the variety the Barossa is most famous for) can be tasted. Whistler Wines is a fabulous spot to combine wine tasting with a platter in the gardens under a gum tree, then visit their rescued pet kangaroos! Many of the wines produced in the Marananga/Seppeltsfield/Greenock sub-region of the Barossa are world class. <br /><br />We have small, single vineyard producers without cellar doors as well as iconic establishments including the historic Seppeltsfield Estate Winery founded in 1851 and Winner of the 2016 Qantas National Tourism Award for Best Tour",https://a0.muscache.com/pictures/9f47ce93-f32b-4927-b255-4c38358bdc5d.jpg,146536624,https://www.airbnb.com/users/show/146536624,Simone,2017-08-17,"Adelaide, Australia","There’s something very special about the Barossa. You can feel it in the landscape, in the people, the food and the wine. It’s a beautiful region, with villages, vineyards and farms dotting a patchwork vista. Barossans are famous for their generous hospitality, their love of a shared table and their passion for local food and wine. Festivals, celebrations, markets and music thrive here. Barossa is life’s great pleasures, in one unique place. 

We welcome you to Barossa. The place we love. The place we call home.
",N/A,N/A,N/A,f,https://a0.muscache.com/im/pictures/user/235817b7-8f28-40c9-8264-b8f14027a4bf.jpg?aki_policy=profile_small,https://a0.muscache.com/im/pictures/user/235817b7-8f28-40c9-8264-b8f14027a4bf.jpg?aki_policy=profile_x_medium,,1,1,"['email', 'phone']",t,t,Neighborhood highlights,Nuriootpa,,-34.49153,138.96338,Entire home,Entire home/apt,10,3.0,3 baths,5,5,"[""Coffee maker"", ""Lockbox"", ""Heating"", ""Wifi"", ""Dishwasher"", ""Crib"", ""First aid kit"", ""Dishes and silverware"", ""Fireplace guards"", ""Indoor fireplace"", ""Dryer"", ""Oven"", ""Children\u2019s dinnerware"", ""Self check-in"", ""Iron"", ""Kitchen"", ""Stove"", ""Free parking on premises"", ""Bathtub"", ""TV"", ""Refrigerator"", ""Hangers"", ""Air conditioning"", ""Hot tub"", ""BBQ grill"", ""Washer"", ""Backyard"", ""Fire extinguisher"", ""Shampoo"", ""Cooking basics"", ""Essentials"", ""High chair"", ""Children\u2019s books and toys"", ""Microwave"", ""Smoke alarm"", ""Hair dryer"", ""Hot water kettle"", ""Single level home""]","$1,552.00",3,1125,3,3,1125,1125,3.0,1125.0,,t,0,0,0,0,2025-09-27,13,0,0,0,0,0,0,2018-06-25,2021-06-25,4.54,4.69,4.77,4.69,4.85,5.0,4.23,,t,1,1,0,0,0.15
21481807,https://www.airbnb.com/rooms/21481807,20250927041735,2025-09-27,city scrape,"Pinecone Ridge, Barossa - enjoy your own 16 acres","Whether you are looking for a base from which to explore the Barossa, or a place in which to bunker down and take a break from a fast-paced life, Pinecone Ridge is for you.<br /><br />The house is nestled into a ridge top amongst rolling hills and vineyards, and large windows in the open plan living area allow you to enjoy the spectacular views whether you are inside or outside. <br /><br />Enjoy exploring the 16 acre property - it's all yours!","Pinecone Ridge is 2km from the main street of Angaston. <br /><br />Angaston is arguably the prettiest of the towns in the Barossa. Set amongst rolling hills it offers a well-preserved heritage streetscape lined by large leafy trees. It also sits on the border of the Barossa & Eden Valleys making a perfect base from which to explore both wine regions. It is home to the Barossa Cheese Company, Yalumba, Vitners restaurant, and the not-to-be-missed Barossa Farmers Market amongst many other attractions.",https://a0.muscache.com/pictures/14203dd3-64d6-4094-af2a-c082457e6eb0.jpg,156029245,https://www.airbnb.com/users/show/156029245,Anne,2017-10-24,"Adelaide, Australia","Hi! 

Pinecone Ridge is really a family project - we are all involved: Anne, Josh, Jeb, April & Isla.

We purchased the property in Nov 2017 as a family escape & renovation project. The property had previously been owned by a 92 year old gentleman with poor eyesight & needed lots of attention but we could see the potential & loved the views & location.

Running Pinecone Ridge is a family affair. April creates the welcome signs. Isla collects the pinecones. Jeb is Josh’s right hand man when it comes to maintenance. I get the privilege of escaping to the Barossa every week to clean & prep & often Josh is able to join me. In school holidays the kids help too. And we have all contributed to the eclectic styling of the home!

We have created Pinecone Ridge to be our family getaway - cosy, comfortable, fun, creative, peaceful, surrounded by nature - a place in which to clear the head & relax into a slower pace of life, yet also close to the action & deliciousness of the Barossa. We love sharing it with you and reading your reviews together. May you have a wonderful stay!

Anne",within an hour,100%,100%,t,https://a0.muscache.com/im/pictures/user/df4bc242-52ad-45b0-88cd-9b44d4387b9d.jpg?aki_policy=profile_small,https://a0.muscache.com/im/pictures/user/df4bc242-52ad-45b0-88cd-9b44d4387b9d.jpg?aki_policy=profile_x_medium,,1,1,"['email', 'phone']",t,t,Neighborhood highlights,Angaston,,-34.51446,139.04117,Entire home,Entire home/apt,8,2.5,2.5 baths,3,5,"[""Valley view"", ""Fire pit"", ""Rice maker"", ""Wifi"", ""Dishwasher"", ""Coffee maker: Nespresso"", ""Hot water"", ""Induction stove"", ""Private backyard \u2013 Not fully fenced"", ""First aid kit"", ""Dishes and silverware"", ""Barbecue utensils"", ""Outdoor dining area"", ""Private patio or balcony"", ""Bed linens"", ""Free washer \u2013 In building"", ""Books and reading material"", ""Oven"", ""Children\u2019s dinnerware"", ""Indoor fireplace: wood-burning"", ""Coffee"", ""Self check-in"", ""Freezer"", ""Dining table"", ""Iron"", ""Kitchen"", ""HDTV with Netflix, DVD player"", ""Outdoor furniture"", ""Central air conditioning"", ""Cleaning products"", ""Pack \u2019n play/Travel crib - available upon request"", ""BBQ grill: gas"", ""Shower gel"", ""Extra pillows and blankets"", ""Blender"", ""Free parking on premises"", ""Ultimate Ears Bluetooth sound system"", ""Bathtub"", ""Vineyard view"", ""Drying rack for clothing"", ""Hangers"", ""Heating - split type ductless system"", ""Carbon monoxide alarm"", ""Refrigerator"", ""Clothing storage: dresser"", ""Baking sheet"", ""Private entrance"", ""Single level home"", ""Shampoo"", ""Fire extinguisher"", ""Cooking basics"", ""Wine glasses"", ""Essentials"", ""High chair"", ""Smart lock"", ""Bread maker"", ""Board games"", ""Conditioner"", ""Children\u2019s books and toys"", ""Microwave"", ""Smoke alarm"", ""Hair dryer"", ""Exterior security cameras on property"", ""Hot water kettle"", ""Body soap"", ""Toaster""]",$435.00,2,28,2,4,1125,1125,3.2,1125.0,,t,11,17,36,288,2025-09-27,148,25,2,39,25,150,65250,2019-06-03,2025-09-25,4.99,4.97,4.99,4.99,5.0,4.98,4.91,,f,1,1,0,0,1.92
22294732,https://www.airbnb.com/rooms/22294732,20250927041735,2025-09-27,city scrape,Hutton Vale Farm - Hutch Hilton,Experience the rhythms of farm life in the Hutton Vale Farm Hutch Hilton! Ideal for up to 4 couples or families looking for an authentic Australian experience within the rolling hills of the Barossa.,"Angaston township is 10 minutes away by car with specialty shops as well as all the services that might be required. The wider Barossa has more than 150 winery/cellar doors, 7 award winning restaurants, cafes, bakeries, art galleries, heritage sites, scenic bike track, parks and 2 golf courses.",https://a0.muscache.com/pictures/16729d36-3f05-432f-97b3-724953d19ea4.jpg,106868811,https://www.airbnb.com/users/show/106868811,Jan,2016-12-11,"Angaston, Australia","I am part of a mixed family farm in the Barossa, with a strong interest in food and wine.",within an hour,100%,100%,f,https://a0.muscache.com/im/pictures/user/8220deb0-24c7-4982-a319-a971ae863d52.jpg?aki_policy=profile_small,https://a0.muscache.com/im/pictures/user/8220deb0-24c7-4982-a319-a971ae863d52.jpg?aki_policy=profile_x_medium,,2,5,"['email', 'phone']",t,t,Neighborhood highlights,Angaston,,-34.51862,139.10905,Farm stay,Entire home/apt,8,4.0,4 baths,4,4,"[""Heating"", ""Hot water"", ""Dishes and silverware"", ""First aid kit"", ""Private patio or balcony"", ""Indoor fireplace"", ""Oven"", ""Kitchen"", ""Stove"", ""Refrigerator"", ""Air conditioning"", ""Private entrance"", ""BBQ grill"", ""Backyard"", ""Fire extinguisher"", ""Cooking basics"", ""Essentials"", ""Microwave"", ""Host greets you"", ""Smoke alarm"", ""Free parking on premises""]",$557.00,1,365,1,4,365,365,2.0,365.0,,t,24,46,73,329,2025-09-27,88,6,0,73,6,36,20052,2018-02-26,2025-08-25,4.95,4.93,4.84,4.97,4.99,4.97,4.88,,t,2,2,0,0,0.95
22604785,https://www.airbnb.com/rooms/22604785,20250927041735,2025-09-27,city scrape,Old Barossa Valley Inn & Bakery House..Get it all!,"Walk to “Gather Round”! Historic Lyndoch,  is less than 1 hour drive from Adelaide CBD. Great place to base yourself for a relaxing food, wine, romantic or family getaway. Extremely comfortable private house with all amenities, in this unique 1850’s colonial building. Price is for 2 guests (no extra cleaning fee). Additional guests (including children 2 & over) $25/person/night (baby facilities optional extra). Experience all the Barossa has to offer with Tanunda, Nuriootpa & Angaston nearby!","Lyndoch is the ‘Gateway’ to the Barossa Valley. The residence gives you local ambience and history, whilst providing you the opportunity to explore this vibrant tourist wine & food region. Tanunda, Nuriootpa, Angaston and other Barossa Valley towns are all an easy drive away. Wineries and boutique shopping abounds in the area around the B&B.",https://a0.muscache.com/pictures/b2783da9-f7eb-4bd6-9ecc-5017223407bd.jpg,92198370,https://www.airbnb.com/users/show/92198370,Heather,2016-08-27,"Lyndoch, Australia","Local Barossa family. Heather & husband Gordon together, offer you this accommodation in one of the historic buildings from the 1850s, in Lyndoch. Lovingly preserved and decorated, we hope our guests will relax and enjoy their stay. We’d be pleased to show you the original bakers oven which served the town for around 60 years. We live nearby and can respond to any requests, or can leave you to enjoy the serenity and luxury of our little piece of paradise!
We enjoy travel ourselves and experiencing AirBnB’s all over the world. Our guests come from all states of Australia, but also from nearly every continent, so it is a great pleasure to host  our guests from all walks of life. 
Enjoy all the Barossa Valley has to offer by basing yourself in Lyndoch with us. We particularly welcome our fellow South Australian residents, to enjoy some local tastes and experiences which are easily accessible, thoroughly delectable and exciting or relaxing - the choice is yours!",within an hour,100%,100%,t,https://a0.muscache.com/im/pictures/user/2afd8940-fae6-4322-a250-bc39c9fa5242.jpg?aki_policy=profile_small,https://a0.muscache.com/im/pictures/user/2afd8940-fae6-4322-a250-bc39c9fa5242.jpg?aki_policy=profile_x_medium,,2,2,"['email', 'phone']",t,t,Neighborhood highlights,Lyndoch,,-34.60364,138.8866,Entire home,Entire home/apt,5,1.0,1 bath,3,4,"[""Lockbox"", ""Ceiling fan"", ""Outlet covers"", ""Heating"", ""Wifi"", ""Dishwasher"", ""Coffee maker: french press, Nespresso, pour-over coffee"", ""Sound system"", ""Changing table"", ""Hot water"", ""First aid kit"", ""Dishes and silverware"", ""Barbecue utensils"", ""Paid pack \u2019n play/travel crib - available upon request"", ""Outdoor dining area"", ""Private patio or balcony"", ""Luggage dropoff allowed"", ""Bed linens"", ""Books and reading material"", ""Free dryer \u2013 In building"", ""Oven"", ""Children\u2019s dinnerware"", ""Self check-in"", ""Coffee"", ""Freezer"", ""Paid standalone high chair - available upon request"", ""Dining table"", ""Iron"", ""Kitchen"", ""65 inch HDTV with Amazon Prime Video, Netflix"", ""Courtyard view"", ""Clothing storage: wardrobe and dresser"", ""Central air conditioning"", ""Outdoor furniture"", ""Private backyard \u2013 Fully fenced"", ""Private BBQ grill: gas"", ""Cleaning products"", ""Baby bath"", ""Shower gel"", ""Extra pillows and blankets"", ""Blender"", ""Free washer \u2013 In unit"", ""Bathtub"", ""Drying rack for clothing"", ""Dedicated workspace"", ""Hangers"", ""Refrigerator"", ""Baking sheet"", ""Private entrance"", ""Shampoo"", ""Fire extinguisher"", ""Cooking basics"", ""Wine glasses"", ""Essentials"", ""Electric stove"", ""Board games"", ""Conditioner"", ""Microwave"", ""Free street parking"", ""Portable fans"", ""Smoke alarm"", ""Hair dryer"", ""Hot water kettle"", ""Body soap"", ""Toaster"", ""Breakfast""]",$197.00,2,28,2,3,1125,1125,2.0,1125.0,,t,11,20,42,205,2025-09-27,187,19,1,42,22,114,22458,2018-02-17,2025-08-31,4.92,4.94,4.96,4.97,4.99,4.95,4.9,,f,2,2,0,0,2.02
22636387,https://www.airbnb.com/rooms/22636387,20250927041735,2025-09-27,city scrape,Martinsell Manor  Barossa Valley South Australia,"Private accommodation for adults, self-contained in the downstairs section of this grand Manor. <br />Book the Gold or Regency room. The main entrance provides  access leading into your spacious lounge and dining area. Martinsell Manor, a historical, stately, stone building is set on 77 acres in beautiful surroundings .The impressive guest suites have recently been renovated and include high ceilings, quality Georgian and Chippendale furniture, and Persian carpets on polished floors.",The Manor is 30 minutes from Tanunda,https://a0.muscache.com/pictures/87ac1148-cbd7-45b3-b077-d28300e0cdbb.jpg,123514866,https://www.airbnb.com/users/show/123514866,Peter And Marijan,2017-03-30,"Pewsey Vale, Australia","We are a  retired couple who really enjoy living in the countryside, renovating historical buildings, gardening and hobby farming. Having hosted bed and breakfasts for many years, we enjoy meeting guests from all over the world and providing information on the Barossa area and beyond.",within an hour,100%,100%,t,https://a0.muscache.com/im/pictures/user/d75a43b6-68de-49c6-9396-9aa9cc8ebd7c.jpg?aki_policy=profile_small,https://a0.muscache.com/im/pictures/user/d75a43b6-68de-49c6-9396-9aa9cc8ebd7c.jpg?aki_policy=profile_x_medium,,2,2,"['email', 'phone']",t,t,Neighborhood highlights,Mount Crawford,,-34.68339,138.97258,Entire home,Entire home/apt,4,2.0,2 baths,2,2,"[""Coffee maker"", ""Ethernet connection"", ""Wifi"", ""Long term stays allowed"", ""Hot water"", ""Private BBQ grill: electric"", ""First aid kit"", ""Dishes and silverware"", ""Barbecue utensils"", ""Outdoor dining area"", ""Free resort access"", ""Private patio or balcony"", ""Private outdoor pool - available seasonally, open 24 hours, saltwater"", ""Luggage dropoff allowed"", ""Garden view"", ""Bed linens"", ""Books and reading material"", ""Oven"", ""Cleaning available during stay"", ""Coffee"", ""Dining table"", ""Iron"", ""Kitchen"", ""Radiant heating"", ""Clothing storage: closet, wardrobe, and dresser"", ""Courtyard view"", ""AC - split type ductless system"", ""Outdoor furniture"", ""Private backyard \u2013 Fully fenced"", ""Room-darkening shades"", ""Mountain view"", ""Cleaning products"", ""Shower gel"", ""Extra pillows and blankets"", ""Free parking on premises"", ""Vineyard view"", ""Heating - split type ductless system"", ""Hangers"", ""Dedicated workspace"", ""Refrigerator"", ""Private entrance"", ""Single level home"", ""Laundromat nearby"", ""Resort view"", ""Shampoo"", ""Fire extinguisher"", ""Cooking basics"", ""Wine glasses"", ""Essentials"", ""Sun loungers"", ""Electric stove"", ""Park view"", ""Conditioner"", ""Microwave"", ""Mini fridge"", ""Free street parking"", ""Portable fans"", ""Smoke alarm"", ""Hair dryer"", ""55 inch HDTV"", ""Host greets you"", ""Hot water kettle"", ""Body soap"", ""Toaster"", ""Breakfast""]",$360.00,2,1125,2,2,1125,1125,2.0,1125.0,,t,20,29,56,301,2025-09-27,39,3,0,62,2,18,6480,2018-12-25,2025-04-18,4.92,4.92,4.92,4.92,4.95,4.85,4.77,,f,2,2,0,0,0.47
22794701,https://www.airbnb.com/rooms/22794701,20250927041735,2025-09-27,city scrape,Linfield Cottage,"Linfield Cottage is a beautifully restored 1900 Federation Home on the edge of the Barossa and the Adelaide Hills. Fully equipped and situated on our stunning 19 hectares of vineyard from which we produce our own wines, it's the perfect base to explore the hundreds of wineries within both regions, or the plethora of scenic walking tracks. When you've finished sightseeing, relax on the property and enjoy the stunning views, soak in the spa and sip on our hand-crafted, single vineyard wines.","The cottage is situated on the family property, 19 hectares of Linfield Road Wines Vineyard. We're just half a kilometre up the road should you need anything.",https://a0.muscache.com/pictures/cd6e3f08-b427-4805-b329-61328c9dddb7.jpg,68592337,https://www.airbnb.com/users/show/68592337,Deb,2016-04-23,,"We live and work on our beautiful vineyard property. We love cooking and enjoying a bottle of our wine overlooking the property. 
Travelling is always on the list of things to do when we have downtime. 
Reading is a great passion in our family and our choices wide and varied. ",N/A,N/A,N/A,f,https://a0.muscache.com/im/pictures/user/cfcb7d0a-8fce-417c-9d82-c4ddd5daaab1.jpg?aki_policy=profile_small,https://a0.muscache.com/im/pictures/user/cfcb7d0a-8fce-417c-9d82-c4ddd5daaab1.jpg?aki_policy=profile_x_medium,,1,2,"['email', 'phone']",t,f,Neighborhood highlights,Williamstown,,-34.68038,138.88286,Entire home,Entire home/apt,5,1.5,1.5 baths,2,3,"[""Heating"", ""Wifi"", ""Dishwasher"", ""First aid kit"", ""Indoor fireplace"", ""Dryer"", ""Iron"", ""Kitchen"", ""Stove"", ""TV"", ""Hangers"", ""Air conditioning"", ""Private entrance"", ""Washer"", ""Fire extinguisher"", ""Shampoo"", ""Essentials"", ""Smoke alarm"", ""Hair dryer"", ""Free parking on premises"", ""Breakfast""]",$390.00,2,60,2,2,60,60,2.0,60.0,,t,21,32,61,186,2025-09-27,11,0,0,66,1,0,0,2018-06-11,2024-09-22,5.0,5.0,5.0,4.91,4.82,5.0,4.91,,f,1,1,0,0,0.12
22855141,https://www.airbnb.com/rooms/22855141,20250927041735,2025-09-27,city scrape,WHISTLER VINEYARD RETREAT,"Set on 80acres in the heart of the Barossa Valley this private, self-contained guest wing is surrounded by vineyard and gardens. Our retreat gets you back to nature... with vineyard and scrub walks, (accompanied by at least one of our Border Collies), friendly geese, an inquisitive free-roaming peacock, hens, rescued & wild kangaroos, the occasional Koala and a myriad of birdlife. Take in the views from the verandas, sit by the campfire (during the cooler months) or relax in the hammock.","Our Retreat is on the most scenic road in the Barossa with 15 wineries to discover, including the historic Seppeltsfield Winery. An exciting new addition, within walking distance, is the new Seppeltsfield Road Distillers where you can enjoy handcrafted gin on their stunning deck. We have world-class restaurants within a 5 minute drive - Appellation, Fino and Hentley Farm. Our neighbours are the famous Maggie Beer Farmshop and Eatery. The work of top SA artists can be seen at the JamFactory gallery and artisan workshops. Other coffee shops, galleries and excellent shopping can be found at the 3 main towns, all within 5km from our home. The first stage of the new Seppeltsfield Road  shared path trail runs through our property. The Barossa also has other bike trails.",https://a0.muscache.com/pictures/cdecde84-33f9-4c38-aa0d-71ac8cd1f699.jpg,111063419,https://www.airbnb.com/users/show/111063419,Sally,2017-01-12,"Tanunda, Australia","I'm a born and bred, proud Barossan. Married to Martin for 48 years we have 3 adult children and 8 grandchildren. 30 years of teaching has kept me young at heart. I love meeting people through our family winery and I'm very involved in the local community. I'm known as 'the Green Queen', somewhat obsessed with  recycling and caring for the environment. I'm an animal and nature-lover, loving life on our beautiful property and happy to share it with others.",within an hour,100%,100%,t,https://a0.muscache.com/im/pictures/user/effff009-a8d1-4fe9-9f25-fc320841235c.jpg?aki_policy=profile_small,https://a0.muscache.com/im/pictures/user/effff009-a8d1-4fe9-9f25-fc320841235c.jpg?aki_policy=profile_x_medium,,1,1,['phone'],t,t,Neighborhood highlights,Tanunda,,-34.49146,138.95672,Entire guest suite,Entire home/apt,4,1.0,1 bath,2,3,"[""Fire pit"", ""Heating"", ""Wifi"", ""Long term stays allowed"", ""Hot water"", ""Private backyard \u2013 Not fully fenced"", ""First aid kit"", ""Dishes and silverware"", ""Outdoor dining area"", ""Private patio or balcony"", ""Garden view"", ""Bed linens"", ""Free washer \u2013 In building"", ""Oven"", ""Children\u2019s dinnerware"", ""Iron"", ""Kitchen"", ""AC - split type ductless system"", ""Outdoor furniture"", ""Stove"", ""Extra pillows and blankets"", ""Vineyard view"", ""Refrigerator"", ""Hangers"", ""Private entrance"", ""BBQ grill"", ""Hammock"", ""Fire extinguisher"", ""Cooking basics"", ""TV with standard cable"", ""Essentials"", ""Microwave"", ""Host greets you"", ""Smoke alarm"", ""Hair dryer"", ""Free parking on premises""]",$203.00,2,21,2,2,21,21,2.0,21.0,,t,0,2,3,142,2025-09-27,158,29,1,3,26,174,35322,2018-03-18,2025-09-07,4.99,4.97,4.95,4.99,4.99,4.99,4.91,,f,1,1,0,0,1.72
25086405,https://www.airbnb.com/rooms/25086405,20250927041735,2025-09-27,city scrape,Villa Maria Barossa Luxury Guesthouse,"Built in 1910, Villa Maria is an elegantly proportioned villa that has been tastefully refurbished with all modern conveniences. The villa offers three comfortable, luxurious rooms, each with ensuite. A fourth couple can be accommodated.<br /><br />Located in one of the truly historical precincts of Tanunda, the house is only metres from historic Goat Square, and a short stroll to the main street.","Located in one of the truly historical precincts of Tanunda, the house is only metres from historic Goat Square, and a short stroll to the main street.",https://a0.muscache.com/pictures/41ad00f8-dbc2-4c2d-94ad-1d01ceabc417.jpg,189642977,https://www.airbnb.com/users/show/189642977,Tuoi,2018-05-14,,"",within an hour,100%,100%,f,https://a0.muscache.com/im/pictures/user/bc2a4c4c-8e35-43f3-961a-cca3b45b472f.jpg?aki_policy=profile_small,https://a0.muscache.com/im/pictures/user/bc2a4c4c-8e35-43f3-961a-cca3b45b472f.jpg?aki_policy=profile_x_medium,,1,2,"['email', 'phone']",t,t,Neighborhood highlights,Tanunda,,-34.52412,138.95519,Entire villa,Entire home/apt,8,4.0,4 baths,0,0,"[""Essentials"", ""TV"", ""Heating"", ""Wifi"", ""Hangers"", ""Air conditioning"", ""Hair dryer"", ""Kitchen"", ""Free parking on premises"", ""Fire extinguisher"", ""Breakfast""]",$500.00,2,1125,2,2,1125,1125,2.0,1125.0,,t,8,22,38,255,2025-09-27,31,3,0,43,2,18,9000,2018-07-02,2025-01-07,4.97,5.0,5.0,4.81,4.81,4.97,4.9,,t,1,1,0,0,0.35
25916821,https://www.airbnb.com/rooms/25916821,20250927041735,2025-09-27,city scrape,Barossa Valley’s Captain Rodda’s Cottage,"Barossa Valley wine region<br /><br />Antique and country style decor in a genuine 1840's Cottage restored to modern convenient living. Ideal getaway for romantic weekends with convenient location close to many Barossa attractions, wineries and gourmet dining","Barossa Valley wine region<br /><br />Antique and country style decor in a genuine 1840's Cottage restored to modern convenient living. Ideal getaway for romantic weekends with convenient location close to many Barossa attractions, wineries, gourmet dining etc. Log wood fire with wood supply provided in cosy lounge. TV, DVD and music for entertainment. Sleeps up to 6 guests - 3 bedrooms - two with queen beds and one with 2 single beds. Continental breakfast included in tariff and complimentary wine provided. Modern equipped kitchen, separate indoor dining room seating 6. Laundry facilities, modern bathroom with luxurious spa, large shower, toilet and separate second toilet for guest convenience. All linen included plus essential toiletries .Outdoor covered entertainment area with BBQ. Adequate off street parking provided. Pet friendly.<br /><br />Only 1 -2 minutes drive to Angaston main street to enjoy galleries, cafes, specialist wine cellar doors and other gourmet and antique stores ",https://a0.muscache.com/pictures/b37bab57-0bd6-417f-a719-23bec8fc7c36.jpg,129160994,https://www.airbnb.com/users/show/129160994,Christina,2017-05-06,"Tasmania, Australia","My husband and I live on 5 beautiful acres in the countryside and love quiet get-aways to beautiful, friendly places. We love antiques, great food and wine.",within an hour,100%,100%,f,https://a0.muscache.com/im/pictures/user/1ce4ecad-d6ca-40de-b016-6b88b09ea51e.jpg?aki_policy=profile_small,https://a0.muscache.com/im/pictures/user/1ce4ecad-d6ca-40de-b016-6b88b09ea51e.jpg?aki_policy=profile_x_medium,,1,1,"['email', 'phone']",t,t,Neighborhood highlights,Angaston,,-34.49095,139.04752,Entire cottage,Entire home/apt,6,1.5,1.5 baths,3,4,"[""Heating"", ""Long term stays allowed"", ""Hot water"", ""Dishes and silverware"", ""First aid kit"", ""Private patio or balcony"", ""Bed linens"", ""Indoor fireplace"", ""Oven"", ""Self check-in"", ""Iron"", ""Kitchen"", ""Keypad"", ""Stove"", ""TV"", ""Refrigerator"", ""Hangers"", ""Private entrance"", ""BBQ grill"", ""Washer"", ""Backyard"", ""Fire extinguisher"", ""Shampoo"", ""Cooking basics"", ""Essentials"", ""Pets allowed"", ""Microwave"", ""Free street parking"", ""Smoke alarm"", ""Hair dryer"", ""Free parking on premises"", ""Breakfast""]",$400.00,2,1125,2,2,2,1125,2.0,285.0,,t,9,24,52,287,2025-09-27,22,2,0,54,5,12,4800,2018-10-21,2024-10-19,4.73,4.86,4.73,5.0,4.95,4.86,4.64,,t,1,1,0,0,0.26
25928338,https://www.airbnb.com/rooms/25928338,20250927041735,2025-09-27,city scrape,Sharay’s Barossa Sanctuary,"Location location location! This newly remodelled, circa 1914, home is located in the Main Street of Tanunda, making it perfect for those wanting to access all the Main Street has to offer. With up to 3 bedrooms available, comfortably accommodating up to 6 people, this luxurious, self-contained home is ideal for couples, families or groups of friends conveniently located in the Main Street of Tanunda","The house is located in Tanunda, 200m walk from the Main Street. Tanunda is the tourist heart of the Barossa, boasting excellent cafes, restaurants, boutique shops, wineries and much more.",https://a0.muscache.com/pictures/hosting/Hosting-U3RheVN1cHBseUxpc3Rpbmc6MjU5MjgzMzg%3D/original/47b58ab0-4f78-45ad-b496-f5da3c978c50.jpeg,40008394,https://www.airbnb.com/users/show/40008394,Sarah,2015-07-30,"Tanunda, Australia","",within a day,100%,100%,t,https://a0.muscache.com/im/pictures/user/8cb088ee-246d-4f09-88ca-b7073e4e69ed.jpg?aki_policy=profile_small,https://a0.muscache.com/im/pictures/user/8cb088ee-246d-4f09-88ca-b7073e4e69ed.jpg?aki_policy=profile_x_medium,,1,2,"['email', 'phone', 'work_email']",t,t,Neighborhood highlights,Tanunda,,-34.52154,138.96129,Entire home,Entire home/apt,6,2.0,2 baths,3,3,"[""Coffee maker"", ""Lockbox"", ""Babysitter recommendations"", ""Heating"", ""Wifi"", ""Dishwasher"", ""Crib"", ""Long term stays allowed"", ""Hot water"", ""First aid kit"", ""Dishes and silverware"", ""Private patio or balcony"", ""Luggage dropoff allowed"", ""Bed linens"", ""Indoor fireplace"", ""Dryer"", ""Oven"", ""Self check-in"", ""Pack \u2019n play/Travel crib"", ""Iron"", ""Kitchen"", ""Private hot tub - available all year"", ""Stove"", ""Bathtub"", ""TV"", ""Refrigerator"", ""Hangers"", ""Air conditioning"", ""BBQ grill"", ""Washer"", ""Backyard"", ""Shampoo"", ""Fire extinguisher"", ""Cooking basics"", ""Essentials"", ""High chair"", ""Microwave"", ""Free street parking"", ""Smoke alarm"", ""Hair dryer"", ""Free parking on premises"", ""Single level home""]",$361.00,2,1125,2,3,1125,1125,2.1,1125.0,,t,13,26,54,188,2025-09-27,206,17,0,55,25,102,36822,2018-07-09,2025-08-24,4.92,4.94,4.91,4.97,4.98,4.98,4.74,,f,1,1,0,0,2.34
26009146,https://www.airbnb.com/rooms/26009146,20250927041735,2025-09-27,city scrape,"The Barn - a little bit rustic, a little bit luxe","Step into rustic charm with a touch of luxe comfort at the Barn. Here, you'll find the best parts of glamping—without the tent. The Barn might not be for everyone, especially if you need an en-suite bathroom, but it offers something truly special: no neighbours, no streetlights, and a vast sky filled with twinkling stars.   Nestled on our five-acre property, Pondicherri, the Barn is part of a collection of historic outbuildings, offering a countryside escape.  Plus we welcome your fur baby.","Just a short 3km drive away from Pondicherri, lies the historic village of Angaston.  It boasts a diverse range of cafes, restaurants, two pubs, a supermarket, butcher, hardware, medical centre, post office, and speciality Barossa food businesses - offering something for everyone. The Barossa Farmer's Market is also only a stone's throw away and can be easily accessed by taking the dirt Saleyards Road. However, be wary of kangaroos that tend to frequent the vineyards.<br /><br />The region is home to many high-quality wineries, restaurants, food establishments, and historic buildings that are just minutes away from Pondicherri. For those who prefer outdoor activities, there are numerous walking and cycling trails, as well as easy bushwalks - perfect for spotting kangaroos at Kaisersthul Conservation Park. For a bird's eye view of the region, try hot air ballooning or a helicopter ride. The options are endless, except for surfing!<br /><br />If you're looking to venture further out, the",https://a0.muscache.com/pictures/a39cd677-24cf-48ba-8838-7f741aaa2579.jpg,22589842,https://www.airbnb.com/users/show/22589842,Carolyn,2014-10-15,,"I love to travel but not enough. I love to cook and share my table with family and friends.  I love the smell of a newly picked lemon. I love my little animals and the flocks of different birds that play and swoon here.    I’m social and then sometimes,  I’m a bit reclusive.   I love the stillness and promise of a dawning sunrise more than the peace and surrender of a sunset, but both are spectacular and I'm grateful to see often.",within an hour,100%,100%,t,https://a0.muscache.com/im/pictures/user/30f6350e-a117-44b6-b6ff-660a97cf86fd.jpg?aki_policy=profile_small,https://a0.muscache.com/im/pictures/user/30f6350e-a117-44b6-b6ff-660a97cf86fd.jpg?aki_policy=profile_x_medium,,1,1,"['email', 'phone', 'work_email']",t,t,Neighborhood highlights,Moculta,,-34.4754,139.05827,Barn,Entire home/apt,2,1.0,1 bath,1,1,"[""Valley view"", ""Ceiling fan"", ""Smoking allowed"", ""Wifi"", ""Coffee maker: Nespresso"", ""Long term stays allowed"", ""Hot water"", ""Air Fryer/oven combo  Portable  stainless steel oven"", ""Private backyard \u2013 Not fully fenced"", ""Dishes and silverware"", ""Barbecue utensils"", ""Outdoor dining area"", ""Private patio or balcony"", ""Luggage dropoff allowed"", ""Garden view"", ""Bed linens"", ""Free washer \u2013 In building"", ""Books and reading material"", ""Kitchenette"", ""Coffee"", ""Freezer"", ""Dining table"", ""Iron"", ""AC - split type ductless system"", ""Outdoor furniture"", ""Room-darkening shades"", ""Private BBQ grill: gas"", ""Cleaning products"", ""Shower gel"", ""Extra pillows and blankets"", ""Verde Wash - Sweet Orange, Mandarin and Sage body soap"", ""40 inch HDTV with Netflix, Chromecast"", ""Drying rack for clothing"", ""Heating - split type ductless system"", ""Hangers"", ""Dedicated workspace"", ""Private entrance"", ""Clothing storage: dresser"", ""Fire extinguisher"", ""Ultimate Ears - Boom 3 Bluetooth sound system"", ""Cooking basics"", ""Wine glasses"", ""Essentials"", ""Sun loungers"", ""Shared outdoor pool - available seasonally, open specific hours, lap pool"", ""Pets allowed"", ""Board games"", ""Crib - available upon request"", ""Microwave"", ""Mini fridge"", ""Free driveway parking on premises \u2013 3 spaces"", ""Host greets you"", ""Smoke alarm"", ""Shared outdoor kitchen"", ""Hair dryer"", ""Hot water kettle"", ""Toaster""]",$163.00,1,730,1,2,1125,1125,1.3,1125.0,,t,13,36,54,310,2025-09-27,336,35,1,56,38,210,34230,2018-07-15,2025-09-08,4.88,4.82,4.9,4.9,4.95,4.9,4.76,,f,1,1,0,0,3.83
26403678,https://www.airbnb.com/rooms/26403678,20250927041735,2025-09-27,city scrape,29 Jane,"29 Jane is a lovingly renovated 1920s bungalow, in the heart of the Barossa. A short stroll from the main street of Tanunda and a few minutes by car to some of the best restaurants and wineries in the Barossa.<br /><br />The house offers 3 comfortable king bedrooms, modern fully equipped kitchen, a lovely yard and swimming pool.<br /><br />29 Jane is owned an operated by one of the Barossa’s favourite chefs, Tuoi Do, who also runs fermentAsian Restaurant.",,https://a0.muscache.com/pictures/bf20d7a5-58cd-4542-b37e-fe2d57fb3027.jpg,198551256,https://www.airbnb.com/users/show/198551256,Tuoi,2018-06-28,"Tanunda, Australia","",within an hour,100%,100%,t,https://a0.muscache.com/im/pictures/user/964ad06a-323e-4d9c-b29b-4818a75f9d13.jpg?aki_policy=profile_small,https://a0.muscache.com/im/pictures/user/964ad06a-323e-4d9c-b29b-4818a75f9d13.jpg?aki_policy=profile_x_medium,,1,1,"['email', 'phone']",t,t,,Tanunda,,-34.52523,138.95253,Entire home,Entire home/apt,6,2.0,2 baths,3,3,"[""Coffee maker"", ""Heating"", ""Wifi"", ""Dishwasher"", ""Hot water"", ""Dishes and silverware"", ""Pool"", ""Building staff"", ""Bed linens"", ""Patio or balcony"", ""Dryer"", ""Oven"", ""Self check-in"", ""Iron"", ""Kitchen"", ""Stove"", ""Extra pillows and blankets"", ""TV"", ""Refrigerator"", ""Hangers"", ""Air conditioning"", ""Baking sheet"", ""Washer"", ""Backyard"", ""Shampoo"", ""Cooking basics"", ""Essentials"", ""High chair"", ""Microwave"", ""Smoke alarm"", ""Hair dryer"", ""Free parking on premises""]",$320.00,1,1125,1,2,1125,1125,1.3,1125.0,,t,15,33,51,278,2025-09-27,210,26,0,52,29,156,49920,2018-07-08,2025-08-22,4.69,4.7,4.84,4.82,4.82,4.91,4.58,,t,1,1,0,0,2.39
27271141,https://www.airbnb.com/rooms/27271141,20250927041735,2025-09-27,city scrape,Red Gum Retreat airconditioned & free wifi,"Set in a scenic location, with the beautiful Lyndoch Valley and Barossa Ranges as a backdrop, this century year old iron stone cottage provides a pleasing blend of rustic charm with modern conveniences.<br /><br />The home sits on 1 1/4 acres, and you are free to enjoy the space, take in the views, have a bbq on the terrace and enjoy the gardens and local bird life.<br /><br />Please contact me if you have any particular requirement that you would like to explore","This location is perfect for any trips to local wine options, national parks and walking trails. Details available on site",https://a0.muscache.com/pictures/airflow/Hosting-27271141/original/f0e87fe1-e137-4719-81ed-923a8fb03152.jpg,205436375,https://www.airbnb.com/users/show/205436375,Erika,2018-07-27,"Williamstown, Australia","I will be pleased to welcome you in my former home which has great character.
As a professional who works in scientific fields who is well traveled around Australia, I have experienced a wide variety of hospitality venues and attitudes from which to draw.",within an hour,100%,100%,f,https://a0.muscache.com/im/pictures/user/063b4d72-0353-40c2-b576-26c65f9b8017.jpg?aki_policy=profile_small,https://a0.muscache.com/im/pictures/user/063b4d72-0353-40c2-b576-26c65f9b8017.jpg?aki_policy=profile_x_medium,,1,1,"['email', 'phone']",t,t,Neighborhood highlights,Williamstown,,-34.66549,138.88978,Entire cottage,Entire home/apt,4,1.0,1 bath,2,2,"[""Valley view"", ""Coffee maker"", ""Lockbox"", ""Ceiling fan"", ""Heating"", ""Wifi"", ""Dishwasher"", ""Hot water"", ""First aid kit"", ""Dishes and silverware"", ""Fireplace guards"", ""Clothing storage: closet"", ""Private patio or balcony"", ""Garden view"", ""Bed linens"", ""Books and reading material"", ""Indoor fireplace"", ""Oven"", ""Children\u2019s dinnerware"", ""Self check-in"", ""Coffee"", ""Dining table"", ""Iron"", ""Kitchen"", ""Outdoor furniture"", ""Stove"", ""Cleaning products"", ""Extra pillows and blankets"", ""Drying rack for clothing"", ""TV"", ""Refrigerator"", ""Hangers"", ""Air conditioning"", ""Private entrance"", ""BBQ grill"", ""Washer"", ""Backyard"", ""Shampoo"", ""Fire extinguisher"", ""Cooking basics"", ""Wine glasses"", ""Essentials"", ""Children\u2019s books and toys"", ""Microwave"", ""Smoke alarm"", ""Hair dryer"", ""Exterior security cameras on property"", ""Free parking on premises"", ""Single level home"", ""Toaster""]",$132.00,2,14,2,2,1125,1125,2.0,1125.0,,t,26,54,84,257,2025-09-27,82,3,0,90,8,18,2376,2018-09-02,2025-04-26,4.88,4.9,4.96,4.98,4.95,4.9,4.87,,t,1,1,0,0,0.95
27409406,https://www.airbnb.com/rooms/27409406,20250927041735,2025-09-27,city scrape,The Dairyman Barossa .. The Chaff House,"Exclusive self-contained Farm Accommodation set in the foothills of the Barossa Ranges. A fusion of heritage, functional architecture & edgy style, located between Lyndoch & Williamstown in the beautiful Barossa Valley.<br /><br />Take in the stunning views from every direction – vineyards, rolling hills & farm life.<br /><br />Enjoy an abundance of traditional  breakfast provisions straight from the farm.<br /><br />Google for more information...thedairymanbarossa",We are 5-15 minutes from regional towns and many cellar doors close by,https://a0.muscache.com/pictures/miso/Hosting-27409406/original/371cee79-36fc-4e88-bd98-358d109de380.jpeg,206287989,https://www.airbnb.com/users/show/206287989,Michael,2018-07-30,"Pewsey Vale, Australia","The saying is true: the grass is greener on the other side, especially as you cross the paddock and unlatch the galvanised farm gate at The Dairyman’s Cottage entrance. This is Barossa country chic at its finest with a clean style that is as comfortable as it is design savvy. 

This reinvented getaway dates back to the 1840s. Stretch out in the Chaff House, a workshop where grain was once crushed, or hole up in the Dairyman’s Cottage for a stay that shares a similarly unique past, operating more recently to milk cows. Both pads now make up a relaxed and unpretentious Barossa getaway and can be booked in conjunction with one another or as separate retreats. 

Guests can quite literally wake up and smell the bacon, thanks to a healthy spread of breakfast provisions and other fresh produce that come directly from paddock to plate. And although your Barossa itinerary is likely to be teeming with sojourns to cellar doors and eateries, it's hard to overlook the peace that lazing in the shade of the South Australian sun brings. Take in the rich pastures and surrounding panoramas of the grape-dotted Barossa Valley Ranges, by spending the evenings on the paved terrace with your feet up, sipping a glass of something smooth from neighbouring vineyards. 

It's instinctual to wander the working dairy facility, so why not introduce yourself to the residents on an afternoon farm walk and feed the heritage breed free-range pigs. And if there are any items you can no longer live without when back home, The Dairyman has an online shop to keep you stocked up on breakfast packs and more. 

",within a few hours,100%,74%,t,https://a0.muscache.com/im/pictures/user/cd455e66-5ad9-4824-b156-3ac0fe1443f8.jpg?aki_policy=profile_small,https://a0.muscache.com/im/pictures/user/cd455e66-5ad9-4824-b156-3ac0fe1443f8.jpg?aki_policy=profile_x_medium,,2,2,"['email', 'phone']",t,t,Neighborhood highlights,Williamstown,,-34.62272,138.92041,Farm stay,Entire home/apt,2,1.0,1 bath,0,1,"[""Essentials"", ""Smoking allowed"", ""Dryer"", ""TV"", ""Heating"", ""Wifi"", ""Hangers"", ""Air conditioning"", ""Smoke alarm"", ""Hair dryer"", ""Iron"", ""Kitchen"", ""Free parking on premises"", ""Dishes and silverware"", ""Washer"", ""Fire extinguisher"", ""Breakfast""]",$241.00,2,1125,2,2,1125,1125,2.0,1125.0,,t,19,40,65,326,2025-09-27,22,6,0,71,4,36,8676,2020-01-05,2025-08-24,5.0,4.95,4.77,5.0,5.0,4.86,4.91,,f,2,2,0,0,0.32
27409837,https://www.airbnb.com/rooms/27409837,20250927041735,2025-09-27,city scrape,The Dairyman Barossa ....Dairyman's Cottage,"Exclusive self-contained Farm Accommodation set in the foothills of the Barossa Ranges. A fusion of heritage, functional architecture & edgy style, located between Lyndoch & Williamstown in the beautiful Barossa Valley.<br /><br />Take in the stunning views from every direction – vineyards, rolling hills & farm life.<br /><br />Enjoy an abundance of traditional  breakfast provisions straight from the farm.<br /><br />GOogle for more info ..thedairymanbarossa",5-15 minute drive to regional facilities. Close to cellar doors and restaurants,https://a0.muscache.com/pictures/miso/Hosting-27409837/original/b1a88bdd-04e6-4cdf-aeb3-3c4a515ccf2a.jpeg,206287989,https://www.airbnb.com/users/show/206287989,Michael,2018-07-30,"Pewsey Vale, Australia","The saying is true: the grass is greener on the other side, especially as you cross the paddock and unlatch the galvanised farm gate at The Dairyman’s Cottage entrance. This is Barossa country chic at its finest with a clean style that is as comfortable as it is design savvy. 

This reinvented getaway dates back to the 1840s. Stretch out in the Chaff House, a workshop where grain was once crushed, or hole up in the Dairyman’s Cottage for a stay that shares a similarly unique past, operating more recently to milk cows. Both pads now make up a relaxed and unpretentious Barossa getaway and can be booked in conjunction with one another or as separate retreats. 

Guests can quite literally wake up and smell the bacon, thanks to a healthy spread of breakfast provisions and other fresh produce that come directly from paddock to plate. And although your Barossa itinerary is likely to be teeming with sojourns to cellar doors and eateries, it's hard to overlook the peace that lazing in the shade of the South Australian sun brings. Take in the rich pastures and surrounding panoramas of the grape-dotted Barossa Valley Ranges, by spending the evenings on the paved terrace with your feet up, sipping a glass of something smooth from neighbouring vineyards. 

It's instinctual to wander the working dairy facility, so why not introduce yourself to the residents on an afternoon farm walk and feed the heritage breed free-range pigs. And if there are any items you can no longer live without when back home, The Dairyman has an online shop to keep you stocked up on breakfast packs and more. 

",within a few hours,100%,74%,t,https://a0.muscache.com/im/pictures/user/cd455e66-5ad9-4824-b156-3ac0fe1443f8.jpg?aki_policy=profile_small,https://a0.muscache.com/im/pictures/user/cd455e66-5ad9-4824-b156-3ac0fe1443f8.jpg?aki_policy=profile_x_medium,,2,2,"['email', 'phone']",t,t,Neighborhood highlights,Williamstown,,-34.6246,138.9207,Farm stay,Entire home/apt,4,2.0,2 baths,2,2,"[""Essentials"", ""Smoking allowed"", ""Dryer"", ""TV"", ""Heating"", ""Wifi"", ""Hangers"", ""Air conditioning"", ""Smoke alarm"", ""Hair dryer"", ""Iron"", ""Kitchen"", ""Free parking on premises"", ""Dishes and silverware"", ""Washer"", ""Fire extinguisher"", ""Breakfast""]",$257.00,2,1125,2,2,1125,1125,2.0,1125.0,,t,10,28,54,309,2025-09-27,30,5,0,58,7,30,7710,2019-10-05,2025-07-25,5.0,4.97,4.97,4.9,4.97,4.93,4.93,,f,2,2,0,0,0.41
27814606,https://www.airbnb.com/rooms/27814606,20250927041735,2025-09-27,city scrape,1837 Barossa Luxury Vineyard Cottage. S Australia,"Beautiful villa facing vineyard.  French provincial style in Lyndoch, fully equipped kitchen, bathroom with spa, 2 showers, 2TVs, outdoor sitting with views of Barossa Ranges and vineyards. Enjoy the beautiful Barossa sunrise from your bedroom and sunset from the William Light Monument Park on our estate. Coffee (Nespresso) and tea provided. Stroll around vineyard and watch out for kangaroos and native birds. Wi-Fi included.","Surrounded by lovely vineyards and wineries, kangaroos and beautiful birds.<br />A perfect place to relax and enjoy the calmness of the country yet just an hour away from Adelaide. Stroll around the vineyard and enjoy the breathtaking views of the Barossa Ranges. Visit Colonel William Light Monument on the estate.",https://a0.muscache.com/pictures/a3518d12-72c9-41e0-a8b1-017f1ca513c4.jpg,28712482,https://www.airbnb.com/users/show/28712482,Nelly,2015-03-03,,"I am a Montessori teacher and at present working with children diagnosed with ASD. Love meeting people, friendly and easy going.",within an hour,100%,100%,f,https://a0.muscache.com/im/pictures/user/af750c7b-6b65-4424-a815-819c3f2984d6.jpg?aki_policy=profile_small,https://a0.muscache.com/im/pictures/user/af750c7b-6b65-4424-a815-819c3f2984d6.jpg?aki_policy=profile_x_medium,,3,8,"['email', 'phone']",t,t,Neighborhood highlights,Lyndoch,,-34.58512,138.86381,Entire villa,Entire home/apt,2,1.0,1 bath,1,1,"[""Coffee maker"", ""Lockbox"", ""Heating"", ""Wifi"", ""Dishwasher"", ""Long term stays allowed"", ""Hot water"", ""Dishes and silverware"", ""Private backyard"", ""Private patio or balcony"", ""Luggage dropoff allowed"", ""Bed linens"", ""Indoor fireplace"", ""Dryer"", ""Oven"", ""Self check-in"", ""Iron"", ""Kitchen"", ""Outdoor furniture"", ""Stove"", ""Shower gel"", ""Extra pillows and blankets"", ""Private hot tub"", ""Carbon monoxide alarm"", ""TV"", ""Refrigerator"", ""Hangers"", ""Air conditioning"", ""Private entrance"", ""BBQ grill"", ""Washer"", ""Fire extinguisher"", ""Shampoo"", ""Cooking basics"", ""Essentials"", ""Microwave"", ""Smoke alarm"", ""Hair dryer"", ""Free parking on premises"", ""Single level home""]",$413.00,2,90,2,2,90,90,2.0,90.0,,t,22,49,68,328,2025-09-27,20,1,0,68,1,6,2478,2018-10-01,2024-11-17,4.95,4.95,5.0,5.0,5.0,5.0,5.0,,t,3,3,0,0,0.23
28843427,https://www.airbnb.com/rooms/28843427,20250927041735,2025-09-27,city scrape,Fechner Place★Barossa Studio★ 1 Bed★Breakfast★Wine,"The Fechner Place guest suite is located only minutes from some of the Barossa Valley's finest restaurants  and Cellar Doors, and only a 15 min walk to Tanunda's main street. There are many restaurants and Cellar doors within a 25 minute stroll.","The studio is located on a lovely quiet street,  with its own private entrance and parking.    Located in the heart of the Barossa and walking distance to the main street of Tanunda, you are perfectly positioned for easy access to many of  the great wineries, restaurants and experiences that the region has to offer.<br /> <br />We are a 2 min drive from the pretty village of Tanunda that is well serviced with a varied selection of cafes,  restaurants,  pubs,  2 breweries,  supermarket,  butcher, bakeries, specialty retail stores, a medical centre, hospital and post office for your convenience. <br /><br />We are a short 10 min drive to the famed Barossa Valley Farmers market in the picturesque township of Angaston, which is open on  Saturday mornings from 7.30am.  This is on our must do list. <br /><br />If food and wine are not your thing, there are numerous walking and cycling trails with some easy bush walks through Kaiser Stuhl National Park.  This is best visited at dusk to do som",https://a0.muscache.com/pictures/d9400975-5374-4f7a-99f4-79b8bd4ed742.jpg,103407726,https://www.airbnb.com/users/show/103407726,Karina,2016-11-12,"Robe, Australia","I've lived with my partner and 3 gorgeous children in the Beautiful Barossa Valley, South Australia for over 40 years. We enjoy spending time outdoors with our family on our 30 acre property.
We have both worked in the wine and Tourism Industry for the last 20 years and understand the importance of great guest experiences. We have travelled extensively and experienced all types of accommodation.  I have been able to use what I have learnt to create a very successful Airbnb business (Your Home Anywhere).
I have a keen interest and passion in real estate and travel and now enjoy combining both by hosting properties through Airbnb. We love creating beautiful, comfortable spaces that our guests can call ""home"" and pride ourselves in offering a 5 star service. Our aim is that our guests never want to leave!
Guests can contact Karina at Your Home Anywhere on: 0422 390 791",within an hour,100%,100%,t,https://a0.muscache.com/im/pictures/user/45a1745a-7aef-4e4f-b292-1951e60a32a3.jpg?aki_policy=profile_small,https://a0.muscache.com/im/pictures/user/45a1745a-7aef-4e4f-b292-1951e60a32a3.jpg?aki_policy=profile_x_medium,,4,5,"['email', 'phone', 'work_email']",t,t,Neighborhood highlights,Tanunda,,-34.51418,138.95815,Entire guest suite,Entire home/apt,2,1.0,1 bath,1,1,"[""Coffee maker"", ""Lockbox"", ""Heating"", ""Wifi"", ""Crib"", ""Long term stays allowed"", ""Hot water"", ""First aid kit"", ""Dishes and silverware"", ""Barbecue utensils"", ""Outdoor dining area"", ""Private patio or balcony"", ""Luggage dropoff allowed"", ""Bed linens"", ""Bikes"", ""Kitchenette"", ""Self check-in"", ""Coffee"", ""Pack \u2019n play/Travel crib"", ""Dining table"", ""Iron"", ""AC - split type ductless system"", ""Outdoor furniture"", ""Private backyard \u2013 Fully fenced"", ""Private BBQ grill: gas"", ""Cleaning products"", ""Extra pillows and blankets"", ""Free parking on premises"", ""TV"", ""Dedicated workspace"", ""Hangers"", ""Refrigerator"", ""Private entrance"", ""Single level home"", ""Laundromat nearby"", ""Fire extinguisher"", ""Shampoo"", ""Wine glasses"", ""Essentials"", ""Conditioner"", ""Microwave"", ""Mini fridge"", ""Clothing storage"", ""Smoke alarm"", ""Free street parking"", ""Hair dryer"", ""Hot water kettle"", ""Body soap"", ""Toaster"", ""Breakfast""]",$210.00,2,365,1,2,1125,1125,1.8,1125.0,,t,15,31,58,319,2025-09-27,132,18,3,64,15,108,22680,2019-10-06,2025-09-09,4.96,4.95,4.96,4.99,4.99,4.91,4.83,,t,1,1,0,0,1.81
29170994,https://www.airbnb.com/rooms/29170994,20250927041735,2025-09-27,previous scrape,Barossa Valley Studio,"Situated in the heart of the Barossa Valley within the beautiful township of Angaston. Our Self Contained Studio gives your privacy with views of Angastons Hills. The Studio has it's own Kitchenette, ensuite bathroom and a small bunk bed room for two kids*. On the exterior guests have full use of the guest BBQ.<br /><br />We are located a short 800m walk along a the beautiful trail into Angaston township. Nearby are many restaurants, cafes, wineries.<br /><br />*Note lower bunk is rated to 120kg and upper 80kg","Angaston is a beautiful picturesque town located in the Barossa Valley. Within the town there are services such as a butcher, supermarket, pubs, cafes,  restaurants, barossa cheese company and many more other attractions.",https://a0.muscache.com/pictures/f1720023-b683-49ce-b868-23e276d0108c.jpg,64599221,https://www.airbnb.com/users/show/64599221,Darren,2016-03-27,"Tanunda, Australia","I am married to my beautiful wife and live in the stunning barossa valley. While working in the wine industry we also host our studio through airbnb. I love to travel, having been to around 40 countries and all 6 continents (not antartica). The experiences travelling brings is second to none, food, culture, adventure, architecture. From travelling we have stayed in a mix bag of accommodations, local homestay, villages, to high end hotels. Meeting and greeting people all over the world has enticed us to start out own studio and airbnb on our property in the beautiful township of Angaston in the Barossa Valley.",within a day,100%,100%,t,https://a0.muscache.com/im/pictures/user/0288f100-612e-40ed-b4bb-81300a1fb98a.jpg?aki_policy=profile_small,https://a0.muscache.com/im/pictures/user/0288f100-612e-40ed-b4bb-81300a1fb98a.jpg?aki_policy=profile_x_medium,,1,1,"['email', 'phone']",t,t,Neighborhood highlights,Angaston,,-34.5072,139.0507,Entire guest suite,Entire home/apt,4,,1 bath,2,,"[""Lockbox"", ""Heating"", ""Wifi"", ""Long term stays allowed"", ""Hot water"", ""Barbecue utensils"", ""Dishes and silverware"", ""Bed linens"", ""Self check-in"", ""Iron"", ""Kitchen"", ""BBQ grill: gas"", ""Extra pillows and blankets"", ""TV"", ""Refrigerator"", ""Hangers"", ""Air conditioning"", ""Private entrance"", ""Backyard"", ""Shampoo"", ""Cooking basics"", ""Essentials"", ""Microwave"", ""Free street parking"", ""Smoke alarm"", ""Hair dryer"", ""Free parking on premises""]",,1,3,2,2,3,3,2.0,3.0,,t,0,0,0,0,2025-09-27,248,21,1,0,23,126,,2018-12-22,2025-09-01,4.9,4.95,4.95,4.97,4.96,4.92,4.93,,f,1,1,0,0,3.01
29192273,https://www.airbnb.com/rooms/29192273,20250927041735,2025-09-27,city scrape,Purpose-built Holiday Retreat,"Our Barossa holiday retreat 'The Acre' is a mere 2 minute drive (or 15 minute walk) from the town centre of the Barossa's quintessential heartbeat, Tanunda. Set up for the traveller in all of us, with all the comforts one could need while on the road.","So close to the town centre yet far enough away for peace and quiet. <br /><br />Just a 2 minute stroll down the road is Discovery Parks Barossa Valley. The family section of the park includes a splashtacular waterpark, complete with three slides, gigantic tipping bucket and more splash zones than we can count. (day passes available for $15, family and group pricing available on request).<br /><br />And while the kids are playing in the water the folks can pop across the road to Barossa Valley Brewing. The brewery houses a Brasserie and stunning beer garden with live music from 4 - 7pm every Saturday and Sunday.<br /><br />These are just two of the many cafés, galleries, museums and within walking distance, and dotted around the main street of Tanunda.",https://a0.muscache.com/pictures/dbda6c0b-3864-4218-b99b-825aab60ea3a.jpg,69307468,https://www.airbnb.com/users/show/69307468,Cory,2016-04-28,,"",within an hour,100%,99%,f,https://a0.muscache.com/im/pictures/user/6861590b-efd8-46c4-8067-7a8b3647c01d.jpg?aki_policy=profile_small,https://a0.muscache.com/im/pictures/user/6861590b-efd8-46c4-8067-7a8b3647c01d.jpg?aki_policy=profile_x_medium,,1,1,"['email', 'phone', 'work_email']",t,t,Neighborhood highlights,Tanunda,,-34.53167,138.95362,Entire home,Entire home/apt,6,1.0,1 bath,3,4,"[""Coffee maker"", ""Free dryer \u2013 In unit"", ""Outlet covers"", ""Heating"", ""Wifi"", ""Dishwasher"", ""Crib"", ""Long term stays allowed"", ""Hot water"", ""First aid kit"", ""Dishes and silverware"", ""55 inch HDTV with Netflix, standard cable"", ""Private patio or balcony"", ""Luggage dropoff allowed"", ""Bed linens"", ""Oven"", ""Children\u2019s dinnerware"", ""Self check-in"", ""Cleaning available during stay"", ""Pack \u2019n play/Travel crib"", ""Iron"", ""Kitchen"", ""Outdoor furniture"", ""Stove"", ""Room-darkening shades"", ""Extra pillows and blankets"", ""Free washer \u2013 In unit"", ""Bathtub"", ""Carbon monoxide alarm"", ""Dedicated workspace"", ""Hangers"", ""Air conditioning"", ""Refrigerator"", ""Private entrance"", ""Backyard"", ""Shampoo"", ""Fire extinguisher"", ""Cooking basics"", ""Essentials"", ""High chair"", ""Smart lock"", ""Microwave"", ""Free street parking"", ""Smoke alarm"", ""Hair dryer"", ""Exterior security cameras on property"", ""Free parking on premises"", ""Single level home""]",$190.00,2,90,2,2,1125,1125,2.0,1125.0,,t,9,28,45,310,2025-09-27,267,37,2,50,33,222,42180,2019-04-24,2025-09-12,4.85,4.92,4.91,4.88,4.94,4.9,4.72,,t,1,1,0,0,3.41
29250289,https://www.airbnb.com/rooms/29250289,20250927041735,2025-09-27,city scrape,"Walnut Cottage, Angaston","Walnut Cottage is a c1856 settlers cottage extensively renovated to retain the charm of a bygone era but with modern-day comforts. Exclusively yours, with generous provisions provided for continental breakfast. Relax by the open fire or enjoy a wine in the garden. The Cottage is located in a quiet street, a 5-min walk to cafes, wine bar, gourmet cheese shop & much more. With  just a 15-min drive to the wine region, Walnut Cottage is ideal for a romantic getaway or an escape with friends.",,https://a0.muscache.com/pictures/miso/Hosting-29250289/original/7c0c73d5-9b23-406d-b5f7-032e86b597a8.jpeg,86995031,https://www.airbnb.com/users/show/86995031,Lydia,2016-07-31,"South Australia, Australia","Love to travel: fav places are Okavango Delta, Morocco and Alaska. Also love to read, you will find lots of books in the BnB looking for a reader!",within an hour,100%,100%,t,https://a0.muscache.com/im/pictures/user/1c45fac9-af25-4675-a10d-652a145dbc3e.jpg?aki_policy=profile_small,https://a0.muscache.com/im/pictures/user/1c45fac9-af25-4675-a10d-652a145dbc3e.jpg?aki_policy=profile_x_medium,,2,2,"['email', 'phone']",t,t,,Angaston,,-34.50411,139.04513,Entire cottage,Entire home/apt,4,1.0,1 bath,2,2,"[""Lockbox"", ""Heating"", ""Wifi"", ""First aid kit"", ""Indoor fireplace"", ""Self check-in"", ""Iron"", ""Kitchen"", ""TV"", ""Hangers"", ""Air conditioning"", ""Private entrance"", ""Washer"", ""Fire extinguisher"", ""Shampoo"", ""Essentials"", ""Smoke alarm"", ""Hair dryer"", ""Free parking on premises""]",$285.00,1,999,1,4,999,999,1.9,999.0,,t,12,29,59,202,2025-09-27,43,4,1,65,5,24,6840,2019-10-13,2025-09-01,5.0,4.98,5.0,4.95,4.98,4.98,4.95,,t,2,2,0,0,0.59
29557043,https://www.airbnb.com/rooms/29557043,20250927041735,2025-09-27,city scrape,1837 Barossa Luxury  Vineyard  Cottage  Hideaway,"Situated in a  little town of Lyndoch in the Barossa Valley, your country cottage offers picturesque view of the Barossa Ranges surrounded by vines. Ideal for couples in need of a relaxing time to chill and relax in a country escape. The interior decoration consist of French antique with a touch of modernism. A perfect place to wake up to sunrise from your front veranda with a cup of espresso and enjoy the sunset from the gazebo with a glass of shiraz!","Surrounded by lovely vineyards and wineries, kangaroos and beautiful birds.<br />A perfect place to relax and enjoy the calmness of the country yet just an hour away from Adelaide. Stroll around the vineyard and enjoy the breathtaking views of the Barossa Ranges. Visit Colonel William Light Monument on the estate. Tennis court is available to all guests of Bnb at no cost.",https://a0.muscache.com/pictures/7ae572a4-9e0e-4880-93cf-35ebfc3d54db.jpg,28712482,https://www.airbnb.com/users/show/28712482,Nelly,2015-03-03,,"I am a Montessori teacher and at present working with children diagnosed with ASD. Love meeting people, friendly and easy going.",within an hour,100%,100%,f,https://a0.muscache.com/im/pictures/user/af750c7b-6b65-4424-a815-819c3f2984d6.jpg?aki_policy=profile_small,https://a0.muscache.com/im/pictures/user/af750c7b-6b65-4424-a815-819c3f2984d6.jpg?aki_policy=profile_x_medium,,3,8,"['email', 'phone']",t,t,Neighborhood highlights,Lyndoch,,-34.58054,138.8629,Entire villa,Entire home/apt,2,1.0,1 bath,1,1,"[""Coffee maker"", ""Lockbox"", ""Heating"", ""Wifi"", ""Dishwasher"", ""Long term stays allowed"", ""Hot water"", ""Dishes and silverware"", ""Barbecue utensils"", ""Private patio or balcony"", ""Indoor fireplace"", ""Dryer"", ""Oven"", ""Self check-in"", ""Iron"", ""Kitchen"", ""Outdoor furniture"", ""Stove"", ""Private hot tub"", ""Carbon monoxide alarm"", ""TV"", ""Refrigerator"", ""Hangers"", ""Air conditioning"", ""Dedicated workspace"", ""Private entrance"", ""BBQ grill"", ""Washer"", ""Fire extinguisher"", ""Shampoo"", ""Cooking basics"", ""Shared backyard"", ""Essentials"", ""Microwave"", ""Free street parking"", ""Smoke alarm"", ""Hair dryer"", ""Free parking on premises"", ""Single level home""]",$413.00,2,90,2,2,90,90,2.0,90.0,,t,17,44,63,327,2025-09-27,30,2,0,63,3,12,4956,2018-11-03,2025-04-21,4.8,5.0,5.0,4.93,4.93,4.97,4.63,,t,3,3,0,0,0.36
29665883,https://www.airbnb.com/rooms/29665883,20250927041735,2025-09-27,city scrape,10a on Elizabeth  - With Wifi and Smart TV,"Free Wifi  Smart TV<br />Enjoy our home away from home. 3 minutes walk to restaurants, wine bars, coffee shops, pubs, clubhouse, boutique shops, supermarket and visitor centre on offer in the beautiful town of Tanunda.<br /><br />3 bedroom all with ceiling fans, fully contained home perfect for families, friends or a romantic getaway. Fully equipped kitchen with coffee machine, dishwasher, full fridge, microwave and some breakfast provisions included.","3 minute walk from restaurants , wine bars and shops.",https://a0.muscache.com/pictures/09324113-e944-48fd-bd9d-7f472da87547.jpg,223133750,https://www.airbnb.com/users/show/223133750,Jodie,2018-10-29,"Tanunda, Australia","Having myself lived in Tanunda almost 25 years and my husband always living in Tanunda we know The Barossa has a lot to offer and I take pride in knowing I provide 10a on Elizabeth as a clean and modern place to stay while visiting the many tourist attractions, wineries and restaurants. Comfortable beds and stylish touches to make sure you feel at home. I live only a few minutes away if you have any questions or assistance. 
Enjoy our beautiful part of the world. Jodie ",within an hour,90%,96%,t,https://a0.muscache.com/im/pictures/user/67a968f9-e8ab-47e6-9765-32d1c66ec015.jpg?aki_policy=profile_small,https://a0.muscache.com/im/pictures/user/67a968f9-e8ab-47e6-9765-32d1c66ec015.jpg?aki_policy=profile_x_medium,,1,1,"['email', 'phone']",t,t,Neighborhood highlights,Tanunda,,-34.52376,138.95994,Entire home,Entire home/apt,6,2.0,2 baths,3,3,"[""Coffee maker"", ""Lockbox"", ""Ceiling fan"", ""Heating"", ""Wifi"", ""Dishwasher"", ""Hot water"", ""First aid kit"", ""Dishes and silverware"", ""Bed linens"", ""Patio or balcony"", ""Oven"", ""Self check-in"", ""65 inch TV"", ""Iron"", ""Kitchen"", ""Stove"", ""Extra pillows and blankets"", ""Dedicated workspace"", ""Hangers"", ""Air conditioning"", ""Refrigerator"", ""Private entrance"", ""Washer"", ""Fire extinguisher"", ""Cooking basics"", ""Essentials"", ""Microwave"", ""Free street parking"", ""Smoke alarm"", ""Hair dryer"", ""Free parking on premises""]",$311.00,2,14,1,4,14,14,2.1,14.0,,t,4,8,33,174,2025-09-27,261,34,3,33,36,204,63444,2018-11-04,2025-09-21,4.95,4.98,4.97,4.98,4.95,4.98,4.89,,f,1,1,0,0,3.11
30094352,https://www.airbnb.com/rooms/30094352,20250927041735,2025-09-27,city scrape,The Rusty Olive,"The Rusty Olive is an intimate lovers retreat nestled in the heart of Angaston, one of the most beautiful towns in the Barossa Valley wine region.<br /><br />Come and relax under the rustic pergola area and cook yourself a tasty gourmet breakfast with some local produce supplied, on the outback BBQ.","Unwind with a glass of Barossa wine on the front verandah, which overlooks the old stone faced St Hugh's Anglician Church, opened in 1931.",https://a0.muscache.com/pictures/9619c889-ec3e-4192-8d33-3b17486a42df.jpg,225677521,https://www.airbnb.com/users/show/225677521,Sue And Mike,2018-11-14,"Moculta, Australia","",N/A,N/A,N/A,f,https://a0.muscache.com/im/pictures/user/eeffc8c3-7c77-412e-81bb-2f2a6acbe6ce.jpg?aki_policy=profile_small,https://a0.muscache.com/im/pictures/user/eeffc8c3-7c77-412e-81bb-2f2a6acbe6ce.jpg?aki_policy=profile_x_medium,,1,1,"['email', 'phone']",t,t,Neighborhood highlights,Angaston,,-34.5028,139.05236,Entire home,Entire home/apt,2,1.0,1 bath,1,1,"[""Coffee maker"", ""Lockbox"", ""Heating"", ""Wifi"", ""Hot water"", ""First aid kit"", ""Dishes and silverware"", ""Dryer"", ""Self check-in"", ""Iron"", ""Kitchen"", ""Cleaning products"", ""Extra pillows and blankets"", ""Bathtub"", ""TV"", ""Hangers"", ""Air conditioning"", ""Washer"", ""Fire extinguisher"", ""Shampoo"", ""Essentials"", ""Conditioner"", ""Free street parking"", ""Smoke alarm"", ""Hair dryer"", ""Free parking on premises"", ""Body soap"", ""Breakfast""]",$160.00,2,1125,2,2,1125,1125,2.0,1125.0,,t,0,0,0,0,2025-09-27,92,0,0,0,0,0,0,2018-12-31,2022-04-25,5.0,4.97,5.0,4.97,4.98,4.96,4.85,,t,1,1,0,0,1.12
30724902,https://www.airbnb.com/rooms/30724902,20250927041735,2025-09-27,previous scrape,Petras House,"1910 Circa. house set amongst the vineyards on the floor of the Barossa Valley. Well located 5 km's from Nuriootpa & Angaston in the idyllic settlement of Light Pass, walking distance to local boutique family owned wineries, with tasting and sales, walk along some vineyards to the original Luhr's cottage where you can explore local history","Set amongst Vineyards and Wineries, in the picturesque small town of Light pass, not far from Nuriootpa & Angaston",https://a0.muscache.com/pictures/miso/Hosting-30724902/original/09bf7ffb-e645-4d80-a2d7-816e8bdcfb2b.jpeg,229977210,https://www.airbnb.com/users/show/229977210,Sibylle,2018-12-10,,"",N/A,N/A,95%,f,https://a0.muscache.com/im/pictures/user/1099ba96-86d2-43ed-98e7-8d516467ab62.jpg?aki_policy=profile_small,https://a0.muscache.com/im/pictures/user/1099ba96-86d2-43ed-98e7-8d516467ab62.jpg?aki_policy=profile_x_medium,,1,1,"['email', 'phone']",t,t,Neighborhood highlights,Light Pass,,-34.4589,139.02772,Entire home,Entire home/apt,4,,1 bath,2,,"[""Heating"", ""Hot water"", ""Dishes and silverware"", ""Outdoor dining area"", ""Private backyard"", ""Private patio or balcony"", ""Garden view"", ""Bed linens"", ""Oven"", ""Iron"", ""Kitchen"", ""Stove"", ""Extra pillows and blankets"", ""TV"", ""Vineyard view"", ""Refrigerator"", ""Hangers"", ""Air conditioning"", ""Shampoo"", ""Cooking basics"", ""Essentials"", ""Microwave"", ""Smoke alarm"", ""Free parking on premises"", ""Single level home"", ""Breakfast""]",,1,4,1,2,4,4,1.6,4.0,,t,0,0,0,0,2025-09-27,205,23,0,0,29,138,,2019-01-12,2025-06-28,4.64,4.85,4.73,4.95,4.87,4.85,4.66,,t,1,1,0,0,2.51
31336642,https://www.airbnb.com/rooms/31336642,20250927041735,2025-09-27,city scrape,Meander Retreat Green Room - serene King suite,"Meander Retreat is a small rural property near Eden Valley in the Barossa region, amid vineyards and open pastures.  The Green Room is full of comfort with a luxury bathroom, lounge, King bed and beautiful rural view. You can sit or hammock in the olive grove, wander the gardens or mixed orchard to write, paint or just daydream.  Meander will make you meander, change your plans, sleep long and sweet, and just untangle.","Meander Retreat is a rural small-holding located in a quiet pastoral valley between the Springton and Eden Valley townships.  There is no intense agricultural activity in the area so it remains a peaceful place throughout the year. There is no livestock on the property, plenty of parking and room to relax and explore outdoors.",https://a0.muscache.com/pictures/4856b8c2-ea2c-4a00-984f-5957208760b7.jpg,93219392,https://www.airbnb.com/users/show/93219392,Evelyn,2016-09-02,"South Australia, Australia","",within an hour,100%,99%,t,https://a0.muscache.com/im/pictures/user/f330cbb1-eef4-43e5-b4b2-1e67d944cdaa.jpg?aki_policy=profile_small,https://a0.muscache.com/im/pictures/user/f330cbb1-eef4-43e5-b4b2-1e67d944cdaa.jpg?aki_policy=profile_x_medium,,2,2,"['email', 'phone']",t,t,Neighborhood highlights,Eden Valley,,-34.68608,139.09059,Private room in guest suite,Private room,3,1.0,1 shared bath,1,2,"[""Valley view"", ""Coffee maker"", ""Lockbox"", ""Long term stays allowed"", ""Hot water"", ""Barbecue utensils"", ""Dishes and silverware"", ""First aid kit"", ""Luggage dropoff allowed"", ""Garden view"", ""Self check-in"", ""Coffee"", ""Freezer"", ""Dining table"", ""Outdoor furniture"", ""Shared patio or balcony"", ""Shared backyard \u2013 Fully fenced"", ""Cleaning products"", ""Shower gel"", ""Extra pillows and blankets"", ""Free parking on premises"", ""Hangers"", ""Private entrance"", ""Wine glasses"", ""Essentials"", ""Conditioner"", ""Free street parking"", ""Hot water kettle"", ""Single level home"", ""Breakfast""]",$160.00,1,28,1,1,28,28,1.0,28.0,,t,19,46,72,132,2025-09-27,52,7,0,78,7,42,6720,2019-11-02,2025-05-10,4.98,4.94,5.0,5.0,5.0,4.9,4.92,,f,2,1,1,0,0.72
31364857,https://www.airbnb.com/rooms/31364857,20250927041735,2025-09-27,city scrape,barossa studio 57 accommodation,"barossa valley studio 57 accommodation located in the heart of the barossa valley.<br />the barossa valley is a world-famous region, and you will totally enjoy your experiences during your stay. studio 57 is walking distance to the township of tanunda. stroll down the main street to local wineries, hotels, cafes, wine bar, and boutique shops.<br />studio 57 is a well-appointed studio, luxury at its best. the master bedroom has a queen bed with comfortable bedding, bedside tables & lamps.","Some Barossa Valley wineries are walking distance from Barossa Studio 57. ( Some guests may choose to drive)<br />The township of Tanunda is easy walking distance with footpaths, parks & gardens.<br />It is located on a quiet tree lined street in Tanunda.",https://a0.muscache.com/pictures/c348f205-d865-4cb3-805b-047bcf2af3cd.jpg,234888505,https://www.airbnb.com/users/show/234888505,Lindsay,2019-01-07,"Tanunda, Australia",cycling cars fishing steak,within an hour,100%,100%,t,https://a0.muscache.com/im/pictures/user/c61e732b-98f0-49b0-af42-8686302cf1ff.jpg?aki_policy=profile_small,https://a0.muscache.com/im/pictures/user/c61e732b-98f0-49b0-af42-8686302cf1ff.jpg?aki_policy=profile_x_medium,,1,1,"['email', 'phone']",t,t,Neighborhood highlights,Tanunda,,-34.5155,138.96574,Entire rental unit,Entire home/apt,2,1.0,1 bath,1,1,"[""Lockbox"", ""Wifi"", ""Private hot tub - available all year, open 24 hours"", ""Thank you hand & body wash body soap"", ""Hot water"", ""First aid kit"", ""Dishes and silverware"", ""Barbecue utensils"", ""Safe"", ""Indoor fireplace: gas"", ""Outdoor dining area"", ""Beach essentials"", ""Private patio or balcony"", ""Luggage dropoff allowed"", ""Bed linens"", ""50 inch HDTV"", ""Books and reading material"", ""Kitchenette"", ""Self check-in"", ""Coffee"", ""Freezer"", ""Dining table"", ""Iron"", ""Courtyard view"", ""Window guards"", ""Outdoor furniture"", ""Central air conditioning"", ""Private backyard \u2013 Fully fenced"", ""Central heating"", ""Room-darkening shades"", ""Cleaning products"", ""BBQ grill: gas"", ""Shower gel"", ""Extra pillows and blankets"", ""Haier fridge / freezer refrigerator"", ""Blender"", ""Carbon monoxide alarm"", ""Bathtub"", ""Drying rack for clothing"", ""Dedicated workspace"", ""Hangers"", ""Baking sheet"", ""Private entrance"", ""Private outdoor kitchen"", ""Clothing storage: dresser"", ""Laundromat nearby"", ""Shampoo"", ""Fire extinguisher"", ""Cooking basics"", ""Wine glasses"", ""Essentials"", ""Sun loungers"", ""Board games"", ""Conditioner"", ""Microwave"", ""Coffee maker: Nespresso, pour-over coffee"", ""Smoke alarm"", ""Hair dryer"", ""Hot water kettle"", ""Single level home"", ""Toaster"", ""Breakfast""]",$213.00,2,6,2,2,6,6,2.0,6.0,,t,11,27,43,308,2025-09-27,305,36,0,47,50,216,46008,2019-02-10,2025-06-29,4.86,4.86,4.97,4.89,4.9,4.86,4.77,,f,1,1,0,0,3.78
31598469,https://www.airbnb.com/rooms/31598469,20250927041735,2025-09-27,city scrape,The Villas - Barossa. Peace. Beauty. Simplicity.,"Located in the heart of iconic Seppeltsfield Road,  The Villas - Barossa provide the perfect home for exploring the nearby cellar doors, premium dining experiences and gin distillery and for walking or cycling in the stunning natural environment.    Comfy lounge, French linen sheets, soak tub - inside, The Villas provide a relaxed, intimate space. The beautiful natural landscape integrates seamlessly with the restful interiors of The Villas, offering a true bush retreat.","Marananga is a delight to explore, set amongst beautiful rolling hills and vineyards.  The village is home to numerous cellar doors, five within an easy walk of The Villas.  The award-winning Seppeltsfield Road Distillers are our near neighbours, and the renowned restaurant Appellation at The Louise is also within walking distance.<br /><br />A drive along Seppeltsfield Road's iconic avenue of palms will wind you through the vineyards of the western Barossa with its well-known wine brands and intriguing small batch wine producers.  Historic Seppeltsfield Estate is home to Seppeltsfield Winery, Vasse Virgin, Jam Factory Art & Design Studios and Fino restaurant.  Just around the corner you'll discover Hentley Farm Cellar Door & Restaurant.  <br /><br />If you're looking for some adventure, try ballooning or a Segway, helicopter or trike tour.  Or maybe a sunset cruise in a Mustang?<br /><br />Beyond Seppeltsfield Road, the Barossa is a wonderful playground.  More than 170 wineries, with ",https://a0.muscache.com/pictures/miso/Hosting-31598469/original/af2a610c-94ba-488a-a3ad-178fe63ec5b8.jpeg,233968367,https://www.airbnb.com/users/show/233968367,Grant And Cathy,2019-01-02,"Marananga, Australia","",N/A,N/A,100%,f,https://a0.muscache.com/im/pictures/user/8e1d7739-1d0a-418b-b253-21f7d1356f0d.jpg?aki_policy=profile_small,https://a0.muscache.com/im/pictures/user/8e1d7739-1d0a-418b-b253-21f7d1356f0d.jpg?aki_policy=profile_x_medium,,1,2,"['email', 'phone']",t,t,Neighborhood highlights,Marananga,,-34.48355,138.93782,Entire villa,Entire home/apt,2,1.0,1 bath,1,1,"[""Heating"", ""Dishwasher"", ""Wifi"", ""Hot water"", ""Dishes and silverware"", ""Outdoor dining area"", ""Private patio or balcony"", ""Bed linens"", ""Oven"", ""Self check-in"", ""Iron"", ""Kitchen"", ""Backyard - Not fully fenced"", ""Outdoor furniture"", ""Stove"", ""TV"", ""Refrigerator"", ""Hangers"", ""Air conditioning"", ""Private entrance"", ""Shampoo"", ""Cooking basics"", ""Essentials"", ""Smart lock"", ""Microwave"", ""Smoke alarm"", ""Hair dryer"", ""Free parking on premises"", ""Breakfast""]",$595.00,2,999,2,2,999,999,2.0,999.0,,t,18,41,62,321,2025-09-27,50,3,0,67,5,18,10710,2019-05-06,2025-06-29,4.96,4.94,5.0,5.0,4.98,4.94,4.8,,t,1,1,0,0,0.64
31963378,https://www.airbnb.com/rooms/31963378,20250927041735,2025-09-27,city scrape,"Strothers Farm House ~ Angaston, Barossa Valley",Strothers Farm House  *Renovated 2018*<br />The 100-year-old stone house is set on a hilltop on the outskirts of Angaston. <br />Is ideal if you’re looking to escape for a Romantic Getaway or share with a group of friends. This is the perfect house as a base while exploring the Barossa Valley or relaxing in the peace and quiet.,"HISTORY<br />The property is set on 20 acres and was originally set-up as part of the Soldier Settlement Scheme in 1920 by Leslie George Strother (a returned WW1 Soldier). It has had a couple of owners throughout its time including Alan’s Grandparents, and Parents who both farmed the property. Today the property is mainly used for grazing Sheep.",https://a0.muscache.com/pictures/50111577-8def-40a8-8218-292e71ec9cd6.jpg,239660458,https://www.airbnb.com/users/show/239660458,Sue,2019-01-28,"Angaston, Australia","I'm a non drinker that Worked in the Wine industry for over 20 years before retiring. Enjoy holidaying, camping.
",within an hour,100%,100%,t,https://a0.muscache.com/im/pictures/user/dd637a0f-4072-486f-abb6-3a8425351457.jpg?aki_policy=profile_small,https://a0.muscache.com/im/pictures/user/dd637a0f-4072-486f-abb6-3a8425351457.jpg?aki_policy=profile_x_medium,,1,1,"['email', 'phone']",t,t,Neighborhood highlights,Moculta,,-34.48898,139.05637,Entire cottage,Entire home/apt,6,1.0,1 bath,3,3,"[""Coffee maker"", ""Lockbox"", ""Wifi"", ""Hot water"", ""Gas stove"", ""Dishes and silverware"", ""Fireplace guards"", ""Bed linens"", ""Dryer"", ""Indoor fireplace: wood-burning"", ""Self check-in"", ""Dining table"", ""Iron"", ""Kitchen"", ""Central heating"", ""Room-darkening shades"", ""BBQ grill: gas"", ""Shower gel"", ""Extra pillows and blankets"", ""Portable heater"", ""Free parking on premises"", ""Bathtub"", ""TV"", ""Refrigerator"", ""Hangers"", ""Pool table"", ""Air conditioning"", ""Gas stove oven"", ""Single level home"", ""Washer"", ""Backyard"", ""Shampoo"", ""Cooking basics"", ""Wine glasses"", ""Essentials"", ""High chair"", ""Conditioner"", ""Microwave"", ""Smoke alarm"", ""Hair dryer"", ""Hot water kettle"", ""Body soap"", ""Toaster"", ""Breakfast""]",$270.00,1,28,1,5,28,1125,1.5,1076.9,,t,17,43,58,145,2025-09-27,107,24,1,64,12,144,38880,2019-02-26,2025-09-06,4.94,4.92,4.96,4.98,4.98,4.91,4.78,,f,1,1,0,0,1.33
32789383,https://www.airbnb.com/rooms/32789383,20250927041735,2025-09-27,city scrape,Wings Barossa Bird & Bush Retreat - Barossa Region,"A 2-Storyed, 3-bedroom country home, a 170-acre getaway that's exclusively yours, ideal for that special alone or to be enjoyed with friends. The perfect location to stay whilst exploring the many wineries & restaurants set amidst the natural beauty of this world-famous area. High in the Barossa Ranges, only one hour's drive through scenic hills from Adelaide CBD. Birdwatching/ Bushwalking on your doorstep. Extensive marked trails with abundant wildlife. A total experience-not just another B&B.",Located a short drive to the abundant selection of wineries and restaurants set amongst the spectacular natural beauty of the Barossa.,https://a0.muscache.com/pictures/46cb137c-093e-4ae6-b244-e1e75ca4dc78.jpg,246654848,https://www.airbnb.com/users/show/246654848,Graeme & Fleur,2019-03-03,,"We are a family-operated/ father-daughter team!
We love wine, time spent in nature, our kids/grandkids and the Barossa of course!!",within a few hours,100%,93%,t,https://a0.muscache.com/im/pictures/user/f8e91417-6291-4583-a7ee-31ff7b6a4561.jpg?aki_policy=profile_small,https://a0.muscache.com/im/pictures/user/f8e91417-6291-4583-a7ee-31ff7b6a4561.jpg?aki_policy=profile_x_medium,,2,2,['phone'],t,t,Neighborhood highlights,Mount Crawford,,-34.68243,139.02916,Farm stay,Entire home/apt,8,2.0,2 baths,3,3,"[""Coffee maker"", ""Lake access"", ""Heating"", ""Dishwasher"", ""Crib"", ""Sound system"", ""Long term stays allowed"", ""Hot water"", ""Dishes and silverware"", ""Barbecue utensils"", ""Fireplace guards"", ""Clothing storage: wardrobe"", ""Luggage dropoff allowed"", ""Bed linens"", ""Patio or balcony"", ""Indoor fireplace"", ""Oven"", ""Children\u2019s dinnerware"", ""Dining table"", ""Iron"", ""Kitchen"", ""Stove"", ""Extra pillows and blankets"", ""Carbon monoxide alarm"", ""Drying rack for clothing"", ""Dedicated workspace"", ""Hangers"", ""Air conditioning"", ""Refrigerator"", ""Private entrance"", ""BBQ grill"", ""Washer"", ""Backyard"", ""Fire extinguisher"", ""Cooking basics"", ""Wine glasses"", ""Essentials"", ""High chair"", ""Baby safety gates"", ""Board games"", ""Piano"", ""Children\u2019s books and toys"", ""Microwave"", ""Portable fans"", ""Smoke alarm"", ""Hair dryer"", ""Free parking on premises"", ""Toaster""]",$295.00,2,90,2,2,90,90,2.0,90.0,,t,18,48,71,342,2025-09-27,83,8,1,75,3,48,14160,2019-07-14,2025-08-31,4.86,4.84,4.94,4.64,4.83,4.9,4.83,,f,2,2,0,0,1.10
32964524,https://www.airbnb.com/rooms/32964524,20250927041735,2025-09-27,city scrape,Wings Barossa Bird & Bush Retreat,"A 2-Storyed, 3-bedroom country home, a 170-acre getaway that's exclusively yours, ideal for that special alone or to be enjoyed with friends. The perfect location to stay whilst exploring the many wineries & restaurants set amidst the natural beauty of this world-famous area. High in the Barossa Ranges, only one hour's drive through scenic hills from Adelaide CBD. Birdwatching/ Bushwalking on your doorstep. Extensive marked trails with abundant wildlife. A total experience-not just another B&B.",Located a short drive to the abundant selection of wineries and restaurants set amongst the spectacular natural beauty of the Barossa.,https://a0.muscache.com/pictures/46cb137c-093e-4ae6-b244-e1e75ca4dc78.jpg,246654848,https://www.airbnb.com/users/show/246654848,Graeme & Fleur,2019-03-03,,"We are a family-operated/ father-daughter team!
We love wine, time spent in nature, our kids/grandkids and the Barossa of course!!",within a few hours,100%,93%,t,https://a0.muscache.com/im/pictures/user/f8e91417-6291-4583-a7ee-31ff7b6a4561.jpg?aki_policy=profile_small,https://a0.muscache.com/im/pictures/user/f8e91417-6291-4583-a7ee-31ff7b6a4561.jpg?aki_policy=profile_x_medium,,2,2,['phone'],t,t,Neighborhood highlights,Mount Crawford,,-34.68366,139.02728,Farm stay,Entire home/apt,8,2.0,2 baths,3,3,"[""Coffee maker"", ""Lake access"", ""Heating"", ""Dishwasher"", ""Crib"", ""Long term stays allowed"", ""Hot water"", ""Dishes and silverware"", ""Barbecue utensils"", ""Outdoor dining area"", ""Fireplace guards"", ""Luggage dropoff allowed"", ""Bed linens"", ""Books and reading material"", ""Patio or balcony"", ""Indoor fireplace"", ""Oven"", ""Children\u2019s dinnerware"", ""Dining table"", ""Iron"", ""Kitchen"", ""Outdoor furniture"", ""Stove"", ""Extra pillows and blankets"", ""Carbon monoxide alarm"", ""Drying rack for clothing"", ""Dedicated workspace"", ""Hangers"", ""Air conditioning"", ""Refrigerator"", ""Private entrance"", ""BBQ grill"", ""Washer"", ""Backyard"", ""Fire extinguisher"", ""Cooking basics"", ""Wine glasses"", ""Essentials"", ""High chair"", ""Baby safety gates"", ""Board games"", ""Piano"", ""Children\u2019s books and toys"", ""Microwave"", ""Portable fans"", ""Smoke alarm"", ""Hair dryer"", ""Free parking on premises"", ""Toaster""]",$266.00,2,90,2,2,90,90,2.0,90.0,,t,18,48,71,343,2025-09-27,17,0,0,76,1,0,0,2020-10-18,2024-08-18,4.82,4.94,4.94,4.65,4.76,5.0,4.94,,f,2,2,0,0,0.28
33885699,https://www.airbnb.com/rooms/33885699,20250927041735,2025-09-27,city scrape,The Loft,"The Loft is a beautiful 2 storey apartment with loft ceilings, renovated to host visitors in the Barossa Valley. The space is light and clean, furnished with modern neutrals and natural textures. <br />Located centrally in Tanunda, you are at walking distance to some of the best cafes, restaurants and local shopping in the Barossa.","The apartment is one of only 4 located on a lovely quiet street, with its own private entrance and parking. Located in the heart of the Barossa and walking distance to the main street of Tanunda, you are perfectly positioned for great access to all the great wineries, restaurants and experiences that the region has to offer.",https://a0.muscache.com/pictures/miso/Hosting-33885699/original/99369295-e1d3-460d-b9a2-a2073421f048.jpeg,85556067,https://www.airbnb.com/users/show/85556067,Tracy,2016-07-23,"Black Hill, Australia","",within an hour,100%,100%,f,https://a0.muscache.com/im/pictures/user/ff474763-5b9f-4c76-ace3-00af13ea3be6.jpg?aki_policy=profile_small,https://a0.muscache.com/im/pictures/user/ff474763-5b9f-4c76-ace3-00af13ea3be6.jpg?aki_policy=profile_x_medium,,1,3,"['email', 'phone']",t,t,Neighborhood highlights,Tanunda,,-34.52698,138.95846,Entire rental unit,Entire home/apt,4,1.5,1.5 baths,2,2,"[""Coffee maker"", ""Lockbox"", ""Heating"", ""Wifi"", ""Dishwasher"", ""Hot water"", ""First aid kit"", ""Dishes and silverware"", ""Outdoor dining area"", ""Private patio or balcony"", ""Bed linens"", ""Oven"", ""Self check-in"", ""Iron"", ""Kitchen"", ""Outdoor furniture"", ""Stove"", ""Carbon monoxide alarm"", ""TV"", ""Refrigerator"", ""Hangers"", ""Air conditioning"", ""Private entrance"", ""Washer"", ""Backyard"", ""Fire extinguisher"", ""Shampoo"", ""Cooking basics"", ""Essentials"", ""Microwave"", ""Free street parking"", ""Smoke alarm"", ""Hair dryer"", ""Free parking on premises"", ""Breakfast""]",$246.00,2,90,2,2,90,90,2.0,90.0,,t,5,14,23,248,2025-09-27,328,25,0,25,33,150,36900,2019-05-01,2025-07-25,4.92,4.94,4.95,4.98,4.95,4.96,4.82,,t,1,1,0,0,4.20
34661591,https://www.airbnb.com/rooms/34661591,20250927041735,2025-09-27,previous scrape,"'In The Vines' Guest Cottage, Barossa Valley SA","‘In The Vines’ Guest Cottage, nestled among long-views of vineyards, villages & church spires. Fully appointed, our private accommodation is ideally placed to explore all that is The Barossa.<br /><br />Minutes from the Barossa Farmers Market, cellar doors, galleries, cafes & award winning restaurants.  Perfect for that romantic getaway, or quiet enough to focus on your business plans.","The famous weekly Barossa Farmers Market is just a kilometre away, open every Saturday morning - amazing produce, you'll also make friends in the short queue for a superb coffee.<br /><br />Just across from the market is the award winning Vintners Restaurant, and we are situated not far from the four main villages of Angaston, Nuriootpa, Tanunda and  Greenock. From ice creams, handcrafts, boutiques and pubs, we can recommend something to suit your preferences.<br /><br />Likewise, cellar-door tours, balloon flights and more can easily be arranged, all picking up from your cottage.<br /><br />Or just lay in one of our hammocks with a great bottle of wine and a book, we can supply most of your needs until sundown. We want you to become another returning guest, looking forward to your next stay with us - Your home from home, 'In The Vines'.",https://a0.muscache.com/pictures/9babb788-18c0-49ca-9998-5e3d8188217f.jpg,261496601,https://www.airbnb.com/users/show/261496601,Josie & Andrew,2019-05-13,"Light Pass, Australia","Andrew and I are an easygoing couple, enjoying our life out in the country where we grow grapes, tend our fruit trees, and enjoy mixing within the local community spirit that is country Australia. Let us introduce you to some new friends too!",within an hour,100%,100%,t,https://a0.muscache.com/im/pictures/user/User-261496601/original/14cf8483-7f04-48c6-ad5b-e9649cac878a.jpeg?aki_policy=profile_small,https://a0.muscache.com/im/pictures/user/User-261496601/original/14cf8483-7f04-48c6-ad5b-e9649cac878a.jpeg?aki_policy=profile_x_medium,,1,1,"['email', 'phone']",t,t,Neighborhood highlights,Light Pass,,-34.47415,139.03569,Entire guesthouse,Entire home/apt,2,,1 bath,1,,"[""Ceiling fan"", ""Free dryer \u2013 In unit"", ""Wifi"", ""Long term stays allowed"", ""Hot water"", ""First aid kit"", ""Dishes and silverware"", ""Barbecue utensils"", ""Outdoor dining area"", ""Private patio or balcony"", ""Garden view"", ""Bed linens"", ""Books and reading material"", ""Bikes"", ""Oven"", ""Coffee"", ""Freezer"", ""Dining table"", ""Coffee maker: espresso machine"", ""Iron"", ""Kitchen"", ""AC - split type ductless system"", ""Courtyard view"", ""Outdoor furniture"", ""Stove"", ""Cleaning products"", ""BBQ grill: gas"", ""Shower gel"", ""Extra pillows and blankets"", ""Free parking on premises"", ""Free washer \u2013 In unit"", ""TV"", ""Carbon monoxide alarm"", ""Heating - split type ductless system"", ""Hangers"", ""Dedicated workspace"", ""Refrigerator"", ""Private entrance"", ""Single level home"", ""Backyard"", ""Shampoo"", ""Fire extinguisher"", ""Cooking basics"", ""Wine glasses"", ""Essentials"", ""Hammock"", ""Microwave"", ""Free street parking"", ""Smoke alarm"", ""Host greets you"", ""Hair dryer"", ""Hot water kettle"", ""Body soap"", ""Toaster"", ""Breakfast""]",,2,10,2,2,1125,1125,2.0,1125.0,,t,5,5,5,5,2025-09-27,108,10,1,5,12,60,,2019-05-25,2025-09-22,5.0,4.99,5.0,5.0,4.99,4.94,4.93,,t,1,1,0,0,1.40
34732524,https://www.airbnb.com/rooms/34732524,20250927041735,2025-09-27,city scrape,Ten on French,"At Ten on French you can enjoy modern style living with all amenities. Features include separate lounge, fully equipped self catering kitchen and dining room, Smart TV, air-con, gas ‘log fire’ heating. There are 3 bedrooms, two  with queen beds and one single bed with quality linen and quilts. The bathroom has lush towels and modern vanity with shower and bath. There is undercover parking, and a barbecue/outdoor entertaining area. <br />There is so much to enjoy within walking distance.","An easy 4minute walk through the tree lined street to the historic township of Angaston. Stroll the main street, you’ll find some of the best food in the Barossa as well bakeries, cheese shop, hotels, restaurants, wine bars, and more. On Saturday mornings the local harvesters market sells fresh produce, you can enjoy your local produce breakfast sitting on the hay bales.",https://a0.muscache.com/pictures/miso/Hosting-34732524/original/1be4ff4f-627c-407f-b2d6-e6e7d74d24ca.jpeg,86995031,https://www.airbnb.com/users/show/86995031,Lydia,2016-07-31,"South Australia, Australia","Love to travel: fav places are Okavango Delta, Morocco and Alaska. Also love to read, you will find lots of books in the BnB looking for a reader!",within an hour,100%,100%,t,https://a0.muscache.com/im/pictures/user/1c45fac9-af25-4675-a10d-652a145dbc3e.jpg?aki_policy=profile_small,https://a0.muscache.com/im/pictures/user/1c45fac9-af25-4675-a10d-652a145dbc3e.jpg?aki_policy=profile_x_medium,,2,2,"['email', 'phone']",t,t,Neighborhood highlights,Angaston,,-34.50356,139.04651,Entire vacation home,Entire home/apt,5,1.0,1 bath,3,3,"[""Lockbox"", ""Heating"", ""Wifi"", ""Private backyard \u2013 Not fully fenced"", ""Dishes and silverware"", ""First aid kit"", ""Indoor fireplace"", ""Oven"", ""Self check-in"", ""Iron"", ""Kitchen"", ""TV"", ""Refrigerator"", ""Hangers"", ""Air conditioning"", ""Private entrance"", ""Washer"", ""Fire extinguisher"", ""Cooking basics"", ""Essentials"", ""Microwave"", ""Smoke alarm"", ""Hair dryer"", ""Free parking on premises""]",$188.00,2,1125,2,3,1125,1125,2.0,1125.0,,t,13,13,31,298,2025-09-27,74,18,0,37,9,108,20304,2019-06-10,2025-07-27,4.95,4.95,4.97,4.99,4.96,4.97,4.81,,t,2,2,0,0,0.96
34756758,https://www.airbnb.com/rooms/34756758,20250927041735,2025-09-27,city scrape,Mataro Cottage Tanunda - Stunning Accommodation,"Mataro cottage is a renovated 1925 cottage offering 2 bedrooms, separate lounge room with leather lounges, stunning full bathroom with second toilet located off the fully equipped laundry. Beautiful open kitchen with high quality appliances. Separate dining area overlooking the garden. <br />Fireplace combustion heater in lounge room, combustion heater in kitchen and oil coil heaters in all rooms. Evaporative air-conditioning cooler to all rooms.<br />Outdoors offers a patio area with seating.","New Barossa chocolate factory with cellar door within 3KM, mmmmm!",https://a0.muscache.com/pictures/bb2dfaf8-1a0d-4f10-9320-5aaf967d180c.jpg,262121622,https://www.airbnb.com/users/show/262121622,Jerry,2019-05-15,"Angaston, Australia","",within an hour,100%,100%,f,https://a0.muscache.com/im/pictures/user/01b4f1c6-4d99-4151-8712-37909d9d8a7d.jpg?aki_policy=profile_small,https://a0.muscache.com/im/pictures/user/01b4f1c6-4d99-4151-8712-37909d9d8a7d.jpg?aki_policy=profile_x_medium,,8,13,"['email', 'phone']",t,t,Neighborhood highlights,Tanunda,,-34.5264,138.95356,Entire cottage,Entire home/apt,4,1.5,1.5 baths,2,2,"[""Coffee maker"", ""Lockbox"", ""Heating"", ""Wifi"", ""Dishwasher"", ""Hot water"", ""First aid kit"", ""Dishes and silverware"", ""Outdoor dining area"", ""Patio or balcony"", ""Indoor fireplace"", ""Dryer"", ""Oven"", ""Self check-in"", ""Iron"", ""Kitchen"", ""Outdoor furniture"", ""Stove"", ""Carbon monoxide alarm"", ""TV"", ""Refrigerator"", ""Hangers"", ""Air conditioning"", ""Private entrance"", ""BBQ grill"", ""Washer"", ""Backyard"", ""Fire extinguisher"", ""Shampoo"", ""Cooking basics"", ""Essentials"", ""Microwave"", ""Smoke alarm"", ""Hair dryer"", ""Free parking on premises""]",$246.00,2,1125,2,3,1125,1125,2.0,1125.0,,t,9,19,38,245,2025-09-27,32,3,0,40,1,18,4428,2020-03-22,2025-07-20,4.91,4.94,4.94,4.97,4.94,5.0,4.84,,t,8,1,7,0,0.48
34914043,https://www.airbnb.com/rooms/34914043,20250927041735,2025-09-27,city scrape,JHA Stone Cellar,"The JHA Stone Cellar is a blend of old and new with thick stone walls and large glass windows for wonderful farm views. <br /><br />2 king bedrooms, both with en-suite bathroom, (1 bedroom splits to two king singles if required), large living area, butlers pantry, mud room and 3rd toilet.<br />An out door shower, under floor heating, air-conditioning and quality fittings through out giving our guests an exceptionally relaxed experience.","Angaston township is 10 minutes away by car with specialty shops as well as all the services that might be required. The wider Barossa has more than 150 winery/cellar doors, 7 award winning restaurants, cafes, bakeries, art galleries, heritage sites, scenic bike tracks, parks and 2 golf courses.",https://a0.muscache.com/pictures/26d6e9e9-e15c-4a53-bc1a-685881f324a0.jpg,106868811,https://www.airbnb.com/users/show/106868811,Jan,2016-12-11,"Angaston, Australia","I am part of a mixed family farm in the Barossa, with a strong interest in food and wine.",within an hour,100%,100%,f,https://a0.muscache.com/im/pictures/user/8220deb0-24c7-4982-a319-a971ae863d52.jpg?aki_policy=profile_small,https://a0.muscache.com/im/pictures/user/8220deb0-24c7-4982-a319-a971ae863d52.jpg?aki_policy=profile_x_medium,,2,5,"['email', 'phone']",t,t,Neighborhood highlights,Angaston,,-34.50834,139.10375,Entire villa,Entire home/apt,4,2.5,2.5 baths,2,2,"[""Valley view"", ""Coffee maker"", ""Heating"", ""Wifi"", ""Hot water"", ""First aid kit"", ""Indoor fireplace"", ""Dryer"", ""Iron"", ""Kitchen"", ""TV"", ""Vineyard view"", ""Dedicated workspace"", ""Hangers"", ""Air conditioning"", ""Refrigerator"", ""Private entrance"", ""BBQ grill"", ""Washer"", ""Fire extinguisher"", ""Shampoo"", ""Cooking basics"", ""Essentials"", ""Host greets you"", ""Smoke alarm"", ""Hair dryer"", ""Free parking on premises"", ""Breakfast""]",$792.00,1,365,1,4,365,365,2.0,365.0,,t,16,29,51,303,2025-09-27,17,0,0,51,0,0,0,2019-06-18,2022-11-19,5.0,5.0,5.0,4.94,4.94,4.88,4.88,,t,2,2,0,0,0.22
35021213,https://www.airbnb.com/rooms/35021213,20250927041735,2025-09-27,city scrape,Tomfoolery Winemaker's Cottage - Barossa Valley,"Situated at the home of Tomfoolery Wines in the Barossa Valley, this newly renovated cottage is only about an hours drive north of Adelaide.<br />Located on the 20 acre winery property it is complete with all of the luxuries to enjoy your time away, including a king sized bed, a large spa, robes, Sheridan towels, wine and a full lounge area to relax in.",The Farmers' Market which opens every Saturday morning is just up the road so you can explore all the local produce the Barossa has to offer and top up on fresh supplies.<br /><br />The three major towns of the Barossa Valley are all located within 10 minutes of the cottage and there are many other wineries and a variety of restaurants close by making it a fabulous location for a wine region getaway.,https://a0.muscache.com/pictures/miso/Hosting-35021213/original/28928838-df7d-4351-a2f2-61c39f2b913f.jpeg,263832331,https://www.airbnb.com/users/show/263832331,Sarah,2019-05-24,"Krondorf, Australia","Hi - I am Sarah. A Mum of 2 who is passionate about making sure our guests have the best stay every time.
We also own and operate a boutique winery in the beautiful Barossa. And we love what we do!",within an hour,100%,97%,t,https://a0.muscache.com/im/pictures/user/df727cbd-9241-42ce-92f6-28669ebe37be.jpg?aki_policy=profile_small,https://a0.muscache.com/im/pictures/user/df727cbd-9241-42ce-92f6-28669ebe37be.jpg?aki_policy=profile_x_medium,,1,1,"['email', 'phone', 'work_email']",t,t,Neighborhood highlights,Light Pass,,-34.47443,139.03687,Entire cottage,Entire home/apt,2,1.0,1 bath,1,1,"[""Lockbox"", ""Ceiling fan"", ""Heating"", ""Wifi"", ""Coffee maker: Nespresso"", ""Sound system"", ""Long term stays allowed"", ""Hot water"", ""First aid kit"", ""Dishes and silverware"", ""Barbecue utensils"", ""Outdoor dining area"", ""Private patio or balcony"", ""Luggage dropoff allowed"", ""Garden view"", ""Bed linens"", ""Oven"", ""Self check-in"", ""Coffee"", ""Cleaning available during stay"", ""Freezer"", ""Dining table"", ""Iron"", ""Kitchen"", ""Outdoor furniture"", ""Stove"", ""Pool view"", ""Room-darkening shades"", ""Private backyard \u2013 Fully fenced"", ""Cleaning products"", "" Vasse Virgin & Molten Brown body soap"", ""Shower gel"", ""Extra pillows and blankets"", ""Private pool"", ""Private hot tub"", ""Free parking on premises"", ""Bathtub"", ""Vineyard view"", ""Refrigerator"", ""Hangers"", ""Air conditioning"", ""Baking sheet"", ""Private entrance"", ""Clothing storage: dresser"", ""BBQ grill"", ""Laundromat nearby"", ""Shampoo"", ""Fire extinguisher"", ""TV with standard cable"", ""Cooking basics"", ""Essentials"", ""Wine glasses"", ""Board games"", ""Conditioner"", ""Microwave"", ""Smoke alarm"", ""Hair dryer"", ""Hot water kettle"", ""Single level home"", ""Toaster"", ""Breakfast""]",$440.00,2,1125,2,2,1125,1125,2.0,1125.0,,t,22,50,77,338,2025-09-27,143,21,1,77,19,126,55440,2019-06-15,2025-09-21,4.98,4.98,5.0,4.96,4.99,4.93,4.83,,t,1,1,0,0,1.87
35356801,https://www.airbnb.com/rooms/35356801,20250927041735,2025-09-27,city scrape,Williamstown Bed and Breakfast,"BAROSSA ACCOMMODATION IN WILLIAMSTOWN.<br />The Williamstown B & B is the perfect Barossa getaway for up to 6 guests. Located in the cosy town of Williamstown our beautifully renovated house is full of history and is conveniently located close to shops, bakery, restaurants, wineries and tourist attractions.","Being on the main street of Williamstown, you have shops, eateries and wineries within walking distance.  Our famous mural wall at the local creek is 75 metres away.",https://a0.muscache.com/pictures/48e8632b-29bb-4d9d-9e55-fe7284a9d665.jpg,265939095,https://www.airbnb.com/users/show/265939095,Dianne,2019-06-03,"Williamstown, Australia",we are a beekeeping family who live on an adjoining property of approx 30 acres. ,within an hour,100%,100%,f,https://a0.muscache.com/im/pictures/user/471e744e-f964-4e90-87a3-1498dd4340d4.jpg?aki_policy=profile_small,https://a0.muscache.com/im/pictures/user/471e744e-f964-4e90-87a3-1498dd4340d4.jpg?aki_policy=profile_x_medium,,1,1,"['email', 'phone']",t,t,Neighborhood highlights,Williamstown,,-34.67211,138.89063,Entire home,Entire home/apt,6,1.5,1.5 baths,3,4,"[""Heating"", ""Wifi"", ""Dishwasher"", ""Long term stays allowed"", ""Hot water"", ""First aid kit"", ""Dishes and silverware"", ""Stainless steel gas stove"", ""Barbecue utensils"", ""Clothing storage: wardrobe"", ""Bed linens"", ""Free washer \u2013 In building"", ""Oven"", ""Indoor fireplace: wood-burning"", ""Coffee"", ""Freezer"", ""Dining table"", ""Iron"", ""Kitchen"", ""Outdoor furniture"", ""Central air conditioning"", ""Private backyard \u2013 Fully fenced"", ""Room-darkening shades"", ""Cleaning products"", ""55 inch HDTV with DVD player"", ""Extra pillows and blankets"", ""Free parking on premises"", ""Drying rack for clothing"", ""Refrigerator"", ""Hangers"", ""BBQ grill"", ""Shampoo"", ""Fire extinguisher"", ""Cooking basics"", ""Wine glasses"", ""Essentials"", ""Board games"", ""Conditioner"", ""Microwave"", ""Free street parking"", ""Smoke alarm"", ""Host greets you"", ""Hair dryer"", ""Hot water kettle"", ""Single level home"", ""Toaster"", ""Breakfast""]",$282.00,2,1125,2,3,1125,1125,2.0,1125.0,,t,4,27,57,302,2025-09-27,46,8,0,60,4,48,13536,2019-06-30,2025-08-24,4.98,5.0,5.0,5.0,5.0,4.91,4.87,,f,1,1,0,0,0.60
35617858,https://www.airbnb.com/rooms/35617858,20250927041735,2025-09-27,city scrape,Lindsay House Homestead,"Located on the hillside with valley views and seven acres of land,  Lindsay House offers luxury accommodation in a farm yard environment with local eateries, cellars doors, walking and riding trails within a short walk.  Lindsay House Homestead offers 5 bedrooms, 3 bathrooms, fully equipped kitchen and laundry facilities spread over two levels. Relax and take in the spectacular views on offer.",,https://a0.muscache.com/pictures/382e6c6c-e6bb-4481-8fab-b7d7e8cf8da3.jpg,257562725,https://www.airbnb.com/users/show/257562725,Jasmine,2019-04-23,"Nuriootpa, Australia","",within an hour,97%,100%,t,https://a0.muscache.com/im/pictures/user/184c98b8-2ac9-4a50-8f9b-7f86c509baea.jpg?aki_policy=profile_small,https://a0.muscache.com/im/pictures/user/184c98b8-2ac9-4a50-8f9b-7f86c509baea.jpg?aki_policy=profile_x_medium,,6,6,"['email', 'phone']",t,t,,Angaston,,-34.50322,139.04232,Entire home,Entire home/apt,10,3.0,3 baths,5,5,"[""Essentials"", ""Lockbox"", ""Indoor fireplace"", ""Dryer"", ""TV"", ""Heating"", ""Wifi"", ""Hangers"", ""Air conditioning"", ""Smoke alarm"", ""Private entrance"", ""Hair dryer"", ""Iron"", ""Kitchen"", ""Free parking on premises"", ""Self check-in"", ""Washer"", ""Shampoo""]",$723.00,1,365,1,2,365,365,1.1,365.0,,t,18,34,52,296,2025-09-27,68,13,0,56,17,78,56394,2019-09-22,2025-07-13,4.82,4.96,4.76,4.97,4.85,4.99,4.74,,t,6,5,1,0,0.93
35660705,https://www.airbnb.com/rooms/35660705,20250927041735,2025-09-27,city scrape,Barossa Valley Gundaroo - we offer 1 night stays,"Gundaroo retreat is located on the fringe of the Barossa Valley and set on 50 acres of picturesque land with rolling farmland, trees and hills.  Perfect for a romantic getaway or a girls weekend away.  The cottage is set in a scenic location and provides a pleasing blend of rustic charm with modern conveniences.  It has 2 bedrooms with queen size beds, a cosy wood fire and a lovely deck to relax and enjoy your morning coffee.  We provide breakfast provisions for the first day of milk and cereal.","There are so many places to visit that are quite close to us.  Birdwood with the motor museum is 5 minutes drive away, Gumeracha with the big rocking horse and wildlife park is 10 minutes.  If you like fishing or kayaking, the Williamstown reservoir is less than 10 minutes down the road.  There is also the Lavender farm at Williamstown and the wineries at Lyndoch are about 20 minutes away.  If you enjoy walking, Mt Crawford forest is also less than 10 minutes away.  There are some beautiful cafes  and local pubs in all of the towns that are close by.  Tanunda wineries are approx 30 minutes away and also the Barossa valley Chocolate Company.  Mount Pleasant is approx 5 minutes away, so if you are going to a horse show we are close by if you want to stay.  Monarto zoo is also approx 40 minutes away.",https://a0.muscache.com/pictures/45cab252-6666-4778-b723-6494436617b3.jpg,85597526,https://www.airbnb.com/users/show/85597526,Tracy,2016-07-24,"Cromer, Australia","I am a mortgage broker and my husband is a carpenter.  We enjoy renovating houses and are renting this one out for the first time as a bnb.  We own an alpaca farm in Cromer, where you can pat and walk the animals, we currently have approx 15 alpacas on the farm.  We have 3 grown children and 2 dogs.  We also enjoy travelling.",within an hour,100%,100%,t,https://a0.muscache.com/im/pictures/user/e41949fc-8451-495d-80cd-7508384524ac.jpg?aki_policy=profile_small,https://a0.muscache.com/im/pictures/user/e41949fc-8451-495d-80cd-7508384524ac.jpg?aki_policy=profile_x_medium,,3,3,"['email', 'phone']",t,t,Neighborhood highlights,Mount Crawford,,-34.77143,138.97557,Farm stay,Entire home/apt,4,1.0,1 bath,2,2,"[""Ceiling fan"", ""Heating"", ""Wifi"", ""Crib"", ""Hot water"", ""First aid kit"", ""Dishes and silverware"", ""Outdoor dining area"", ""Clothing storage: wardrobe"", ""Private patio or balcony"", ""Luggage dropoff allowed"", ""Bed linens"", ""Indoor fireplace"", ""Oven"", ""Freezer"", ""Dining table"", ""Iron"", ""Kitchen"", ""Stove"", ""Extra pillows and blankets"", ""Free parking on premises"", ""Bathtub"", ""Drying rack for clothing"", ""TV"", ""Hangers"", ""Air conditioning"", ""Refrigerator"", ""Private entrance"", ""BBQ grill"", ""Various body soap"", ""Backyard"", ""Fire extinguisher"", ""Wine glasses"", ""Essentials"", ""High chair"", ""Microwave"", ""Host greets you"", ""Portable fans"", ""Smoke alarm"", ""Hair dryer"", ""Hot water kettle"", ""Toaster"", ""Breakfast""]",$202.00,1,21,1,2,21,21,1.0,21.0,,t,7,21,48,322,2025-09-27,538,47,2,54,40,255,51510,2019-06-21,2025-09-19,4.92,4.93,4.88,4.96,4.96,4.89,4.86,,f,2,2,0,0,7.04
36184899,https://www.airbnb.com/rooms/36184899,20250927041735,2025-09-27,previous scrape,Ironstone on Jollytown,"A characterful ironstone cottage located in the heart of the Barossa. Equipped with all the modern amenities for the most discerning guest. The interior is a mix of contemporary and old to give the cottage a light, bright and airy feel while remaining true to it’s longstanding heritage. Situated on a large block, the garden wraps around the cottage to provide many places in which to relax and unwind.","Our neighbourhood is quiet and full of friendly people who always seem to be willing to stop for a chat. The lyndoch hotel is a short 15 minute walk down the road. If you prefer a glass of wine over a beer however, the lovely Reis Creek cellar door is situated just opposite. Lyndoch is a fantastic location as it is central in relation to many wineries and cellar doors. Barossa Chateau, Kies Family Wines, Kellermeister and Chateau Yaldara are all within 5 minutes driving distance of the accomodation. If you are looking to partake in a spot of golf, Sandy Creek Golf Club is a short 5 minute drive, while the Tanunda Pines Golf Club is located only 10 minutes away from the accomodation.",https://a0.muscache.com/pictures/miso/Hosting-36184899/original/44142239-66f5-4e5e-a6af-cf3df1ab80fd.jpeg,192564481,https://www.airbnb.com/users/show/192564481,Brooke & Peter,2018-05-30,"Williamstown, Australia",Brooke & Peter are Barossa Valley locals. Peter was born in Queensland and moved to South Australia to pursue a career in winemaking. Brooke is a born and bred Barossan who recently traded in her career in the wine industry to become a full time Airbnb host.,N/A,N/A,N/A,f,https://a0.muscache.com/im/pictures/user/5fb381dd-aa49-4c9a-a880-ba497fb2844c.jpg?aki_policy=profile_small,https://a0.muscache.com/im/pictures/user/5fb381dd-aa49-4c9a-a880-ba497fb2844c.jpg?aki_policy=profile_x_medium,,1,1,"['email', 'phone']",t,t,Neighborhood highlights,Lyndoch,,-34.60311,138.87968,Entire cottage,Entire home/apt,2,,1.5 baths,1,,"[""Coffee maker"", ""Lockbox"", ""Heating"", ""Wifi"", ""Dishwasher"", ""Long term stays allowed"", ""Hot water"", ""First aid kit"", ""Dishes and silverware"", ""Bed linens"", ""Oven"", ""Self check-in"", ""Iron"", ""Kitchen"", ""Outdoor furniture"", ""Stove"", ""Shower gel"", ""Extra pillows and blankets"", ""TV"", ""Refrigerator"", ""Hangers"", ""Air conditioning"", ""Baking sheet"", ""Private entrance"", ""Hot tub"", ""Washer"", ""Backyard"", ""Fire extinguisher"", ""Shampoo"", ""Cooking basics"", ""Essentials"", ""Microwave"", ""Free street parking"", ""Smoke alarm"", ""Hair dryer"", ""Free parking on premises"", ""Single level home"", ""Breakfast""]",,2,1125,2,2,1125,1125,2.0,1125.0,,t,0,0,0,0,2025-09-27,245,0,0,0,0,0,,2020-03-07,2022-11-02,4.98,4.99,5.0,5.0,4.99,4.92,4.91,,t,1,1,0,0,3.62
36464062,https://www.airbnb.com/rooms/36464062,20250927041735,2025-09-27,city scrape,The Kirche - Luxury Vineyard Accommodation,"Situated on beautiful Krondorf Road, only three minutes from Tanunda, The Kirche offers a tranquil setting for either a long term or short term stay in the famous Barossa Valley.<br /><br />This unique, historical building has been tastefully turned it into superb luxury vineyard accommodation without compromising the wonderful warmth and space evident in its origins.<br /><br />Kirche is German for church. “The Zum Kripplein Christi” Lutheran Church was the centre of village life from 1864 through to the 1950’s.",,https://a0.muscache.com/pictures/bf4bdfa4-e9cf-48ab-acd9-219931daa0bf.jpg,274161665,https://www.airbnb.com/users/show/274161665,Virginia And Charlie,2019-07-07,"Tanunda, Australia","",N/A,N/A,50%,f,https://a0.muscache.com/im/pictures/user/ad6422d2-167f-4811-9892-9e621a0d4ebb.jpg?aki_policy=profile_small,https://a0.muscache.com/im/pictures/user/ad6422d2-167f-4811-9892-9e621a0d4ebb.jpg?aki_policy=profile_x_medium,,2,2,"['email', 'phone']",t,t,,Bethany,,-34.55865,138.96647,Entire cottage,Entire home/apt,4,1.0,1 bath,2,2,"[""Stainless steel oven"", ""Free dryer \u2013 In unit"", ""Ethernet connection"", ""Wifi"", ""Bluetooth sound system"", ""Dishwasher"", ""Long term stays allowed"", ""Hot water"", ""Private backyard \u2013 Not fully fenced"", ""First aid kit"", ""Dishes and silverware"", ""Barbecue utensils"", ""Outdoor dining area"", ""Private patio or balcony"", ""Luggage dropoff allowed"", ""Garden view"", ""Bed linens"", ""Books and reading material"", ""Indoor fireplace"", ""Coffee"", ""Freezer"", ""Dining table"", ""Coffee maker: espresso machine"", ""Iron"", ""Kitchen"", ""Outdoor furniture"", ""Cleaning products"", ""BBQ grill: gas"", ""Shower gel"", ""Extra pillows and blankets"", ""Free parking on premises"", ""Bathtub"", ""Vineyard view"", ""Drying rack for clothing"", ""Hangers"", ""TV"", ""Air conditioning"", ""Heating - split type ductless system"", ""Dedicated workspace"", ""Refrigerator"", ""Baking sheet"", ""Private entrance"", ""Washer"", ""Fire extinguisher"", ""Cooking basics"", ""Wine glasses"", ""Crib - always at the listing"", ""Essentials"", ""AVEDA body soap"", ""Electric stove"", ""Clothing storage: closet and dresser"", ""Board games"", ""Conditioner"", ""Children\u2019s books and toys"", ""Microwave"", ""Free street parking"", ""Smoke alarm"", ""Host greets you"", ""Hair dryer"", ""Toaster"", ""Hot water kettle"", ""AVEDA shampoo"", ""Breakfast""]",$813.00,2,30,2,4,30,30,2.1,30.0,,t,22,45,73,326,2025-09-27,8,2,0,79,1,12,9756,2022-08-08,2025-04-20,5.0,5.0,5.0,5.0,5.0,5.0,5.0,,f,2,2,0,0,0.21
36498929,https://www.airbnb.com/rooms/36498929,20250927041735,2025-09-27,city scrape,Tal Haus - In the heart of the Barossa Valley,"In the heart of the Barossa!  Older style home - not fancy, but very comfortable and perfectly located in the centre of Tanunda.  Tal Haus is on the main street -  a 3 minute stroll to some of the region's finest restaurants and bars.  <br /><br />Built in 1928, it's a little piece of Barossa history in  a great location. Good beds and linen, big screen TV, pantry items and provisions for a cooked breakfast supplied. Tal Haus offers all the comforts of home - perfect for couples or families.","Tanunda is in the heart of the Barossa so you can head in all directions and find lots of things to see and do - including some of the world's best food and wine.  Some of our favourites that are five minutes walk away include....<br /><br />Ferment Asian - one of Australia's finest modern Asian.  Not only is the food great, the award winning wine list is something to behold - http://www.fermentasian.com.au<br /><br />Vino Lokal - Wine Bar, Restaurant and Tasting room you can sample some of the region's finest from wine producers.  It is the home of Artisans of the Barossa which includes John Duvall, Hobbs of the Barossa, Spinifex, Sons of Eden and Schwarz Wine Co.  And the food offerings from the Chef, Ryan Edwards are absolutely sensational.  http://www.fermentasian.com.au <br /><br />Musque - is the epitome of a modern eatery and bar, they have over 500 gins to sample but you can get a decent bottle of local wine, grab a burger or enjoy a more sophisticated dining experience. https:",https://a0.muscache.com/pictures/22f0f073-388d-43fe-bca3-8ec3cb45dd0f.jpg,49747343,https://www.airbnb.com/users/show/49747343,Maz,2015-11-23,"Tanunda, Australia","I am anArts and Cultural Consultant with my own company Play Your Part.  Married, 2 kids living in the beautiful Barossa Valley.  We are not locals but have lived in the region since 2009 and have gotten to know the place really well.  I am a pretty social person - I love a long lunch, visiting galleries and museums or a day out with friends at the pub but could quite happily spend a day at home in front of the fire.  ",within an hour,100%,100%,f,https://a0.muscache.com/im/pictures/user/5fe92283-4863-433f-9b9c-af7b1af30096.jpg?aki_policy=profile_small,https://a0.muscache.com/im/pictures/user/5fe92283-4863-433f-9b9c-af7b1af30096.jpg?aki_policy=profile_x_medium,,1,1,"['email', 'phone']",t,t,Neighborhood highlights,Tanunda,,-34.52264,138.96292,Entire home,Entire home/apt,5,1.0,1 bath,2,3,"[""Coffee maker"", ""Lockbox"", ""Heating"", ""Dishwasher"", ""Crib"", ""Long term stays allowed"", ""Hot water"", ""First aid kit"", ""Wifi \u2013 12 Mbps"", ""Dishes and silverware"", ""Private patio or balcony"", ""Luggage dropoff allowed"", ""Bed linens"", ""Dryer"", ""Oven"", ""Self check-in"", ""Pack \u2019n play/Travel crib"", ""Iron"", ""Kitchen"", ""Stove"", ""Private backyard \u2013 Fully fenced"", ""Shower gel"", ""Extra pillows and blankets"", ""Dedicated workspace"", ""Hangers"", ""Air conditioning"", ""Refrigerator"", ""Private entrance"", ""Washer"", ""Shampoo"", ""Fire extinguisher"", ""TV with standard cable"", ""Cooking basics"", ""Essentials"", ""High chair"", ""Children\u2019s books and toys"", ""Microwave"", ""Free street parking"", ""Smoke alarm"", ""Hair dryer"", ""Exterior security cameras on property"", ""Free parking on premises"", ""Single level home"", ""Breakfast""]",$171.00,1,1125,1,2,1125,1125,1.3,1125.0,,t,15,33,54,299,2025-09-27,562,76,4,57,89,255,43605,2019-08-31,2025-09-15,4.79,4.82,4.79,4.97,4.96,4.95,4.75,,t,1,1,0,0,7.59
36774681,https://www.airbnb.com/rooms/36774681,20250927041735,2025-09-27,city scrape,Rogasch Cottage,"Situated in the heart of the Barossa Valley and nestled amidst 9 acres of vineyard, this fully renovated 1860's cottage is only 5 minutes walk to Tanunda's coffee shops and restaurants<br /><br />With magnificent vineyard and rural views you can enjoy a glass of wine whilst relaxing in the heated plunge pool or enjoying the comfort of an open fire place.<br /><br /><br />Did we mention there is also access to your own private cellar ;-)","5 mins walk and you are in the Heart of Tanunda with an array of coffee shops, wine bars and restaurants a stone throw away.",https://a0.muscache.com/pictures/miso/Hosting-36774681/original/ba0e4f87-b755-428f-98ac-d65896509d7c.jpeg,276432130,https://www.airbnb.com/users/show/276432130,Scott,2019-07-16,,"",within an hour,100%,100%,t,https://a0.muscache.com/im/pictures/user/d892d846-a4c4-4f3b-b3fd-6529e3bbc8c4.jpg?aki_policy=profile_small,https://a0.muscache.com/im/pictures/user/d892d846-a4c4-4f3b-b3fd-6529e3bbc8c4.jpg?aki_policy=profile_x_medium,,1,1,"['email', 'phone']",t,t,Neighborhood highlights,Tanunda,,-34.52644,138.95074,Entire cottage,Entire home/apt,4,1.0,1 bath,2,2,"[""Coffee maker"", ""Heating"", ""Wifi"", ""Dishwasher"", ""Crib"", ""Long term stays allowed"", ""Hot water"", ""First aid kit"", ""Dishes and silverware"", ""Patio or balcony"", ""Indoor fireplace"", ""Dryer"", ""Oven"", ""Iron"", ""Kitchen"", ""Stove"", ""Private hot tub"", ""Private pool"", ""Bathtub"", ""Vineyard view"", ""TV"", ""Refrigerator"", ""Air conditioning"", ""Private entrance"", ""BBQ grill"", ""Washer"", ""Backyard"", ""Fire extinguisher"", ""Shampoo"", ""Cooking basics"", ""Essentials"", ""Microwave"", ""Smoke alarm"", ""Hair dryer"", ""Free parking on premises"", ""Single level home""]",$477.00,2,1125,1,2,1125,1125,2.0,1125.0,,t,9,18,20,213,2025-09-27,398,63,3,20,71,255,121635,2019-10-13,2025-09-26,4.96,4.96,4.91,4.99,4.96,4.99,4.82,,t,1,1,0,0,5.48
37021014,https://www.airbnb.com/rooms/37021014,20250927041735,2025-09-27,city scrape,‘Allawah’ 3 bedroom house in the heart of Tanunda.,"Welcome to Allawah Barossa, a full 3 bedroom home to enjoy all the beautiful Barossa has to offer, minutes walk to main street. <br /><br />Allawah offers 2 x king-size rooms, 1 x double room and  a new double sofa bed in lounge room. Portacot and high chair available upon request. <br /><br />We live close by and are more than happy to help with recommendations for your stay. A guest book with local information is also provided to enhance your visit.","The world-famous Barossa Valley is home to many wineries, restaurants and attractions. Our home Allawah is located 400m from Tanunda's vibrant main street, home to many cafes, restaurants, wine bars and shopping. The visitor information centre is also located here just 400m from our house. We will provide you with an information guide with details of all local services, including personalised recommendations.",https://a0.muscache.com/pictures/33f4a348-53ec-400b-a1be-67b5248061b6.jpg,99672311,https://www.airbnb.com/users/show/99672311,Tracy,2016-10-14,"Tanunda, Australia","Hi, 
My working life has been hosting visitors in wineries, I love meeting new people and showing them all that the beautiful Barossa has to offer. I am happy to share recommendations of places to visit and the incredible dining destinations we have here. We have travelled to many parts of the world so have a very good understanding of how the thoughtful extras in accommodation make the world of difference to your stay.",within an hour,90%,100%,f,https://a0.muscache.com/im/pictures/user/cf5128d1-90ce-4842-a0d7-3b317f1b63c5.jpg?aki_policy=profile_small,https://a0.muscache.com/im/pictures/user/cf5128d1-90ce-4842-a0d7-3b317f1b63c5.jpg?aki_policy=profile_x_medium,,1,1,"['email', 'phone']",t,t,Neighborhood highlights,Tanunda,,-34.52722,138.95516,Entire bungalow,Entire home/apt,5,1.5,1.5 baths,3,4,"[""Lockbox"", ""Ceiling fan"", ""Rice maker"", ""Heating"", ""Wifi"", ""Dishwasher"", ""Coffee maker: Nespresso"", ""Long term stays allowed"", ""Hot water"", ""First aid kit"", ""Dishes and silverware"", ""Barbecue utensils"", ""Luggage dropoff allowed"", ""Bed linens"", ""Books and reading material"", ""Patio or balcony"", ""Indoor fireplace"", ""Oven"", ""Self check-in"", ""Coffee"", ""Pack \u2019n play/Travel crib"", ""Freezer"", ""Dining table"", ""Iron"", ""Kitchen"", ""Outdoor furniture"", ""Stove"", ""Cleaning products"", ""Extra pillows and blankets"", ""Free parking on premises"", ""Drying rack for clothing"", ""TV"", ""Refrigerator"", ""Hangers"", ""Air conditioning"", ""Baking sheet"", ""Private entrance"", ""BBQ grill"", ""Single level home"", ""Laundromat nearby"", ""Washer"", ""Shampoo"", ""Fire extinguisher"", ""Cooking basics"", ""Wine glasses"", ""Essentials"", ""High chair"", ""Board games"", ""Conditioner"", ""Children\u2019s books and toys"", ""Microwave"", ""Clothing storage"", ""Portable fans"", ""Smoke alarm"", ""Hair dryer"", ""Free street parking"", ""Hot water kettle"", ""Body soap"", ""Toaster"", ""Breakfast""]",$252.00,2,1125,2,3,1125,1125,2.0,1125.0,,t,15,40,70,236,2025-09-27,97,12,1,76,2,72,18144,2019-11-11,2025-09-06,4.91,4.95,4.95,5.0,4.98,5.0,4.81,,f,1,1,0,0,1.35
37689356,https://www.airbnb.com/rooms/37689356,20250927041735,2025-09-27,city scrape,Casale Cottage,Private residence with country setting and vineyard views. Set within a private farm containing sheep which can be fed by guests. <br />2019 build stand alone residence with fully equip kitchen.,"Surrounded by the Barossa Valleys most prestigious winery's and vineyards. Within minutes of Seppeltsfield, Greenock Creek, Maggie Beer, etc",https://a0.muscache.com/pictures/miso/Hosting-37689356/original/048264fb-1783-4aef-be8b-a4269e1d9d2f.jpeg,104738292,https://www.airbnb.com/users/show/104738292,Chloe,2016-11-22,"Adelaide, Australia","",N/A,N/A,N/A,f,https://a0.muscache.com/im/pictures/user/User/original/a8e903b2-fdce-4d14-841c-df2fcfd72820.jpeg?aki_policy=profile_small,https://a0.muscache.com/im/pictures/user/User/original/a8e903b2-fdce-4d14-841c-df2fcfd72820.jpeg?aki_policy=profile_x_medium,,2,2,"['email', 'phone']",t,f,Neighborhood highlights,Nuriootpa,,-34.46845,138.95749,Entire cottage,Entire home/apt,4,1.0,1 bath,2,2,"[""Clothing storage: walk-in closet"", ""Heating"", ""Wifi"", ""Dishwasher"", ""Coffee maker: Nespresso"", ""Crib"", ""Long term stays allowed"", ""Hot water"", ""Dishes and silverware"", ""Outdoor dining area"", ""Bed linens"", ""Indoor fireplace"", ""Dryer"", ""Oven"", ""Freezer"", ""Dining table"", ""Iron"", ""Kitchen"", ""Stove"", ""Cleaning products"", ""Shower gel"", ""Free parking on premises"", ""Drying rack for clothing"", ""TV"", ""Refrigerator"", ""Hangers"", ""Air conditioning"", ""Private entrance"", ""Washer"", ""Shampoo"", ""Cooking basics"", ""Wine glasses"", ""BBQ grill: electric"", ""Essentials"", ""Conditioner"", ""Microwave"", ""Free street parking"", ""Smoke alarm"", ""Hair dryer"", ""Hot water kettle"", ""Single level home"", ""Toaster""]",$336.00,1,999,2,2,999,999,2.0,999.0,,t,13,31,53,295,2025-09-27,98,18,0,55,26,108,36288,2019-11-17,2025-05-26,4.89,4.95,4.82,4.96,4.89,4.86,4.69,,t,2,2,0,0,1.37
37733817,https://www.airbnb.com/rooms/37733817,20250927041735,2025-09-27,city scrape,Ruby’s Residence: LOCATION - cozy - WIFI - netflix,"LOCATION IS WHAT WE OFFER<br /><br />A sister to Lavender Cottage Barossa.<br /><br />A cozy place in central Tanunda, the heart of Barossa Valley, in a quiet street but only 100m from the main street (under five minutes walk to the shops, restaurants, wine bars, galleries, the Barossa Tourist Centre, also from Foodland, pharmacy, Recreational Park, Chateau Tanunda and Barossa Museum).<br /><br />Linen, towels, soap, shampoo, conditioner are provided.","Elizabeth Street is one of the main streets in Tanunda with beautiful quiet neighbourhood. <br /><br />The Oval/Recreational Park is just 3min walk away. <br /><br />We are also a short walking distance to the major attractions of Tanunda (restaurants, cafes, shops, museum, wineries, tourism centre, oval, parks, etc).",https://a0.muscache.com/pictures/hosting/Hosting-37733817/original/f428a029-027e-47d2-aff4-d36f8be0eca9.jpeg,165561239,https://www.airbnb.com/users/show/165561239,Marlovisa,2018-01-03,"Tanunda, Australia","We live in Tanunda which my husband has called home for 30+ years and we both enjoy music, food, wine, travel, and much more. 

With these passions, we will try our best to make your stay enjoyable in this lovely wine region. 

Cheers,
Lizha* & Geoff

*Lee-sa",within a few hours,100%,95%,t,https://a0.muscache.com/im/pictures/user/8909825c-d99b-4647-9ac4-733712e1e2fc.jpg?aki_policy=profile_small,https://a0.muscache.com/im/pictures/user/8909825c-d99b-4647-9ac4-733712e1e2fc.jpg?aki_policy=profile_x_medium,,2,2,"['email', 'phone']",t,t,Neighborhood highlights,Tanunda,,-34.52301,138.95934,Entire home,Entire home/apt,6,2.0,2 baths,3,3,"[""Coffee maker"", ""Clothing storage: walk-in closet"", ""Heating"", ""Wifi"", ""Dishwasher"", ""Crib"", ""Sound system"", ""Long term stays allowed"", ""Hot water"", ""First aid kit"", ""Dishes and silverware"", ""Barbecue utensils"", ""Private patio or balcony"", ""Bed linens"", ""Books and reading material"", ""Dryer"", ""Oven"", ""Self check-in"", ""Coffee"", ""Freezer"", ""Dining table"", ""Iron"", ""Kitchen"", ""Outdoor furniture"", ""Stove"", ""Private backyard \u2013 Fully fenced"", ""Room-darkening shades"", ""Cleaning products"", ""Shower gel"", ""Extra pillows and blankets"", ""Free parking on premises"", ""Bathtub"", ""Drying rack for clothing"", ""TV"", ""Hangers"", ""Air conditioning"", ""Refrigerator"", ""Baking sheet"", ""Trash compactor"", ""Private entrance"", ""BBQ grill"", ""Laundromat nearby"", ""Washer"", ""Shampoo"", ""Fire extinguisher"", ""Cooking basics"", ""Wine glasses"", ""Essentials"", ""Smart lock"", ""Conditioner"", ""Microwave"", ""Free street parking"", ""Portable fans"", ""Smoke alarm"", ""Hair dryer"", ""Exterior security cameras on property"", ""Hot water kettle"", ""Single level home"", ""Toaster""]",$248.00,2,500,2,2,500,500,2.0,500.0,,t,15,28,55,316,2025-09-27,165,28,1,61,23,168,41664,2019-09-30,2025-09-07,4.98,4.99,4.99,5.0,4.99,4.99,4.87,,f,2,2,0,0,2.26
37926946,https://www.airbnb.com/rooms/37926946,20250927041735,2025-09-27,city scrape,UzuriBarossa,"Uzuri Barossa is a fully self contained guest house with a blend of classic and modern design set on our lush two-acre property a mere 3 minute drive from the quaint little town of Lyndoch, the gateway to the Barossa Valley. It is separate from our main house so you will have full privacy to enjoy our cosy guesthouse.<br /><br />The name Uzuri means 'beauty' in Swahili, a homage to Kenya where my husband Kipi is from.","We are just a 13 minute drive to Tanunda the cosmopolitan heart of the Barossa with the best restaurants, entertainment and cellar doors.  Award winning winery Kellermeister is just a two minute drive from us. The winery is rated in the top 7% of Australian producers by Australia's acclaimed wine critic, James Halliday.<br /><br />For those who are a bit more adventurous, the Altona CSR Landcare Reserve which is highly rated on Tripadvisor Australia is located just opposite our property. It has a 6km walking track and is a great place to observe the wildlife and vegetation. Or you could wander down on to the Barossa Trail which is a shared cycling and walking path that goes from the outskirts of Gawler through Lyndoch, Rowland Flat, Tanunda, Nuriootpa to Angaston.",https://a0.muscache.com/pictures/7419cc97-31fc-4504-8fa5-f3a0f65f7c57.jpg,287327836,https://www.airbnb.com/users/show/287327836,Bianca,2019-08-20,"Altona, Australia","I made the tree change with my husband Kipi and our two children in 2017 having lived half my life in Melbourne's hip and busy inner suburbs and the prior half in Malaysia. Now I enjoy a slower paced life surrounded by beautiful nature and amazing people.  

I love cooking and entertaining friends and family around my table. Our little family also enjoys travelling, particularly back to Malaysia and Kenya to visit our big families.

We renovated and converted the run down pottery studio on our property to a charming little guesthouse for our friends and family to stay when they visit us. We are happy to share our slice of paradise with travellers and holidaymakers. Meeting new people is always a pleasure and I look forward to hosting you and making your stay a comfortable and memorable one.",within an hour,100%,100%,t,https://a0.muscache.com/im/pictures/user/dd9b15fe-fca4-4b6b-84eb-3927c30c9287.jpg?aki_policy=profile_small,https://a0.muscache.com/im/pictures/user/dd9b15fe-fca4-4b6b-84eb-3927c30c9287.jpg?aki_policy=profile_x_medium,,1,1,"['email', 'phone']",t,t,Neighborhood highlights,Altona,,-34.59226,138.90964,Entire guesthouse,Entire home/apt,2,1.0,1 bath,1,1,"[""Lockbox"", ""Ceiling fan"", ""HDTV with Netflix"", ""Heating"", ""Wifi"", ""Coffee maker: Nespresso"", ""Hot water"", ""Dishes and silverware"", ""Clothing storage: wardrobe"", ""Private patio or balcony"", ""Garden view"", ""Bed linens"", ""Books and reading material"", ""Oven"", ""Self check-in"", ""Freezer"", ""Dining table"", ""Iron"", ""Kitchen"", ""Stove"", ""Room-darkening shades"", ""Cleaning products"", ""Shower gel"", ""Extra pillows and blankets"", ""Free parking on premises"", ""Drying rack for clothing"", ""Refrigerator"", ""Hangers"", ""Air conditioning"", ""Baking sheet"", ""Private entrance"", ""Washer"", ""Backyard"", ""Shampoo"", ""Fire extinguisher"", ""Cooking basics"", ""Wine glasses"", ""Essentials"", ""Conditioner"", ""Microwave"", ""Smoke alarm"", ""Hair dryer"", ""Hot water kettle"", ""Single level home"", ""Toaster""]",$276.00,2,1125,2,2,2,1125,2.0,799.9,,t,7,25,42,127,2025-09-27,181,32,1,48,35,192,52992,2019-10-05,2025-08-28,4.88,4.94,4.98,4.96,4.96,4.75,4.83,,t,1,1,0,0,2.49
38072313,https://www.airbnb.com/rooms/38072313,20250927041735,2025-09-27,previous scrape,Barossa Valley Vineyard House  8 Acres vineyard,"Large bedroom with a queen bed, all linen supplied, share the country outdoors with views to the Barossa ranges. While staying in one bedroom, the guests will enjoy all the amenities by themselves during their stay. Well equiped kitchen, large lounge with open fire, air-conditioning. Charges apply per room and with charges per person.",,https://a0.muscache.com/pictures/bb067713-c294-468b-bc26-868101fe593d.jpg,297316869,https://www.airbnb.com/users/show/297316869,Greenock Estate Wines,2019-09-23,,"",N/A,N/A,N/A,f,https://a0.muscache.com/im/pictures/user/6072973e-590e-4f48-bda0-1273c15eafc2.jpg?aki_policy=profile_small,https://a0.muscache.com/im/pictures/user/6072973e-590e-4f48-bda0-1273c15eafc2.jpg?aki_policy=profile_x_medium,,3,4,"['email', 'phone']",t,f,,Tanunda,,-34.50588,139.00762,Private room in home,Private room,2,,0 shared baths,1,,"[""Essentials"", ""Pets allowed"", ""Fire extinguisher"", ""Indoor fireplace"", ""TV"", ""Wifi"", ""Hangers"", ""Air conditioning"", ""Smoke alarm"", ""Hot tub"", ""Hair dryer"", ""Private living room"", ""Kitchen"", ""Free parking on premises"", ""First aid kit"", ""Washer"", ""Shampoo""]",,1,1125,1,1,1125,1125,1.0,1125.0,,,0,0,0,0,2025-09-27,0,0,0,0,0,0,,,,,,,,,,,,f,1,0,1,0,
38438917,https://www.airbnb.com/rooms/38438917,20250927041735,2025-09-27,city scrape,"Devitt on French, quiet and romantic","Built in 1860, Devitt on French B&B is a step back to the old charms of yesteryear with the modern amenities that make for the perfect escape to the Barossa Valley. Complete privacy with a magnificent look out from the front verandah for your morning coffee.  Ideally set amongst the oldest houses in Angaston shaded by a Silver Ash and an old apple tree, this quiet street is an easy walking distance to the main street coffee shops, wine tasting rooms,  popular restaurants, and more.","Angaston is known as the Jewel of the Barossa and has many great coffee shops, wine tasting rooms , cellar doors  and restaurants from pizza, Italian cuisine, modern Australian to the Barossa Valley Cheese Company are all a short walk away. Or hire a bike from Angaston Hardware shop to ride the bike tracks of the Barossa or book a Barossa wine tour that can show you the sights and memorable places of the region.",https://a0.muscache.com/pictures/eabd980b-5094-4a4c-a804-883e3a71f33e.jpg,24432943,https://www.airbnb.com/users/show/24432943,Alexandra,2014-12-03,"Angaston, Australia","I am married with 2 children and live on a farm where we bread Angus Beef cattle,  Dorper sheep, and manage remote agricultural maintenance and development business. I am an artists and involved in arts and cultural engagement in the Barossa.",within an hour,100%,100%,t,https://a0.muscache.com/im/pictures/user/060b2646-04f6-4d7a-a492-0d92339cf3b9.jpg?aki_policy=profile_small,https://a0.muscache.com/im/pictures/user/060b2646-04f6-4d7a-a492-0d92339cf3b9.jpg?aki_policy=profile_x_medium,,2,2,"['email', 'phone', 'work_email']",t,t,Neighborhood highlights,Angaston,,-34.50468,139.0454,Entire cottage,Entire home/apt,4,1.0,1 bath,2,2,"[""Lockbox"", ""Fire pit"", ""Dishwasher"", ""Coffee maker: Nespresso"", ""Long term stays allowed"", ""Hot water"", ""Private backyard \u2013 Not fully fenced"", ""First aid kit"", ""Dishes and silverware"", ""Stainless steel gas stove"", ""Barbecue utensils"", ""Outdoor dining area"", ""Private patio or balcony"", ""Luggage dropoff allowed"", ""Garden view"", ""Bed linens"", ""Free washer \u2013 In building"", ""Books and reading material"", ""Oven"", ""Self check-in"", ""Coffee"", ""Cleaning available during stay"", ""Freezer"", ""Dining table"", ""Iron"", ""Kitchen"", ""Radiant heating"", ""Courtyard view"", ""Clothing storage: wardrobe and dresser"", ""Outdoor furniture"", ""HDTV with DVD player"", ""Room-darkening shades"", ""Cleaning products"", ""Shower gel"", ""Extra pillows and blankets"", ""Window AC unit"", ""Portable heater"", ""Free parking on premises"", ""Bathtub"", ""Refrigerator"", ""Hangers"", ""Baking sheet"", ""Private entrance"", ""BBQ grill"", ""Various  conditioner"", ""Laundromat nearby"", ""Various body soap"", ""Shampoo"", ""Fire extinguisher"", ""Cooking basics"", ""Wine glasses"", ""Essentials"", ""Board games"", ""Microwave"", ""Free street parking"", ""Smoke alarm"", ""Hair dryer"", ""Hot water kettle"", ""Toaster"", ""Breakfast""]",$238.00,1,60,1,2,1125,1125,1.4,1125.0,,t,11,29,46,318,2025-09-27,122,17,2,52,19,102,24276,2019-10-06,2025-09-13,4.94,4.96,4.94,4.98,4.98,4.96,4.76,,f,2,2,0,0,1.68
38473930,https://www.airbnb.com/rooms/38473930,20250927041735,2025-09-27,city scrape,Beautiful guest suite in the Barossa Valley,"Our Africa Inspired guest room in the beautiful Barossa Valley has vineyard views,  has a separate entrance and is self contained with a walk in robe and ensuite toilet.  We have a tennis court on site available to guests.","We live in Light Pass, about a 20 minute walk from the main street of Nuriootpa through a lovely park and bush gardens.",https://a0.muscache.com/pictures/0ac337a2-04f7-4557-97a1-094bcfaebd15.jpg,267461364,https://www.airbnb.com/users/show/267461364,Natalie,2019-06-09,"Light Pass, Australia","I am South African born and have lived in the Barossa since 2003, and in Australia since 2001. I live with my husband, Matthew, 3 children, Hannah, Chris and Olivia and our Jack Russel Theodore. We love to spend time at home, swimming in the pool and playing tennis as a family. We both run our own businesses so life can get pretty busy, but we are social people and can't wait to share our beautiful place with our guests. ",within an hour,100%,100%,t,https://a0.muscache.com/im/pictures/user/76f2dacb-368f-4e85-aac1-f50a6768eeb2.jpg?aki_policy=profile_small,https://a0.muscache.com/im/pictures/user/76f2dacb-368f-4e85-aac1-f50a6768eeb2.jpg?aki_policy=profile_x_medium,,1,1,"['email', 'phone', 'work_email']",t,t,Neighborhood highlights,Nuriootpa,,-34.46411,139.01273,Private room in home,Private room,2,1.0,1 private bath,1,1,"[""Clothing storage: walk-in closet"", ""Babysitter recommendations"", ""Heating"", ""Wifi"", ""Coffee maker: Nespresso"", ""Shared pool"", ""Hot water"", ""First aid kit"", ""Dishes and silverware"", ""Shared backyard \u2013 Not fully fenced"", ""Luggage dropoff allowed"", ""Bed linens"", ""Books and reading material"", ""Part of camp oven - small set up  electric stove"", ""Coffee"", ""Kitchen"", ""AC - split type ductless system"", ""Small camp oven  oven"", ""Room-darkening shades"", ""Shower gel"", ""Extra pillows and blankets"", ""Lock on bedroom door"", ""Free parking on premises"", ""Vineyard view"", ""Hangers"", ""Private entrance"", ""Single level home"", ""Laundromat nearby"", ""Shampoo"", ""Wine glasses"", ""TV with standard cable"", ""Essentials"", ""Conditioner"", ""Microwave"", ""Mini fridge"", ""Free street parking"", ""Smoke alarm"", ""Hot water kettle"", ""Body soap"", ""Toaster""]",$137.00,2,1125,2,2,1125,1125,2.0,1125.0,,t,30,60,90,365,2025-09-27,67,6,0,96,9,36,4932,2019-10-19,2025-04-19,4.99,4.99,5.0,4.99,5.0,4.96,4.99,,f,1,0,1,0,0.93
38834320,https://www.airbnb.com/rooms/38834320,20250927041735,2025-09-27,city scrape,Homburg Haven,"Located in the beautiful Barossa Valley, only 3 minutes drive from the centre of Tanunda, Homburg Haven is the perfect home away from home. The house is well appointed with 3 bedrooms, 1 bathroom with seperate toilet, kitchen/dining, lounge and rumpus/games room. The perfect place to stay for couples, families or groups of friends. We hope you love it as much as we do, and can relax and enjoy all that this amazing region has to offer.",,https://a0.muscache.com/pictures/hosting/Hosting-38834320/original/510568ee-262e-412a-ade8-f1c49c30f63b.jpeg,297309248,https://www.airbnb.com/users/show/297309248,Melanie,2019-09-23,"Greensborough, Australia","",within an hour,100%,96%,t,https://a0.muscache.com/im/pictures/user/75183454-9131-4130-8d5a-d7ca736318dd.jpg?aki_policy=profile_small,https://a0.muscache.com/im/pictures/user/75183454-9131-4130-8d5a-d7ca736318dd.jpg?aki_policy=profile_x_medium,,2,2,['phone'],t,t,,Tanunda,,-34.5162615,138.9640237,Entire home,Entire home/apt,8,1.0,1 bath,3,1,"[""Ceiling fan"", ""Free dryer \u2013 In unit"", ""Heating"", ""Wifi"", ""Long term stays allowed"", ""Hot water"", ""First aid kit"", ""Dishes and silverware"", ""Barbecue utensils"", ""Outdoor dining area"", ""Clothing storage: wardrobe"", ""Bed linens"", ""Oven"", ""Children\u2019s dinnerware"", ""Coffee"", ""Freezer"", ""Dining table"", ""Iron"", ""Kitchen"", ""Outdoor furniture"", ""Stove"", ""Private backyard \u2013 Fully fenced"", ""Shower gel"", ""Free parking on premises"", ""Bathtub"", ""Drying rack for clothing"", ""TV"", ""Hangers"", ""Pool table"", ""Air conditioning"", ""Dedicated workspace"", ""Refrigerator"", ""BBQ grill"", ""Washer"", ""Shampoo"", ""Fire extinguisher"", ""Cooking basics"", ""Wine glasses"", ""High chair"", ""Board games"", ""Conditioner"", ""Children\u2019s books and toys"", ""Microwave"", ""Free street parking"", ""Smoke alarm"", ""Hair dryer"", ""Hot water kettle"", ""Single level home"", ""Toaster""]",$300.00,2,365,2,2,365,365,2.0,365.0,,t,13,36,64,311,2025-09-27,7,2,1,67,5,12,3600,2024-01-09,2025-09-25,5.0,5.0,5.0,5.0,5.0,5.0,5.0,,f,1,1,0,0,0.33
39265464,https://www.airbnb.com/rooms/39265464,20250927041735,2025-09-27,city scrape,Lavender Cottage BAROSSA - LOCATION!,"A cozy place centrally located in Tanunda, the heart of Barossa Valley, in a quiet street but only 100 metres from the main street:<br /><br />- under five minutes walk to the iconic Fermentasian  and 1918 restaurants, the popular Z wine bar, Musque restaurant and Vino Lokal as well as the Barossa Tourist Centre,<br /><br />- easy walking distance to Foodland and Priceline pharmacy,<br /><br />- 50 metres away from Tanunda Recreational Park,<br /><br />- 20 minutes walk to Chateau Tanunda and Barossa Museum.","Elizabeth Street is one of the main streets in Tanunda with beautiful quiet neighbourhood. <br /><br />The Oval/Recreational Park is just 3min walk away. <br /><br />We are also a short walking distance to the major attractions of Tanunda (restaurants, cafes, shops, museum, wineries, tourism centre, oval, parks, etc).",https://a0.muscache.com/pictures/ed67e6ef-53d7-4e85-9a1c-8f7618982b7a.jpg,165561239,https://www.airbnb.com/users/show/165561239,Marlovisa,2018-01-03,"Tanunda, Australia","We live in Tanunda which my husband has called home for 30+ years and we both enjoy music, food, wine, travel, and much more. 

With these passions, we will try our best to make your stay enjoyable in this lovely wine region. 

Cheers,
Lizha* & Geoff

*Lee-sa",within a few hours,100%,95%,t,https://a0.muscache.com/im/pictures/user/8909825c-d99b-4647-9ac4-733712e1e2fc.jpg?aki_policy=profile_small,https://a0.muscache.com/im/pictures/user/8909825c-d99b-4647-9ac4-733712e1e2fc.jpg?aki_policy=profile_x_medium,,2,2,"['email', 'phone']",t,t,Neighborhood highlights,Tanunda,,-34.52297,138.95956,Entire home,Entire home/apt,6,1.0,1 bath,3,3,"[""Coffee maker"", ""Heating"", ""Wifi"", ""Dishwasher"", ""Hot water"", ""First aid kit"", ""Dishes and silverware"", ""Barbecue utensils"", ""Bed linens"", ""Dryer"", ""Oven"", ""Iron"", ""Kitchen"", ""Stove"", ""Private backyard \u2013 Fully fenced"", ""Room-darkening shades"", ""Shower gel"", ""Extra pillows and blankets"", ""Bathtub"", ""TV"", ""Refrigerator"", ""Hangers"", ""Air conditioning"", ""Baking sheet"", ""Private entrance"", ""BBQ grill"", ""Washer"", ""Fire extinguisher"", ""Shampoo"", ""Cooking basics"", ""Essentials"", ""Microwave"", ""Free street parking"", ""Smoke alarm"", ""Hair dryer"", ""Exterior security cameras on property"", ""Free parking on premises"", ""Single level home""]",$266.00,2,500,2,2,500,500,2.0,500.0,,t,14,35,57,319,2025-09-27,45,7,0,63,11,42,11172,2020-08-30,2025-07-13,4.98,4.96,4.98,4.98,4.98,5.0,4.78,,f,2,2,0,0,0.73
40212692,https://www.airbnb.com/rooms/40212692,20250927041735,2025-09-27,previous scrape,Biscay Cottage: enjoy the peace and quiet,This is a two bedroom cottage that we built. It is ideal for couples and  small families. The bedrooms are separated by a bathroom and the kitchen/living area is one room. There is a sizeable decking along the front that is perfect for relaxing and gazing across the vineyards to the Barossa ranges.,We are located out on the vineyards and paddocks but within 2 kms of Tanunda. We are centrally located in the middle of the Barossa Valley.,https://a0.muscache.com/pictures/miso/Hosting-40212692/original/de0f1e04-af9d-4ca5-a4b7-86f4aa824ea8.jpeg,2425103,https://www.airbnb.com/users/show/2425103,Sandra,2012-05-21,"Tanunda, Australia",Retired lady eager to visit many parts of the backyard and beyond,N/A,N/A,N/A,f,https://a0.muscache.com/im/pictures/user/080cef33-2421-4a36-8a7b-19d4016315b6.jpg?aki_policy=profile_small,https://a0.muscache.com/im/pictures/user/080cef33-2421-4a36-8a7b-19d4016315b6.jpg?aki_policy=profile_x_medium,,2,2,"['email', 'phone']",t,t,Neighborhood highlights,Bethany,,-34.54133,138.96892,Farm stay,Entire home/apt,4,,1 bath,2,,"[""Ceiling fan"", ""Stainless steel oven"", ""Heating"", ""Wifi"", ""Dishwasher"", ""Crib"", ""Sound system"", ""Hot water"", ""Dishes and silverware"", ""Clothing storage: wardrobe"", ""Private patio or balcony"", ""Luggage dropoff allowed"", ""Bed linens"", ""Books and reading material"", ""Freezer"", ""Dining table"", ""Iron"", ""TV with Netflix"", ""Kitchen"", ""AC - split type ductless system"", ""Outdoor furniture"", ""Room-darkening shades"", ""Cleaning products"", ""Shower gel"", ""Extra pillows and blankets"", ""Free parking on premises"", ""Free washer \u2013 In unit"", ""Drying rack for clothing"", ""Dedicated workspace"", ""Hangers"", ""Refrigerator"", ""Private entrance"", ""Shampoo"", ""Fire extinguisher"", ""Cooking basics"", ""Wine glasses"", ""Essentials"", ""Board games"", ""Conditioner"", ""Microwave"", ""Host greets you"", ""Smoke alarm"", ""Hair dryer"", ""Hot water kettle"", ""Body soap"", ""Toaster""]",,999,1125,2,999,1125,1125,739.5,1125.0,,t,0,0,0,85,2025-09-27,66,0,0,1,0,0,,2020-07-19,2023-11-26,4.95,4.95,4.98,4.95,4.92,4.97,4.82,,t,2,1,0,0,1.04
40290859,https://www.airbnb.com/rooms/40290859,20250927041735,2025-09-27,city scrape,Barossa Shiraz Estate The Barn,"Once the Royal Mail Coach House, the Barn has been transformed into contemporary accommodation with style.  With original stone feature walls, and floor-to-ceiling windows,  and sweeping vineyard views<br /><br />On arrival you will find the cottage stocked with abundant local breakfast provisions, for you to prepare breakfast at your leisure.",,https://a0.muscache.com/pictures/e9b70c07-0f37-40c8-a75c-cd3495a006be.jpg,310538520,https://www.airbnb.com/users/show/310538520,Julieanne,2019-11-18,"Lyndoch, Australia","",within a few hours,100%,92%,f,https://a0.muscache.com/im/pictures/user/a3c93596-845b-4cd4-898d-535291c5f3f2.jpg?aki_policy=profile_small,https://a0.muscache.com/im/pictures/user/a3c93596-845b-4cd4-898d-535291c5f3f2.jpg?aki_policy=profile_x_medium,,6,8,"['email', 'phone']",t,t,,Lyndoch,,-34.59169,138.8784,Entire cottage,Entire home/apt,4,2.0,2 baths,2,2,"[""Lockbox"", ""Heating"", ""Standalone high chair - available upon request"", ""Wifi"", ""Dishwasher"", ""Coffee maker: Nespresso"", ""Hot water"", ""First aid kit"", ""Vasse Virgin shampoo"", ""Dishes and silverware"", ""Barbecue utensils"", ""Outdoor dining area"", ""Clothing storage: wardrobe"", ""Private patio or balcony"", ""Bed linens"", ""Dryer"", ""Oven"", ""Indoor fireplace: wood-burning"", ""Self check-in"", ""Coffee"", ""Freezer"", ""Dining table"", ""Iron"", ""Kitchen"", ""Outdoor furniture"", ""Stove"", ""Cleaning products"", ""Shower gel"", ""Free parking on premises"", ""Free washer \u2013 In unit"", ""Bathtub"", ""Vineyard view"", ""Drying rack for clothing"", ""Hangers"", ""TV"", ""Air conditioning"", ""Vasse Virgin conditioner"", ""Refrigerator"", ""Baking sheet"", ""BBQ grill"", ""Backyard"", ""Fire extinguisher"", ""Cooking basics"", ""Wine glasses"", ""Essentials"", ""Crib - available upon request"", ""Microwave"", ""Vasse Virgin body soap"", ""Mini fridge"", ""Smoke alarm"", ""Hair dryer"", ""Hot water kettle"", ""Toaster"", ""Breakfast""]",$670.00,2,1125,1,3,99,99,1.5,99.0,,t,9,19,30,251,2025-09-27,76,14,1,34,16,84,56280,2020-01-20,2025-08-31,4.99,4.99,4.99,4.99,4.93,4.96,4.79,,t,6,6,0,0,1.10
40291757,https://www.airbnb.com/rooms/40291757,20250927041735,2025-09-27,city scrape,Barossa Shiraz Estate The Vines,"If you are celebrating a special occasion, anniversary or even on your honeymoon, the Vines is the ideal retreat for two.  The open-plan living, kitchen and dining area has picture-book windows with views over the vines, as does the spacious bedroom, which has a king-size bed and beautiful ensuite complete with spa bath.  Or take a glass of wine out to the verandah and watch the sun set over the Barossa Ranges.",,https://a0.muscache.com/pictures/ff50fede-7264-4953-a6b5-37c3f873b37c.jpg,310538520,https://www.airbnb.com/users/show/310538520,Julieanne,2019-11-18,"Lyndoch, Australia","",within a few hours,100%,92%,f,https://a0.muscache.com/im/pictures/user/a3c93596-845b-4cd4-898d-535291c5f3f2.jpg?aki_policy=profile_small,https://a0.muscache.com/im/pictures/user/a3c93596-845b-4cd4-898d-535291c5f3f2.jpg?aki_policy=profile_x_medium,,6,8,"['email', 'phone']",t,t,,Lyndoch,,-34.59146,138.87785,Entire cottage,Entire home/apt,2,1.0,1 bath,1,1,"[""Lockbox"", ""Clothing storage: walk-in closet"", ""Heating"", ""Standalone high chair - available upon request"", ""Wifi"", ""Dishwasher"", ""Coffee maker: Nespresso"", ""Hot water"", ""First aid kit"", ""Dishes and silverware"", ""Barbecue utensils"", ""Private patio or balcony"", ""Bed linens"", ""Indoor fireplace"", ""Oven"", ""Self check-in"", ""Coffee"", ""Freezer"", ""Dining table"", ""Iron"", ""Kitchen"", ""Outdoor furniture"", ""Stove"", ""Cleaning products"", ""Shower gel"", ""Free parking on premises"", ""Free washer \u2013 In unit"", ""Bathtub"", ""Vineyard view"", ""Drying rack for clothing"", ""Hangers"", ""TV"", ""Air conditioning"", ""Vasse Virgin conditioner"", ""Refrigerator"", ""Baking sheet"", ""Private entrance"", ""BBQ grill"", ""Shampoo"", ""Fire extinguisher"", ""Cooking basics"", ""Wine glasses"", ""Essentials"", ""Crib - available upon request"", ""Microwave"", ""Vasse Virgin body soap"", ""Smoke alarm"", ""Hair dryer"", ""Hot water kettle"", ""Toaster"", ""Breakfast""]",$509.00,1,1125,1,4,99,99,1.1,99.0,,t,7,13,22,201,2025-09-27,4,0,0,25,0,0,0,2020-05-17,2023-07-09,5.0,5.0,5.0,5.0,4.75,5.0,4.75,,t,6,6,0,0,0.06
40433136,https://www.airbnb.com/rooms/40433136,20250927041735,2025-09-27,city scrape,King Deluxe Room,,,https://a0.muscache.com/pictures/47ad3412-66e8-446c-b80b-2931c41dad52.jpg,162433043,https://www.airbnb.com/users/show/162433043,Elizabeth,2017-12-12,"Angaston, Australia","",N/A,N/A,100%,f,https://a0.muscache.com/im/pictures/user/f8a68643-e523-4acf-b990-eb233888f534.jpg?aki_policy=profile_small,https://a0.muscache.com/im/pictures/user/f8a68643-e523-4acf-b990-eb233888f534.jpg?aki_policy=profile_x_medium,,6,7,"['email', 'phone']",t,t,,Angaston,,-34.49301,139.02863,Private room in rental unit,Private room,3,1.0,1 private bath,0,0,"[""Building staff"", ""Heating"", ""Wifi"", ""Self check-in"", ""Air conditioning"", ""Crib"", ""Hair dryer"", ""Iron"", ""Free parking on premises""]",$197.00,2,1125,1,1,99,99,1.0,99.0,,t,28,56,86,358,2025-09-27,5,0,0,92,1,0,0,2022-03-20,2024-03-30,4.6,4.4,4.8,5.0,4.6,4.8,3.8,,t,5,0,5,0,0.12
40433163,https://www.airbnb.com/rooms/40433163,20250927041735,2025-09-27,city scrape,Standard Queen Room,,,https://a0.muscache.com/pictures/c54002f4-4311-4709-9979-b2f67c38523c.jpg,162433043,https://www.airbnb.com/users/show/162433043,Elizabeth,2017-12-12,"Angaston, Australia","",N/A,N/A,100%,f,https://a0.muscache.com/im/pictures/user/f8a68643-e523-4acf-b990-eb233888f534.jpg?aki_policy=profile_small,https://a0.muscache.com/im/pictures/user/f8a68643-e523-4acf-b990-eb233888f534.jpg?aki_policy=profile_x_medium,,6,7,"['email', 'phone']",t,t,,Angaston,,-34.49273,139.02724,Private room in rental unit,Private room,2,1.0,1 private bath,0,0,"[""Essentials"", ""Building staff"", ""Paid washer \u2013 In building"", ""Heating"", ""Wifi"", ""Self check-in"", ""Crib"", ""Air conditioning"", ""Shared pool"", ""Hair dryer"", ""Iron"", ""Free parking on premises""]",$164.00,2,1125,1,1,1125,1125,1.0,1125.0,,t,28,56,86,360,2025-09-27,39,1,0,92,0,6,984,2019-12-12,2025-05-25,4.72,4.82,4.87,4.9,4.85,4.9,4.74,,t,5,0,5,0,0.55
40433180,https://www.airbnb.com/rooms/40433180,20250927041735,2025-09-27,city scrape,Triple Room - Queen + Single,,,https://a0.muscache.com/pictures/fb960bcd-4321-43c3-983c-204791d7b26d.jpg,162433043,https://www.airbnb.com/users/show/162433043,Elizabeth,2017-12-12,"Angaston, Australia","",N/A,N/A,100%,f,https://a0.muscache.com/im/pictures/user/f8a68643-e523-4acf-b990-eb233888f534.jpg?aki_policy=profile_small,https://a0.muscache.com/im/pictures/user/f8a68643-e523-4acf-b990-eb233888f534.jpg?aki_policy=profile_x_medium,,6,7,"['email', 'phone']",t,t,,Angaston,,-34.49396,139.0272,Private room in rental unit,Private room,3,1.0,1 private bath,0,0,"[""Building staff"", ""Paid washer \u2013 In building"", ""Heating"", ""Wifi"", ""Self check-in"", ""Crib"", ""Air conditioning"", ""Hair dryer"", ""Iron"", ""Free parking on premises""]",$203.00,2,1125,1,1,1125,1125,1.0,1125.0,,t,26,49,78,346,2025-09-27,1,0,0,84,0,0,0,2022-08-22,2022-08-22,5.0,5.0,5.0,5.0,5.0,5.0,5.0,,t,5,0,5,0,0.03
40433196,https://www.airbnb.com/rooms/40433196,20250927041735,2025-09-27,city scrape,Family Room- Queen + 2 Singles,,,https://a0.muscache.com/pictures/28e95dc3-0d26-4943-ab30-20540c68a9e9.jpg,162433043,https://www.airbnb.com/users/show/162433043,Elizabeth,2017-12-12,"Angaston, Australia","",N/A,N/A,100%,f,https://a0.muscache.com/im/pictures/user/f8a68643-e523-4acf-b990-eb233888f534.jpg?aki_policy=profile_small,https://a0.muscache.com/im/pictures/user/f8a68643-e523-4acf-b990-eb233888f534.jpg?aki_policy=profile_x_medium,,6,7,"['email', 'phone']",t,t,,Angaston,,-34.49263,139.0282,Private room in rental unit,Private room,4,1.0,1 private bath,0,0,"[""Building staff"", ""Heating"", ""Wifi"", ""Self check-in"", ""Air conditioning"", ""Crib"", ""Hair dryer"", ""Iron"", ""Free parking on premises"", ""Washer""]",$211.00,2,1125,1,1,1125,1125,1.0,1125.0,,t,23,42,71,340,2025-09-27,7,0,0,77,1,0,0,2020-03-21,2024-03-25,4.71,5.0,4.71,5.0,5.0,4.86,4.71,,t,5,0,5,0,0.10
40433230,https://www.airbnb.com/rooms/40433230,20250927041735,2025-09-27,city scrape,Family Room- 2 x Queens Room,,,https://a0.muscache.com/pictures/prohost-api/Hosting-40433230/original/b6a95872-89a6-4512-8822-39623b7c7aa0.jpeg,22665766,https://www.airbnb.com/users/show/22665766,Elizabeth,2014-10-18,"Boise, ID","Hi I am an Australian living in the US with my American husband. We love having people stay with us and meeting new people at the places we stay. 

I enjoy the outdoors, hiking, running and swimming in in nature. I live by the philosophy that life is a journey.... enjoy the ride! People and friends make the ride richer and give it meaning. 

I have two beautiful children, who are my world. 

I've travelled throughout Australia and the US, as well as to the Philippines, China, South Korea, Japan, Indonesia, Thailand, Vietnam, Cambodia, Malaysia, Papua New Guinea, West Papua, Singapore, Mexico, Canada, New Zealand, Puerto Rico, Mexico, Honduras, Belize, Nicaragua, Guatemala, El Salvador, Ecuador, Argentina, Kenya, Tanzania, Qatar, UAE, France, England, Spain, Italy, Croatia, Austria, Slovenia and probably some others I am forgetting. I have stayed in airbnb's and hotels all over the world and know what is expected of a good host. I hope to share my experiences and travel stories with you!

I look forward to meeting you! :)",N/A,N/A,N/A,f,https://a0.muscache.com/im/pictures/user/1de0a0b5-ca64-4635-9e47-08ff9871fca5.jpg?aki_policy=profile_small,https://a0.muscache.com/im/pictures/user/1de0a0b5-ca64-4635-9e47-08ff9871fca5.jpg?aki_policy=profile_x_medium,,1,2,"['email', 'phone']",t,t,,Angaston,,-34.49316,139.0268,Private room in rental unit,Private room,4,1.0,1 shared bath,1,0,"[""Building staff"", ""Heating"", ""Wifi"", ""Self check-in"", ""Air conditioning"", ""Crib"", ""Hair dryer"", ""Iron"", ""Free parking on premises"", ""Washer""]",$218.00,2,1125,1,1,1125,1125,1.0,1125.0,,t,22,45,75,344,2025-09-27,3,0,0,81,0,0,0,2022-02-19,2022-08-15,4.0,4.0,4.33,4.67,4.67,5.0,3.67,,t,1,0,1,0,0.07
40433247,https://www.airbnb.com/rooms/40433247,20250927041735,2025-09-27,city scrape,Standard Twin Room,,,https://a0.muscache.com/pictures/prohost-api/Hosting-40433247/original/d8b2ea16-762e-4f3e-ab55-e206493909bd.jpeg,162433043,https://www.airbnb.com/users/show/162433043,Elizabeth,2017-12-12,"Angaston, Australia","",N/A,N/A,100%,f,https://a0.muscache.com/im/pictures/user/f8a68643-e523-4acf-b990-eb233888f534.jpg?aki_policy=profile_small,https://a0.muscache.com/im/pictures/user/f8a68643-e523-4acf-b990-eb233888f534.jpg?aki_policy=profile_x_medium,,6,7,"['email', 'phone']",t,t,,Angaston,,-34.49287,139.02824,Private room in rental unit,Private room,2,1.0,1 private bath,0,0,"[""Building staff"", ""Window AC unit"", ""Paid washer \u2013 In building"", ""Heating"", ""Wifi"", ""Self check-in"", ""Hair dryer"", ""Iron"", ""Free parking on premises""]",$168.00,2,1125,1,1,1125,1125,1.0,1125.0,,t,19,39,66,332,2025-09-27,5,0,0,72,1,0,0,2019-12-19,2024-03-14,4.6,4.6,4.6,5.0,5.0,4.8,4.6,,t,5,0,5,0,0.07
40433618,https://www.airbnb.com/rooms/40433618,20250927041735,2025-09-27,city scrape,Vineyard Views,"Vineyard Views, hidden in the ridges of Menglers Hill near Angaston, on a working-vineyard, delivers everything you need for your next weekend getaway in the Barossa.<br />With Angaston a five-minute drive in one direction and world class wineries a five-minute drive in another, Vineyard Views has you covered.  You can stay in and watch the sunset from the deck with a glass of shiraz, or you can use the peaceful location as a base to visit nearby cellar doors and other Barossa attractions.",,https://a0.muscache.com/pictures/miso/Hosting-40433618/original/b153e67a-3c21-4b6e-bf32-c12c47ff107f.jpeg,29148788,https://www.airbnb.com/users/show/29148788,Karl,2015-03-11,"Angaston, Australia","",within an hour,100%,100%,t,https://a0.muscache.com/im/users/29148788/profile_pic/1426074891/original.jpg?aki_policy=profile_small,https://a0.muscache.com/im/users/29148788/profile_pic/1426074891/original.jpg?aki_policy=profile_x_medium,,1,1,"['email', 'phone']",t,t,,Angaston,,-34.53442,139.04067,Entire guest suite,Entire home/apt,2,1.0,1 bath,1,1,"[""Coffee maker"", ""Lockbox"", ""Heating"", ""Wifi"", ""Crib"", ""Hot water"", ""Dishes and silverware"", ""Bed linens"", ""Patio or balcony"", ""Self check-in"", ""Iron"", ""Kitchen"", ""Stove"", ""Shower gel"", ""TV"", ""Refrigerator"", ""Hangers"", ""Air conditioning"", ""Private entrance"", ""Backyard"", ""Shampoo"", ""Cooking basics"", ""Wine glasses"", ""Essentials"", ""Mini fridge"", ""Microwave"", ""Smoke alarm"", ""Hair dryer"", ""Free parking on premises"", ""Toaster""]",$202.00,2,1125,1,2,1125,1125,2.0,1125.0,,t,16,36,64,92,2025-09-27,267,41,1,68,40,246,49692,2019-12-07,2025-09-20,4.96,4.96,4.99,4.98,4.98,4.94,4.82,,f,1,1,0,0,3.77
41054970,https://www.airbnb.com/rooms/41054970,20250927041735,2025-09-27,city scrape,"Room in Eco-Cottage, Springton, Barossa","A warm welcome to Eco-cottage, a modest yet comfortable home featuring a queen bed accommodation.<br />This peaceful retreat is ideally located, providing easy access to the Adelaide Hills, Riverland, and the Barossa Valley. Adelaide is a 50-minute scenic drive away. The pub and general store are within walking distance.<br />Eco-cottage offers a complete digital detox space, free from TV or similar devices (Note: there's NO Tv).<br />Work is underway to landscape the garden using permaculture principles.",Springton's famous landmark is Herbig's family tree.,https://a0.muscache.com/pictures/airflow/Hosting-41054970/original/b39d41ee-98a1-4113-abe1-155e5e912d58.jpg,105534819,https://www.airbnb.com/users/show/105534819,Ankica,2016-11-29,"Springton, Australia","I am a friendly optimist and peace-loving eco-spirit.  I work part-time in the property industry. After work, I spend a lot of time working in the garden (even more so on the garden), then there are hiking trips with my dogs, and I like to read a good non-fiction book.",within an hour,100%,93%,f,https://a0.muscache.com/im/pictures/user/05718d83-c7a3-41b5-8c64-ff54fc50bc61.jpg?aki_policy=profile_small,https://a0.muscache.com/im/pictures/user/05718d83-c7a3-41b5-8c64-ff54fc50bc61.jpg?aki_policy=profile_x_medium,,2,2,"['email', 'phone']",t,t,Neighborhood highlights,Springton,,-34.70573,139.08733,Private room in cottage,Private room,2,1.0,1 shared bath,1,1,"[""Lockbox"", ""Fire pit"", ""Heating"", ""Wifi"", ""Dishwasher"", ""EV charger"", ""Long term stays allowed"", ""Hot water"", ""First aid kit"", ""Dishes and silverware"", ""Clothing storage: wardrobe"", ""Luggage dropoff allowed"", ""Garden view"", ""Bed linens"", ""Books and reading material"", ""Oven"", ""Self check-in"", ""Coffee"", ""Iron"", ""Kitchen"", ""Outdoor furniture"", ""Stove"", ""Room-darkening shades"", ""Cleaning products"", ""Shower gel"", ""Extra pillows and blankets"", ""Free parking on premises"", ""Bathtub"", ""Refrigerator"", ""Hangers"", ""Air conditioning"", ""Baking sheet"", ""Single level home"", ""Washer"", ""Backyard"", ""Shampoo"", ""Cooking basics"", ""Wine glasses"", ""Essentials"", ""Conditioner"", ""Free street parking"", ""Smoke alarm"", ""Hair dryer"", ""Hot water kettle"", ""Body soap"", ""Toaster"", ""Breakfast""]",$109.00,1,21,1,1,1125,1125,1.0,1125.0,,t,5,6,36,311,2025-09-27,23,0,0,42,0,0,0,2020-01-11,2023-11-12,4.78,4.96,5.0,4.96,5.0,4.91,4.87,,f,2,1,1,0,0.33
41405916,https://www.airbnb.com/rooms/41405916,20250927041735,2025-09-27,city scrape,Triple Creek Guest House - Barossa Region,"Nestled in the Western side of the Barossa, in the scenic town of Seppeltsfield is Triple Creek's Guest House. Luxurious with an authentic country feeling, this is the perfect spot for your next group gathering, family getaway or corporate trip away. Our Guest house comfortably sleeps eight featuring four bedrooms, two bathrooms and two living areas plus an outdoor entertaining area featuring a combination wood-fired pizza oven and firepit our Guest House is an entertainer’s delight.","Triple Creek is located in the heart of the Barossa Valley. Our property is surrounded by beautiful vineyards, scenic creeks and picturesque rolling hills and with the closest neighbours 500 metres away, the Guest House is an idyllic country escape.<br /><br />Secluded yet perfectly positioned within a nice walk or short walk to neighbouring wineries / resultants and Cellar Doors",https://a0.muscache.com/pictures/miso/Hosting-41405916/original/ad8568b6-fb3f-409a-9cff-16d245a17e8a.jpeg,396025704,https://www.airbnb.com/users/show/396025704,Sam,2021-04-08,,"",N/A,N/A,N/A,f,https://a0.muscache.com/im/pictures/user/User-396025704/original/ac57774a-32e7-4ceb-b48e-cce429b477f6.jpeg?aki_policy=profile_small,https://a0.muscache.com/im/pictures/user/User-396025704/original/ac57774a-32e7-4ceb-b48e-cce429b477f6.jpeg?aki_policy=profile_x_medium,,1,1,"['email', 'phone']",t,t,Neighborhood highlights,Marananga,,-34.49786,138.91199,Entire home,Entire home/apt,8,2.0,2 baths,4,4,"[""Lockbox"", ""Fire pit"", ""Standalone high chair"", ""Heating"", ""Wifi"", ""Dishwasher"", ""Coffee maker: Nespresso"", ""Crib"", ""Long term stays allowed"", ""Hot water"", ""First aid kit"", ""Dishes and silverware"", ""Garden view"", ""Bed linens"", ""Books and reading material"", ""Oven"", ""Self check-in"", ""Coffee"", ""Pack \u2019n play/Travel crib"", ""Freezer"", ""Dining table"", ""Iron"", ""Kitchen"", ""Stove"", ""Shower gel"", ""Free parking on premises"", ""Bathtub"", ""Vineyard view"", ""Drying rack for clothing"", ""Hangers"", ""TV"", ""Air conditioning"", ""Refrigerator"", ""Baking sheet"", ""Private entrance"", ""BBQ grill"", ""Single level home"", ""Washer"", ""Backyard"", ""Shampoo"", ""Cooking basics"", ""Wine glasses"", ""Essentials"", ""Pets allowed"", ""Conditioner"", ""Microwave"", ""Free street parking"", ""Hair dryer"", ""Hot water kettle"", ""Body soap"", ""Toaster""]",$739.00,1,30,1,2,1125,1125,1.3,1125.0,,t,17,35,54,287,2025-09-27,155,16,1,57,15,96,70944,2020-03-07,2025-08-31,4.72,4.79,4.55,4.93,4.92,4.93,4.67,,t,1,1,0,0,2.29
41597034,https://www.airbnb.com/rooms/41597034,20250927041735,2025-09-27,city scrape,Under the Vines....a Vineyard Escape!,"Under the Vines is a self contained cottage in five acres of vineyard and native bushland, in the heart of the beautiful Barossa Valley.<br /><br />Peaceful and private, this beautiful accommodation is perfect for couples, small groups and families, and is a lovely base to explore the Barossa region.<br /><br />Every window has a vineyard view!","Easy driving distance to world class wineries and food destinations, quirky cafes, parks, walking and bike trails. Come and explore for yourself!<br /><br />The Barossa Valley offers many unique and rich experiences - food, wine, culture, heritage. Allow time to immerse yourself in some of these....and then come back again for another bite!",https://a0.muscache.com/pictures/89509964/1a2d3823_original.jpg,10626104,https://www.airbnb.com/users/show/10626104,Karen,2013-12-15,"Tanunda, Australia","",within an hour,100%,100%,t,https://a0.muscache.com/im/pictures/user/22c750e8-acd1-4479-bb88-8e7089aaa0c6.jpg?aki_policy=profile_small,https://a0.muscache.com/im/pictures/user/22c750e8-acd1-4479-bb88-8e7089aaa0c6.jpg?aki_policy=profile_x_medium,,1,2,"['email', 'phone']",t,t,Neighborhood highlights,Tanunda,,-34.50551,138.99555,Entire cottage,Entire home/apt,4,2.0,2 baths,2,2,"[""Coffee maker"", ""Lockbox"", ""Ceiling fan"", ""Heating"", ""Wifi"", ""Dishwasher"", ""Long term stays allowed"", ""Hot water"", ""Dishes and silverware"", ""Barbecue utensils"", ""Outdoor dining area"", ""Clothing storage: closet"", ""Private patio or balcony"", ""Bed linens"", ""Indoor fireplace"", ""Dryer"", ""Oven"", ""Self check-in"", ""Coffee"", ""Pack \u2019n play/Travel crib"", ""Freezer"", ""Dining table"", ""Iron"", ""Kitchen"", ""Game console"", ""Outdoor furniture"", ""Stove"", ""Cleaning products"", ""Shower gel"", ""Extra pillows and blankets"", ""Private hot tub"", ""Blender"", ""Free parking on premises"", ""Free washer \u2013 In unit"", ""Bathtub"", ""Vineyard view"", ""Drying rack for clothing"", ""Hangers"", ""Air conditioning"", ""Carbon monoxide alarm"", ""Dedicated workspace"", ""Refrigerator"", ""Private entrance"", ""BBQ grill"", ""Single level home"", ""Backyard"", ""Shampoo"", ""Fire extinguisher"", ""TV with standard cable"", ""Cooking basics"", ""Essentials"", ""Wine glasses"", ""High chair"", ""Board games"", ""Conditioner"", ""Microwave"", ""Mini fridge"", ""Free street parking"", ""Smoke alarm"", ""Hair dryer"", ""Hot water kettle"", ""Body soap"", ""Toaster"", ""Breakfast""]",$370.00,2,1125,2,4,2,1125,2.0,153.8,,t,3,22,47,310,2025-09-27,183,23,0,48,43,138,51060,2020-02-10,2025-07-06,4.97,4.97,4.99,4.97,4.99,4.97,4.93,,t,1,1,0,0,2.67
41804891,https://www.airbnb.com/rooms/41804891,20250927041735,2025-09-27,city scrape,10 Murray feel like a local 3.5 bath,"10 Murray St Tanunda is situated in the main street of Tanunda, in the centre of the Barossa Valley. A few doors from the main street enjoy a short and relaxing walk to shops, cafes & award winning restaurants.<br />10 Murray is a blue stone fronted cottage, built in 1890. The interior has been totally renovated and modernised. With 3 large bedrooms all with king beds and the luxury of an ensuite for each bedroom Stay and feel like a local in our beautiful home you wont want to leave","You will spoilt for choice in the main street of Tanunda weather it be a morning coffee, delicious breakfast at Darlings. Wine tasting with a bite to eat at Vino Lokal, Char Barossa offers brilliant food and a relaxed atmosphere and at the top of the street award winning Fermentasian",https://a0.muscache.com/pictures/9a9de6c1-9a8f-44e4-b707-95162bc4961f.jpg,196783231,https://www.airbnb.com/users/show/196783231,Louise,2018-06-20,"Krondorf, Australia","",within an hour,100%,100%,t,https://a0.muscache.com/im/pictures/user/51e7fd74-de62-4ca4-ab41-edd3fc028573.jpg?aki_policy=profile_small,https://a0.muscache.com/im/pictures/user/51e7fd74-de62-4ca4-ab41-edd3fc028573.jpg?aki_policy=profile_x_medium,,5,5,"['email', 'phone']",t,t,Neighborhood highlights,Tanunda,,-34.527801513671875,138.95391845703125,Entire cottage,Entire home/apt,6,3.5,3.5 baths,3,3,"[""Coffee maker"", ""Lockbox"", ""Ceiling fan"", ""Heating"", ""Wifi"", ""Dishwasher"", ""Crib"", ""Sound system"", ""Hot water"", ""Private BBQ grill: electric"", ""First aid kit"", ""Dishes and silverware"", ""Barbecue utensils"", ""Private patio or balcony"", ""Bed linens"", ""Books and reading material"", ""Dryer"", ""Oven"", ""Self check-in"", ""Coffee"", ""Freezer"", ""Dining table"", ""Iron"", ""Kitchen"", ""Stove"", ""Shower gel"", ""Blender"", ""Free parking on premises"", ""Drying rack for clothing"", ""TV"", ""Refrigerator"", ""Hangers"", ""Air conditioning"", ""Baking sheet"", ""Private entrance"", ""Washer"", ""Backyard"", ""Shampoo"", ""Fire extinguisher"", ""Cooking basics"", ""Wine glasses"", ""Essentials"", ""Microwave"", ""Free street parking"", ""Smoke alarm"", ""Hair dryer"", ""Hot water kettle"", ""Toaster""]",$585.00,2,1125,2,3,1125,1125,2.0,1125.0,,t,15,35,58,93,2025-09-27,225,38,3,64,40,228,133380,2020-02-29,2025-09-19,4.99,4.98,4.99,4.99,4.99,4.98,4.87,,t,4,4,0,0,3.31
42649403,https://www.airbnb.com/rooms/42649403,20250927041735,2025-09-27,city scrape,BnB on Barkey,"This cute little flat is in walking distance to five wineries , local pub, local shop and restaurant. Disabled friendly with assistance bars either side of the toilet and a very large shower with assistance bar.  Would suit Singles, Couples or Couple with one or two small children. Enjoy what the barossa has to offer within a short walk away! Please note this is strictly a Non Smoking accomodation.","Friendly, 5 minutes walk to local pub, restaurants and wineries.",https://a0.muscache.com/pictures/miso/Hosting-42649403/original/ebec378a-4ddb-4547-a91e-08bff578f911.jpeg,123337181,https://www.airbnb.com/users/show/123337181,Linda,2017-03-29,"Greenock, Australia","",within an hour,100%,100%,t,https://a0.muscache.com/im/pictures/user/40953223-282b-4131-936f-eb3c85e8c001.jpg?aki_policy=profile_small,https://a0.muscache.com/im/pictures/user/40953223-282b-4131-936f-eb3c85e8c001.jpg?aki_policy=profile_x_medium,,1,1,"['email', 'phone']",t,t,Neighborhood highlights,Greenock,,-34.45529,138.93175,Entire guesthouse,Entire home/apt,2,1.0,1 bath,1,1,"[""Lockbox"", ""Ceiling fan"", ""Ethernet connection"", ""Heating"", ""Folding or convertible high chair - available upon request"", ""Long term stays allowed"", ""Hot water"", ""First aid kit"", ""Dishes and silverware"", ""Barbecue utensils"", ""Private patio or balcony"", ""Bed linens"", ""Books and reading material"", ""Oven"", ""Self check-in"", ""Coffee"", ""Freezer"", ""Dining table"", ""Iron"", ""Wifi \u2013 40 Mbps"", ""Kitchen"", ""AC - split type ductless system"", ""Outdoor furniture"", ""Stove"", ""Private backyard \u2013 Fully fenced"", ""Room-darkening shades"", ""Private BBQ grill: gas"", ""Cleaning products"", ""Shower gel"", ""Free parking on premises"", ""Free washer \u2013 In unit"", ""Drying rack for clothing"", ""Refrigerator"", ""Hangers"", ""Private entrance"", ""Single level home"", ""Cooking basics"", ""Wine glasses"", ""Essentials"", ""55 inch HDTV with Amazon Prime Video"", ""Board games"", ""Microwave"", ""Clothing storage"", ""Smoke alarm"", ""Free street parking"", ""Hair dryer"", ""Hot water kettle"", ""Body soap"", ""Toaster""]",$135.00,2,14,2,2,1125,1125,2.0,1125.0,,t,12,29,51,316,2025-09-27,107,23,0,51,23,138,18630,2021-04-05,2025-08-24,4.89,4.93,4.86,4.99,4.96,4.93,4.85,,f,1,1,0,0,1.96
42667491,https://www.airbnb.com/rooms/42667491,20250927041735,2025-09-27,city scrape,Elders Office,This rustic shed office has been restored to appreciate early Australian rural life. Enjoy views over the Valley from the large open deck. Only a stones throw away from the Angaston rail yards and historic town of Angaston.,"A short walk to one of our favourites, the Wanera Wine Bar. Open 7 days,  delicious breakfasts on Saturday and Sundays from 8 am, coffee and wine anytime!",https://a0.muscache.com/pictures/24b62884-42e2-4e54-b8de-0e26a1bf6660.jpg,257562725,https://www.airbnb.com/users/show/257562725,Jasmine,2019-04-23,"Nuriootpa, Australia","",within an hour,97%,100%,t,https://a0.muscache.com/im/pictures/user/184c98b8-2ac9-4a50-8f9b-7f86c509baea.jpg?aki_policy=profile_small,https://a0.muscache.com/im/pictures/user/184c98b8-2ac9-4a50-8f9b-7f86c509baea.jpg?aki_policy=profile_x_medium,,6,6,"['email', 'phone']",t,t,Neighborhood highlights,Angaston,,-34.50108,139.0417,Entire cottage,Entire home/apt,2,1.0,1 bath,1,1,"[""Lockbox"", ""Heating"", ""Wifi"", ""Hot water"", ""Dishes and silverware"", ""Indoor fireplace"", ""Self check-in"", ""Iron"", ""Kitchen"", ""TV"", ""Refrigerator"", ""Hangers"", ""Air conditioning"", ""Private entrance"", ""Washer"", ""Essentials"", ""Microwave"", ""Smoke alarm"", ""Free parking on premises""]",$225.00,1,1125,1,2,1125,1125,1.3,1125.0,,t,5,12,22,239,2025-09-27,444,74,5,23,70,255,57375,2020-03-09,2025-09-12,4.92,4.94,4.88,4.95,4.85,4.93,4.77,,t,6,5,1,0,6.56
42718676,https://www.airbnb.com/rooms/42718676,20250927041735,2025-09-27,city scrape,Auction Shed,"What once was an original Auction shed, has been restored into a luxurious 2 bedroom, 2 bathroom accommodation.",Within a very short stroll to the main street you can discover the quaint town of Angaston. Our favourite to enjoy a glass of wine and a bite to eat at is The Wanera.,https://a0.muscache.com/pictures/0b0333e5-4fb8-4de7-89d6-a9206c57532e.jpg,257562725,https://www.airbnb.com/users/show/257562725,Jasmine,2019-04-23,"Nuriootpa, Australia","",within an hour,97%,100%,t,https://a0.muscache.com/im/pictures/user/184c98b8-2ac9-4a50-8f9b-7f86c509baea.jpg?aki_policy=profile_small,https://a0.muscache.com/im/pictures/user/184c98b8-2ac9-4a50-8f9b-7f86c509baea.jpg?aki_policy=profile_x_medium,,6,6,"['email', 'phone']",t,t,Neighborhood highlights,Angaston,,-34.50217,139.04118,Entire cottage,Entire home/apt,4,2.0,2 baths,2,2,"[""Lockbox"", ""Heating"", ""Wifi"", ""Dishes and silverware"", ""Indoor fireplace"", ""Self check-in"", ""Iron"", ""Kitchen"", ""TV"", ""Refrigerator"", ""Hangers"", ""Air conditioning"", ""Private entrance"", ""Hot tub"", ""Washer"", ""Backyard"", ""Cooking basics"", ""Essentials"", ""Microwave"", ""Free street parking"", ""Smoke alarm"", ""Free parking on premises""]",$395.00,1,1125,1,2,1125,1125,1.2,1125.0,,t,16,33,57,311,2025-09-27,236,44,1,60,45,255,100725,2020-09-01,2025-08-31,4.94,4.94,4.85,4.98,4.86,4.96,4.78,,t,6,5,1,0,3.82
43366530,https://www.airbnb.com/rooms/43366530,20250927041735,2025-09-27,city scrape,Tanunda Apartment,"A modern spacious self contained apartment within a block of 9 units, with a queen bed, large ensuite with spa bath, kitchenette and ducted reverse cycle air conditioning.<br />Located in the beautiful Barossa Valley, conveniently located just off the main street of Tanunda and within walking distance to quality restaurants, art galleries, antique & craft shops, parks & hotels, making it a superb choice for accommodation.",,https://a0.muscache.com/pictures/594502e7-0d97-4643-b01d-1194f6b74fec.jpg,257562725,https://www.airbnb.com/users/show/257562725,Jasmine,2019-04-23,"Nuriootpa, Australia","",within an hour,97%,100%,t,https://a0.muscache.com/im/pictures/user/184c98b8-2ac9-4a50-8f9b-7f86c509baea.jpg?aki_policy=profile_small,https://a0.muscache.com/im/pictures/user/184c98b8-2ac9-4a50-8f9b-7f86c509baea.jpg?aki_policy=profile_x_medium,,6,6,"['email', 'phone']",t,t,,Tanunda,,-34.52633,138.95851,Private room in rental unit,Private room,2,1.0,1 private bath,1,1,"[""Essentials"", ""Dryer"", ""TV"", ""Heating"", ""Wifi"", ""Hangers"", ""Air conditioning"", ""Smoke alarm"", ""Private entrance"", ""Hair dryer"", ""Hot tub"", ""Kitchen"", ""Free parking on premises"", ""Private living room"", ""Washer"", ""Shampoo""]",$199.00,1,1125,1,2,1125,1125,1.1,1125.0,,t,23,45,75,342,2025-09-27,305,51,3,81,55,255,50745,2020-05-17,2025-09-09,4.76,4.79,4.88,4.82,4.74,4.89,4.59,,t,6,5,1,0,4.67
43646190,https://www.airbnb.com/rooms/43646190,20250927041735,2025-09-27,city scrape,Gateway to the Barossa,"Newly refurbished cottage on a private 15 acre farm located at the gateway to the Barossa Valley. <br /><br />Located a 5-minute drive out of Gawler and only 5 minutes from the closest wineries, you're only a short drive to many of the Barossa favorites including Seppeltsfield, Penfolds, Rockfords, and many, many more! <br /><br />Our self-contained cottage comes with everything you'll need for a trip out of Adelaide, including a brand new kitchen and bathroom.",,https://a0.muscache.com/pictures/4b5ed421-c2e9-4fed-a144-91489add0adc.jpg,348529669,https://www.airbnb.com/users/show/348529669,Greg And Mary,2020-06-03,,"",N/A,N/A,100%,f,https://a0.muscache.com/im/pictures/user/3fa991bc-bb45-4991-a3c7-c6b7caf5c654.jpg?aki_policy=profile_small,https://a0.muscache.com/im/pictures/user/3fa991bc-bb45-4991-a3c7-c6b7caf5c654.jpg?aki_policy=profile_x_medium,,1,1,"['email', 'phone', 'work_email']",t,t,,Concordia,,-34.60049,138.80042,Entire guesthouse,Entire home/apt,2,1.0,1 bath,1,1,"[""Lockbox"", ""Heating"", ""Wifi"", ""Hot water"", ""First aid kit"", ""Dishes and silverware"", ""Patio or balcony"", ""Oven"", ""Self check-in"", ""Iron"", ""Kitchen"", ""Stove"", ""Free parking on premises"", ""TV"", ""Refrigerator"", ""Hangers"", ""Air conditioning"", ""Private entrance"", ""Washer"", ""Backyard"", ""Fire extinguisher"", ""Shampoo"", ""Cooking basics"", ""Essentials"", ""Conditioner"", ""Microwave"", ""Portable fans"", ""Smoke alarm"", ""Hair dryer"", ""Coffee maker: Nespresso"", ""Breakfast""]",$114.00,2,1125,2,2,1125,1125,2.0,1125.0,,t,0,0,0,95,2025-09-27,30,3,0,0,3,18,2052,2020-11-05,2024-12-24,4.87,4.9,4.83,5.0,5.0,4.87,4.87,,t,1,1,0,0,0.50
44450394,https://www.airbnb.com/rooms/44450394,20250927041735,2025-09-27,city scrape,'Mattschoss House c1890' - Barossa comfort & style,"'Mattschoss House' offers a unique place in Barossa Valley's history established in '1890'. Refurbished to reflect it's heritage with clean modern furnishings, a comfortable retreat all year round. Set along the Para River with vineyard views, an array of native birds and the infamous Western Ridge sunsets. Centrally located with great access to some of Barossa's iconic wineries and restaurants, with neighboring wineries just a stones throw from your front door.","Located on the iconic Seppeltsfield Road you are walking distance to neighboring wineries and a short drive to icons like Maggie Beer Farm Shop, Appellation Restaurant, Peter Lehmann Wines, David Franz Wines, and Seppelsfield Winery. The bustling main street of Tanunda is close hosting our Barossa's Tourism hub along with coffee shops, bakeries and retail shops. <br />On Saturdays you can head to our local Farmer's Market for breakie and meet, taste and explore our finest in produce, baked goods, gin, wine and so much more.<br />You wont be short of things to do in the Barossa, head to Barossa.com for all the latest. When considering your travel plan at least a few days, there is so much you wont have time to see it all!",https://a0.muscache.com/pictures/644e083a-1f41-49bc-8201-05d951e96e85.jpg,359107874,https://www.airbnb.com/users/show/359107874,Katelin,2020-07-28,"Nuriootpa, Australia","",N/A,N/A,100%,f,https://a0.muscache.com/im/pictures/user/6fc5fe7d-3865-41a5-a226-305ba3b74995.jpg?aki_policy=profile_small,https://a0.muscache.com/im/pictures/user/6fc5fe7d-3865-41a5-a226-305ba3b74995.jpg?aki_policy=profile_x_medium,,1,1,"['email', 'phone', 'work_email']",t,t,Neighborhood highlights,Nuriootpa,,-34.49398,138.97228,Private room in home,Private room,6,1.5,1.5 baths,3,3,"[""Coffee maker"", ""Lockbox"", ""Heating"", ""Wifi"", ""Dishwasher"", ""Hot water"", ""First aid kit"", ""Dishes and silverware"", ""Garden view"", ""Indoor fireplace"", ""Dryer"", ""Oven"", ""Self check-in"", ""Iron"", ""Kitchen"", ""Stove"", ""TV"", ""Vineyard view"", ""Dedicated workspace"", ""Hangers"", ""Air conditioning"", ""Refrigerator"", ""Private entrance"", ""Washer"", ""Backyard"", ""Fire extinguisher"", ""Cooking basics"", ""Essentials"", ""Microwave"", ""Smoke alarm"", ""Free parking on premises""]",$360.00,2,1125,2,2,1125,1125,2.0,1125.0,,t,17,41,67,73,2025-09-27,25,0,0,73,1,0,0,2020-10-17,2024-05-28,4.8,4.88,4.88,5.0,4.96,4.96,4.76,,t,1,0,1,0,0.42
45092536,https://www.airbnb.com/rooms/45092536,20250927041735,2025-09-27,city scrape,"It's Bonza! Mill About Vineyard, Barossa Valley SA","Relax in an inclusive & wheelchair-accessible studio. A hobby farm in Barossa Valley, near the Adelaide Hills, historic Gawler, 40min to beach. Inspired by Barossa's rustic charm, it features reclaimed corrugated iron walls & roof. Cosy yet spacious & comfortable: queen-size bed, kitchenette, aircon+ceiling fan. Breakfast provisions. Wheelchair ramp, wide doors. Views: vineyard, nature, garden. Picnic area, bush walks, wineries nearby. LGBTQ+ friendly. Ideal romantic escape or a quiet retreat.","We are located in Southern Barossa - offering the best of both the Adelaide Hills and the world-famous Barossa Valley. So much to explore: the wineries, restaurants and cafés, bushwalking and birdwatching in nearby nature reserves, kayaking and fishing at the local water reservoirs, historic sites and cultural events, a swimming pool in Williamstown, farmers markets and so much more ... A pleasant walking trail is just at our northern border - a 20min walk to Williamstown's cafes and shops, in the shade of old gum trees, and you could meet the neighbour's 2 curious alpacas that keep the grass down along the walking path :-)  We have prepared a guidebook and will be happy to suggest some local attractions.",https://a0.muscache.com/pictures/hosting/Hosting-U3RheVN1cHBseUxpc3Rpbmc6NDUwOTI1MzY=/original/d6f5b63f-0d1f-4f4b-9dc4-7a52864af978.png,26657441,https://www.airbnb.com/users/show/26657441,Nelly Stan,2015-01-25,"South Australia, Australia","We are lifelong learners, loving and observing nature and gardens. We like to travel light and visit places with no crowds. We live in the Barossa Valley, South Australia, and have retired from our careers in web management (Nelly) and satellite communications (Stan). Nelly looks after the guest cabin and the gardens, Stan tends our vineyard and makes wine.",within an hour,100%,98%,t,https://a0.muscache.com/im/pictures/user/User/original/87ae2436-cfc6-43ce-9324-f26cd87109c7.jpeg?aki_policy=profile_small,https://a0.muscache.com/im/pictures/user/User/original/87ae2436-cfc6-43ce-9324-f26cd87109c7.jpeg?aki_policy=profile_x_medium,,2,2,"['email', 'phone']",t,t,Neighborhood highlights,Williamstown,,-34.65515,138.8887,Farm stay,Entire home/apt,2,1.0,1 bath,0,1,"[""Ceiling fan"", ""Wifi"", ""Baby bath - available upon request"", ""Dishwasher"", ""EV charger - level 1"", ""Sound system"", ""Long term stays allowed"", ""Hot water"", ""First aid kit"", ""Dishes and silverware"", ""Mosquito net"", ""Barbecue utensils"", ""Outdoor dining area"", ""Free driveway parking on premises \u2013 1 space"", ""Private patio or balcony"", ""Luggage dropoff allowed"", ""Garden view"", ""Bed linens"", ""Books and reading material"", ""Kitchenette"", ""Coffee"", ""Dining table"", ""Iron"", ""AC - split type ductless system"", ""Outdoor furniture"", ""Room-darkening shades"", ""Cleaning products"", ""Pack \u2019n play/Travel crib - available upon request"", ""Shower gel"", ""Extra pillows and blankets"", ""Coffee maker: french press"", ""Free washer \u2013 In unit"", ""Drying rack for clothing"", ""Vineyard view"", ""Booster seat high chair - available upon request"", ""Hangers"", ""Heating - split type ductless system"", ""Carbon monoxide alarm"", ""Private entrance"", ""Clothing storage: dresser"", ""BBQ grill"", ""Single level home"", ""32 inch HDTV with DVD player"", ""Backyard"", ""Shampoo"", ""Fire extinguisher"", ""Cooking basics"", ""Wine glasses"", ""Essentials"", ""Hammock"", ""Pets allowed"", ""Park view"", ""Conditioner"", ""Crib - available upon request"", ""Microwave"", ""Mini fridge"", ""Smoke alarm"", ""Hair dryer"", ""Hot water kettle"", ""Body soap"", ""Toaster"", ""Breakfast""]",$139.00,2,730,1,2,1125,1125,2.0,1125.0,,t,10,31,48,294,2025-09-27,154,26,1,52,32,156,21684,2021-12-31,2025-09-01,4.92,4.95,4.95,4.98,4.97,4.88,4.84,,t,1,1,0,0,3.38
45319838,https://www.airbnb.com/rooms/45319838,20250927041735,2025-09-27,city scrape,"Schomburgk Cottage- Gawler- private, cozy, unique.",This romantic place to stay offers a history all its own.<br /><br />Come and experience what is believed to be the barn which has been converted into a cozy and private space for two. We have tried to retain as many historic features of the cottage while making sure it is modern and comfortable. We still have a lot to do and will continuing works between guests.<br /><br />The cottage has a quirky attic bedroom accessed by a steep set of stairs. Very much like a tiny house. Please keep that in mind when booking.,,https://a0.muscache.com/pictures/hosting/Hosting-45319838/original/34958225-6e41-45e4-8b09-b03255b3ffe3.jpeg,179855375,https://www.airbnb.com/users/show/179855375,Veronica,2018-03-21,"Adelaide, Australia","I’m an avid traveller, it’s my favourite hobby. I love to wander the world to experience new cultures and find new adventures. I am loving hosting as I get to meet new people. Looking forward to sharing my places and meeting fellow travellers.",within an hour,100%,87%,t,https://a0.muscache.com/im/pictures/user/48b5ac29-c885-45f1-8b89-273879d6002c.jpg?aki_policy=profile_small,https://a0.muscache.com/im/pictures/user/48b5ac29-c885-45f1-8b89-273879d6002c.jpg?aki_policy=profile_x_medium,,2,2,"['email', 'phone']",t,t,,Buchfelde,,-34.614,138.69962,Barn,Entire home/apt,2,1.0,1 bath,1,1,"[""Coffee maker"", ""Lockbox"", ""Fire pit"", ""Rice maker"", ""Heating"", ""Long term stays allowed"", ""Hot water"", ""Induction stove"", ""Private backyard \u2013 Not fully fenced"", ""Dishes and silverware"", ""Barbecue utensils"", ""Outdoor dining area"", ""Private patio or balcony"", ""Luggage dropoff allowed"", ""Garden view"", ""Belini single oven"", ""Indoor fireplace: wood-burning"", ""Self check-in"", ""Wifi \u2013 11 Mbps"", ""Coffee"", ""Freezer"", ""Dining table"", ""Iron"", ""Kitchen"", ""AC - split type ductless system"", ""Courtyard view"", ""Outdoor furniture"", ""Private hot tub"", ""Free parking on premises"", ""Free washer \u2013 In unit"", ""Drying rack for clothing"", ""Dedicated workspace"", ""Hangers"", ""60 inch HDTV with Netflix"", ""Refrigerator"", ""Private entrance"", ""BBQ grill"", ""Fire extinguisher"", ""Shampoo"", ""Cooking basics"", ""Wine glasses"", ""Essentials"", ""Pets allowed"", ""Board games"", ""Microwave"", ""Smoke alarm"", ""Hair dryer"", ""Hot water kettle"", ""Toaster""]",$133.00,2,365,2,3,1125,1125,2.0,1125.0,,t,0,0,0,0,2025-09-27,130,41,2,0,46,246,32718,2022-10-21,2025-09-14,4.98,4.95,4.98,4.98,4.99,4.93,4.97,,f,1,1,0,0,3.63
45548496,https://www.airbnb.com/rooms/45548496,20250927041735,2025-09-27,previous scrape,Barossa Lofts & Wood Oven Pizza Restaurant,"Barossa Lofts is located on Grand Cru Estate, a picturesque working farm and winery. Enjoy all the house and estate has to offer.  Take a walk around the scenic gardens and enjoy weekend dining in our Wood Oven Pizza Restaurant. <br />A fully equipped kitchen, large indoor and out door entertaining areas offer the perfect setting for fun and relaxation with family and friends. The house has a huge selection of movies to watch. Just perfect for relaxing and unwinding in front of the fireplace.","Located a few minutes drive from Springton, 8mins from Mt Pleasant and 15mins from Birdwood. It is recommended that you bring supplies (outside the basic that is supplied) for your ease of stay. Alternate a short drive to Birdwood will see you sorted at the local supermarket.",https://a0.muscache.com/pictures/5ea09a63-add5-4977-afa5-d8258dcdf051.jpg,198156088,https://www.airbnb.com/users/show/198156088,Jane,2018-06-26,"South Australia, Australia","",N/A,N/A,N/A,f,https://a0.muscache.com/im/pictures/user/deb7e4ca-b3bf-4be2-a604-4f553b7f9ffc.jpg?aki_policy=profile_small,https://a0.muscache.com/im/pictures/user/deb7e4ca-b3bf-4be2-a604-4f553b7f9ffc.jpg?aki_policy=profile_x_medium,,3,3,"['email', 'phone']",t,t,Neighborhood highlights,Springton,,-34.72354,139.06653,Entire home,Entire home/apt,8,,1 bath,3,,"[""Ceiling fan"", ""Heating"", ""Long term stays allowed"", ""Hot water"", ""First aid kit"", ""Dishes and silverware"", ""Barbecue utensils"", ""Luggage dropoff allowed"", ""Patio or balcony"", ""Indoor fireplace"", ""Dryer"", ""Oven"", ""Freezer"", ""Iron"", ""Kitchen"", ""Stove"", ""Shower gel"", ""Extra pillows and blankets"", ""TV"", ""Refrigerator"", ""Hangers"", ""Private entrance"", ""BBQ grill"", ""Washer"", ""Backyard"", ""Fire extinguisher"", ""Shampoo"", ""Cooking basics"", ""Essentials"", ""Conditioner"", ""Microwave"", ""Smoke alarm"", ""Hair dryer"", ""Free parking on premises"", ""Body soap""]",,2,365,2,2,1125,1125,2.0,1125.0,,t,0,0,0,0,2025-09-27,2,0,0,0,0,0,,2020-10-04,2020-10-04,5.0,5.0,5.0,5.0,5.0,5.0,5.0,,t,3,3,0,0,0.03
45693523,https://www.airbnb.com/rooms/45693523,20250927041735,2025-09-27,city scrape,Old Barossa Valley Inn & Bakery-Entire Main House!,"Walk to Gather Round! Historic Lyndoch, is less than 1 hour drive from Adelaide CBD. Great place to base yourself for a relaxing food, wine, romantic or family getaway. Extremely comfortable private house with all amenities, in this unique 1850’s colonial building. Price is for 2 guests (no extra cleaning fee). Additional guests (any over 2yo) $25/person/night. ‘Gather Round’ & entertain in your own Bar in the original Front Bar of the Inn (BYO drinks). Tanunda, Nuriootpa & Angaston are nearby.","Lyndoch is the 'Gateway' to the Barossa Valley/ The residence gives you local ambience and history whilst providing a touch of luxury (enjoy the wonderful king-sized four poster-bed!). You have the opportunity to explore this vibrant foor and wine region, with the main Barossa towns - Tanunda, Nuriootpa and Angaston, all an easy drive away. Wineries and boutique shopping abounds in the area around the BnB. The bicycle track from Angaston to Gawler and beyond, passes nearby. Our BnB is a great starting point for your cycling adventure.",https://a0.muscache.com/pictures/hosting/Hosting-45693523/original/7164004e-c094-4f48-b5d6-a94bed83c0e8.jpeg,92198370,https://www.airbnb.com/users/show/92198370,Heather,2016-08-27,"Lyndoch, Australia","Local Barossa family. Heather & husband Gordon together, offer you this accommodation in one of the historic buildings from the 1850s, in Lyndoch. Lovingly preserved and decorated, we hope our guests will relax and enjoy their stay. We’d be pleased to show you the original bakers oven which served the town for around 60 years. We live nearby and can respond to any requests, or can leave you to enjoy the serenity and luxury of our little piece of paradise!
We enjoy travel ourselves and experiencing AirBnB’s all over the world. Our guests come from all states of Australia, but also from nearly every continent, so it is a great pleasure to host  our guests from all walks of life. 
Enjoy all the Barossa Valley has to offer by basing yourself in Lyndoch with us. We particularly welcome our fellow South Australian residents, to enjoy some local tastes and experiences which are easily accessible, thoroughly delectable and exciting or relaxing - the choice is yours!",within an hour,100%,100%,t,https://a0.muscache.com/im/pictures/user/2afd8940-fae6-4322-a250-bc39c9fa5242.jpg?aki_policy=profile_small,https://a0.muscache.com/im/pictures/user/2afd8940-fae6-4322-a250-bc39c9fa5242.jpg?aki_policy=profile_x_medium,,2,2,"['email', 'phone']",t,t,Neighborhood highlights,Lyndoch,,-34.60219,138.88697,Entire home,Entire home/apt,5,1.0,1 bath,3,3,"[""Lockbox"", ""Stainless steel oven"", ""Free dryer \u2013 In unit"", ""Outlet covers"", ""Wifi"", ""Baby bath - available upon request"", ""Dishwasher"", ""Coffee maker: french press, Nespresso, pour-over coffee"", ""Sound system"", ""Hot water"", ""Gas stove"", ""First aid kit"", ""Dishes and silverware"", ""Mosquito net"", ""Paid pack \u2019n play/travel crib - available upon request"", ""Barbecue utensils"", ""Fireplace guards"", ""Outdoor dining area"", ""Private patio or balcony"", ""Luggage dropoff allowed"", ""Garden view"", ""Bed linens"", ""60 inch HDTV with Amazon Prime Video, Netflix"", ""Books and reading material"", ""Children\u2019s dinnerware"", ""Indoor fireplace: wood-burning"", ""Coffee"", ""Self check-in"", ""Paid folding or convertible high chair - available upon request"", ""Freezer"", ""Dining table"", ""Iron"", ""Kitchen"", ""Clothing storage: closet, wardrobe, and dresser"", ""Outdoor furniture"", ""Central air conditioning"", ""Central heating"", ""Room-darkening shades"", ""Cleaning products"", ""BBQ grill: gas"", ""Shower gel"", ""Extra pillows and blankets"", ""Changing table - available upon request"", ""Blender"", ""Free washer \u2013 In unit"", ""Bathtub"", ""Drying rack for clothing"", ""Dedicated workspace"", ""Hangers"", ""Baking sheet"", ""Private entrance"", ""Backyard"", ""Shampoo"", ""Fire extinguisher"", ""Cooking basics"", ""Wine glasses"", ""Essentials"", ""Samsung refrigerator"", ""Baby safety gates"", ""Board games"", ""Conditioner"", ""Microwave"", ""Free street parking"", ""Portable fans"", ""Smoke alarm"", ""Hair dryer"", ""Hot water kettle"", ""Body soap"", ""Toaster"", ""Breakfast""]",$270.00,2,28,2,3,1125,1125,2.0,1125.0,,t,10,29,59,235,2025-09-27,83,8,0,65,10,48,12960,2020-10-17,2025-08-25,4.99,5.0,4.98,5.0,5.0,4.89,4.95,,f,2,2,0,0,1.38
45714238,https://www.airbnb.com/rooms/45714238,20250927041735,2025-09-27,previous scrape,Barossa Loft Stay & Wood Oven Pizza Restaurant,"Barossa Loft Stay is located on Grand Cru Estate, a picturesque working farm and winery. Enjoy all the house and estate has to offer. Take a walk around the scenic gardens/grounds and enjoy weekend dining in our Wood Oven Pizza Restaurant. A fully equipped kitchen and large indoor and outdoor entertaining areas offer the perfect setting for fun and relaxation. The house has a huge selection of movies to watch. Just perfect for relaxing and unwinding in front of the fireplace.","Located a few minutes drive from Springton, 8mins from Mt Pleasant and 15mins from Birdwood. It is recommended that you bring supplies (outside the basic that is supplied) for your ease of stay. Alternate a short drive to Birdwood will see you sorted at the local supermarket.",https://a0.muscache.com/pictures/5ea09a63-add5-4977-afa5-d8258dcdf051.jpg,198156088,https://www.airbnb.com/users/show/198156088,Jane,2018-06-26,"South Australia, Australia","",N/A,N/A,N/A,f,https://a0.muscache.com/im/pictures/user/deb7e4ca-b3bf-4be2-a604-4f553b7f9ffc.jpg?aki_policy=profile_small,https://a0.muscache.com/im/pictures/user/deb7e4ca-b3bf-4be2-a604-4f553b7f9ffc.jpg?aki_policy=profile_x_medium,,3,3,"['email', 'phone']",t,t,Neighborhood highlights,Springton,,-34.72339,139.06674,Entire home,Entire home/apt,2,,1 bath,1,,"[""Ceiling fan"", ""Heating"", ""Long term stays allowed"", ""Hot water"", ""First aid kit"", ""Dishes and silverware"", ""Barbecue utensils"", ""Luggage dropoff allowed"", ""Patio or balcony"", ""Indoor fireplace"", ""Dryer"", ""Oven"", ""Freezer"", ""Iron"", ""Kitchen"", ""Stove"", ""Shower gel"", ""Extra pillows and blankets"", ""TV"", ""Refrigerator"", ""Hangers"", ""Private entrance"", ""BBQ grill"", ""Washer"", ""Backyard"", ""Fire extinguisher"", ""Shampoo"", ""Cooking basics"", ""Essentials"", ""Conditioner"", ""Microwave"", ""Smoke alarm"", ""Hair dryer"", ""Free parking on premises"", ""Body soap""]",,1,1125,1,1,1125,1125,1.0,1125.0,,t,0,0,0,0,2025-09-27,32,0,0,0,0,0,,2020-10-24,2022-01-01,4.97,4.88,4.91,4.91,4.88,4.91,4.97,,t,3,3,0,0,0.53
45714531,https://www.airbnb.com/rooms/45714531,20250927041735,2025-09-27,previous scrape,Barossa Double Lofts & Wood Oven Pizza Restaurant,"Barossa Double Lofts is located on Grand Cru Estate, a picturesque working farm and winery. Enjoy all the house and estate has to offer. Take a walk around the scenic gardens and enjoy weekend dining in our Wood Oven Pizza Restaurant.<br />A fully equipped kitchen, large indoor and outdoor entertaining areas offer the perfect setting for fun and relaxation with family and friends. The house has a huge selection of movies to watch. Just perfect for relaxing and unwinding in front of the fireplace.","Located a few minutes drive from Springton, 8mins from Mt Pleasant and 15mins from Birdwood. It is recommended that you bring supplies (outside the basic that is supplied) for your ease of stay. Alternate a short drive to Birdwood will see you sorted at the local supermarket.",https://a0.muscache.com/pictures/5ea09a63-add5-4977-afa5-d8258dcdf051.jpg,198156088,https://www.airbnb.com/users/show/198156088,Jane,2018-06-26,"South Australia, Australia","",N/A,N/A,N/A,f,https://a0.muscache.com/im/pictures/user/deb7e4ca-b3bf-4be2-a604-4f553b7f9ffc.jpg?aki_policy=profile_small,https://a0.muscache.com/im/pictures/user/deb7e4ca-b3bf-4be2-a604-4f553b7f9ffc.jpg?aki_policy=profile_x_medium,,3,3,"['email', 'phone']",t,t,Neighborhood highlights,Springton,,-34.72344,139.06642,Entire home,Entire home/apt,4,,1 bath,2,,"[""Ceiling fan"", ""Heating"", ""Long term stays allowed"", ""Hot water"", ""First aid kit"", ""Dishes and silverware"", ""Barbecue utensils"", ""Private patio or balcony"", ""Luggage dropoff allowed"", ""Indoor fireplace"", ""Dryer"", ""Oven"", ""Freezer"", ""Iron"", ""Kitchen"", ""Stove"", ""Shower gel"", ""Extra pillows and blankets"", ""TV"", ""Refrigerator"", ""Hangers"", ""Private entrance"", ""BBQ grill"", ""Washer"", ""Backyard"", ""Fire extinguisher"", ""Shampoo"", ""Cooking basics"", ""Essentials"", ""Conditioner"", ""Microwave"", ""Host greets you"", ""Smoke alarm"", ""Hair dryer"", ""Free parking on premises"", ""Body soap""]",,1,1125,1,1,1125,1125,1.0,1125.0,,t,0,0,0,0,2025-09-27,4,0,0,0,0,0,,2021-04-02,2022-01-14,5.0,5.0,5.0,5.0,5.0,5.0,5.0,,t,3,3,0,0,0.07
45772254,https://www.airbnb.com/rooms/45772254,20250927041735,2025-09-27,city scrape,Halletts Valley Hideaway,"Charmaine and Steve are the hosts at Halletts Valley Hideaway - a luxurious self-contained cottage tucked away amidst vineyards on the outskirts of Tanunda, in the heart of the beautiful Barossa Valley. The property was rebuilt from the ground up in 2017, blending original timber beams and local stone with contemporary design to offer guests a haven of peace and comfort. Enjoy panoramic views of rolling hills, spectacular Barossa sunsets, kangaroos amongst the vines and blue wrens on the lawn.","Barossa Wineries…<br /><br />The Barossa has a winemaking tradition stretching back to 1842 and, having escaped the ravages of the phylloxera virus that decimated many European and Australian vineyards in the nineteenth century, is home to some of the world’s oldest vines still in production. Today, the region is home to more than 150 wineries and 80-plus cellar doors. Whilst producers range from large-scale global operations to small-batch artisans they all retain a distinctly local character and visitors can be assured a warm welcome. The local tourist  board provides a comprehensive guide to the region’s wine here. Here’s a few of our favourites (in no particular order):<br /><br />Artisans of Barossa:  a group of eight family-owned winemakers who share a tasting room on Murray Street, Tanunda – Hobbs of Barossa Ranges, John Duval Wines, Sons of Eden, Schwarz Wine Co, Purple Hands Wines, Spinifex, Lienert Vineyards and Chaffey Bros Wine Co.<br /><br />Izway:  a ten-minute drive from",https://a0.muscache.com/pictures/miso/Hosting-45772254/original/68340b76-d312-4657-b19c-c0f5ff5a16b6.jpeg,362336116,https://www.airbnb.com/users/show/362336116,Charmaine,2020-08-14,"Tanunda, Australia","",within an hour,100%,98%,t,https://a0.muscache.com/im/pictures/user/eb546501-54cc-46c7-8566-00ec0b9df28e.jpg?aki_policy=profile_small,https://a0.muscache.com/im/pictures/user/eb546501-54cc-46c7-8566-00ec0b9df28e.jpg?aki_policy=profile_x_medium,,1,1,"['email', 'phone']",t,t,Neighborhood highlights,Tanunda,,-34.5381,138.9373,Entire cottage,Entire home/apt,2,1.5,1.5 baths,1,1,"[""Heating"", ""Wifi"", ""Dishwasher"", ""Coffee maker: Nespresso"", ""JBL Bluetooth sound system"", ""Long term stays allowed"", ""Hot water"", ""First aid kit"", ""Vasse Virgin shampoo"", ""Dishes and silverware"", ""Outdoor dining area"", ""Luggage dropoff allowed"", ""Garden view"", ""Bed linens"", ""Books and reading material"", ""Patio or balcony"", ""Indoor fireplace"", ""Oven"", ""Coffee"", ""Freezer"", ""Dining table"", ""Iron"", ""TV with Netflix"", ""Kitchen"", ""Outdoor furniture"", ""Stove"", ""Cleaning products"", ""Shower gel"", ""Extra pillows and blankets"", ""Free parking on premises"", ""Carbon monoxide alarm"", ""Vineyard view"", ""Refrigerator"", ""Hangers"", ""Air conditioning"", ""Private entrance"", ""Vasse Virgin conditioner"", ""Laundromat nearby"", ""Backyard"", ""Fire extinguisher"", ""Cooking basics"", ""Wine glasses"", ""Essentials"", ""Microwave"", ""Vasse Virgin body soap"", ""Smoke alarm"", ""Hair dryer"", ""Hot water kettle"", ""Single level home"", ""Toaster"", ""Breakfast""]",$325.00,2,14,2,3,14,14,2.0,14.0,,t,8,21,40,271,2025-09-27,321,63,2,42,74,255,82875,2020-12-21,2025-09-25,4.99,4.98,4.99,4.99,4.99,4.98,4.93,,f,1,1,0,0,5.53
46128155,https://www.airbnb.com/rooms/46128155,20250927041735,2025-09-27,city scrape,Seppeltsfield Vineyard Retreat - Barossa getaway,"Set in the vineyards and gardens of Seize the Day wine estate, our three bedroom house offers relaxed, premium accommodation for up to 6 adults in modern country style<br />Explore, relax, unwind, share good food, wine & company. Walking distance to Hentley Farm, a stone’s throw from Seppeltsfield Winery & many local boutique cellar doors, restaurants, Gin Distillery & other attractions along iconic Seppeltsfield Road, the perfect base for you to enjoy your Barossa experience. *children over 12 only","Located just off the iconic Seppeltsfield Road.. We are uniquely positioned with the amazing neighbours we have. The Barossa is known for its food, wine, music, heritage and hospitality and along Seppeltsfield Road we offer this in spades!! Apart from our visually beautiful location with vineyards and rolling hills, we are surrounded by boutique cellars doors, three of the Barossa's best restaurants and the iconic winery Seppeltsfield Estate. Here they offer not only bespoke wine tours including tasting a 100 year old Tawny and a heritage winery tour,  but also house the acclaimed FINO restaurant,  and the Jam Factory studio with artisans in residence. These include a knifemaker, milliner, shoe maker, jewellery makers and potters.  You will also find Octeine Coffee Cafe, and Vasse Virgin who make luxe Olive oil body and food products.<br />Other wineries include Hentley Farm ( which is right next door to us), Izway Wines, Barossa Valley Estate, Two Hands, Greenock Creek Wines, Kalleske",https://a0.muscache.com/pictures/b3fe391b-56c0-4842-8782-e44c9691598b.jpg,77871395,https://www.airbnb.com/users/show/77871395,Wendy,2016-06-15,,"Introducing people to all of the amazing things the Barossa has to offer is what we love to do.  We love the ever changing culture of the Barossa, the friendly community feel and sharing with guests local knowledge and the best kept secrets of this wonderful region.",within an hour,100%,100%,t,https://a0.muscache.com/im/pictures/user/User/original/6a55b231-f1a4-459e-b3dc-e0fa299d0d78.jpeg?aki_policy=profile_small,https://a0.muscache.com/im/pictures/user/User/original/6a55b231-f1a4-459e-b3dc-e0fa299d0d78.jpeg?aki_policy=profile_x_medium,,2,2,"['email', 'phone']",t,t,Neighborhood highlights,Marananga,,-34.48787,138.90777,Entire home,Entire home/apt,6,2.5,2.5 baths,3,3,"[""Lockbox"", ""Ceiling fan"", ""Fire pit"", ""Rice maker"", ""Wifi"", ""Dishwasher"", ""Coffee maker: Nespresso"", ""Crib"", ""Hot water"", ""Molton Brown shampoo"", ""Induction stove"", ""First aid kit"", ""Dishes and silverware"", ""Barbecue utensils"", ""Outdoor dining area"", ""Fireplace guards"", ""55 inch HDTV with Netflix, standard cable"", ""Private patio or balcony"", ""Luggage dropoff allowed"", ""Garden view"", ""Bed linens"", ""Electrolux stainless steel oven"", ""Free dryer \u2013 In building"", ""Indoor fireplace: wood-burning"", ""Self check-in"", ""Coffee"", ""Pack \u2019n play/Travel crib"", ""Freezer"", ""Dining table"", ""Iron"", ""Kitchen"", ""Fisher Paykel  refrigerator"", ""Outdoor furniture"", ""Molton Brown conditioner"", ""Central air conditioning"", ""Private backyard \u2013 Fully fenced"", ""Central heating"", ""Cleaning products"", ""Vasse Virgin Seppeltsfield body soap"", ""Shower gel"", ""Free parking on premises"", ""Free washer \u2013 In unit"", ""Bathtub"", ""Vineyard view"", ""Dedicated workspace"", ""Hangers"", ""Private entrance"", ""BBQ grill"", ""Clothing storage: walk-in closet and dresser"", ""Fire extinguisher"", ""Cooking basics"", ""Wine glasses"", ""Essentials"", ""Children\u2019s books and toys"", ""Microwave"", ""Smoke alarm"", ""Hair dryer"", ""Hot water kettle"", ""Single level home"", ""Toaster"", ""BOSE Bluetooth sound system"", ""Breakfast""]",$585.00,1,1125,1,2,2,1125,1.8,284.6,,t,17,33,51,288,2025-09-27,81,14,1,55,23,84,49140,2021-04-10,2025-09-14,5.0,4.98,4.99,4.96,4.98,4.99,4.9,,t,2,2,0,0,1.49
46129812,https://www.airbnb.com/rooms/46129812,20250927041735,2025-09-27,previous scrape,Chinner Cottage on Park,"Chinner Cottage is located in one on the cutest towns in the Barossa, Angaston. Just a short walk (500m) to the Main Street.<br />The cute cottage is quaint while fully equipped with all you need for a wine and food getaway.<br />Breakfast provisions are supplied on the first day, however you’ll likely want to explore the nearby cafes such as Otherness, Hive and Casa Carboni. The front yard overlooks the town’s oval and tennis courts.<br />Please note this cottage does NOT accept infants, children and pets.","Angaston is one of the cutest towns in the Barossa. <br /><br />There are plenty of wineries to discover - Home to Yalumba and close by are Flaxman, Poonawatta, Hutton Vale and  Henschke.<br /><br />Also home to Barossa Valley Cheese Company, Casa Carboni Cooking School, Otherness Wines and Vintners, a must for lunch or dinner.<br /><br />On weekends the Doddridge Blacksmith Shop & Museum is open.",https://a0.muscache.com/pictures/b8c21ed5-2f87-40ea-9b3e-0b7eb0383765.jpg,13831555,https://www.airbnb.com/users/show/13831555,Lisa,2014-04-02,"Adelaide, Australia","",N/A,N/A,N/A,f,https://a0.muscache.com/im/pictures/user/d91484da-518f-4f83-9264-f124ea4bb476.jpg?aki_policy=profile_small,https://a0.muscache.com/im/pictures/user/d91484da-518f-4f83-9264-f124ea4bb476.jpg?aki_policy=profile_x_medium,,1,1,"['email', 'phone']",t,t,Neighborhood highlights,Angaston,,-34.50514,139.04539,Entire cottage,Entire home/apt,4,,1 bath,2,,"[""Lockbox"", ""Hot water"", ""Hot water kettle"", ""Private backyard \u2013 Not fully fenced"", ""First aid kit"", ""Dishes and silverware"", ""Outdoor dining area"", ""Clothing storage: wardrobe"", ""Private patio or balcony"", ""Garden view"", ""Bed linens"", ""Free washer \u2013 In building"", ""Books and reading material"", ""Self check-in"", ""Coffee"", ""Freezer"", ""Dining table"", ""Iron"", ""Kitchen"", ""AC - split type ductless system"", ""Outdoor furniture"", ""Central heating"", ""Room-darkening shades"", ""Cleaning products"", ""Thank you body soap"", ""Extra pillows and blankets"", ""Blender"", ""Free parking on premises"", ""Bathtub"", ""Drying rack for clothing"", ""Refrigerator"", ""Hangers"", ""Private entrance"", ""Indoor fireplace: electric"", ""BBQ grill"", ""Fire extinguisher"", ""Cooking basics"", ""Wine glasses"", ""Essentials"", ""Bed Head conditioner"", ""Electric stove"", ""Park view"", ""Board games"", ""Microwave"", ""20 inch TV"", ""Smoke alarm"", ""Hair dryer"", ""Sukin shampoo"", ""Exercise equipment"", ""Single level home"", ""Toaster"", ""Breakfast""]",,2,12,2,2,1125,1125,2.0,1125.0,,t,0,0,0,0,2025-09-27,43,0,0,0,0,0,,2022-04-10,2023-09-30,4.93,5.0,5.0,5.0,5.0,4.98,4.86,,t,1,1,0,0,1.02
47117855,https://www.airbnb.com/rooms/47117855,20250927041735,2025-09-27,city scrape,Peaceful 2br cottage in the 🖤 of Angaston,"Plum Cottage is a renovated 1940’s miner’s cottage, centrally located in Angaston for a peaceful getaway to Barossa.","The cottage is on a quiet local street, 5 minutes walk from the main street of Angaston and its shops, supermarket, cafes, bakeries, pubs, restaurants, Casa Carboni cooking school and the Barossa Valley Cheese Company. <br /><br />Angaston is surrounded by vineyards, fields and gums. Excellent access to Barossa wineries, the Angaston to Nuriootpa cycle track, the undulating hills of Barossa’s high country, our fabulous Barossa Farmer’s market, and the multi award winning Vintners Bar & Grill.",https://a0.muscache.com/pictures/844ce91e-d5fa-4bd6-a2ae-3f334ceaea0b.jpg,5100298,https://www.airbnb.com/users/show/5100298,Adele,2013-02-15,,"Hi! I'm a 30-something who's recently moved back home to South Australia after time in Sydney and London. I enjoy rock climbing, swimming, reading, cycling, skiing, coffee, tea, food and wine.
",within an hour,100%,100%,f,https://a0.muscache.com/im/pictures/user/af2d6bf9-aed9-499f-9b17-05553ff2dd3a.jpg?aki_policy=profile_small,https://a0.muscache.com/im/pictures/user/af2d6bf9-aed9-499f-9b17-05553ff2dd3a.jpg?aki_policy=profile_x_medium,,2,4,"['email', 'phone', 'work_email']",t,t,Neighborhood highlights,Angaston,,-34.50367,139.04674,Entire cottage,Entire home/apt,4,1.0,1 bath,2,2,"[""Heating"", ""Dishwasher"", ""Hot water"", ""Dishes and silverware"", ""Barbecue utensils"", ""Outdoor dining area"", ""Private patio or balcony"", ""Luggage dropoff allowed"", ""Bed linens"", ""Books and reading material"", ""Indoor fireplace"", ""Oven"", ""Coffee"", ""Freezer"", ""Dining table"", ""Iron"", ""Kitchen"", ""Outdoor furniture"", ""Stove"", ""BBQ grill: gas"", ""Shower gel"", ""Free parking on premises"", ""Carbon monoxide alarm"", ""Bathtub"", ""Refrigerator"", ""Hangers"", ""Air conditioning"", ""Baking sheet"", ""Private entrance"", ""Single level home"", ""Washer"", ""Backyard"", ""Shampoo"", ""Cooking basics"", ""Wine glasses"", ""Essentials"", ""Pets allowed"", ""Conditioner"", ""Microwave"", ""Clothing storage"", ""Smoke alarm"", ""Free street parking"", ""Hair dryer"", ""Hot water kettle"", ""Body soap"", ""Toaster""]",$182.00,2,365,1,4,365,365,1.7,365.0,,t,9,26,52,298,2025-09-27,127,24,1,52,31,144,26208,2021-01-03,2025-09-07,4.74,4.78,4.82,4.94,4.94,4.87,4.71,,f,2,2,0,0,2.20
47449065,https://www.airbnb.com/rooms/47449065,20250927041735,2025-09-27,city scrape,LYNDOCH GRAND VILLA IN BAROSSA VILLAGE SLEEPS 14,"Lyndoch Grand is located at the gateway to the Barossa Valley and this c1855 heritage-listed property is perfectly suited for large groups. It is fully self-contained with 7 bedrooms, 5 living rooms and 3.5 bathrooms. You'll have exclusive use of the entire house, conveniently located in the heart of Lyndoch village and a short walk to restaurants, wineries, shops and galleries. With space, elegance and natural surrounds, it's the perfect base from which to explore the Barossa region","Lyndoch is one of South Australia's oldest towns and is the gateway to the world famous Barossa Valley, just 56km north of Adelaide. It was the first Barossa town settled and the first vines were planted here. It still retains a quiet village feel, with the local hotel, supermarket, traditional butcher, bakery, library and post office a two minute walk away. Surrounded by vineyards and glorious red gums, Lyndoch is an ideal base for exploring all the Barossa has to offer.",https://a0.muscache.com/pictures/a16b6fdf-ea96-44a0-bb6f-86f50fa5c74f.jpg,48998930,https://www.airbnb.com/users/show/48998930,Darren,2015-11-14,"Lyndoch, Australia","I'm a self-employed musician and antique dealer. I'm outgoing, energetic and optimistic, with a keen sense of humour. I love my family, socialising with friends, hunting for interesting antique and vintage items and playing music. I enjoy cooking, especially Italian and Mexican food, and don't mind a nice cold beer.  ",within an hour,100%,100%,f,https://a0.muscache.com/im/pictures/user/557920c3-36f3-4272-9722-34036df8b173.jpg?aki_policy=profile_small,https://a0.muscache.com/im/pictures/user/557920c3-36f3-4272-9722-34036df8b173.jpg?aki_policy=profile_x_medium,,1,2,"['email', 'phone']",t,t,Neighborhood highlights,Lyndoch,,-34.60082,138.88778,Entire villa,Entire home/apt,14,3.5,3.5 baths,7,11,"[""Valley view"", ""Ceiling fan"", ""Clothing storage: walk-in closet and wardrobe"", ""Wifi"", ""Standalone high chair - available upon request"", ""Dishwasher"", ""Long term stays allowed"", ""Hot water"", ""First aid kit"", ""Dishes and silverware"", ""Barbecue utensils"", ""Outdoor dining area"", ""Fireplace guards"", ""Private patio or balcony"", ""Luggage dropoff allowed"", ""Garden view"", ""Bed linens"", ""Books and reading material"", ""Dryer"", ""Oven"", ""Indoor fireplace: wood-burning"", ""Coffee"", ""Freezer"", ""Dining table"", ""Iron"", ""Kitchen"", ""Outdoor furniture"", ""Pocket wifi"", ""Falcon gas stove"", ""Central heating"", ""Room-darkening shades"", ""Private backyard \u2013 Fully fenced"", ""Cleaning products"", ""Pack \u2019n play/Travel crib - available upon request"", ""BBQ grill: gas"", ""Shower gel"", ""Extra pillows and blankets"", ""Coffee maker: french press"", ""Free parking on premises"", ""Bathtub"", ""Vineyard view"", ""TV"", ""Hangers"", ""Pool table"", ""Air conditioning"", ""Dedicated workspace"", ""Refrigerator"", ""Baking sheet"", ""Private entrance"", ""Washer"", ""Shampoo"", ""Fire extinguisher"", ""Cooking basics"", ""Wine glasses"", ""Essentials"", ""Sun loungers"", ""Baby safety gates"", ""Board games"", ""Conditioner"", ""Crib - available upon request"", ""Microwave"", ""Mini fridge"", ""Free street parking"", ""Portable fans"", ""Smoke alarm"", ""Hair dryer"", ""Host greets you"", ""Hot water kettle"", ""Body soap"", ""Toaster""]",$806.00,2,1125,2,2,1125,1125,2.0,1125.0,,t,22,46,71,342,2025-09-27,40,7,2,77,3,42,33852,2021-10-04,2025-09-15,5.0,4.98,5.0,5.0,4.98,5.0,4.85,,t,1,1,0,0,0.82
47925036,https://www.airbnb.com/rooms/47925036,20250927041735,2025-09-27,city scrape,Whiterocks Barossa – Wine Country Getaway,"Whiterocks is a 1935 heritage sandstone and red brick bungalow in the heart of Tanunda, perfectly located within walking distance to cafés, cellar doors, and boutique shops. Three generous bedrooms (king + 2 queens) feature bay windows and ornate fireplaces; a snug converts to a fourth bedroom with a sofa bed. Two bathrooms include underfloor heating and one with a deep bath. Relax in the lounge by the fire, enjoy wine, and immerse yourself in the Barossa lifestyle.",,https://a0.muscache.com/pictures/prohost-api/Hosting-47925036/original/c9bc35ae-a0aa-472e-a44c-afa2cab12a56.jpeg,53620255,https://www.airbnb.com/users/show/53620255,Peter,2016-01-06,"North Richmond, Australia","",N/A,N/A,N/A,f,https://a0.muscache.com/im/pictures/user/fadb9501-794f-4f09-bca3-8c0b090e5b73.jpg?aki_policy=profile_small,https://a0.muscache.com/im/pictures/user/fadb9501-794f-4f09-bca3-8c0b090e5b73.jpg?aki_policy=profile_x_medium,,1,1,"['email', 'phone']",t,t,,Tanunda,,-34.52364,138.9582,Entire home,Entire home/apt,8,2.0,2 baths,4,4,"[""Lockbox"", ""Free dryer \u2013 In unit"", ""Wifi"", ""Dishwasher"", ""Coffee maker: Nespresso"", ""Long term stays allowed"", ""Hot water"", ""First aid kit"", ""VassVirgin or similar  conditioner"", ""Dishes and silverware"", ""Barbecue utensils"", ""Outdoor dining area"", ""Clothing storage: wardrobe"", ""Private patio or balcony"", ""Bose Bluetooth sound system"", ""Bed linens"", ""Indoor fireplace: wood-burning"", ""Self check-in"", ""Coffee"", ""VassVirgin or similar  body soap"", ""Freezer"", ""Dining table"", ""Iron"", ""Kitchen"", ""Outdoor furniture"", ""Central air conditioning"", ""Stove"", ""Central heating"", ""Room-darkening shades"", ""Private backyard \u2013 Fully fenced"", ""Cleaning products"", ""Private BBQ grill: gas"", ""Shower gel"", ""Extra pillows and blankets"", ""Free carport on premises \u2013 2 spaces"", ""Free washer \u2013 In unit"", ""Bathtub"", ""Drying rack for clothing"", ""Carbon monoxide alarm"", ""Hangers"", ""Refrigerator"", ""Baking sheet"", ""Private entrance"", ""Laundromat nearby"", ""Fire extinguisher"", ""Cooking basics"", ""Wine glasses"", ""VassVirgin shampoo"", ""Essentials"", ""Board games"", ""42 inch TV with Netflix"", ""Crib - available upon request"", ""Microwave"", ""Free street parking"", ""Portable fans"", ""Smoke alarm"", ""Hair dryer"", ""Exterior security cameras on property"", ""Bosch single oven"", ""Hot water kettle"", ""Single level home"", ""Toaster""]",$750.00,2,1125,2,2,2,1125,2.0,104.0,,t,16,43,73,342,2025-09-27,29,2,0,79,3,12,9000,2022-03-07,2025-07-16,5.0,5.0,5.0,5.0,5.0,5.0,4.83,,t,1,1,0,0,0.67
48161724,https://www.airbnb.com/rooms/48161724,20250927041735,2025-09-27,city scrape,The Cottage at Riverside Farm,"A beautiful, secluded, self contained cottage in the Barossa Valley overlooking the North Para River. There are many places to walk, picnic or simply enjoy the view. All modern amenities included and sleeps up to 4 people. A couple of minutes away from Chateau Yaldara, the Lyndoch Hill Restaurant and the Lyndoch main street. Only a few minutes more to Tanunda and the other wineries and restaurants in the Barossa Valley.",,https://a0.muscache.com/pictures/57f84815-80c4-4d2d-82c6-d020e32c53f0.jpg,308444810,https://www.airbnb.com/users/show/308444810,Louise,2019-11-10,"Lyndoch, Australia","",N/A,N/A,100%,f,https://a0.muscache.com/im/pictures/user/a2423988-70fb-4280-91b0-f727b75db79f.jpg?aki_policy=profile_small,https://a0.muscache.com/im/pictures/user/a2423988-70fb-4280-91b0-f727b75db79f.jpg?aki_policy=profile_x_medium,,1,2,"['phone', 'work_email']",t,t,,Lyndoch,,-34.57875,138.89419,Entire cottage,Entire home/apt,4,1.5,1.5 baths,2,2,"[""Essentials"", ""Dishes and silverware"", ""Dryer"", ""TV"", ""Heating"", ""Carbon monoxide alarm"", ""Hangers"", ""Air conditioning"", ""Smoke alarm"", ""Private entrance"", ""Hair dryer"", ""Iron"", ""Kitchen"", ""Free parking on premises"", ""First aid kit"", ""Washer""]",$270.00,2,1125,2,2,1125,1125,2.0,1125.0,,t,0,0,0,238,2025-09-27,2,1,0,0,0,6,1620,2021-04-14,2025-04-15,5.0,5.0,4.5,5.0,5.0,5.0,4.5,,f,1,1,0,0,0.04
48248462,https://www.airbnb.com/rooms/48248462,20250927041735,2025-09-27,city scrape,Peaceful 3br cottage in the 🖤 of Angaston,"Plum Cottage is a renovated 1940’s miner’s cottage, centrally located in Angaston for a peaceful getaway to Barossa.","The cottage is on a quiet local street, 5 minutes walk from the main street of Angaston and its shops, supermarket, cafes, bakeries, pubs, restaurants, Casa Carboni cooking school and the Barossa Valley Cheese Company. <br /><br />Angaston is surrounded by vineyards, fields and gums. Excellent access to Barossa wineries, the Angaston to Nuriootpa cycle track, the undulating hills of Barossa’s high country, our fabulous Barossa Farmer’s market, and the multi award winning Vintners Bar & Grill.",https://a0.muscache.com/pictures/844ce91e-d5fa-4bd6-a2ae-3f334ceaea0b.jpg,5100298,https://www.airbnb.com/users/show/5100298,Adele,2013-02-15,,"Hi! I'm a 30-something who's recently moved back home to South Australia after time in Sydney and London. I enjoy rock climbing, swimming, reading, cycling, skiing, coffee, tea, food and wine.
",within an hour,100%,100%,f,https://a0.muscache.com/im/pictures/user/af2d6bf9-aed9-499f-9b17-05553ff2dd3a.jpg?aki_policy=profile_small,https://a0.muscache.com/im/pictures/user/af2d6bf9-aed9-499f-9b17-05553ff2dd3a.jpg?aki_policy=profile_x_medium,,2,4,"['email', 'phone', 'work_email']",t,t,Neighborhood highlights,Angaston,,-34.50497,139.04635,Entire cottage,Entire home/apt,6,1.0,1 bath,3,3,"[""Heating"", ""Dishwasher"", ""Hot water"", ""Dishes and silverware"", ""Barbecue utensils"", ""Outdoor dining area"", ""Private patio or balcony"", ""Luggage dropoff allowed"", ""Bed linens"", ""Books and reading material"", ""Indoor fireplace"", ""Oven"", ""Coffee"", ""Freezer"", ""Dining table"", ""Iron"", ""Kitchen"", ""Outdoor furniture"", ""Stove"", ""BBQ grill: gas"", ""Shower gel"", ""Free parking on premises"", ""Carbon monoxide alarm"", ""Bathtub"", ""Refrigerator"", ""Hangers"", ""Air conditioning"", ""Baking sheet"", ""Private entrance"", ""Single level home"", ""Washer"", ""Backyard"", ""Shampoo"", ""Cooking basics"", ""Wine glasses"", ""Essentials"", ""Pets allowed"", ""Conditioner"", ""Microwave"", ""Clothing storage"", ""Smoke alarm"", ""Free street parking"", ""Hair dryer"", ""Hot water kettle"", ""Body soap"", ""Toaster""]",$257.00,2,1125,1,4,1125,1125,1.7,1125.0,,t,8,25,51,297,2025-09-27,22,4,0,51,5,24,6168,2021-03-26,2025-03-23,4.73,4.59,4.64,4.95,4.95,4.82,4.5,,f,2,2,0,0,0.40
48469991,https://www.airbnb.com/rooms/48469991,20250927041735,2025-09-27,city scrape,"Lyndoch Retreat – 2BR with Pool, BBQ & Fire Pit","The perfect Barossa getaway for couples, families, or friends. Wake to birdsong and kangaroos just minutes from wineries, cafes, restaurants, and bike trails. Relax in our two-bedroom guest house with cozy beds, reverse-cycle air conditioning, free WiFi and a welcoming lounge. Unwind outdoors with an accessible pool, BBQ, fire pit and large grassed area. Hassle-free check in/out makes your stay simple, while nature and comfort combine to create a memorable escape.","Set in Lyndoch at the gateway to the Barossa Valley, our guest house is surrounded by world-class wineries, gourmet restaurants, and scenic walking and bike trails. Explore Tanunda, Nuriootpa, and Angaston just a short drive away, or enjoy local cafes and shops in Lyndoch. The new Lyndoch Sporting Complex is within walking distance, and kangaroos and native birds are regular visitors, adding to the charm of this unique setting.",https://a0.muscache.com/pictures/hosting/Hosting-48469991/original/a078360e-102b-4843-8329-aa2a06a601a6.jpeg,391167421,https://www.airbnb.com/users/show/391167421,Stephen,2021-03-04,,"",within an hour,100%,97%,f,https://a0.muscache.com/im/pictures/user/687b23c0-d264-4c2c-bdcc-81868e3b9793.jpg?aki_policy=profile_small,https://a0.muscache.com/im/pictures/user/687b23c0-d264-4c2c-bdcc-81868e3b9793.jpg?aki_policy=profile_x_medium,,1,1,"['email', 'phone']",t,t,Neighborhood highlights,Altona,,-34.59468,138.91032,Entire guesthouse,Entire home/apt,5,1.0,1 bath,2,5,"[""Ceiling fan"", ""Fire pit"", ""Heating"", ""Wifi"", ""Dishwasher"", ""Sound system"", ""Long term stays allowed"", ""Hot water"", ""Private outdoor pool - available all year, open specific hours, heated, water slide"", ""First aid kit"", ""Dishes and silverware"", ""Barbecue utensils"", ""Outdoor dining area"", ""Clothing storage: wardrobe"", ""Bed linens"", ""Books and reading material"", ""Patio or balcony"", ""Self check-in"", ""Coffee"", ""Freezer"", ""Dining table"", ""Iron"", ""Kitchen"", ""Outdoor furniture"", ""Cleaning products"", ""Shower gel"", ""Extra pillows and blankets"", ""Free parking on premises"", ""TV"", ""Dedicated workspace"", ""Refrigerator"", ""Air conditioning"", ""Private entrance"", ""BBQ grill"", ""Washer"", ""Backyard"", ""Shampoo"", ""Fire extinguisher"", ""Cooking basics"", ""Wine glasses"", ""Essentials"", ""Smart lock"", ""Board games"", ""Conditioner"", ""Children\u2019s books and toys"", ""Microwave"", ""Mini fridge"", ""Portable fans"", ""Smoke alarm"", ""Hair dryer"", ""Hot water kettle"", ""Toaster"", ""Breakfast""]",$192.00,1,90,1,2,90,90,1.3,90.0,,t,20,48,71,329,2025-09-27,40,12,0,71,17,72,13824,2021-05-02,2025-04-27,4.6,4.58,4.65,4.8,4.75,4.8,4.6,,f,1,1,0,0,0.75
48999138,https://www.airbnb.com/rooms/48999138,20250927041735,2025-09-27,city scrape,The Station - luxury group accommodation,The Station at Kapunda offers luxury group accommodation for 10 to 14 guests in a unique environment and within a short drive to both the Barossa and Clare Valleys.<br />Book with confidence.  A full refund will be given for any cancellations due to government restrictions.,"We think that you'll be surprised at just how much Kapunda has to offer.  In addition to being only a short drive to the world renowned wine regions of the Barossa and Clare Valleys, the local area is worth exploring. <br /><br />Book a tour of ANLABY STATION - a historic sheep station  that has been lovingly restored including 20 acres of manicured gardens.<br />Explore the RETAIL outlets in the main street: homewares at KOCO HOME, plants and pots from PLANT POT & MORE, gifts and more at TINY NEST<br /><br />ART & CULTURE plays a big role in Kapunda.  Wander the streets to look at the award winning street murals and visit the regional gallery to pick up a piece or two.<br />If you are more serious about your creativity, enrol in a workshop to paint BLOOMS with Jacqueline Coates.  You will need to book ahead - and hope that she is in town at the time and not in residence in Paris!<br /><br />Of course - it's not far to other creative and culinary experiences:<br />Learn the in's and ou",https://a0.muscache.com/pictures/miso/Hosting-48999138/original/3f8a6c2f-6b96-4375-910b-0f0fab5883c7.jpeg,3524070,https://www.airbnb.com/users/show/3524070,Bridget,2012-09-10,"Victoria, Australia","I have been lucky to have lived in some amazing places - from on a boat in Queensland, to a warehouse apartment in Collingwood, and now in the Barossa Valley where I own a 160 year old railway station.
As a traveller I love to immerse myself in the local culture of the places that I visit... but I know the importance of having a home to return to after a day of exploring (and maybe the odd wine tasting!).   The Station is a truly amazing but liveable space for groups of families and friends.   I am proud to share it with like-minded guests and I know that you will enjoy your stay in the Barossa. ",within an hour,100%,98%,t,https://a0.muscache.com/im/users/3524070/profile_pic/1356220275/original.jpg?aki_policy=profile_small,https://a0.muscache.com/im/users/3524070/profile_pic/1356220275/original.jpg?aki_policy=profile_x_medium,,2,2,"['email', 'phone']",t,t,Neighborhood highlights,Kapunda,,-34.34298,138.90949,Entire place,Entire home/apt,14,2.5,2.5 baths,7,10,"[""Coffee maker"", ""Fire pit"", ""Heating"", ""Wifi"", ""Dishwasher"", ""Sound system"", ""Hot water"", ""Induction stove"", ""First aid kit"", ""Dishes and silverware"", ""Barbecue utensils"", ""Outdoor dining area"", ""Pool"", ""Bed linens"", ""Freezer"", ""Iron"", ""Kitchen"", ""Outdoor furniture"", ""Shower gel"", ""TV"", ""Dedicated workspace"", ""Hangers"", ""Air conditioning"", ""Refrigerator"", ""Private entrance"", ""BBQ grill"", ""Washer"", ""Backyard"", ""Fire extinguisher"", ""Shampoo"", ""Cooking basics"", ""Wine glasses"", ""Essentials"", ""Sun loungers"", ""Conditioner"", ""Microwave"", ""Ping pong table"", ""Smoke alarm"", ""Hair dryer"", ""Free parking on premises"", ""Body soap"", ""Toaster"", ""Breakfast""]","$1,450.00",2,1125,2,2,1125,1125,2.0,1125.0,,t,17,37,58,298,2025-09-27,52,13,0,61,11,78,113100,2021-05-09,2025-08-08,4.94,4.94,4.92,5.0,4.96,4.85,4.81,,f,1,1,0,0,0.97
49064366,https://www.airbnb.com/rooms/49064366,20250927041735,2025-09-27,city scrape,Kalimna House,"This large comfortable house is fully furnished, self contained, suitable for families & friends to share. Accommodating up to 10 people. We welcome you to enjoy this lovely, quiet, natural setting, with country fresh air, close to amenities -10 min walk to shops, oval, swimming pool & bush gardens walking trail. <br />Walking & bike tracks - 30 min bike ride to Tanunda, Angaston.<br />Places of interest - Maggie Beers Farm, Manglers Hill & many winery's to mention.<br />KFC & McDonald's 2km near by.",We have wonderful neighbors and is very quite.,https://a0.muscache.com/pictures/hosting/Hosting-U3RheVN1cHBseUxpc3Rpbmc6NDkwNjQzNjY%3D/original/12bfbdaa-711b-417a-b001-d680d27110be.jpeg,133655329,https://www.airbnb.com/users/show/133655329,Nick,2017-06-06,Australia,"",within a day,100%,100%,f,https://a0.muscache.com/im/pictures/user/e84bdd2c-d4de-46f7-97f5-4293d8ea514a.jpg?aki_policy=profile_small,https://a0.muscache.com/im/pictures/user/e84bdd2c-d4de-46f7-97f5-4293d8ea514a.jpg?aki_policy=profile_x_medium,,1,1,['phone'],t,t,Neighborhood highlights,Nuriootpa,,-34.45924377441406,139.00372314453125,Entire home,Entire home/apt,10,1.5,1.5 baths,5,7,"[""Heating"", ""Wifi"", ""Long term stays allowed"", ""Hot water"", ""First aid kit"", ""Dishes and silverware"", ""Barbecue utensils"", ""Outdoor dining area"", ""Luggage dropoff allowed"", ""Garden view"", ""Bed linens"", ""Free washer \u2013 In building"", ""Oven"", ""Coffee"", ""Freezer"", ""Dining table"", ""Coffee maker: espresso machine"", ""Iron"", ""Kitchen"", ""Courtyard view"", ""Outdoor furniture"", ""Shared patio or balcony"", ""Stove"", ""Room-darkening shades"", ""Cleaning products"", ""BBQ grill: gas"", ""Shower gel"", ""Extra pillows and blankets"", ""Paid crib - available upon request"", ""Free parking on premises"", ""Bathtub"", ""TV"", ""Refrigerator"", ""Hangers"", ""Air conditioning"", ""Baking sheet"", ""Private entrance"", ""Backyard"", ""Shampoo"", ""Fire extinguisher"", ""Cooking basics"", ""Wine glasses"", ""Essentials"", ""Conditioner"", ""Piano"", ""Microwave"", ""Clothing storage"", ""Smoke alarm"", ""Free street parking"", ""Hair dryer"", ""Host greets you"", ""Hot water kettle"", ""Body soap"", ""Toaster""]",$409.00,2,1125,2,2,1125,1125,2.0,1125.0,,t,1,24,54,79,2025-09-27,23,6,1,60,5,36,14724,2021-04-16,2025-09-14,4.83,4.87,4.74,5.0,4.91,4.83,4.87,,f,1,1,0,0,0.42
49197946,https://www.airbnb.com/rooms/49197946,20250927041735,2025-09-27,previous scrape,Barossa Valley Views Eco Farm Stay Angaston,"Modern off-grid home on 10 acres, right in town. Some of the most spectacular valley views and sunsets the Barossa has to offer, all within 1km of the Angaston main street: Restaurants, cafes, supermarket and shops. Large deck, outdoor fire pit and BBQ. Beautifully decorated, large rooms with views of the Barossa Valley, landscaped gardens and horse paddocks. An eco farm stay, right in the middle of Angaston.<br />There is also an extra queen sized bedroom available if you have travelling companions.","Angaston is a picturesque village in the Barossa Valley. Here you will find restaurants, several cafes, the Barossa Valley Cheese Co, Casa Carboni Italian Cooking School. The new adventure station & nature play precinct is only 500m from the gate, as is the beginning of the Angaston-Nuriootpa Walking Trail.",https://a0.muscache.com/pictures/a4a04a0d-f78d-4112-89bd-43a7af8fc38e.jpg,52444929,https://www.airbnb.com/users/show/52444929,Kirsten,2015-12-27,"Angaston, Australia","",N/A,N/A,N/A,f,https://a0.muscache.com/im/pictures/user/d4a5668b-8771-43bd-baa5-6f87ac5c1d14.jpg?aki_policy=profile_small,https://a0.muscache.com/im/pictures/user/d4a5668b-8771-43bd-baa5-6f87ac5c1d14.jpg?aki_policy=profile_x_medium,,1,1,['phone'],t,t,Neighborhood highlights,Angaston,,-34.50491,139.04087,Private room in farm stay,Private room,4,,1 private bath,2,,"[""Valley view"", ""Ceiling fan"", ""Fire pit"", ""Heating"", ""Wifi"", ""Dishwasher"", ""Coffee maker: Nespresso"", ""Exercise equipment: elliptical, free weights"", ""Long term stays allowed"", ""Hot water"", ""Dishes and silverware"", ""Barbecue utensils"", ""Outdoor dining area"", ""Clothing storage: wardrobe"", ""Luggage dropoff allowed"", ""Garden view"", ""Bed linens"", ""Books and reading material"", ""Patio or balcony"", ""Indoor fireplace"", ""Dryer"", ""Coffee"", ""Freezer"", ""Dining table"", ""Iron"", ""Outdoor furniture"", ""Room-darkening shades"", ""Cleaning products"", ""Shower gel"", ""Extra pillows and blankets"", ""Free parking on premises"", ""Bathtub"", ""Vineyard view"", ""Drying rack for clothing"", ""Hangers"", ""TV"", ""Air conditioning"", ""Dedicated workspace"", ""Refrigerator"", ""Private entrance"", ""BBQ grill"", ""Laundromat nearby"", ""Private living room"", ""Washer"", ""Backyard"", ""Shampoo"", ""Wine glasses"", ""Essentials"", ""Thank You body soap"", ""Host greets you"", ""Smoke alarm"", ""Hair dryer"", ""Hot water kettle"", ""Single level home"", ""Toaster"", ""Thank You conditioner"", ""Breakfast""]",,2,1125,2,2,1125,1125,2.0,1125.0,,t,0,0,0,0,2025-09-27,12,0,0,0,0,0,,2021-06-02,2021-11-28,4.83,4.67,5.0,4.83,4.75,4.92,4.67,,f,1,0,1,0,0.23
49910082,https://www.airbnb.com/rooms/49910082,20250927041735,2025-09-27,previous scrape,Auricht Cottage,Walking distance to wineries and parks,"Walking distance to wineries like Peter Lehmann, Langmail, David Frence, Riesling Freak, Michael Halls, Richmond, Swan group, Soul Growers etc..",https://a0.muscache.com/pictures/498bf0de-477a-4b56-8d33-aef46a52560c.jpg,6187392,https://www.airbnb.com/users/show/6187392,Mai,2013-05-01,"Adelaide, Australia","A mum, wife, wine lover and Doctor ",N/A,N/A,100%,f,https://a0.muscache.com/im/pictures/user/cb507a74-bc68-4920-8136-aa7b8d223ae4.jpg?aki_policy=profile_small,https://a0.muscache.com/im/pictures/user/cb507a74-bc68-4920-8136-aa7b8d223ae4.jpg?aki_policy=profile_x_medium,,2,3,"['email', 'phone']",t,t,Neighborhood highlights,Tanunda,,-34.51038,138.96631,Private room in home,Private room,2,,0 shared baths,,,"[""Essentials"", ""Lock on bedroom door"", ""Dryer"", ""TV"", ""Heating"", ""Air conditioning"", ""Hot water"", ""Hair dryer"", ""Kitchen"", ""Free parking on premises"", ""First aid kit"", ""Washer"", ""Shampoo""]",,1,365,1,1,1125,1125,1.0,1125.0,,t,0,0,0,0,2025-09-27,11,0,0,0,0,0,,2021-05-30,2022-01-08,4.73,4.55,4.82,5.0,5.0,5.0,4.64,,t,2,0,2,0,0.21
49931720,https://www.airbnb.com/rooms/49931720,20250927041735,2025-09-27,city scrape,Exclusive Barossa country lodge/retreat,"Balmoral Lodge is a stunning, 1920s farmhouse with all the grandeur of a country estate, exclusively for you to enjoy.  Located 5 minutes from Lyndoch and 10 to Gawler, it enjoys the best of town and country.  Large, spacious rooms, a huge and bright chef's kitchen with all the facilities to self cater for a large group.    Bedrooms are individually decorated and 6 of the bedrooms are ensuite.  The spectacular veranda is the place to be, to enjoy sunset views over the lovely valley beyond.",A lovely rural area with walks to enjoy and lots of wildlife.  Only 10 minutes to the town of Gawler and all the amenities.,https://a0.muscache.com/pictures/miso/Hosting-49931720/original/004c8581-da2a-41ac-b0e7-39b21ffa6352.jpeg,8926804,https://www.airbnb.com/users/show/8926804,Julie,2013-09-19,"Cockatoo Valley, Australia","Julie and Peter are passionate home renovators who love travelling, creating beautiful gardens and Julie loves to attempt a little art work and photography when time permits. We share our lives with our wonderful son Scott and adored cat Leonard and love all the wonderful wildlife on our doorstep. We have been very blessed to travel to some amazing places, personal favourites being Venice, U.K, Ha Long Bay, Rhodes, Meteora, Kotor etc.....I could go on with a very long list. We are friendly people who are happy to be as involved or not with your Barossa and Australian travel experience. We have lived all over Australia and can advise on great places not to be missed, both local and elsewhere. ",within an hour,100%,100%,t,https://a0.muscache.com/im/pictures/user/f1403164-cbd2-4ba5-b77b-41551d540ff7.jpg?aki_policy=profile_small,https://a0.muscache.com/im/pictures/user/f1403164-cbd2-4ba5-b77b-41551d540ff7.jpg?aki_policy=profile_x_medium,,1,2,"['email', 'phone', 'work_email']",t,t,Neighborhood highlights,Cockatoo Valley,,-34.620418548583984,138.83273315429688,Entire vacation home,Entire home/apt,16,4.0,4 baths,8,9,"[""Valley view"", ""Coffee maker"", ""Stainless steel oven"", ""Standalone high chair"", ""Heating"", ""Wifi"", ""Dishwasher"", ""Crib"", ""Long term stays allowed"", ""Hot water"", ""First aid kit"", ""Dishes and silverware"", ""Barbecue utensils"", ""Outdoor dining area"", ""Clothing storage: wardrobe"", ""Private patio or balcony"", ""Luggage dropoff allowed"", ""Building staff"", ""Bed linens"", ""Books and reading material"", ""Dryer"", ""Self check-in"", ""Coffee"", ""Pack \u2019n play/Travel crib"", ""Freezer"", ""Dining table"", ""Iron"", ""Kitchen"", ""Outdoor furniture"", ""Central air conditioning"", ""Cleaning products"", ""BBQ grill: gas"", ""Shower gel"", ""Extra pillows and blankets"", ""Free parking on premises"", ""Bathtub"", ""Drying rack for clothing"", ""TV"", ""Hangers"", ""Refrigerator"", ""Baking sheet"", ""Private entrance"", ""Washer"", ""Backyard"", ""Shampoo"", ""Fire extinguisher"", ""Cooking basics"", ""Wine glasses"", ""Essentials"", ""Baby safety gates"", ""Board games"", ""Children\u2019s books and toys"", ""Microwave"", ""Smoke alarm"", ""Hair dryer"", ""Hot water kettle"", ""Body soap"", ""Toaster""]",$591.00,2,28,2,2,1125,1125,2.0,1125.0,,t,19,42,67,307,2025-09-27,67,19,1,68,12,114,67374,2021-08-29,2025-08-31,4.93,4.94,4.87,4.99,4.94,4.9,4.79,,f,1,1,0,0,1.35
50163896,https://www.airbnb.com/rooms/50163896,20250927041735,2025-09-27,city scrape,Oldham House - Bagot Suite hosted B&B in Kapunda.,"Oldham House is a grand home with comfortable and private accommodation within a hosted B&B environment. With a grand garden full of flowers for guests to enjoy, a sumptuous spa bath and heavenly bed, it is a feast for the senses.  It is a gracious and charming place to stay. Two suites are available to guests - the Dutton and Bagot Suites.  <br />For more information please go to my website https://www.oldham.house/.","Set ideally between the Barossa and Clare Valleys, Kapunda has a rich history and is conveniently located only an hour from Adelaide.",https://a0.muscache.com/pictures/miso/Hosting-50163896/original/611f032d-f64d-4272-b07e-33d975a1ea5f.jpeg,86727693,https://www.airbnb.com/users/show/86727693,Susan,2016-07-29,"Kapunda, Australia","",within an hour,100%,78%,t,https://a0.muscache.com/im/pictures/user/be850f45-80d3-4bd8-bf66-a803280d7a59.jpg?aki_policy=profile_small,https://a0.muscache.com/im/pictures/user/be850f45-80d3-4bd8-bf66-a803280d7a59.jpg?aki_policy=profile_x_medium,,3,3,['phone'],t,t,Neighborhood highlights,Kapunda,,-34.34012,138.9183,Private room in bed and breakfast,Private room,2,1.0,1 private bath,1,1,"[""Fire pit"", ""Wifi"", ""Long term stays allowed"", ""Hot water"", ""First aid kit"", ""Dishes and silverware"", ""Outdoor dining area"", ""Clothing storage: wardrobe"", ""Luggage dropoff allowed"", ""Bed linens"", ""Indoor fireplace"", ""Cleaning available during stay"", ""Iron"", ""Outdoor furniture"", ""Shared patio or balcony"", ""Shared backyard \u2013 Fully fenced"", ""Private hot tub - available all year"", ""Room-darkening shades"", ""Shower gel"", ""Extra pillows and blankets"", ""Lock on bedroom door"", ""Bathtub"", ""TV"", ""Heating - split type ductless system"", ""Outdoor shower"", ""Hangers"", ""Air conditioning"", ""Private entrance"", ""BBQ grill"", ""Laundromat nearby"", ""Hammock"", ""Shampoo"", ""Fire extinguisher"", ""Wine glasses"", ""Essentials"", ""Conditioner"", ""Piano"", ""Mini fridge"", ""Free street parking"", ""Smoke alarm"", ""Hair dryer"", ""Free parking on premises"", ""Body soap"", ""Toaster"", ""Breakfast""]",$160.00,1,365,1,1,365,365,1.0,365.0,,t,28,56,86,360,2025-09-27,18,6,0,92,6,36,5760,2023-02-19,2025-04-26,5.0,4.94,5.0,5.0,4.94,4.67,5.0,,f,3,0,3,0,0.57
50527203,https://www.airbnb.com/rooms/50527203,20250927041735,2025-09-27,city scrape,Basedow Haus Barossa Valley,"Enjoy classic charm and contemporary luxury with exclusive use in a fully renovated historic home. Basedow Haus offers two king-sized bedrooms and many original period features. Architect designed extension, light filled, open plan living, well equipped kitchen, large country style dining setting, a casual sitting area, a contemporary bathroom, separate toilet and al fresco dining patio. There is an abundance of space inside and out. Basedow Haus is the perfect place to experience the Barossa.","Basedow Haus is situated in a residential historic zone away from the main street overlooking vineyards and the Chateau from the front and distant hills from the rear. The main street is a short 300 metres stroll with access to many cafes', restaurants and shops. The supermarket is a 200 metre walk and is open 7AM - 7PM.",https://a0.muscache.com/pictures/miso/Hosting-50527203/original/75646ef7-3bcf-4fc8-a5d6-ee60b11198db.jpeg,408243200,https://www.airbnb.com/users/show/408243200,Max,2021-06-20,"Melbourne, Australia","",within a few hours,100%,100%,f,https://a0.muscache.com/im/pictures/user/52654d69-6f56-4fff-8bfb-798aeb5523d8.jpg?aki_policy=profile_small,https://a0.muscache.com/im/pictures/user/52654d69-6f56-4fff-8bfb-798aeb5523d8.jpg?aki_policy=profile_x_medium,,1,1,"['email', 'phone']",t,t,Neighborhood highlights,Tanunda,,-34.52541,138.96324,Entire home,Entire home/apt,4,0.0,0 baths,2,2,"[""Valley view"", ""Ceiling fan"", ""Stainless steel oven"", ""Ethernet connection"", ""Wifi"", ""Dishwasher"", ""Coffee maker: Nespresso"", ""Rice maker"", ""Long term stays allowed"", ""Hot water"", ""First aid kit"", ""Dishes and silverware"", ""Barbecue utensils"", ""Outdoor dining area"", ""Clothing storage: wardrobe"", ""55 inch HDTV with Netflix, DVD player"", ""Private patio or balcony"", ""Luggage dropoff allowed"", ""Garden view"", ""Bed linens"", ""Free washer \u2013 In building"", ""Books and reading material"", ""Free dryer \u2013 In building"", ""Indoor fireplace: wood-burning"", ""Self check-in"", ""Coffee"", ""Freezer"", ""Dining table"", ""Iron"", ""Kitchen"", ""Outdoor furniture"", ""Keypad"", ""Central air conditioning"", ""Private backyard \u2013 Fully fenced"", ""Central heating"", ""Cleaning products"", ""BBQ grill: gas"", ""Shower gel"", ""Extra pillows and blankets"", ""Other induction stove"", ""Bathtub"", ""Vineyard view"", ""Drying rack for clothing"", ""Hangers"", ""Private entrance"", ""Yamaha Bluetooth sound system"", ""Single level home"", ""Laundromat nearby"", ""Dindi Naturals and Thankyou  body soap"", ""Fire extinguisher"", ""Cooking basics"", ""Wine glasses"", ""Essentials"", ""Housekeeping available 3 days a week - available at extra cost"", ""Thankyou product shampoo"", ""Board games"", ""Microwave"", ""Thankyou product conditioner"", ""Free street parking"", ""Smoke alarm"", ""Hair dryer"", ""Hot water kettle"", ""Westinghouse refrigerator"", ""Toaster"", ""Free carport on premises \u2013 3 spaces"", ""Breakfast""]",$552.00,2,45,2,2,30,1125,2.0,837.0,,t,12,28,44,215,2025-09-27,44,4,0,44,6,24,13248,2021-07-17,2025-07-23,4.98,4.95,5.0,5.0,5.0,5.0,4.8,,t,1,1,0,0,0.86
50581037,https://www.airbnb.com/rooms/50581037,20250927041735,2025-09-27,city scrape,Barossa house in the vines & stunning valley view!,The essence of Barossa living! Fantastic valley view over the vines. Nestled in the bush but only 5 minutes from Tanunda and Nuriootpa. Relax with the whole family at this modern family home with stunning outdoor entertaining area and hot tub overlooking the valley. All the amenities set on 5 acres; the perfect country retreat!,"Nestled in the heart of the Barossa, you will be staying on the famous Stonewell Road, surrounded by some of Barossa’s most iconic wineries such as Torbreck, Peter Lehman, David Franz, Rolf Binder, Greenock Creek and Seppeltsfield. <br /><br />You are similarly close to many of the iconic restaurants with Appelation at the Louise walkable from the house but Fino at Seppeltsfield, Maggie Beers and FermentAsian only a short drive. For the spirit lovers amongst you, Seppeltsfield Road Distillery is just around the corner offering gin and cocktails in a stunning setting!<br /><br />The property is located in the Marananga subregion of the Barossa producing the best of Barossa Shiraz.",https://a0.muscache.com/pictures/miso/Hosting-50581037/original/a49a8417-9f6d-40c0-bb1f-dff93d4ca48c.jpeg,103898307,https://www.airbnb.com/users/show/103898307,Anna And David,2016-11-15,"Muscat, Oman","David and Anna love food, wine and nature travel. Australians but have travelled and lived abroad extensively, currently on an adventure with two young daughters based out of Muscat, Oman.

We hope our properties reflect our love of nature above all else and that appreciation and value will be shared by our guests. 

As hosts ourselves we treat any stay like we would our own house and will treat your home with utmost respect!",within an hour,100%,100%,t,https://a0.muscache.com/im/pictures/user/4c6d4856-8ed1-459a-ae1d-0bf1fbe3ff25.jpg?aki_policy=profile_small,https://a0.muscache.com/im/pictures/user/4c6d4856-8ed1-459a-ae1d-0bf1fbe3ff25.jpg?aki_policy=profile_x_medium,,2,2,"['email', 'phone']",t,t,Neighborhood highlights,Marananga,,-34.49833,138.94325,Entire home,Entire home/apt,8,2.0,2 baths,4,5,"[""Valley view"", ""Lockbox"", ""Ceiling fan"", ""Fire pit"", ""Ethernet connection"", ""Wifi"", ""Dishwasher"", ""Private hot tub - available all year, open 24 hours"", ""Long term stays allowed"", ""Hot water"", ""Private backyard \u2013 Not fully fenced"", ""First aid kit"", ""Dishes and silverware"", ""Barbecue utensils"", ""Outdoor dining area"", ""Private patio or balcony"", ""Bed linens"", ""Free dryer \u2013 In building"", ""Oven"", ""Self check-in"", ""Coffee"", ""Freezer"", ""Dining table"", ""Coffee maker: espresso machine"", ""Iron"", ""Kitchen"", ""Outdoor furniture"", ""Central air conditioning"", ""Stove"", ""Central heating"", ""Room-darkening shades"", ""Cleaning products"", ""Shower gel"", ""Blender"", ""Free parking on premises"", ""Carbon monoxide alarm"", ""Bathtub"", ""Vineyard view"", ""Drying rack for clothing"", ""Hangers"", ""Dedicated workspace"", ""Refrigerator"", ""Private entrance"", ""BBQ grill"", ""Single level home"", ""Washer"", ""Shampoo"", ""Fire extinguisher"", ""Cooking basics"", ""Wine glasses"", ""Essentials"", ""High chair"", ""Board games"", ""Conditioner"", ""Crib - available upon request"", ""Microwave"", ""Clothing storage"", ""Smoke alarm"", ""Hair dryer"", ""Hot water kettle"", ""Body soap"", ""Toaster"", ""75 inch HDTV with Disney+, Netflix""]",$564.00,2,730,2,3,730,730,2.0,730.0,,t,13,30,45,274,2025-09-27,219,59,4,46,67,255,143820,2021-09-26,2025-09-25,4.97,4.96,4.95,4.99,4.99,4.98,4.85,,t,1,1,0,0,4.49
50835494,https://www.airbnb.com/rooms/50835494,20250927041735,2025-09-27,city scrape,Peace and serenity in the heart of the Barossa,"Archery Road Estate is a bouquet vineyard nestled in the heart of the famous picturesque Barossa Valley. The 1880s farmhouse offers an exclusive getaway for a couple, family or group of friends. The spacious retreat has four bedrooms, comprising of three queen size beds and one twin bedroom. Relax on the deck with a complimentary bottle of Jacob’s Creek wine and enjoy views of the cottage garden, vineyard and tall gums or work up a sweat on the property’s private tennis court.",,https://a0.muscache.com/pictures/miso/Hosting-50835494/original/d4263dc1-3143-4fa1-a31d-9d66f79b2e3a.jpeg,410966448,https://www.airbnb.com/users/show/410966448,Lisa,2021-07-05,,"",within an hour,100%,100%,t,https://a0.muscache.com/im/pictures/user/af751e75-e149-4719-b3b2-480797a0c7ad.jpg?aki_policy=profile_small,https://a0.muscache.com/im/pictures/user/af751e75-e149-4719-b3b2-480797a0c7ad.jpg?aki_policy=profile_x_medium,,1,1,"['email', 'phone']",t,t,,Tanunda,,-34.54035,138.94456,Entire cottage,Entire home/apt,6,2.0,2 baths,4,5,"[""Stainless steel oven"", ""Heating"", ""Wifi"", ""Dishwasher"", ""Coffee maker: Nespresso"", ""Crib"", ""Sound system"", ""First aid kit"", ""Dishes and silverware"", ""Barbecue utensils"", ""Outdoor dining area"", ""Private patio or balcony"", ""Indoor fireplace"", ""Free dryer \u2013 In building"", ""Coffee"", ""Freezer"", ""Dining table"", ""Kitchen"", ""Outdoor furniture"", ""Stove"", ""Blender"", ""TV"", ""Refrigerator"", ""Air conditioning"", ""BBQ grill"", ""Washer"", ""Fire extinguisher"", ""Cooking basics"", ""Wine glasses"", ""Essentials"", ""High chair"", ""Board games"", ""Microwave"", ""Host greets you"", ""Smoke alarm"", ""Hair dryer"", ""Hot water kettle"", ""Toaster"", ""Breakfast""]",$370.00,2,999,2,2,999,999,2.0,999.0,,t,13,28,51,300,2025-09-27,128,20,1,51,32,120,44400,2021-08-09,2025-09-03,4.95,4.92,4.93,4.98,4.98,4.92,4.84,,t,1,1,0,0,2.54
50982705,https://www.airbnb.com/rooms/50982705,20250927041735,2025-09-27,previous scrape,Angaston Lodge  - 7 acres,"Quiet and peaceful on top of the hill, and in beautiful Angaston, this apartment has its own garage with direct access and is fully self-contained with washing machine, dryer, full kitchen and much more - perfect for longer stays or just the weekend.<br />If you are here to explore the Barossa and Eden valley areas, this is perfect. Just 15 minutes drive or less to Henscke, Penfolds and 80 more, or just explore historic Angaston and its wonderful bakeries, cheese shop or restaurants such as Vintners.","Angaston is the most beautiful of the Barossa Valley villages and has excellent views, restaurants (including Otherness and Vintners), cafes, bakeries, cheese shop, cooking school and much more. Most wineries and the best restaurants are within 15 minutes drive. Angaston is also at the start of the Barossa bike/walking trail",https://a0.muscache.com/pictures/miso/Hosting-50982705/original/486d4189-266f-46ad-a680-56391eceb3ee.jpeg,412389155,https://www.airbnb.com/users/show/412389155,Tony,2021-07-12,,"",N/A,N/A,N/A,f,https://a0.muscache.com/im/pictures/user/e8c2e3d4-23f0-4f06-b1aa-dee8c5acdef1.jpg?aki_policy=profile_small,https://a0.muscache.com/im/pictures/user/e8c2e3d4-23f0-4f06-b1aa-dee8c5acdef1.jpg?aki_policy=profile_x_medium,,1,1,"['email', 'phone']",t,t,Neighborhood highlights,Angaston,,-34.494114,139.048141,Entire guest suite,Entire home/apt,2,,1 bath,1,,"[""Valley view"", ""Lockbox"", ""Free dryer \u2013 In unit"", ""Dishwasher"", ""Hot water"", ""Saville Row shampoo"", ""Dishes and silverware"", ""Barbecue utensils"", ""Indoor fireplace: gas, wood-burning"", ""Outdoor dining area"", ""Private patio or balcony"", ""Luggage dropoff allowed"", ""Garden view"", ""Bed linens"", ""Books and reading material"", ""Self check-in"", ""Coffee"", ""Freezer"", ""Dining table"", ""Coffee maker: espresso machine"", ""Iron"", ""Kitchen"", ""Radiant heating"", ""Free residential garage on premises \u2013 2 spaces"", ""Saville Row conditioner"", ""Courtyard view"", ""Outdoor furniture"", ""Private backyard \u2013 Fully fenced"", ""Cleaning products"", ""Saville Row body soap"", ""Extra pillows and blankets"", ""Window AC unit"", ""Free washer \u2013 In unit"", ""Drying rack for clothing"", ""Vineyard view"", ""Carbon monoxide alarm"", ""Hangers"", ""Dedicated workspace"", ""Bosch stainless steel oven"", ""Baking sheet"", ""Private entrance"", ""Cooking basics"", ""Wine glasses"", ""Essentials"", ""Wifi \u2013 24 Mbps"", ""Samsung refrigerator"", ""30 inch TV"", ""Clothing storage: closet and wardrobe"", ""Microwave"", ""Smoke alarm"", ""Bosch stainless steel electric stove"", ""Hair dryer"", ""Hot water kettle"", ""Single level home"", ""Toaster"", ""Breakfast""]",,2,14,2,2,14,14,2.0,14.0,,t,0,0,0,0,2025-09-27,2,2,0,0,2,12,,2024-10-07,2024-10-14,5.0,4.5,5.0,5.0,5.0,4.5,4.5,,f,1,1,0,0,0.17
51379621,https://www.airbnb.com/rooms/51379621,20250927041735,2025-09-27,city scrape,Anlaby Station - Manor House Three Bedrooms,"The Manor House is one of the oldest buildings at Anlaby. The double storey stone building forms part of the complex of buildings that surrounds the stable quadrangle. The Manor House upstairs features 2 beautifully appointed Queen bedrooms and 1 King bedroom that can be configured as 2 king/single beds. Downstairs there is a cosy and comfortable lounge, a modern shower room and a fully equipped kitchen. The Manor House oozes country charm. <br /><br />The Manor House can accommodate up to 6 people.",Anlaby Station is superbly located halfway between the world renowned Barossa Valley and Clare Valley wine regions.,https://a0.muscache.com/pictures/9d7ad650-e690-4120-b63a-834e0736342a.jpg,383527612,https://www.airbnb.com/users/show/383527612,Jean-Claude,2021-01-07,,"",within a few hours,100%,100%,f,https://a0.muscache.com/im/pictures/user/c5a97923-e02f-478c-aea1-a1a4ecbf8bf9.jpg?aki_policy=profile_small,https://a0.muscache.com/im/pictures/user/c5a97923-e02f-478c-aea1-a1a4ecbf8bf9.jpg?aki_policy=profile_x_medium,,3,3,"['email', 'phone']",t,t,Neighborhood highlights,Kapunda,,-34.23413,138.97212,Entire cottage,Entire home/apt,6,1.0,1 bath,3,3,"[""Essentials"", ""Free parking on premises"", ""TV"", ""Heating"", ""Wifi"", ""Hangers"", ""Air conditioning"", ""Smoke alarm"", ""Private entrance"", ""Hair dryer"", ""Iron"", ""Kitchen"", ""Coffee maker: Nespresso"", ""EV charger"", ""Host greets you"", ""Shampoo"", ""Cooking basics"", ""Breakfast""]",$400.00,1,999,1,1,999,999,1.0,999.0,,t,19,39,65,336,2025-09-27,16,7,0,71,8,42,16800,2021-10-11,2025-07-07,4.94,4.88,4.94,4.81,4.63,5.0,5.0,,t,3,3,0,0,0.33
51410362,https://www.airbnb.com/rooms/51410362,20250927041735,2025-09-27,city scrape,Anlaby Station - Head Gardeners Cottage 3 Bedrooms,"Located in the precinct of Anlaby homestead, the cottage was built for the Head Gardener in the early 1900s. Since then, the cottage has been elegantly renovated to accommodate up to six guests. The cottage has 2 Queen bedrooms and 1 King bedroom that can be configured with 2 twin beds. There are 3 modern bathrooms including 1 ensuite. The cottage is on 1 level and sits in its own pretty cottage garden with outdoor seating area and BBQ.","The Head Gardener's Cottage is one of the numerous historical buildings at Anlaby Station.<br /><br />It has been lovingly restored and now provides modern amenities such as air conditioning, a wood fire, TV and WiFi.<br /><br />Car parking is available on site.",https://a0.muscache.com/pictures/prohost-api/Hosting-51410362/original/cebcac66-a3dc-499e-94e2-8dd186be8190.jpeg,383527612,https://www.airbnb.com/users/show/383527612,Jean-Claude,2021-01-07,,"",within a few hours,100%,100%,f,https://a0.muscache.com/im/pictures/user/c5a97923-e02f-478c-aea1-a1a4ecbf8bf9.jpg?aki_policy=profile_small,https://a0.muscache.com/im/pictures/user/c5a97923-e02f-478c-aea1-a1a4ecbf8bf9.jpg?aki_policy=profile_x_medium,,3,3,"['email', 'phone']",t,t,Neighborhood highlights,Kapunda,,-34.23382,138.9716,Entire cottage,Entire home/apt,6,1.0,1 bath,3,3,"[""Heating"", ""Dishwasher"", ""Wifi"", ""EV charger"", ""Hot water"", ""Dishes and silverware"", ""Oven"", ""Iron"", ""Kitchen"", ""Stove"", ""Extra pillows and blankets"", ""Free parking on premises"", ""TV"", ""Dedicated workspace"", ""Refrigerator"", ""Air conditioning"", ""BBQ grill"", ""Backyard"", ""Shampoo"", ""Cooking basics"", ""Microwave"", ""Hair dryer"", ""Coffee maker: Nespresso"", ""Breakfast""]",$559.00,1,999,1,1,999,999,1.0,999.0,,t,19,45,73,341,2025-09-27,6,2,0,79,2,12,6708,2022-04-23,2024-12-29,5.0,5.0,5.0,5.0,5.0,5.0,5.0,,t,3,3,0,0,0.14
51851038,https://www.airbnb.com/rooms/51851038,20250927041735,2025-09-27,city scrape,"""Lochnagar Barossa""  - Central Barossa Location -","Located on the charming Langmeil Estate on the outskirts of Tanunda, with its peaceful streets and beautiful parklands, this spacious architect-designed modern executive home with a gorgeous garden and 3 en-suite bedrooms is the ideal base for your visit to the wine capital with three famous wineries within easy walking distance.","Lochnagar is an ideal location - there are 6 winery cellar doors within 2 kilometres!<br />• Langmeil Winery<br />• RieslingFreak<br />• Peter Lehman Wines<br />• Auswan Wines<br />• David Franz<br />• Rolf Binder Veritas<br />• Lindsay Wines<br /><br />The central section of the main street (Murray Street) is 1.8 km from your accommodation. There you will find great restaurants and cafes, including:<br />• FermentAsian<br />• 1918<br />• Tanunda Clubhouse<br />• Musque<br />• VinoLocal<br />• Z Wine",https://a0.muscache.com/pictures/prohost-api/Hosting-51851038/original/f8245990-10de-44d5-a24a-81d59ad46ef5.jpeg,397924132,https://www.airbnb.com/users/show/397924132,Jacki Anne,2021-04-20,,"Looking for a relaxing getaway? OC Short Stays has you covered with an exceptional range of holiday homes, perfect for any occasion. Whether you’re planning a family adventure, a romantic escape, or a quick weekend retreat, you’ll find everything from stunning luxury villas to affordable and cozy options.

Relax, recharge, and create unforgettable memories in your home away from home.",within an hour,100%,96%,f,https://a0.muscache.com/im/pictures/user/User/original/ad85a48e-38db-4189-953d-05c1d0a6b282.jpeg?aki_policy=profile_small,https://a0.muscache.com/im/pictures/user/User/original/ad85a48e-38db-4189-953d-05c1d0a6b282.jpeg?aki_policy=profile_x_medium,,41,86,"['email', 'phone']",t,t,Neighborhood highlights,Tanunda,,-34.51262,138.96654,Entire home,Entire home/apt,6,3.0,3 baths,3,3,"[""Coffee maker"", ""Heating"", ""Wifi"", ""Dishwasher"", ""Long term stays allowed"", ""Hot water"", ""First aid kit"", ""Dishes and silverware"", ""Garden view"", ""Bed linens"", ""Indoor fireplace"", ""Dryer"", ""Oven"", ""Iron"", ""Kitchen"", ""Stove"", ""Room-darkening shades"", ""Carbon monoxide alarm"", ""TV"", ""Dedicated workspace"", ""Hangers"", ""Air conditioning"", ""Refrigerator"", ""Private entrance"", ""BBQ grill"", ""Washer"", ""Backyard"", ""Fire extinguisher"", ""Shampoo"", ""Cooking basics"", ""Essentials"", ""Park view"", ""Microwave"", ""Free street parking"", ""Smoke alarm"", ""Host greets you"", ""Hair dryer"", ""Free parking on premises""]",$417.00,2,60,2,2,60,60,2.0,60.0,,t,28,42,42,200,2025-09-27,24,7,1,42,4,42,17514,2021-10-20,2025-09-19,4.88,4.96,4.79,4.92,4.67,5.0,4.83,,f,2,2,0,0,0.50
52173111,https://www.airbnb.com/rooms/52173111,20250927041735,2025-09-27,city scrape,Barossa Valley Winemaker 3 Bedroom Tanunda Cottage,"Centrally located in the heart of Tanunda, the Barossa Valley. A short stroll to the main street, restaurants, cafe's, wine bars and wineries. <br />This architecturally designed heritage home carries all the characteristics you could possibly want for a getaway including 3 large double/queen sized bedrooms, large open living areas, multiple fire places and a beautiful north facing rear entertainment area.<br /><br />Our Tanunda Cottage is the perfect place to call home in the world famous Barossa Valley","Walking distance to main street (Murray Street), restaurants, shops, cafes and wine bars. Can also walk to wineries",https://a0.muscache.com/pictures/miso/Hosting-52173111/original/74acb657-8175-4883-bc83-58cd28bc26eb.jpeg,422357766,https://www.airbnb.com/users/show/422357766,Brett,2021-09-09,,"",within an hour,100%,100%,t,https://a0.muscache.com/im/pictures/user/7ca02dce-7362-4a72-882e-5359021c80d4.jpg?aki_policy=profile_small,https://a0.muscache.com/im/pictures/user/7ca02dce-7362-4a72-882e-5359021c80d4.jpg?aki_policy=profile_x_medium,,1,1,"['email', 'phone', 'work_email']",t,t,Neighborhood highlights,Tanunda,,-34.52367,138.95731,Entire cottage,Entire home/apt,6,1.5,1.5 baths,3,3,"[""Coffee maker"", ""Lockbox"", ""Stainless steel oven"", ""Free dryer \u2013 In unit"", ""Stainless steel induction stove"", ""Dishwasher"", ""Hot water"", ""First aid kit"", ""Vasse Virgin shampoo"", ""Dishes and silverware"", ""Safe"", ""Barbecue utensils"", ""Fireplace guards"", ""Outdoor dining area"", ""Paid parking lot off premises"", ""Private patio or balcony"", ""Luggage dropoff allowed"", ""Garden view"", ""Bed linens"", ""Indoor fireplace: wood-burning"", ""Self check-in"", ""Coffee"", ""Freezer"", ""Dining table"", ""Iron"", ""Kitchen"", ""Bose sound system"", ""Courtyard view"", ""Outdoor furniture"", ""Central air conditioning"", ""Private backyard \u2013 Fully fenced"", ""Cleaning products"", ""Fast wifi \u2013 51 Mbps"", ""Shower gel"", ""Extra pillows and blankets"", ""Free parking on premises"", ""Free washer \u2013 In unit"", ""Bathtub"", ""Drying rack for clothing"", ""TV"", ""Hangers"", ""Heating - split type ductless system"", ""Dedicated workspace"", ""Vasse Virgin conditioner"", ""Refrigerator"", ""Private entrance"", ""BBQ grill"", ""Laundromat nearby"", ""Fire extinguisher"", ""Cooking basics"", ""Wine glasses"", ""Crib - always at the listing"", ""Essentials"", ""Clothing storage: closet and wardrobe"", ""Vasse Virgin body soap"", ""Microwave"", ""Free street parking"", ""Smoke alarm"", ""Hair dryer"", ""Standalone high chair - always at the listing"", ""Exterior security cameras on property"", ""Hot water kettle"", ""Single level home"", ""Toaster""]",$283.00,2,1125,2,2,1125,1125,2.0,1125.0,,t,17,36,61,316,2025-09-27,126,34,1,65,32,204,57732,2021-09-19,2025-08-29,4.94,4.97,4.83,4.99,4.99,4.98,4.82,,f,1,1,0,0,2.57
52195885,https://www.airbnb.com/rooms/52195885,20250927041735,2025-09-27,city scrape,Blackbird Cottage - Stunning views & farm animals,"Discover a slice of rural paradise in the heart of Tanunda, where a charming cottage awaits you, surrounded by adorable alpacas and friendly sheep. Experience the serenity of country living while being just minutes away from the best that the Barossa Valley has to offer.<br /><br />Cottage Highlights - Rural Retreat: Step into a delightful cottage that blends modern comforts with rustic charm. The picturesque setting offers an escape from the ordinary, ensuring a peaceful and rejuvenating stay.",,https://a0.muscache.com/pictures/miso/Hosting-52195885/original/0a351e32-eb94-4466-ab0d-1ec01ecef649.jpeg,285235468,https://www.airbnb.com/users/show/285235468,Kate,2019-08-13,"Daveyston, Australia","",within an hour,100%,93%,t,https://a0.muscache.com/im/pictures/user/aa1fcc96-1053-440f-be03-ad82736e6190.jpg?aki_policy=profile_small,https://a0.muscache.com/im/pictures/user/aa1fcc96-1053-440f-be03-ad82736e6190.jpg?aki_policy=profile_x_medium,,1,1,"['email', 'phone']",t,t,,Tanunda,,-34.52895736694336,138.95237731933594,Entire cottage,Entire home/apt,6,1.5,1.5 baths,3,3,"[""Valley view"", ""Lockbox"", ""Ceiling fan"", ""Fire pit"", ""Smoking allowed"", ""Babysitter recommendations"", ""Ethernet connection"", ""Wifi"", ""Standalone high chair - available upon request"", ""Dishwasher"", ""Long term stays allowed"", ""Hot water"", ""First aid kit"", ""Dishes and silverware"", ""Outdoor dining area"", ""Private patio or balcony"", ""Luggage dropoff allowed"", ""Garden view"", ""Bed linens"", ""Free washer \u2013 In building"", ""Books and reading material"", ""Free dryer \u2013 In building"", ""Oven"", ""Self check-in"", ""Coffee"", ""Cleaning available during stay"", ""Freezer"", ""Dining table"", ""Iron"", ""Kitchen"", ""AC - split type ductless system"", ""Outdoor furniture"", ""Stove"", ""Private backyard \u2013 Fully fenced"", ""Room-darkening shades"", ""Cleaning products"", ""Shower gel"", ""Extra pillows and blankets"", ""Free parking on premises"", ""Drying rack for clothing"", ""TV"", ""Heating - split type ductless system"", ""Hangers"", ""Refrigerator"", ""Private entrance"", ""Clothing storage: dresser"", ""Single level home"", ""Laundromat nearby"", ""Shampoo"", ""Fire extinguisher"", ""Cooking basics"", ""Wine glasses"", ""Essentials"", ""Pets allowed"", ""Conditioner"", ""Crib - available upon request"", ""Microwave"", ""Free street parking"", ""Smoke alarm"", ""Hair dryer"", ""Hot water kettle"", ""Body soap"", ""Toaster"", ""Breakfast""]",$283.00,2,100,2,4,1125,1125,2.1,1125.0,,t,14,35,61,318,2025-09-27,118,9,1,63,30,54,15282,2021-09-27,2025-09-11,4.81,4.85,4.87,4.82,4.92,4.92,4.66,,t,1,1,0,0,2.42
52482939,https://www.airbnb.com/rooms/52482939,20250927041735,2025-09-27,city scrape,Wilsford House - Barossa History & Modern Elegance,"Nestled into the vineyards and only moments away from Lyndoch, Wilsford House has stood tall and proud for more than 100 years in the heart of the Barossa Valley.<br /><br />A breathtaking view of the Barossa vines and rolling hills greets you upon arrival. When you step inside, you’ll fall in love with how the grace and grandeur of years past has been blended seamlessly with modern elegance.<br /><br />This unique piece of Barossa History caters exclusively for up to six people.",A breathtaking view of the Barossa vines and rolling hills,https://a0.muscache.com/pictures/miso/Hosting-52482939/original/074c020b-f3ea-4c91-bff4-8c40fffd5b44.jpeg,424812770,https://www.airbnb.com/users/show/424812770,Melissa,2021-09-27,,"",N/A,N/A,100%,f,https://a0.muscache.com/im/pictures/user/b2cd944d-b87c-4ef4-a684-31c42c066e11.jpg?aki_policy=profile_small,https://a0.muscache.com/im/pictures/user/b2cd944d-b87c-4ef4-a684-31c42c066e11.jpg?aki_policy=profile_x_medium,,1,1,"['email', 'phone', 'work_email']",t,t,Neighborhood highlights,Lyndoch,,-34.58998,138.87766,Entire villa,Entire home/apt,6,3.5,3.5 baths,3,3,"[""Lockbox"", ""Free dryer \u2013 In unit"", ""Ethernet connection"", ""Wifi"", ""Dishwasher"", ""Coffee maker: Nespresso"", ""Crib"", ""Hot water"", ""Private backyard \u2013 Not fully fenced"", ""First aid kit"", ""Vasse Virgin shampoo"", ""Dishes and silverware"", ""Indoor fireplace: gas"", ""Barbecue utensils"", ""Outdoor dining area"", ""Private patio or balcony"", ""Garden view"", ""Bed linens"", ""Free washer \u2013 In building"", ""Books and reading material"", ""Self check-in"", ""Coffee"", ""Freezer"", ""Dining table"", ""Iron"", ""Kitchen"", ""AC - split type ductless system"", ""Outdoor furniture"", ""Central heating"", ""Cleaning products"", ""Miele  oven"", ""Shower gel"", ""Extra pillows and blankets"", ""Free parking on premises"", ""Drying rack for clothing"", ""Vineyard view"", ""Refrigerator"", ""Hangers"", ""Private outdoor kitchen"", ""Private entrance"", ""Vasse Virgin conditioner"", ""BBQ grill"", ""Single level home"", ""Fire extinguisher"", ""Cooking basics"", ""45 inch HDTV with Netflix"", ""Wine glasses"", ""Essentials"", ""Microwave"", ""Vasse Virgin body soap"", ""Free street parking"", ""Smoke alarm"", ""Hair dryer"", ""Hot water kettle"", ""Miele  stove"", ""Toaster"", ""Breakfast""]",$738.00,2,15,2,2,15,15,2.0,15.0,,t,19,43,66,329,2025-09-27,21,7,0,69,5,42,30996,2022-03-13,2025-08-18,5.0,4.95,4.95,4.95,4.95,5.0,4.86,,f,1,1,0,0,0.49
53055342,https://www.airbnb.com/rooms/53055342,20250927041735,2025-09-27,city scrape,1 Small Batch Accommodation,"Accommodation with an environmental focus. Stay off grid, in a tiny historic hamlet. Situated between the Barossa Valley and the Adelaide Hills. This ongoing project utilises reused, recycled Nissan Huts (2 huts) to provide a cosy place to stay. 100% solar powered and filtered rain water. The rooms are configured to suit a couple or twin share on request at time of booking. <br />All bookings receive a bottle of local Springton/Eden Valley wine and a cheese from the Barossa Cheese Company.",,https://a0.muscache.com/pictures/airflow/Hosting-53055342/original/2baddc26-e4ec-4f9f-a3b2-cd2966bb952e.jpg,326577506,https://www.airbnb.com/users/show/326577506,Jon,2020-01-12,"Springton, Australia","",within an hour,100%,100%,t,https://a0.muscache.com/im/pictures/user/280b836f-e6a7-4480-af78-d5741de166bb.jpg?aki_policy=profile_small,https://a0.muscache.com/im/pictures/user/280b836f-e6a7-4480-af78-d5741de166bb.jpg?aki_policy=profile_x_medium,,2,2,"['email', 'phone']",t,t,,Springton,,-34.70591,139.08727,Hut,Entire home/apt,2,1.0,1 bath,1,1,"[""Fire pit"", ""Wifi"", ""Sound system"", ""Hot water"", ""First aid kit"", ""Dishes and silverware"", ""Barbecue utensils"", ""Clothing storage: wardrobe"", ""Garden view"", ""Bed linens"", ""Indoor fireplace: wood-burning"", ""Coffee"", ""Iron"", ""Radiant heating"", ""Central heating"", ""Cleaning products"", ""Extra pillows and blankets"", ""Free parking on premises"", ""TV"", ""Hangers"", ""Air conditioning"", ""BBQ grill"", ""Fire extinguisher"", ""Wine glasses"", ""Essentials"", ""Mini fridge"", ""Free street parking"", ""Smoke alarm"", ""Exterior security cameras on property"", ""Hot water kettle"", ""Mountain view""]",$185.00,1,365,1,1,365,365,1.0,365.0,,t,7,26,56,56,2025-09-27,168,49,2,56,36,255,47175,2021-11-14,2025-09-22,4.96,4.94,4.93,4.98,4.99,4.88,4.9,,f,2,2,0,0,3.56
53068838,https://www.airbnb.com/rooms/53068838,20250927041735,2025-09-27,city scrape,1858 Barossa Accommodation entire farmhouse.,"Refurbished four-bedroom 1850's historic farmhouse on acreage, nestled amongst a rural landscape with surrounding vineyards. A private and tranquil setting to escape, relax and unwind.","Situated in The Barossa Valley, Moculta is a beautiful rural town with rich history.",https://a0.muscache.com/pictures/miso/Hosting-53068838/original/2f46c6ad-5c39-407e-9b24-d7eab8795934.jpeg,164905660,https://www.airbnb.com/users/show/164905660,Melissa-Jane,2017-12-30,"Barossa Goldfields, Australia","",within an hour,100%,100%,t,https://a0.muscache.com/im/pictures/user/User/original/def944aa-01cc-4ba6-bdc5-9fcc05e8a617.jpeg?aki_policy=profile_small,https://a0.muscache.com/im/pictures/user/User/original/def944aa-01cc-4ba6-bdc5-9fcc05e8a617.jpeg?aki_policy=profile_x_medium,,1,1,"['email', 'phone']",t,t,Neighborhood highlights,Moculta,,-34.45917,139.11025,Farm stay,Entire home/apt,8,2.0,2 baths,4,4,"[""Valley view"", ""Lockbox"", ""Children\u2019s books and toys for ages 5-10 years old and 10+ years old"", ""Ceiling fan"", ""Free driveway parking on premises \u2013 8 spaces"", ""The Real Pantry shampoo, conditioner and shower gel. Koala Eco hand wash and Vasse Virgin soap. Made with natural products.  body soap"", ""Fire pit"", ""Wifi"", ""Standalone high chair - available upon request"", ""Dishwasher"", ""Coffee maker: Nespresso"", ""Long term stays allowed"", ""Hot water"", ""Private backyard \u2013 Not fully fenced"", ""First aid kit"", ""Dishes and silverware"", ""Reverse cycle conditioner"", ""Barbecue utensils"", ""'The Real Pantry' shampoo, shower gel, conditioner &  hand wash all made with natural ingredients.  shampoo"", ""Outdoor dining area"", ""Clothing storage: wardrobe"", ""Private patio or balcony"", ""Bose Bluetooth sound system"", ""Luggage dropoff allowed"", ""Garden view"", ""Bed linens"", ""Free washer \u2013 In building"", ""Books and reading material"", ""Free dryer \u2013 In building"", ""Children\u2019s dinnerware"", ""Indoor fireplace: wood-burning"", ""Coffee"", ""Self check-in"", ""Freezer"", ""Dining table"", ""Iron"", ""Kitchen"", ""Smeg stainless steel gas stove"", ""AC - split type ductless system"", ""Outdoor furniture"", ""Room-darkening shades"", ""Private BBQ grill: gas"", ""Cleaning products"", ""Pack \u2019n play/Travel crib - available upon request"", ""Shower gel"", ""Extra pillows and blankets"", ""Changing table - available upon request"", ""Smeg stainless steel single oven"", ""Blender"", ""Bathtub"", ""Vineyard view"", ""Drying rack for clothing"", ""Hangers"", ""Heating - split type ductless system"", ""Dedicated workspace"", ""Refrigerator"", ""Baking sheet"", ""Private entrance"", ""Fire extinguisher"", ""Cooking basics"", ""Wine glasses"", ""Essentials"", ""65 inch HDTV with DVD player"", ""Board games"", ""Crib - available upon request"", ""Microwave"", ""Free street parking"", ""Smoke alarm"", ""Hair dryer"", ""Hot water kettle"", ""Toaster""]",$673.00,2,999,2,2,1125,1125,2.0,1125.0,,t,7,23,40,291,2025-09-27,103,20,1,41,27,120,80760,2021-12-17,2025-09-24,5.0,4.99,4.99,5.0,5.0,4.97,4.88,,t,1,1,0,0,2.24
53157588,https://www.airbnb.com/rooms/53157588,20250927041735,2025-09-27,previous scrape,4 Bedroom Barossa Home with Large Garden and Pool,"Welcome to Kalimna Retreat, which is surrounded by vineyards and nestled on the outskirts of Nuriootpa on Ngadjuri Peramangk lands. <br /><br />“Kalimna” means “beautiful” and is of Aboriginal origin. We hope your stay is enjoyable and the information provided will help you explore what the Barossa Valley has to offer.",,https://a0.muscache.com/pictures/57ef4eb2-8331-49f4-b547-7dbfaa1eb225.jpg,175822582,https://www.airbnb.com/users/show/175822582,Josh,2018-02-28,"Nuriootpa, Australia","",N/A,N/A,100%,f,https://a0.muscache.com/im/pictures/user/1bf01387-c560-4cb4-9ade-d722bbb41e05.jpg?aki_policy=profile_small,https://a0.muscache.com/im/pictures/user/1bf01387-c560-4cb4-9ade-d722bbb41e05.jpg?aki_policy=profile_x_medium,,1,1,"['email', 'phone', 'work_email']",t,t,,Light Pass,,-34.46473,139.02256,Entire home,Entire home/apt,10,,2 baths,4,,"[""Coffee maker"", ""Wifi"", ""Hot water"", ""Paid parking on premises"", ""Private backyard \u2013 Not fully fenced"", ""First aid kit"", ""Dishes and silverware"", ""Outdoor dining area"", ""Private patio or balcony"", ""Bed linens"", ""Free dryer \u2013 In building"", ""Self check-in"", ""Kitchen"", ""Radiant heating"", ""Outdoor furniture"", ""Central air conditioning"", ""Cleaning products"", ""Shower gel"", ""Bathtub"", ""Refrigerator"", ""Outdoor shower"", ""BBQ grill"", ""Washer"", ""Fire extinguisher"", ""Shampoo"", ""Cooking basics"", ""Essentials"", ""Private outdoor pool - saltwater"", ""Smart lock"", ""Conditioner"", ""Smoke alarm"", ""Hair dryer"", ""55 inch HDTV"", ""Body soap""]",,2,365,2,2,1125,1125,2.0,1125.0,,t,0,0,0,0,2025-09-27,67,14,0,0,22,84,,2022-04-17,2025-05-24,4.96,4.84,4.97,4.91,4.99,4.93,4.76,,t,1,1,0,0,1.60
53245474,https://www.airbnb.com/rooms/53245474,20250927041735,2025-09-27,city scrape,"""Topp House"" Retreat Barossa","Topp House is one of the original heritage interest houses along Bethany Road.<br /><br />Bethany ( Bethanien) established 1842 the oldest German settlement  in the Barossa Valley.<br /><br />Topp House Retreat is on the grounds and situated in a prime location to explore everything the Barossa Valley has to offer. Take time out to rest, away from everyday life in a peaceful environment.<br /><br />This unique retreat is accessibility and environmentally friendly.  You won’t want to leave this charming, one-of-a-kind place.",,https://a0.muscache.com/pictures/miso/Hosting-53245474/original/3b4632b9-8b6e-4b59-a8dd-eaecab09aa2b.jpeg,431071310,https://www.airbnb.com/users/show/431071310,Jessica,2021-11-09,"Bethany, Australia","",within an hour,100%,100%,t,https://a0.muscache.com/im/pictures/user/f095432b-c37a-4751-9b5b-366f154dbfa8.jpg?aki_policy=profile_small,https://a0.muscache.com/im/pictures/user/f095432b-c37a-4751-9b5b-366f154dbfa8.jpg?aki_policy=profile_x_medium,,1,1,"['email', 'phone']",t,t,,Bethany,,-34.5393,138.97113,Entire guesthouse,Entire home/apt,2,1.0,1 bath,1,1,"[""Lockbox"", ""Ceiling fan"", ""Ethernet connection"", ""Heating"", ""Wifi"", ""Coffee maker: Nespresso"", ""Hot water"", ""First aid kit"", ""Dishes and silverware"", ""Outdoor dining area"", ""Private patio or balcony"", ""Garden view"", ""Bed linens"", ""Books and reading material"", ""Thank you shampoo"", ""Self check-in"", ""Coffee"", ""Dining table"", ""Iron"", ""Courtyard view"", ""Outdoor furniture"", ""Private backyard \u2013 Fully fenced"", ""Room-darkening shades"", ""Cleaning products"", ""Shower gel"", ""Extra pillows and blankets"", ""Dedicated workspace"", ""Hangers"", ""Air conditioning"", ""Refrigerator"", ""Private entrance"", ""Clothing storage: dresser"", ""Laundromat nearby"", ""Fire extinguisher"", ""Wine glasses"", ""Essentials"", ""Thank you conditioner"", ""45 inch HDTV with Chromecast"", ""Microwave"", ""Mini fridge"", ""Free street parking"", ""Smoke alarm"", ""Free carport on premises"", ""Hair dryer"", ""Hot water kettle"", ""Single level home"", ""Toaster"", ""Breakfast""]",$147.00,1,1125,1,1,1125,1125,1.0,1125.0,,t,11,20,38,295,2025-09-27,246,67,4,41,76,255,37485,2022-02-12,2025-09-21,4.94,4.94,4.98,4.98,4.98,4.92,4.86,,f,1,1,0,0,5.57
53486238,https://www.airbnb.com/rooms/53486238,20250927041735,2025-09-27,city scrape,"The Cottage at Seppeltsfield, Barossa Valley","Welcome to our charming cottage in Seppeltsfield, Barossa Valley. This historic gem offers a peaceful  retreat for your stay. With its heritage exterior and modern amenities, the cottage accommodates up to 4 guests. Immerse yourself in Seppeltsfield’s rich heritage, within walking distance of nearby Wineries and Restaurants, or simply soak up the views across the vineyards. Experience the perfect blend of old-world charm and contemporary comfort in our Seppeltsfield cottage.","Seppeltsfield  is a charming and historic destination nestled in the picturesque Barossa Valley in South Australia. With its quaint heritage buildings, rolling vineyards, and a sense of timeless beauty, Seppeltsfield offers a captivating experience for visitors. Within a short walk is the renowned Seppeltsfield Winery, which boasts a rich heritage spanning over 170 years. Visitors can explore the historic cellars, indulge in exquisite wine tastings, dine at Fino Restaurant, enjoy a coffee at Octeine or immerse themselves with the local artisans including The Jam Factory, Vasse Virgin, Gardner Knives and more. After a long day enjoy the west facing verandah watching the sun setting over the palm trees and vines. Sit back and enjoy the quiet, serene surroundings while looking up at the stars and the Milky Way. Seppeltsfield is a delightful destination that captures the essence of the Barossa Valley's wine country charm.",https://a0.muscache.com/pictures/hosting/Hosting-53486238/original/480fcadc-2f1c-417f-b0ac-efc31187e467.jpeg,218035532,https://www.airbnb.com/users/show/218035532,Alexander,2018-09-30,"Tanunda, Australia","",within an hour,100%,100%,t,https://a0.muscache.com/im/pictures/user/5b786454-6f50-488a-98b3-f63a59cc87ff.jpg?aki_policy=profile_small,https://a0.muscache.com/im/pictures/user/5b786454-6f50-488a-98b3-f63a59cc87ff.jpg?aki_policy=profile_x_medium,,1,1,"['email', 'phone']",t,t,Neighborhood highlights,Marananga,,-34.49041,138.9209,Entire cottage,Entire home/apt,4,1.0,1 bath,2,2,"[""Wifi"", ""Dishwasher"", ""Long term stays allowed"", ""Hot water"", ""Gas stove"", ""Belling double oven"", ""Dishes and silverware"", ""Vasse Virgin shampoo"", ""Private backyard"", ""Bed linens"", ""Books and reading material"", ""Self check-in"", ""Iron"", ""Kitchen"", ""Keypad"", ""Central air conditioning"", ""Central heating"", ""Free parking on premises"", ""Bathtub"", ""Vineyard view"", ""TV"", ""Hangers"", ""Refrigerator"", ""BBQ grill"", ""Washer"", ""Fire extinguisher"", ""Cooking basics"", ""Essentials"", ""Microwave"", ""Smoke alarm"", ""Coffee maker: Nespresso"", ""Breakfast""]",$453.00,1,1125,1,3,2,1125,1.9,623.4,,t,15,32,58,308,2025-09-27,35,21,2,61,17,126,57078,2023-06-29,2025-09-21,4.97,4.97,5.0,5.0,5.0,4.97,4.94,,t,1,1,0,0,1.28
53498238,https://www.airbnb.com/rooms/53498238,20250927041735,2025-09-27,city scrape,2 Small Batch Accommodation,"Accommodation with an environmental focus. Stay off grid, in a tiny historic hamlet. Situated between the Barossa Valley and the Adelaide Hills. This ongoing project utilises reused, recycled Nissan Huts (2 huts) to provide a cosy place to stay. 100% solar powered and filtered rain water. The rooms are configured to suit a couple or twin share on request at time of booking. <br />All bookings receive a bottle of local Springton/Eden Valley wine and a cheese from the Barossa Cheese Company.",,https://a0.muscache.com/pictures/f332f2e5-1956-4b74-9f37-daaf61f13b2a.jpg,326577506,https://www.airbnb.com/users/show/326577506,Jon,2020-01-12,"Springton, Australia","",within an hour,100%,100%,t,https://a0.muscache.com/im/pictures/user/280b836f-e6a7-4480-af78-d5741de166bb.jpg?aki_policy=profile_small,https://a0.muscache.com/im/pictures/user/280b836f-e6a7-4480-af78-d5741de166bb.jpg?aki_policy=profile_x_medium,,2,2,"['email', 'phone']",t,t,,Springton,,-34.70556,139.08841,Hut,Entire home/apt,2,1.0,1 bath,1,1,"[""Lockbox"", ""Fire pit"", ""Heating"", ""Wifi"", ""Sound system"", ""Hot water"", ""Dishes and silverware"", ""First aid kit"", ""Barbecue utensils"", ""Bed linens"", ""Indoor fireplace"", ""Self check-in"", ""Coffee"", ""Iron"", ""Cleaning products"", ""Extra pillows and blankets"", ""Free parking on premises"", ""TV"", ""Hangers"", ""Air conditioning"", ""BBQ grill"", ""Fire extinguisher"", ""Wine glasses"", ""Essentials"", ""Mini fridge"", ""Clothing storage"", ""Smoke alarm"", ""Free street parking"", ""Hot water kettle""]",$166.00,1,1125,1,1,1125,1125,1.0,1125.0,,t,9,29,59,59,2025-09-27,127,27,1,59,25,162,26892,2021-12-01,2025-09-14,4.86,4.86,4.92,4.96,4.98,4.77,4.77,,f,2,2,0,0,2.73
53817822,https://www.airbnb.com/rooms/53817822,20250927041735,2025-09-27,city scrape,Spacious home in the heart of the Barossa!,"Keep it simple at this peaceful and centrally located place. With your own private room and bathroom on a spacious green block, you will feel right at home. Walking distance to the Barossa Co-op and a short drive from all of the Barossa's must-sees. Bring a bottle and sit outside to enjoy all of the peaceful country air.",,https://a0.muscache.com/pictures/83eaead6-5fa1-42d6-8462-2a24e1aa8193.jpg,223639320,https://www.airbnb.com/users/show/223639320,Jane,2018-11-01,"Nuriootpa, Australia","",N/A,N/A,N/A,f,https://a0.muscache.com/im/pictures/user/bcdb9ea4-d01f-4af6-b0c7-b14e595a80a7.jpg?aki_policy=profile_small,https://a0.muscache.com/im/pictures/user/bcdb9ea4-d01f-4af6-b0c7-b14e595a80a7.jpg?aki_policy=profile_x_medium,,1,2,['email'],t,t,,Nuriootpa,,-34.47498,138.99216,Private room in home,Private room,2,1.0,1 shared bath,1,1,"[""Fire pit"", ""Indoor fireplace"", ""Outdoor dining area"", ""TV"", ""Wifi"", ""Dedicated workspace"", ""Smoke alarm"", ""BBQ grill"", ""Kitchen"", ""Free parking on premises"", ""Washer""]",$83.00,1,365,1,1,365,365,1.0,365.0,,t,8,37,67,341,2025-09-27,63,11,1,73,10,66,5478,2021-12-31,2025-09-10,4.86,4.9,4.9,4.9,4.83,4.97,4.76,,f,1,0,1,0,1.38
54185293,https://www.airbnb.com/rooms/54185293,20250927041735,2025-09-27,city scrape,The Barn - On Cockatoo Lane,"Nestled among the towering river red gums sits The Barn – On Cockatoo Lane. <br />Drive through the gates, step out the car and breath deep, this place invites you disconnect and relax. These are acres to be enjoyed in peaceful solitude, only interrupted by the quiet of kangaroos and birdsong. <br />The Barn itself was built with comfort in mind, simple luxury at its heart. Let it welcome you and work its magic. <br />Located in the Southern Barossa, close to all the activities the Barossa Valley has to offer.",,https://a0.muscache.com/pictures/miso/Hosting-54185293/original/fb036228-0bed-495c-8564-a5fcdc20ae16.jpeg,279365446,https://www.airbnb.com/users/show/279365446,Olivia,2019-07-26,"Sandy Creek, Australia","Welcome! I have been a chef for a long time. I trained in 5-star hotels and also have training in frontline management and events. Most recently I have been catering events to remember and making meals from scratch for home environments. I love cooking, gardening, food production, interiors and being creative. I'm hoping this new adventure will allow me a bit of it all. I'm happy to have a chat but I'm also happy to leave you in solitude!",within an hour,100%,100%,t,https://a0.muscache.com/im/pictures/user/User-279365446/original/47e64294-c290-4947-9607-a640f3415e10.jpeg?aki_policy=profile_small,https://a0.muscache.com/im/pictures/user/User-279365446/original/47e64294-c290-4947-9607-a640f3415e10.jpeg?aki_policy=profile_x_medium,,1,1,"['email', 'phone']",t,t,,Sandy Creek,,-34.60291720335033,138.83551682062375,Barn,Entire home/apt,4,1.0,1 bath,1,2,"[""Lockbox"", ""Ceiling fan"", ""Free dryer \u2013 In unit"", ""Harman Kardon Bluetooth sound system"", ""Wifi"", ""Dishwasher"", ""Long term stays allowed"", ""Hot water"", ""First aid kit"", ""Dishes and silverware"", ""Barbecue utensils"", ""Outdoor dining area"", ""Clothing storage: wardrobe"", ""Private backyard"", ""Private patio or balcony"", ""Luggage dropoff allowed"", ""Bed linens"", ""Books and reading material"", ""Bosch induction stove"", ""Housekeeping available 3 hours a day, every day - available at extra cost"", ""Bikes"", ""Self check-in"", ""Coffee"", ""Freezer"", ""Dining table"", ""Iron"", ""Kitchen"", ""Coffee maker: espresso machine, french press"", ""Outdoor furniture"", ""Cleaning products"", ""Shower gel"", ""Extra pillows and blankets"", ""Blender"", ""Free parking on premises"", ""Bathtub"", ""Drying rack for clothing"", ""TV"", ""Hangers"", ""Air conditioning"", ""Heating - split type ductless system"", ""LG refrigerator"", ""Baking sheet"", ""Private entrance"", ""BBQ grill"", ""Exercise equipment: yoga mat"", ""Leif shampoo"", ""Washer"", ""Fire extinguisher"", ""Cooking basics"", ""Wine glasses"", ""Leif body soap"", ""Leif conditioner"", ""Microwave"", ""Smoke alarm"", ""Hair dryer"", ""Bosch single oven"", ""Hot water kettle"", ""Toaster"", ""Breakfast""]",$464.00,2,1125,2,2,2,1125,2.0,298.0,,t,10,32,60,148,2025-09-27,26,21,2,66,13,126,58464,2024-06-10,2025-09-14,5.0,5.0,5.0,5.0,5.0,5.0,5.0,,t,1,1,0,0,1.64
54187049,https://www.airbnb.com/rooms/54187049,20250927041735,2025-09-27,city scrape,The Red Door @ Barossa Valley ★Vineyard View★,"Take in the stunning views over the vineyard, The Red Door @ Barossa Valley provides a relaxed and intimate space facing an 10-acre working vineyard. The beautiful natural landscape integrates seamlessly with the modern natural light-filled house. As soon as you walk through the central red door, you will be met with quality fittings and features with multiple large windows to capture the outside views.  <br /> <br />Located in the central of Barossa Valley, it is closed to an expansive range of wineries and restaurants. This beautiful and comfortable house is perfect for small groups of friends and families as a lovely base to explore the Barossa Valley.",The Red Door locates in a quiet neighbourhood where an expansive range of wineries and restaurants is around. It is only few minute drive to Barossa Central and some renown cellar doors.,https://a0.muscache.com/pictures/prohost-api/Hosting-54187049/original/a2773e70-b820-4d56-b934-ee4aba9f6ba2.jpeg,439331891,https://www.airbnb.com/users/show/439331891,Hao,2022-01-07,,"Roger and I love traveling, we fell in love with Australia on our honeymoon and moved to here 10 years ago. I am an interior designer and Roger is a property manager, Airbnb has helped us feel at home traveling and now we want to share this special connection to our guests through hosting Airbnb ourselves. I hope you will like our place as much as we do :)
Looking forward to hosting you!
Emma & Roger",within an hour,100%,100%,f,https://a0.muscache.com/im/pictures/user/a6294334-54ae-4dd4-abcd-09d20295dc13.jpg?aki_policy=profile_small,https://a0.muscache.com/im/pictures/user/a6294334-54ae-4dd4-abcd-09d20295dc13.jpg?aki_policy=profile_x_medium,,15,18,"['email', 'phone']",t,t,Neighborhood highlights,Nuriootpa,,-34.46914,138.96758,Entire home,Entire home/apt,8,2.5,2.5 baths,3,5,"[""Coffee maker"", ""Lockbox"", ""Wifi"", ""Dishwasher"", ""Long term stays allowed"", ""Hot water"", ""First aid kit"", ""Dishes and silverware"", ""Bed linens"", ""Dryer"", ""Oven"", ""Self check-in"", ""Iron"", ""Kitchen"", ""Stove"", ""Extra pillows and blankets"", ""Free parking on premises"", ""Bathtub"", ""TV"", ""Dedicated workspace"", ""Hangers"", ""Air conditioning"", ""Refrigerator"", ""Private entrance"", ""BBQ grill"", ""Washer"", ""Backyard"", ""Fire extinguisher"", ""Shampoo"", ""Cooking basics"", ""Essentials"", ""Microwave"", ""Smoke alarm"", ""Hair dryer"", ""Hot water kettle"", ""Single level home""]",$314.00,2,365,2,2,365,365,2.0,365.0,,t,6,28,41,97,2025-09-27,56,15,2,43,11,90,28260,2022-03-12,2025-09-15,4.89,4.88,4.68,4.93,4.95,4.88,4.75,,t,10,10,0,0,1.30
542934522374568605,https://www.airbnb.com/rooms/542934522374568605,20250927041735,2025-09-27,previous scrape,"Ultimate Barossa Retreats massages, facials, relax","Our wellness Retreat in Barossa Valley is about reconnecting with yourself & connecting with others. Massages, Psychic Readings, Chakra Balancing,  local wine & food and experience some Art Mindfulness too. You will be with a small group of like minded people in this special environment in Tanunda with heated swimming pool. You are fully hosted throughout this whole weekend by an expert team to help guide you to explore additional experiences you can add onto your Retreat.","a beautiful country town a short stroll to wineries, cafes and local shops. We respect our neighbours with peace and tranquility",https://a0.muscache.com/pictures/miso/Hosting-542934522374568605/original/63f2fbb5-fa95-4290-9012-42fe2009f69f.jpeg,9380091,https://www.airbnb.com/users/show/9380091,Kym,2013-10-12,"Beaumont, Australia","love travel, love creating wonderful experiences, love wine, love food, love my 3 children",within a day,100%,100%,f,https://a0.muscache.com/im/pictures/user/User-9380091/original/5f25e4ae-6331-4d57-a04f-503d2b9f4377.jpeg?aki_policy=profile_small,https://a0.muscache.com/im/pictures/user/User-9380091/original/5f25e4ae-6331-4d57-a04f-503d2b9f4377.jpeg?aki_policy=profile_x_medium,,2,2,"['email', 'phone', 'work_email']",t,t,Neighborhood highlights,Tanunda,,-34.52837,138.95421,Private room in guest suite,Private room,6,,3 baths,5,,"[""Coffee maker"", ""Heating"", ""Wifi"", ""Dishwasher"", ""Hot water"", ""First aid kit"", ""Dishes and silverware"", ""Outdoor dining area"", ""Luggage dropoff allowed"", ""Bed linens"", ""Free washer \u2013 In building"", ""Patio or balcony"", ""Indoor fireplace"", ""Dryer"", ""Oven"", ""Self check-in"", ""Pack \u2019n play/Travel crib"", ""Iron"", ""Kitchen"", ""Outdoor furniture"", ""Keypad"", ""Stove"", ""TV"", ""Dedicated workspace"", ""Hangers"", ""Air conditioning"", ""Refrigerator"", ""Private entrance"", ""BBQ grill"", ""Single level home"", ""Backyard"", ""Fire extinguisher"", ""Shampoo"", ""Cooking basics"", ""Essentials"", ""Shared outdoor pool - available all year, open specific hours, heated"", ""High chair"", ""Microwave"", ""Smoke alarm"", ""Hair dryer"", ""Free parking on premises"", ""Body soap""]",,2,3,2,2,3,3,2.0,3.0,,t,0,0,0,0,2025-09-27,0,0,0,0,0,0,,,,,,,,,,,,f,2,1,1,0,
563854793233301758,https://www.airbnb.com/rooms/563854793233301758,20250927041735,2025-09-27,city scrape,2 Bedroom Family Cottage - Sleeps up to 6,"Relax as a couple, or the whole family, at our peaceful cottage. Historic Lyndoch is the ideal place from which to experience the famous Barossa Valley.  The cottage is just a short 800 metres from shops, bakery, and more. Restaurants and vineyards are within minutes. We supply 3 free bicycles to explore the Barossa Cycling trails (Pre booking required).  Another 2 bedroom cottage is available on the same site. Search airbnb for "" 2 bedrooms with Woodfire, Barossa Country Cottages "" .",,https://a0.muscache.com/pictures/miso/Hosting-563854793233301758/original/54fac6f7-1c58-45ac-b8f2-76ae6c218731.jpeg,10421165,https://www.airbnb.com/users/show/10421165,Mark And Fiona,2013-12-04,"Lyndoch, Australia","Hi, We love hosting people at our cottages in the Barossa, both at the 1890s historic Barossa Hills Cottages in Springton, and these two bedroom family cottages at Lyndoch. In February 2022 the previous owners retired, and we have now refreshed the cottages - which are renowned throughout the Barossa as affordable family (& pet!) friendly accommodation.",within an hour,100%,100%,f,https://a0.muscache.com/im/pictures/user/ac9ad189-b8a2-448d-a071-8e40760ddf46.jpg?aki_policy=profile_small,https://a0.muscache.com/im/pictures/user/ac9ad189-b8a2-448d-a071-8e40760ddf46.jpg?aki_policy=profile_x_medium,,2,3,"['email', 'phone']",t,t,,Lyndoch,,-34.60445,138.88233,Entire vacation home,Entire home/apt,6,1.0,1 bath,2,3,"[""Coffee maker"", ""Lockbox"", ""Heating"", ""Wifi"", ""32 inch HDTV"", ""Crib"", ""First aid kit"", ""Dishes and silverware"", ""Outdoor dining area"", ""Private patio or balcony"", ""Garden view"", ""Outdoor playground"", ""Self check-in"", ""Pack \u2019n play/Travel crib"", ""Iron"", ""Kitchen"", ""Outdoor furniture"", ""Shared backyard \u2013 Fully fenced"", ""Free washer \u2013 In unit"", ""Refrigerator"", ""Dedicated workspace"", ""Air conditioning"", ""BBQ grill"", ""Fire extinguisher"", ""Cooking basics"", ""Pets allowed"", ""High chair"", ""Smoke alarm"", ""Hair dryer"", ""Exterior security cameras on property"", ""Free parking on premises""]",$205.00,2,1125,2,3,2,1125,2.0,337.8,,t,22,44,68,243,2025-09-27,25,8,0,68,3,48,9840,2022-05-22,2025-08-25,4.72,4.76,4.8,4.96,4.96,4.8,4.6,,t,2,2,0,0,0.61
597299948635932099,https://www.airbnb.com/rooms/597299948635932099,20250927041735,2025-09-27,city scrape,Anlaby Station - Coachman's Cottage,"The Coachman's Cottage is a lovingly renovated single storey building sitting within its own garden with covered patio, seating and BBQ.<br />It offers 2 King bedrooms, each with its own ensuite.<br />You will find a wonderfully cosy sitting room and dining area as well as a fully set up kitchen (Incl. dishwasher, espresso machine).<br />The Cottage features heating facilities in each room and ducted air conditioning throughout.<br />The rate is set for the whole Cottage with a maximum occupancy of 4 guests.",,https://a0.muscache.com/pictures/miso/Hosting-597299948635932099/original/3b9e005a-a108-4afa-88de-1dbe8e19feaf.jpeg,383527612,https://www.airbnb.com/users/show/383527612,Jean-Claude,2021-01-07,,"",within a few hours,100%,100%,f,https://a0.muscache.com/im/pictures/user/c5a97923-e02f-478c-aea1-a1a4ecbf8bf9.jpg?aki_policy=profile_small,https://a0.muscache.com/im/pictures/user/c5a97923-e02f-478c-aea1-a1a4ecbf8bf9.jpg?aki_policy=profile_x_medium,,3,3,"['email', 'phone']",t,t,,Kapunda,,-34.23201,138.97174,Entire cottage,Entire home/apt,4,2.0,2 baths,2,2,"[""Heating"", ""Wifi"", ""First aid kit"", ""Outdoor dining area"", ""Iron"", ""Kitchen"", ""TV"", ""Dedicated workspace"", ""Outdoor shower"", ""Hangers"", ""Air conditioning"", ""Private entrance"", ""BBQ grill"", ""Washer"", ""Fire extinguisher"", ""Shampoo"", ""Cooking basics"", ""Essentials"", ""Host greets you"", ""Smoke alarm"", ""Hair dryer"", ""Free parking on premises"", ""Breakfast""]",$779.00,1,999,1,1,999,999,1.0,999.0,,t,22,45,75,344,2025-09-27,1,0,0,81,0,0,0,2023-02-26,2023-02-26,5.0,5.0,5.0,5.0,5.0,5.0,5.0,,t,3,3,0,0,0.03
598893796161066227,https://www.airbnb.com/rooms/598893796161066227,20250927041735,2025-09-27,city scrape,Sierra Madre - Idyllic stay in the heart of town.,"Its all about the location.... Immerse yourself into the heart of the iconic Barossa Valley and stay at the Idyllic, Character filled bungalow - Sierra Madre. <br />A Beautiful, quaint and very charming property conveniently situated only meters from the ever so popular Tanunda main street. Take your pick of coffee shops, cafes, restaurants, cellar doors, shopping, and more. <br />Or... Choose to stay in, unwind, relax and surround yourself in a beautiful and well appointed little piece of paradise.","You wont find a much better location than this! <br />Sierra Madre is a short 2 minute walk to the hub of Tanunda. <br />You are walking distance to everything you need, Information Center, Supermarket, Bakery, Restaurant's, Bars, Cafes, Bottle shop, Retail Shopping, Playground / Oval and more.<br /><br />The Barossa is made up of some beautiful little towns only a short drive away, and they all offer something different. So we encourage you to take a drive around and find some of our unique spots, You wont be disappointed. <br />There is always plenty to do and something for everyone. <br /><br />Explore the many cellar doors and wineries, enjoy a relaxing long lunch at one of the many restaurants, take a stroll through the conservation park, visit the bustling farmers market, stroll the streets, or perhaps book yourself in for an unforgettable experience somewhere. So much to see and do.",https://a0.muscache.com/pictures/miso/Hosting-598893796161066227/original/e10d5f36-dc71-4a3a-806f-bd2102d1f2c5.jpeg,91611833,https://www.airbnb.com/users/show/91611833,Shannon,2016-08-24,"Tanunda, Australia","",within an hour,100%,96%,t,https://a0.muscache.com/im/pictures/user/7fc9570a-d011-4d3e-b08c-01a5ef90de15.jpg?aki_policy=profile_small,https://a0.muscache.com/im/pictures/user/7fc9570a-d011-4d3e-b08c-01a5ef90de15.jpg?aki_policy=profile_x_medium,,2,2,"['email', 'phone']",t,t,Neighborhood highlights,Tanunda,,-34.525082,138.955566,Entire home,Entire home/apt,6,1.0,1 bath,3,4,"[""Lockbox"", ""Fire pit"", ""Wifi"", ""Dishwasher"", ""Coffee maker: Nespresso"", ""Crib"", ""Hot water"", ""First aid kit"", ""Dishes and silverware"", ""Outdoor dining area"", ""Bed linens"", ""Dryer"", ""Oven"", ""Indoor fireplace: wood-burning"", ""Self check-in"", ""Freezer"", ""Dining table"", ""Iron"", ""Kitchen"", ""Outdoor furniture"", ""Central air conditioning"", ""Stove"", ""Central heating"", ""Cleaning products"", ""Free parking on premises"", ""TV"", ""Refrigerator"", ""Hangers"", ""BBQ grill"", ""Washer"", ""Backyard"", ""Fire extinguisher"", ""Cooking basics"", ""Wine glasses"", ""Essentials"", ""High chair"", ""Board games"", ""Children\u2019s books and toys"", ""Microwave"", ""Clothing storage"", ""Smoke alarm"", ""Free street parking"", ""Hair dryer"", ""Hot water kettle"", ""Toaster""]",$395.00,2,365,2,7,365,365,2.2,365.0,,t,20,43,72,109,2025-09-27,129,22,0,78,35,132,52140,2022-04-20,2025-08-24,4.99,4.98,4.99,4.99,4.99,4.98,4.86,,f,1,1,0,0,3.08
611369443768980724,https://www.airbnb.com/rooms/611369443768980724,20250927041735,2025-09-27,previous scrape,Neat & Tidy Home with Outdoor Entertaining Area,"51 Gramp Ave overlooks the wonderful Angas Recreation Park.<br />It is within comfortable walking distance (5-10mins) to Angaston's main attractions including; Yalumba Winery, Barossa Adventure Station & The Angaston Main Street. <br />The Angaston Main Street offers a little something for everyone with beautiful cafes, bakeries, wine bars, restaurants & hotels. <br />The Blacksmiths Shop, History Centre, the Barossa Bike Track and the newly constructed Barossa Adventure Station are all fantastic attractions.",Peaceful,https://a0.muscache.com/pictures/miso/Hosting-611369443768980724/original/a23e472f-08c1-4831-8f6d-7937ad3c6b7a.jpeg,455612017,https://www.airbnb.com/users/show/455612017,Stacey,2022-04-23,,"",N/A,N/A,N/A,f,https://a0.muscache.com/im/pictures/user/72ea1216-dbc5-4e95-aa1c-bde4b1bb15ce.jpg?aki_policy=profile_small,https://a0.muscache.com/im/pictures/user/72ea1216-dbc5-4e95-aa1c-bde4b1bb15ce.jpg?aki_policy=profile_x_medium,,1,1,"['email', 'phone']",t,t,Neighborhood highlights,Angaston,,-34.508907,139.043564,Entire home,Entire home/apt,5,,1 bath,3,,"[""Coffee maker"", ""Lockbox"", ""Ceiling fan"", ""Free dryer \u2013 In unit"", ""HDTV with Netflix"", ""Fire pit"", ""Wifi"", ""Long term stays allowed"", ""Hot water"", ""Gas stove"", ""First aid kit"", ""Dishes and silverware"", ""Barbecue utensils"", ""Outdoor dining area"", ""Bed linens"", ""Books and reading material"", ""Oven"", ""Self check-in"", ""Coffee"", ""Freezer"", ""Iron"", ""Kitchen"", ""Radiant heating"", ""AC - split type ductless system"", ""Outdoor furniture"", ""Private backyard \u2013 Fully fenced"", ""Cleaning products"", ""Pack \u2019n play/Travel crib - available upon request"", ""Blender"", ""Free parking on premises"", ""Free washer \u2013 In unit"", ""Drying rack for clothing"", ""Dedicated workspace"", ""Hangers"", ""Refrigerator"", ""Baking sheet"", ""Indoor fireplace: electric"", ""Private entrance"", ""BBQ grill"", ""Shampoo"", ""Fire extinguisher"", ""Cooking basics"", ""Wine glasses"", ""Essentials"", ""Park view"", ""Conditioner"", ""Microwave"", ""Clothing storage"", ""Portable fans"", ""Smoke alarm"", ""Hair dryer"", ""Free street parking"", ""Hot water kettle"", ""Body soap"", ""Toaster""]",,1,1125,1,1,1125,1125,1.0,1125.0,,t,0,0,0,0,2025-09-27,26,0,0,0,0,0,,2022-06-13,2023-12-29,4.88,4.96,5.0,5.0,5.0,4.96,4.81,,t,1,1,0,0,0.65
611659077132662185,https://www.airbnb.com/rooms/611659077132662185,20250927041735,2025-09-27,city scrape,"Poppy’s Place, Family & pet friendly bungalow.","Your family and pets will be in walking distance to everything in Angaston. Beautifully renovated 1920’s bungalow in the heart of the Barossa. Close to the Angaston Adventure playground, restaurants, cafés, wine bars, pubs, the famous Angaston Cheese Factory, shops, art studios and much more.<br />Rest and relax on the verandah or on the luscious laws of this 3 bedroom recently renovated fully fenced bungalow. Latest digital TV, WIFI, dedicated study room. This property has so much to offer.",Angaston is a quiet town and the neighbours are friendly,https://a0.muscache.com/pictures/miso/Hosting-611659077132662185/original/08b722ab-750d-44ac-9deb-4aad6241fa77.jpeg,24432943,https://www.airbnb.com/users/show/24432943,Alexandra,2014-12-03,"Angaston, Australia","I am married with 2 children and live on a farm where we bread Angus Beef cattle,  Dorper sheep, and manage remote agricultural maintenance and development business. I am an artists and involved in arts and cultural engagement in the Barossa.",within an hour,100%,100%,t,https://a0.muscache.com/im/pictures/user/060b2646-04f6-4d7a-a492-0d92339cf3b9.jpg?aki_policy=profile_small,https://a0.muscache.com/im/pictures/user/060b2646-04f6-4d7a-a492-0d92339cf3b9.jpg?aki_policy=profile_x_medium,,2,2,"['email', 'phone', 'work_email']",t,t,Neighborhood highlights,Angaston,,-34.50316,139.04548,Entire bungalow,Entire home/apt,9,2.0,2 baths,3,5,"[""Coffee maker"", ""Lockbox"", ""Outlet covers"", ""Dishwasher"", ""Crib"", ""Sound system"", ""Changing table"", ""Hot water"", ""Long term stays allowed"", ""First aid kit"", ""Dishes and silverware"", ""Barbecue utensils"", ""Outdoor dining area"", ""Private patio or balcony"", ""73 inch HDTV with DVD player, Disney+, Netflix"", ""Luggage dropoff allowed"", ""Garden view"", ""Bed linens"", ""Free washer \u2013 In building"", ""Books and reading material"", ""Free dryer \u2013 In building"", ""Children\u2019s dinnerware"", ""Self check-in"", ""Coffee"", ""Pack \u2019n play/Travel crib"", ""Freezer"", ""Dining table"", ""Cleaning available during stay"", ""Iron"", ""Kitchen"", ""Radiant heating"", ""AC - split type ductless system"", ""Clothing storage: wardrobe and dresser"", ""Outdoor furniture"", ""Private backyard \u2013 Fully fenced"", ""Room-darkening shades"", ""Cleaning products"", ""Thank you body soap"", ""Baby bath"", ""Shower gel"", ""Extra pillows and blankets"", ""Blender"", ""Portable heater"", ""Bathtub"", ""Drying rack for clothing"", ""Dedicated workspace"", ""Hangers"", ""Refrigerator"", ""Baking sheet"", ""Private entrance"", ""BBQ grill"", ""Laundromat nearby"", ""Shampoo"", ""Fire extinguisher"", ""Cooking basics"", ""Wine glasses"", ""Essentials"", ""Pets allowed"", ""High chair"", ""Belling stainless steel gas stove"", ""Board games"", ""Double oven"", ""Conditioner"", ""Children\u2019s books and toys"", ""Microwave"", ""Free street parking"", ""Smoke alarm"", ""Hair dryer"", ""Hot water kettle"", ""Single level home"", ""Toaster"", ""Wifi \u2013 26 Mbps"", ""Breakfast""]",$230.00,2,1125,2,2,1125,1125,2.0,1125.0,,t,15,28,49,299,2025-09-27,44,11,1,51,18,66,15180,2023-02-11,2025-09-08,4.95,4.95,5.0,5.0,4.95,5.0,4.82,,t,2,2,0,0,1.38
623438660532088604,https://www.airbnb.com/rooms/623438660532088604,20250927041735,2025-09-27,city scrape,"Tanunda Abode - Two BR, Two Bath, Central Location","Your Barossa getaway will come together perfectly staying at this updated two bedroom, two bathroom Tanunda Abode. Literally just steps  to Tanunda’s town center, you can grab your morning espresso with an easy stroll. Wine bars, excellent restaurants all walking distance. <br />Two bedrooms, two sparkling new bathrooms, Outdoor undercover dining, off-street parking,WiFi,coffee machine. The cottage is well designed for two couples, with a stunning bathroom each & central living space.","Tanunda is a beautiful, central  town in the Barossa Valley . <br />It is a great base to  explore the Barossa wineries, Breweries, restaurants, wine bars, boutiques & cafes.<br />The cottage sits right off Tanunda’s Main Street so you’ll be able to walk to all these fabulous options with ease.",https://a0.muscache.com/pictures/fc4cc993-9584-4738-ad02-f7288473cb88.jpg,27555575,https://www.airbnb.com/users/show/27555575,Lisa,2015-02-10,"Adelaide, Australia","",within an hour,100%,100%,f,https://a0.muscache.com/im/pictures/user/cf6a8ba9-a6dc-4f7c-8d42-58311acf6504.jpg?aki_policy=profile_small,https://a0.muscache.com/im/pictures/user/cf6a8ba9-a6dc-4f7c-8d42-58311acf6504.jpg?aki_policy=profile_x_medium,,2,2,"['email', 'phone']",t,t,Neighborhood highlights,Tanunda,,-34.52648,138.95387,Entire cottage,Entire home/apt,4,2.0,2 baths,2,2,"[""Lockbox"", ""Ceiling fan"", ""Wifi"", ""Standalone high chair - available upon request"", ""Coffee maker: Nespresso"", ""Long term stays allowed"", ""Hot water"", ""Private backyard \u2013 Not fully fenced"", ""First aid kit"", ""Dishes and silverware"", ""Outdoor dining area"", ""Private patio or balcony"", ""Bed linens"", ""Books and reading material"", ""Oven"", ""Self check-in"", ""Coffee"", ""Freezer"", ""Dining table"", ""Iron"", ""Kitchen"", ""AC - split type ductless system"", ""Outdoor furniture"", ""Room-darkening shades"", ""Private BBQ grill: gas"", ""Cleaning products"", ""Pack \u2019n play/Travel crib - available upon request"", ""Shower gel"", ""Extra pillows and blankets"", ""Blender"", ""Free parking on premises"", ""Bathtub"", ""TV"", ""Heating - split type ductless system"", ""Hangers"", ""Refrigerator"", ""Private entrance"", ""Single level home"", ""Laundromat nearby"", ""Shampoo"", ""Fire extinguisher"", ""Cooking basics"", ""Wine glasses"", ""Essentials"", ""Electric stove"", ""Board games"", ""Conditioner"", ""Microwave"", ""Clothing storage"", ""Smoke alarm"", ""Free street parking"", ""Hair dryer"", ""Hot water kettle"", ""Body soap"", ""Toaster""]",$272.00,2,1125,2,3,1125,1125,2.1,1125.0,,t,0,1,7,227,2025-09-27,151,44,3,7,34,255,69360,2022-07-10,2025-09-12,4.94,4.97,4.98,4.99,4.99,4.99,4.87,,f,1,1,0,0,3.85
625072901481223153,https://www.airbnb.com/rooms/625072901481223153,20250927041735,2025-09-27,city scrape,Gorgeous stone cottage; stay & explore the Barossa,"Our cottage has all you need for your Barossa stay. It’s walking distance to shops, restaurants, cafes & the iconic Barossa Farmers Market.<br /><br />A cottage feel as you arrive, with a clean white crisp interior, this is a well renovated, comfortable stone cottage, perfect for two couples. <br /><br />Comprising two queen bedrooms, a sitting room w gas fire, separate dining area, well-appointed kitchen with coffee pod machine, 1.5 bathrooms, second separate toilet & outdoor seating area.","Angaston is a little Barossa town set into the hillside on the way to Eden Valley. The township provides for everything you need including a butcher, baker, cafes, multiple wine bars, supermarket and many close wineries. With close proximity to Tanunda, Nuriootpa and the rest of the Barossa & Eden Valleys, Angaston is the perfect location for your stay.",https://a0.muscache.com/pictures/0dbc2d39-1013-4036-be29-d2e1f49e0a62.jpg,63139941,https://www.airbnb.com/users/show/63139941,Charlotte,2016-03-15,"Angaston, Australia","",within an hour,100%,93%,t,https://a0.muscache.com/im/pictures/user/d2b6efb2-c56a-4443-8e8d-9100ca9f0ed2.jpg?aki_policy=profile_small,https://a0.muscache.com/im/pictures/user/d2b6efb2-c56a-4443-8e8d-9100ca9f0ed2.jpg?aki_policy=profile_x_medium,,2,2,"['email', 'phone']",t,t,Neighborhood highlights,Angaston,,-34.49903,139.04269,Entire cottage,Entire home/apt,4,1.5,1.5 baths,2,2,"[""Lockbox"", ""Ceiling fan"", ""Dishwasher"", ""Coffee maker: Nespresso"", ""Long term stays allowed"", ""Hot water"", ""Gas stove"", ""Private backyard \u2013 Not fully fenced"", ""Dishes and silverware"", ""Outdoor dining area"", ""Clothing storage: closet"", ""Luggage dropoff allowed"", ""Bed linens"", ""Free washer \u2013 In building"", ""Books and reading material"", ""Indoor fireplace: wood-burning"", ""Self check-in"", ""Coffee"", ""Freezer"", ""Dining table"", ""Iron"", ""Kitchen"", ""Radiant heating"", ""Outdoor furniture"", ""Mountain view"", ""Private BBQ grill: gas"", ""Cleaning products"", ""Extra pillows and blankets"", ""Window AC unit"", ""Free parking on premises"", ""Dedicated workspace"", ""Outdoor shower"", ""Hangers"", ""Refrigerator"", ""Private entrance"", ""Single level home"", ""Laundromat nearby"", ""Cooking basics"", ""HDTV"", ""Wine glasses"", ""Essentials"", ""Mini fridge"", ""Microwave"", ""Free street parking"", ""Portable fans"", ""Smoke alarm"", ""Hair dryer"", ""Hot water kettle"", ""Body soap"", ""Toaster"", ""Euromaid  oven"", ""Wifi \u2013 26 Mbps""]",$203.00,2,1125,1,2,1125,1125,1.4,1125.0,,t,0,0,0,232,2025-09-27,115,18,0,0,50,108,21924,2022-06-11,2025-06-22,4.77,4.83,4.88,4.9,4.88,4.89,4.68,,f,1,1,0,0,2.86
637886639776162642,https://www.airbnb.com/rooms/637886639776162642,20250927041735,2025-09-27,city scrape,Deluxe Queen Room,Relax with the whole family at this peaceful place to stay.,,https://a0.muscache.com/pictures/miso/Hosting-637886639776162642/original/baf097c9-a176-4746-a385-b62b20bb00ea.jpeg,461601857,https://www.airbnb.com/users/show/461601857,The Wine,2022-05-29,"Tanunda, Australia","The Wine Vine Hotel offers affordable accommodations in the heart of the Barossa wine region, less than 1.2 km from the Barossa Wine and Visitor Center.

All rooms at the The Wine Vine Hotel include air conditioning, electric blankets, and a private outdoor veranda.

You can enjoy a game of tennis on the court, and in the summer season between October and April you can enjoy a swim in the pool.

The The Wine Vine Hotel gives you easy access to over 100 wineries. Famous local attractions are Mengler Hill Scenic Look-out, Conservation Park Bush, and the Whispering Wall.

The Barossa Cheese Company, Lyndoch Lavender Farm, Concordia Fruit Wines, and Maggie Beer's Farm Shop are all a short drive from the motel.

Couples in particular like the location – they rated it 8.5 for a two-person trip.

The Wine Vine Hotel has been welcoming (Website hidden by Airbnb) guests since Apr 19, 2010

",within an hour,100%,100%,f,https://a0.muscache.com/im/pictures/user/2b1ed0b5-a835-4291-9ee5-adb76da2774f.jpg?aki_policy=profile_small,https://a0.muscache.com/im/pictures/user/2b1ed0b5-a835-4291-9ee5-adb76da2774f.jpg?aki_policy=profile_x_medium,,7,8,"['email', 'phone']",t,t,,Tanunda,,-34.51356,138.97308,Entire rental unit,Entire home/apt,4,1.0,1 bath,1,1,"[""Heating"", ""Wifi"", ""Crib"", ""Shared pool"", ""First aid kit"", ""Outdoor dining area"", ""Iron"", ""Outdoor furniture"", ""Carbon monoxide alarm"", ""TV"", ""Dedicated workspace"", ""Refrigerator"", ""Air conditioning"", ""BBQ grill"", ""Fire extinguisher"", ""Shampoo"", ""Clothing storage"", ""Smoke alarm"", ""Hair dryer"", ""Exterior security cameras on property"", ""Free parking on premises"", ""Body soap""]",$262.00,1,365,1,3,999,999,1.2,999.0,,t,27,52,81,353,2025-09-27,18,1,0,87,4,6,1572,2022-07-18,2024-09-28,4.0,4.0,4.22,4.33,3.94,4.5,3.78,,t,7,7,0,0,0.46
637906590837702599,https://www.airbnb.com/rooms/637906590837702599,20250927041735,2025-09-27,city scrape,Deluxe Twin Room,"Our ultra-stylish Deluxe Twin rooms offer superb comfort and furnished with one Queen and one Single Bed. With microfibre quilts, extra fluffy pillows and crisp white linen, they comfortably sleep 2 adults.",,https://a0.muscache.com/pictures/miso/Hosting-637906590837702599/original/8ff902ce-ac8c-476c-9013-bcaf049ca420.jpeg,461601857,https://www.airbnb.com/users/show/461601857,The Wine,2022-05-29,"Tanunda, Australia","The Wine Vine Hotel offers affordable accommodations in the heart of the Barossa wine region, less than 1.2 km from the Barossa Wine and Visitor Center.

All rooms at the The Wine Vine Hotel include air conditioning, electric blankets, and a private outdoor veranda.

You can enjoy a game of tennis on the court, and in the summer season between October and April you can enjoy a swim in the pool.

The The Wine Vine Hotel gives you easy access to over 100 wineries. Famous local attractions are Mengler Hill Scenic Look-out, Conservation Park Bush, and the Whispering Wall.

The Barossa Cheese Company, Lyndoch Lavender Farm, Concordia Fruit Wines, and Maggie Beer's Farm Shop are all a short drive from the motel.

Couples in particular like the location – they rated it 8.5 for a two-person trip.

The Wine Vine Hotel has been welcoming (Website hidden by Airbnb) guests since Apr 19, 2010

",within an hour,100%,100%,f,https://a0.muscache.com/im/pictures/user/2b1ed0b5-a835-4291-9ee5-adb76da2774f.jpg?aki_policy=profile_small,https://a0.muscache.com/im/pictures/user/2b1ed0b5-a835-4291-9ee5-adb76da2774f.jpg?aki_policy=profile_x_medium,,7,8,"['email', 'phone']",t,t,,Tanunda,,-34.51365,138.97128,Entire rental unit,Entire home/apt,3,1.0,1 bath,1,2,"[""Heating"", ""Wifi"", ""Crib"", ""First aid kit"", ""Iron"", ""Private pool"", ""Carbon monoxide alarm"", ""TV"", ""Dedicated workspace"", ""Refrigerator"", ""Air conditioning"", ""Fire extinguisher"", ""Shampoo"", ""Clothing storage"", ""Smoke alarm"", ""Hair dryer"", ""Exterior security cameras on property"", ""Free parking on premises"", ""Body soap""]",$280.00,1,365,1,3,999,999,1.2,999.0,,t,24,48,78,346,2025-09-27,6,1,0,84,0,6,1680,2022-11-16,2025-02-15,4.33,4.17,4.5,4.17,4.17,4.67,4.33,,t,7,7,0,0,0.17
637911090164505078,https://www.airbnb.com/rooms/637911090164505078,20250927041735,2025-09-27,city scrape,Double Room,"This air-conditioned room features a flat-screen TV, refrigerator and a garden view. Bedding consists of 2 Double Beds. It also offers an en suite bathroom.  The room features Soundproofing for your comfort.<br />This room can accommodate a maximum of 4 guests but standard occupancy is 2 guests. The third and fourth guests are subject to additional fees. (Please see policies)",,https://a0.muscache.com/pictures/miso/Hosting-637911090164505078/original/02e33c87-5706-4bb4-bcdd-950fc804c59b.jpeg,461601857,https://www.airbnb.com/users/show/461601857,The Wine,2022-05-29,"Tanunda, Australia","The Wine Vine Hotel offers affordable accommodations in the heart of the Barossa wine region, less than 1.2 km from the Barossa Wine and Visitor Center.

All rooms at the The Wine Vine Hotel include air conditioning, electric blankets, and a private outdoor veranda.

You can enjoy a game of tennis on the court, and in the summer season between October and April you can enjoy a swim in the pool.

The The Wine Vine Hotel gives you easy access to over 100 wineries. Famous local attractions are Mengler Hill Scenic Look-out, Conservation Park Bush, and the Whispering Wall.

The Barossa Cheese Company, Lyndoch Lavender Farm, Concordia Fruit Wines, and Maggie Beer's Farm Shop are all a short drive from the motel.

Couples in particular like the location – they rated it 8.5 for a two-person trip.

The Wine Vine Hotel has been welcoming (Website hidden by Airbnb) guests since Apr 19, 2010

",within an hour,100%,100%,f,https://a0.muscache.com/im/pictures/user/2b1ed0b5-a835-4291-9ee5-adb76da2774f.jpg?aki_policy=profile_small,https://a0.muscache.com/im/pictures/user/2b1ed0b5-a835-4291-9ee5-adb76da2774f.jpg?aki_policy=profile_x_medium,,7,8,"['email', 'phone']",t,t,,Tanunda,,-34.51401,138.97144,Entire rental unit,Entire home/apt,4,1.0,1 bath,1,2,"[""Heating"", ""Wifi"", ""Crib"", ""Shared pool"", ""First aid kit"", ""Iron"", ""Carbon monoxide alarm"", ""TV"", ""Dedicated workspace"", ""Refrigerator"", ""Air conditioning"", ""BBQ grill"", ""Fire extinguisher"", ""Shampoo"", ""Clothing storage"", ""Smoke alarm"", ""Hair dryer"", ""Exterior security cameras on property"", ""Free parking on premises"", ""Body soap""]",$283.00,1,365,1,3,999,999,1.2,999.0,,t,27,51,81,353,2025-09-27,2,0,0,87,0,0,0,2022-11-18,2023-04-07,4.5,4.5,4.5,5.0,5.0,4.5,3.5,,t,7,7,0,0,0.06
637920461053069878,https://www.airbnb.com/rooms/637920461053069878,20250927041735,2025-09-27,city scrape,Superior Queen Room,Do you want more? Our Superior Deluxe Queen rooms offer all our Deluxe Queen room features but with even more comfort and style for your perfect Barossa getaway!,,https://a0.muscache.com/pictures/miso/Hosting-637920461053069878/original/90a55aca-3871-458a-8ae7-be33a0eb4408.jpeg,461601857,https://www.airbnb.com/users/show/461601857,The Wine,2022-05-29,"Tanunda, Australia","The Wine Vine Hotel offers affordable accommodations in the heart of the Barossa wine region, less than 1.2 km from the Barossa Wine and Visitor Center.

All rooms at the The Wine Vine Hotel include air conditioning, electric blankets, and a private outdoor veranda.

You can enjoy a game of tennis on the court, and in the summer season between October and April you can enjoy a swim in the pool.

The The Wine Vine Hotel gives you easy access to over 100 wineries. Famous local attractions are Mengler Hill Scenic Look-out, Conservation Park Bush, and the Whispering Wall.

The Barossa Cheese Company, Lyndoch Lavender Farm, Concordia Fruit Wines, and Maggie Beer's Farm Shop are all a short drive from the motel.

Couples in particular like the location – they rated it 8.5 for a two-person trip.

The Wine Vine Hotel has been welcoming (Website hidden by Airbnb) guests since Apr 19, 2010

",within an hour,100%,100%,f,https://a0.muscache.com/im/pictures/user/2b1ed0b5-a835-4291-9ee5-adb76da2774f.jpg?aki_policy=profile_small,https://a0.muscache.com/im/pictures/user/2b1ed0b5-a835-4291-9ee5-adb76da2774f.jpg?aki_policy=profile_x_medium,,7,8,"['email', 'phone']",t,t,,Tanunda,,-34.51574,138.97087,Entire rental unit,Entire home/apt,2,1.0,1 bath,1,1,"[""Heating"", ""Wifi"", ""Crib"", ""Shared pool"", ""First aid kit"", ""Iron"", ""Carbon monoxide alarm"", ""TV"", ""Dedicated workspace"", ""Refrigerator"", ""Air conditioning"", ""BBQ grill"", ""Fire extinguisher"", ""Shampoo"", ""Clothing storage"", ""Smoke alarm"", ""Hair dryer"", ""Exterior security cameras on property"", ""Free parking on premises"", ""Body soap""]",$290.00,1,365,1,3,999,999,1.2,999.0,,t,24,48,77,346,2025-09-27,6,0,0,82,0,0,0,2022-08-02,2023-04-01,4.0,4.17,4.33,4.67,4.5,4.33,4.0,,t,7,7,0,0,0.16
637922201318817861,https://www.airbnb.com/rooms/637922201318817861,20250927041735,2025-09-27,city scrape,Superior Twin Room,Do you want more? Our Superior Deluxe Twin rooms offer all our Deluxe Twin room features but with even more comfort and style for your perfect Barossa getaway!,,https://a0.muscache.com/pictures/miso/Hosting-637922201318817861/original/8d13ea34-4b1d-4949-ae40-eb2dfc30ac4c.jpeg,461601857,https://www.airbnb.com/users/show/461601857,The Wine,2022-05-29,"Tanunda, Australia","The Wine Vine Hotel offers affordable accommodations in the heart of the Barossa wine region, less than 1.2 km from the Barossa Wine and Visitor Center.

All rooms at the The Wine Vine Hotel include air conditioning, electric blankets, and a private outdoor veranda.

You can enjoy a game of tennis on the court, and in the summer season between October and April you can enjoy a swim in the pool.

The The Wine Vine Hotel gives you easy access to over 100 wineries. Famous local attractions are Mengler Hill Scenic Look-out, Conservation Park Bush, and the Whispering Wall.

The Barossa Cheese Company, Lyndoch Lavender Farm, Concordia Fruit Wines, and Maggie Beer's Farm Shop are all a short drive from the motel.

Couples in particular like the location – they rated it 8.5 for a two-person trip.

The Wine Vine Hotel has been welcoming (Website hidden by Airbnb) guests since Apr 19, 2010

",within an hour,100%,100%,f,https://a0.muscache.com/im/pictures/user/2b1ed0b5-a835-4291-9ee5-adb76da2774f.jpg?aki_policy=profile_small,https://a0.muscache.com/im/pictures/user/2b1ed0b5-a835-4291-9ee5-adb76da2774f.jpg?aki_policy=profile_x_medium,,7,8,"['email', 'phone']",t,t,,Tanunda,,-34.51353,138.97079,Entire rental unit,Entire home/apt,3,1.0,1 bath,1,2,"[""Heating"", ""Wifi"", ""Crib"", ""Shared pool"", ""First aid kit"", ""Iron"", ""Carbon monoxide alarm"", ""TV"", ""Dedicated workspace"", ""Refrigerator"", ""Air conditioning"", ""BBQ grill"", ""Fire extinguisher"", ""Shampoo"", ""Clothing storage"", ""Smoke alarm"", ""Hair dryer"", ""Exterior security cameras on property"", ""Free parking on premises"", ""Body soap""]",$295.00,1,365,1,3,999,999,1.2,999.0,,t,23,43,73,345,2025-09-27,0,0,0,79,0,0,0,,,,,,,,,,,t,7,7,0,0,
637928149292994175,https://www.airbnb.com/rooms/637928149292994175,20250927041735,2025-09-27,city scrape,Accessible Room,Our Accessible rooms have all the space and set up you would need for a comfortable and easy stay.,,https://a0.muscache.com/pictures/miso/Hosting-637928149292994175/original/4bd24d20-5717-4d37-bf23-f249586b1c0d.jpeg,461601857,https://www.airbnb.com/users/show/461601857,The Wine,2022-05-29,"Tanunda, Australia","The Wine Vine Hotel offers affordable accommodations in the heart of the Barossa wine region, less than 1.2 km from the Barossa Wine and Visitor Center.

All rooms at the The Wine Vine Hotel include air conditioning, electric blankets, and a private outdoor veranda.

You can enjoy a game of tennis on the court, and in the summer season between October and April you can enjoy a swim in the pool.

The The Wine Vine Hotel gives you easy access to over 100 wineries. Famous local attractions are Mengler Hill Scenic Look-out, Conservation Park Bush, and the Whispering Wall.

The Barossa Cheese Company, Lyndoch Lavender Farm, Concordia Fruit Wines, and Maggie Beer's Farm Shop are all a short drive from the motel.

Couples in particular like the location – they rated it 8.5 for a two-person trip.

The Wine Vine Hotel has been welcoming (Website hidden by Airbnb) guests since Apr 19, 2010

",within an hour,100%,100%,f,https://a0.muscache.com/im/pictures/user/2b1ed0b5-a835-4291-9ee5-adb76da2774f.jpg?aki_policy=profile_small,https://a0.muscache.com/im/pictures/user/2b1ed0b5-a835-4291-9ee5-adb76da2774f.jpg?aki_policy=profile_x_medium,,7,8,"['email', 'phone']",t,t,,Tanunda,,-34.51493,138.97129,Entire rental unit,Entire home/apt,3,1.0,1 bath,1,2,"[""Heating"", ""Wifi"", ""Shared pool"", ""Crib"", ""First aid kit"", ""Iron"", ""Carbon monoxide alarm"", ""TV"", ""Dedicated workspace"", ""Refrigerator"", ""Air conditioning"", ""BBQ grill"", ""Fire extinguisher"", ""Shampoo"", ""Clothing storage"", ""Smoke alarm"", ""Hair dryer"", ""Exterior security cameras on property"", ""Body soap""]",$280.00,1,365,1,3,999,999,1.2,999.0,,t,26,47,74,347,2025-09-27,1,0,0,80,0,0,0,2022-12-07,2022-12-07,5.0,5.0,5.0,5.0,5.0,5.0,5.0,,t,7,7,0,0,0.03
637931106243766297,https://www.airbnb.com/rooms/637931106243766297,20250927041735,2025-09-27,city scrape,Family Room,"Our comfortable Family rooms are furnished with one Queen Size Bed 1 Set of Bunks and with microfibre quilts, extra fluffy pillows and crisp white linen, they comfortably sleep 2 adults and 2 children.",,https://a0.muscache.com/pictures/miso/Hosting-637931106243766297/original/c85cbd40-13a8-4ffb-99e9-e8123069bf73.jpeg,461601857,https://www.airbnb.com/users/show/461601857,The Wine,2022-05-29,"Tanunda, Australia","The Wine Vine Hotel offers affordable accommodations in the heart of the Barossa wine region, less than 1.2 km from the Barossa Wine and Visitor Center.

All rooms at the The Wine Vine Hotel include air conditioning, electric blankets, and a private outdoor veranda.

You can enjoy a game of tennis on the court, and in the summer season between October and April you can enjoy a swim in the pool.

The The Wine Vine Hotel gives you easy access to over 100 wineries. Famous local attractions are Mengler Hill Scenic Look-out, Conservation Park Bush, and the Whispering Wall.

The Barossa Cheese Company, Lyndoch Lavender Farm, Concordia Fruit Wines, and Maggie Beer's Farm Shop are all a short drive from the motel.

Couples in particular like the location – they rated it 8.5 for a two-person trip.

The Wine Vine Hotel has been welcoming (Website hidden by Airbnb) guests since Apr 19, 2010

",within an hour,100%,100%,f,https://a0.muscache.com/im/pictures/user/2b1ed0b5-a835-4291-9ee5-adb76da2774f.jpg?aki_policy=profile_small,https://a0.muscache.com/im/pictures/user/2b1ed0b5-a835-4291-9ee5-adb76da2774f.jpg?aki_policy=profile_x_medium,,7,8,"['email', 'phone']",t,t,,Tanunda,,-34.51392,138.9728,Entire rental unit,Entire home/apt,4,1.0,1 bath,1,2,"[""Heating"", ""Wifi"", ""Crib"", ""Shared pool"", ""First aid kit"", ""Outdoor dining area"", ""Iron"", ""Outdoor furniture"", ""Carbon monoxide alarm"", ""TV"", ""Dedicated workspace"", ""Refrigerator"", ""Air conditioning"", ""BBQ grill"", ""Fire extinguisher"", ""Shampoo"", ""Clothing storage"", ""Smoke alarm"", ""Hair dryer"", ""Exterior security cameras on property"", ""Body soap""]",$325.00,1,365,1,3,999,999,1.2,999.0,,t,26,51,81,353,2025-09-27,4,0,0,87,0,0,0,2022-06-25,2022-12-03,3.25,3.5,3.5,4.25,3.5,4.5,3.0,,t,7,7,0,0,0.10
642268024740404371,https://www.airbnb.com/rooms/642268024740404371,20250927041735,2025-09-27,city scrape,Charming cottage in Angaston,"The Rusty Olive is an intimate lovers retreat nestled in the heart of Angaston, one of the most beautiful towns in the Barossa Valley wine and food region. The cottage is located in a quiet street within walking distance to restaurants, wine and cheese bars, smokehouse, bakeries and Italian cooking school.<br /><br />Only an hour's drive north-east of Adelaide, The Rusty Olive is the perfect base for exploring the world famous Barossa Valley and ideal for a romantic getaway.","Angaston, South Australia, Australia . Angaston is the prettiest town in the Barossa with a rich history and beautiful gardens. it has a wonderful German butcher, bakery and gourmet cheese shop plus restaurants and cafes all within walking distance of The Rusty Olive.<br /><br />At sunset, unwind with a glass of Barossa wine on the front verandah overlooking the old stone faced St Hugh's Anglician Church, opened in 1931.",https://a0.muscache.com/pictures/miso/Hosting-642268024740404371/original/fa69abad-c9ed-44c1-99ca-c993ba4e2807.jpeg,461929112,https://www.airbnb.com/users/show/461929112,Marilyn And Adam,2022-05-31,"Sydney, Australia","A short history of ownership... The Rusty Olive was built in 1900 and was bought in an unrestored state by Sue and Michael Falkenberg in 2008. Sue and Michael then spent some 8 years restoring it to the magnificent building you see today. The original stonework was preserved, and the interior completely rebuilt with a sympathetic mix of modern and existing features. 

The home was designed as a luxury retreat and has been operating as an Airbnb since 2018. In April 2022, Sue and Michael sold the property to the current owners, Adam and Marilyn Laws. They fell in love with the Rusty Olive after staying for two weeks early in 2022. Marilyn grew up in the Barossa Valley and most of her family still reside here. Now based in Sydney, they regularly return “home” to experience the great lifestyle and family experiences in the Barossa. 

We hope you enjoy your stay in The Rusty Olive. ",within an hour,100%,100%,t,https://a0.muscache.com/im/pictures/user/User-461929112/original/d0f94d3f-25b0-4d9b-a5af-0185c571be91.jpeg?aki_policy=profile_small,https://a0.muscache.com/im/pictures/user/User-461929112/original/d0f94d3f-25b0-4d9b-a5af-0185c571be91.jpeg?aki_policy=profile_x_medium,,1,1,['phone'],t,f,Neighborhood highlights,Angaston,,-34.50089,139.05253,Entire cottage,Entire home/apt,2,1.5,1.5 baths,1,1,"[""Lockbox"", ""Ceiling fan"", ""Heating"", ""Wifi"", ""Dishwasher"", ""Coffee maker: Nespresso"", ""Long term stays allowed"", ""Hot water"", ""First aid kit"", ""Dishes and silverware"", ""Barbecue utensils"", ""Outdoor dining area"", ""Clothing storage: closet"", ""Private patio or balcony"", ""Bed linens"", ""Free washer \u2013 In building"", ""Books and reading material"", ""Indoor fireplace"", ""Free dryer \u2013 In building"", ""Oven"", ""Self check-in"", ""Coffee"", ""Freezer"", ""Dining table"", ""Iron"", ""Kitchen"", ""Outdoor furniture"", ""Central air conditioning"", ""Stove"", ""Room-darkening shades"", ""Cleaning products"", ""BBQ grill: gas"", ""Shower gel"", ""Extra pillows and blankets"", ""Free parking on premises"", ""Bathtub"", ""TV"", ""Refrigerator"", ""Hangers"", ""Private entrance"", ""Single level home"", ""Shampoo"", ""Fire extinguisher"", ""Cooking basics"", ""Wine glasses"", ""Essentials"", ""Conditioner"", ""Microwave"", ""Free street parking"", ""Smoke alarm"", ""Hair dryer"", ""Hot water kettle"", ""Body soap"", ""Toaster"", ""Breakfast""]",$215.00,2,365,1,4,1125,1125,2.1,1125.0,,t,3,8,24,239,2025-09-27,108,32,3,24,30,192,41280,2022-06-28,2025-09-18,4.99,5.0,5.0,5.0,4.98,5.0,4.93,,t,1,1,0,0,2.73
668396960497325094,https://www.airbnb.com/rooms/668396960497325094,20250927041735,2025-09-27,city scrape,Yaldara House - House next to a Chateau,"The Yaldara House is a luxurious 5 bedroom accommodation venue situated at Chateau Yaldara on the banks of the Lyndoch Creek. Originally built by the founder of Chateau Yaldara, Hermann Thumm, it has been lovingly restored to now provide you with an ideal location to base your Barossa Valley Holiday or simply hide away in the Yaldara house and enjoy wine and an escape from everyday life.",Chateau Yaldara. Hermann Thumm founded Chateau Yaldara in 1947 after he migrated to Australia from Europe. The chateau was named ‘Yaldara’ after the local Aboriginal word meaning ‘sparkling’. The site chosen for the winery was on the banks of the North Para River at a flax mill dating back to 1867.,https://a0.muscache.com/pictures/prohost-api/Hosting-668396960497325094/original/53fb9cc1-2a09-4b5b-b2d1-1928373c0015.jpeg,460856186,https://www.airbnb.com/users/show/460856186,Awesome,2022-05-25,"Rowland Flat, Australia","Awesome Holidays provides some of the most wonderful accommodation and unique winery experiences in the Barossa Valley. With dedicated staff based in the Barossa Valley, we know the Barossa Valley and can offer experiences that we have planned to perfection and enjoyed ourselves. We will ensure that your visit in the Barossa Valley will be as memorable as the Barossa is Magnificent.",within an hour,100%,100%,f,https://a0.muscache.com/im/pictures/user/458d3251-4509-4f1d-91f6-f623a7838a21.jpg?aki_policy=profile_small,https://a0.muscache.com/im/pictures/user/458d3251-4509-4f1d-91f6-f623a7838a21.jpg?aki_policy=profile_x_medium,,3,5,"['email', 'phone']",t,t,Neighborhood highlights,Lyndoch,,-34.57561447201368,138.87413956355235,Entire villa,Entire home/apt,10,5.5,5.5 baths,5,0,"[""Lockbox"", ""Heating"", ""Wifi"", ""Dishwasher"", ""Hot water"", ""Gas stove"", ""First aid kit"", ""Dishes and silverware"", ""Bed linens"", ""Free washer \u2013 In building"", ""Oven"", ""Indoor fireplace: wood-burning"", ""Self check-in"", ""Coffee maker: espresso machine"", ""Iron"", ""Kitchen"", ""AC - split type ductless system"", ""Private hot tub"", ""Free parking on premises"", ""Drying rack for clothing"", ""TV"", ""Refrigerator"", ""Hangers"", ""Dedicated workspace"", ""Private entrance"", ""Fire extinguisher"", ""Shampoo"", ""Bidet"", ""Microwave"", ""Hair dryer"", ""Hot water kettle""]",$842.00,2,365,2,2,1125,1125,2.0,1125.0,,t,24,49,74,334,2025-09-27,29,8,1,78,8,48,40416,2022-09-04,2025-09-21,4.83,4.86,4.76,4.97,4.97,4.86,4.69,,t,3,3,0,0,0.78
674136485566649262,https://www.airbnb.com/rooms/674136485566649262,20250927041735,2025-09-27,city scrape,Barossa on Sturt,,"The Barossa is an internationally-acclaimed wine region encompassing the towns of Tanunda, Angaston and Nuriootpa, boasting more than 150 wineries and 80 cellar doors.<br /><br />Just a 50 minute drive north east of Adelaide, When you’re not sipping the region’s top drops you can admire the vines from a hot air balloon, dine at renowned restaurants and explore nearby villages and national parks.",https://a0.muscache.com/pictures/prohost-api/Hosting-674136485566649262/original/2d67d5e8-08c8-4906-afd2-3c38ca24ba8f.jpeg,462115682,https://www.airbnb.com/users/show/462115682,Jane,2022-06-01,,"",within an hour,100%,100%,t,https://a0.muscache.com/im/pictures/user/d9f4f67b-d45c-443a-885b-b8237f870ab8.jpg?aki_policy=profile_small,https://a0.muscache.com/im/pictures/user/d9f4f67b-d45c-443a-885b-b8237f870ab8.jpg?aki_policy=profile_x_medium,,1,1,"['email', 'phone']",t,t,Neighborhood highlights,Angaston,,-34.5055,139.04626,Entire cottage,Entire home/apt,6,0.0,0 baths,3,3,"[""Ethernet connection"", ""Heating"", ""Wifi"", ""Rice maker"", ""Long term stays allowed"", ""Hot water"", ""Dishes and silverware"", ""First aid kit"", ""HDTV with Amazon Prime Video, Disney+, Netflix, DVD player"", ""Private patio or balcony"", ""Free washer \u2013 In building"", ""Coffee"", ""Freezer"", ""Dining table"", ""Iron"", ""Kitchen"", ""Outdoor furniture"", ""Cleaning products"", ""Extra pillows and blankets"", ""Bathtub"", ""Drying rack for clothing"", ""Dedicated workspace"", ""Hangers"", ""Backyard"", ""Wine glasses"", ""Essentials"", ""Conditioner"", ""Free street parking"", ""Hair dryer"", ""Hot water kettle"", ""Single level home"", ""Breakfast""]",$440.00,1,365,2,2,365,365,2.0,365.0,,t,19,47,75,350,2025-09-27,36,8,0,81,6,48,21120,2022-08-07,2025-08-25,4.81,4.81,4.94,4.83,4.89,4.92,4.69,,t,1,1,0,0,0.94
694004921616356584,https://www.airbnb.com/rooms/694004921616356584,20250927041735,2025-09-27,previous scrape,Tanunda Main. Book now for a relaxing getaway!,"The perfect place for a couples Barossa getaway or for a singles relaxing retreat.<br /><br />Tanunda main is a gorgeous 1915 built sandstone fronted cottage barely a 5 minute walk to the towns vibrant tourist centre.   It's a perfect location to relax, unwind, and meander down to great restaurants, pubs, cafe's and wine bars. Leave the car at home, unwind and enjoy the Barossas secret gems.","Situated in the Historical conservation area surrounded by other character homes. Close to all the town amenities, shops cafes and restaurants.",https://a0.muscache.com/pictures/miso/Hosting-694004921616356584/original/659e2b5f-55f4-43b1-a6fa-5c6a9c482286.jpeg,475104337,https://www.airbnb.com/users/show/475104337,Vic And Sandi,2022-08-15,,"",N/A,N/A,100%,f,https://a0.muscache.com/defaults/user_pic-50x50.png?v=3,https://a0.muscache.com/defaults/user_pic-225x225.png?v=3,,1,1,"['email', 'phone']",f,f,Neighborhood highlights,Tanunda,,-34.52947,138.95115,Entire cottage,Entire home/apt,2,,1 bath,1,,"[""Ceiling fan"", ""Stainless steel oven"", ""Bluetooth sound system"", ""Hot water"", ""Gas stove"", ""Dishes and silverware"", ""Outdoor dining area"", ""Private patio or balcony"", ""Bed linens"", ""Books and reading material"", ""Self check-in"", ""Coffee"", ""Freezer"", ""Dining table"", ""Iron"", ""Kitchen"", ""AC - split type ductless system"", ""Clothing storage: wardrobe and dresser"", ""Outdoor furniture"", ""Keypad"", ""Private backyard \u2013 Fully fenced"", ""Private BBQ grill: gas"", ""Bathtub"", ""TV"", ""Heating - split type ductless system"", ""Refrigerator"", ""Private entrance"", ""Laundromat nearby"", ""Shampoo"", ""Cooking basics"", ""Wine glasses"", ""Essentials"", ""Conditioner"", ""Microwave"", ""Free street parking"", ""Smoke alarm"", ""Hair dryer"", ""Hot water kettle"", ""Single level home"", ""Toaster""]",,2,7,2,2,7,7,2.0,7.0,,t,0,0,0,0,2025-09-27,18,7,0,0,7,42,,2023-01-07,2025-04-27,4.94,5.0,4.94,4.94,5.0,4.94,4.61,,f,1,1,0,0,0.54
699435879787912802,https://www.airbnb.com/rooms/699435879787912802,20250927041735,2025-09-27,city scrape,Suite 2- Pirathon Country Estate,"Nestled on the fringes of the Barossa Valley, Pirathon Country Estate offers five elegant suites amidst stunning gardens, a serene lake, and grapevines. <br /><br />The suites have been recently refurbished with high-end amenities, plush bedding, ensuite bathrooms, modern furnishings, and a guest laundry. <br /><br />Your stay includes fresh ground coffee, a continental breakfast, and an invitation to our Pirathon Cellar Door for a complimentary wine tasting. Also available for small group weddings and events.","Tanunda also known as The Heart of Barossa offers a great diversity of restaurants, cafes, wine bars and even has a department store Wohlers. Tanunda has plenty of beautiful historic buildings and plaques with information to read along your walk down the main stretch.<br />Angaston and Nuriootpa are both 10 minute drives from Lanzerac. <br /><br />Angaston has a fabulous Farmers Market, a big variety of local produce and great coffee. Every Saturday 7.30am-11am.<br />740 Stockwell Rd, Angaston. Cnr Nuriootpa and Stockwell roads.",https://a0.muscache.com/pictures/miso/Hosting-699435879787912802/original/121c2efa-5352-4c63-aa04-37cb36b319bd.jpeg,475720395,https://www.airbnb.com/users/show/475720395,Jane,2022-08-19,,"",within an hour,78%,100%,f,https://a0.muscache.com/im/pictures/user/ecf5de97-1a80-4a51-b168-e5c816611a6c.jpg?aki_policy=profile_small,https://a0.muscache.com/im/pictures/user/ecf5de97-1a80-4a51-b168-e5c816611a6c.jpg?aki_policy=profile_x_medium,,6,8,"['email', 'phone']",t,t,Neighborhood highlights,Tanunda,,-34.5323392,138.9692327,Private room in bed and breakfast,Private room,2,1.0,1 private bath,1,0,"[""Wifi"", ""Hot water"", ""Clothing storage: closet"", ""Luggage dropoff allowed"", ""Bed linens"", ""Self check-in"", ""Coffee maker: espresso machine"", ""Iron"", ""Keypad"", ""Central heating"", ""Shower gel"", ""Free parking on premises"", ""TV"", ""Dedicated workspace"", ""Hangers"", ""Air conditioning"", ""Shampoo"", ""Wine glasses"", ""Essentials"", ""Conditioner"", ""Mini fridge"", ""Smoke alarm"", ""Hair dryer"", ""Hot water kettle"", ""Body soap"", ""Breakfast""]",$349.00,2,365,2,2,365,365,2.0,365.0,,t,18,41,69,322,2025-09-27,1,1,0,75,0,6,2094,2025-04-22,2025-04-22,4.0,4.0,4.0,5.0,5.0,4.0,4.0,,f,6,2,4,0,0.19
699435887973595045,https://www.airbnb.com/rooms/699435887973595045,20250927041735,2025-09-27,city scrape,Suite 3-Pirathon Country Estate,"Nestled on the fringes of the Barossa Valley, Pirathon Country Estate offers five elegant suites amidst stunning gardens, a serene lake, and grapevines. <br /><br />The suites have been recently refurbished with high-end amenities, plush bedding, ensuite bathrooms, modern furnishings, and a guest laundry. <br /><br />Your stay includes fresh ground coffee, a continental breakfast, and an invitation to our Pirathon Cellar Door for a complimentary wine tasting. <br /><br />Also available for small group weddings and events.","Tanunda also known as The Heart of Barossa offers a great diversity of restaurants, cafes, wine bars and even has a department store Wohlers. Tanunda has plenty of beautiful historic buildings and plaques with information to read along your walk down the main stretch.<br />Angaston and Nuriootpa are both 10 minute drives from Lanzerac. <br /><br />Angaston has a fabulous Farmers Market, a big variety of local produce and great coffee. Every Saturday 7.30am-11am.<br />740 Stockwell Rd, Angaston. Cnr Nuriootpa and Stockwell roads.",https://a0.muscache.com/pictures/hosting/Hosting-U3RheVN1cHBseUxpc3Rpbmc6Njk5NDM1ODg3OTczNTk1MDQ1/original/bfa0c7ab-1c9a-4fd9-aecb-80939ec94d38.jpeg,475720395,https://www.airbnb.com/users/show/475720395,Jane,2022-08-19,,"",within an hour,78%,100%,f,https://a0.muscache.com/im/pictures/user/ecf5de97-1a80-4a51-b168-e5c816611a6c.jpg?aki_policy=profile_small,https://a0.muscache.com/im/pictures/user/ecf5de97-1a80-4a51-b168-e5c816611a6c.jpg?aki_policy=profile_x_medium,,6,8,"['email', 'phone']",t,t,Neighborhood highlights,Tanunda,,-34.5323392,138.9692327,Private room in bed and breakfast,Private room,2,1.0,1 private bath,1,0,"[""Lake access"", ""Wifi"", ""Hot water"", ""Clothing storage: closet"", ""Luggage dropoff allowed"", ""Bed linens"", ""Self check-in"", ""Coffee maker: espresso machine"", ""Iron"", ""Keypad"", ""Central heating"", ""Room-darkening shades"", ""Shower gel"", ""Lock on bedroom door"", ""Free parking on premises"", ""TV"", ""Vineyard view"", ""Dedicated workspace"", ""Hangers"", ""Pool table"", ""Air conditioning"", ""Shampoo"", ""Wine glasses"", ""Essentials"", ""Conditioner"", ""Mini fridge"", ""Smoke alarm"", ""Hair dryer"", ""Hot water kettle"", ""Body soap"", ""Breakfast""]",$349.00,2,365,2,2,365,365,2.0,365.0,,t,20,43,71,322,2025-09-27,0,0,0,77,0,0,0,,,,,,,,,,,t,6,2,4,0,
699435892372774485,https://www.airbnb.com/rooms/699435892372774485,20250927041735,2025-09-27,city scrape,Suite 4-Pirathon Country Estate,"Nestled on the fringes of the Barossa Valley, Pirathon Country Estate offers five elegant suites amidst stunning gardens, a serene lake, and grapevines. <br /><br />The suites have been recently refurbished with high-end amenities, plush bedding, ensuite bathrooms, modern furnishings, and a guest laundry. <br /><br />Your stay includes fresh ground coffee, a continental breakfast, and an invitation to our Pirathon Cellar Door for a complimentary wine tasting. <br /><br />Also available for small group weddings and events.","Tanunda also known as The Heart of Barossa offers a great diversity of restaurants, cafes, wine bars and even has a department store Wohlers. Tanunda has plenty of beautiful historic buildings and plaques with information to read along your walk down the main stretch.<br />Angaston and Nuriootpa are both 10 minute drives from Lanzerac.<br /><br />Angaston has a fabulous Farmers Market, a big variety of local produce and great coffee. Every Saturday 7.30am-11am.<br />740 Stockwell Rd, Angaston. Cnr Nuriootpa and Stockwell roads.",https://a0.muscache.com/pictures/hosting/Hosting-U3RheVN1cHBseUxpc3Rpbmc6Njk5NDM1ODkyMzcyNzc0NDg1/original/64949668-4d9d-42e7-9180-64441c21030a.jpeg,475720395,https://www.airbnb.com/users/show/475720395,Jane,2022-08-19,,"",within an hour,78%,100%,f,https://a0.muscache.com/im/pictures/user/ecf5de97-1a80-4a51-b168-e5c816611a6c.jpg?aki_policy=profile_small,https://a0.muscache.com/im/pictures/user/ecf5de97-1a80-4a51-b168-e5c816611a6c.jpg?aki_policy=profile_x_medium,,6,8,"['email', 'phone']",t,t,Neighborhood highlights,Tanunda,,-34.5323392,138.9692327,Private room in bed and breakfast,Private room,2,1.0,1 private bath,1,0,"[""Lake access"", ""Wifi"", ""Hot water"", ""Clothing storage: closet"", ""Luggage dropoff allowed"", ""Bed linens"", ""Self check-in"", ""Coffee maker: espresso machine"", ""Iron"", ""Keypad"", ""Central heating"", ""Room-darkening shades"", ""Shower gel"", ""Lock on bedroom door"", ""Free parking on premises"", ""Bathtub"", ""Vineyard view"", ""TV"", ""Hangers"", ""Air conditioning"", ""Dedicated workspace"", ""Shampoo"", ""Wine glasses"", ""Essentials"", ""Conditioner"", ""Mini fridge"", ""Smoke alarm"", ""Hair dryer"", ""Hot water kettle"", ""Body soap"", ""Breakfast""]",$349.00,2,365,2,2,365,365,2.0,365.0,,t,19,42,68,322,2025-09-27,2,2,0,74,2,12,4188,2024-11-03,2024-11-08,4.5,5.0,5.0,5.0,5.0,5.0,4.5,,f,6,2,4,0,0.18
699435895050718858,https://www.airbnb.com/rooms/699435895050718858,20250927041735,2025-09-27,city scrape,Suite 5-Pirathon Country Estate,"Nestled on the fringes of the Barossa Valley, Pirathon Country Estate offers five elegant suites amidst stunning gardens, a serene lake, and grapevines. <br /><br />The suites have been recently refurbished with high-end amenities, plush bedding, ensuite bathrooms, modern furnishings, and a guest laundry. <br /><br />Your stay includes fresh ground coffee, a continental breakfast, and an invitation to our Pirathon Cellar Door for a complimentary wine tasting. <br /><br />Also available for small group weddings and events.","Tanunda also known as The Heart of Barossa offers a great diversity of restaurants, cafes, wine bars and even has a department store Wohlers. Tanunda has plenty of beautiful historic buildings and plaques with information to read along your walk down the main stretch.<br />Angaston and Nuriootpa are both 10 minute drives from Lanzerac. <br /><br />Angaston has a fabulous Farmers Market, a big variety of local produce and great coffee. Every Saturday 7.30am-11am.<br />740 Stockwell Rd, Angaston. Cnr Nuriootpa and Stockwell roads.",https://a0.muscache.com/pictures/hosting/Hosting-U3RheVN1cHBseUxpc3Rpbmc6Njk5NDM1ODk1MDUwNzE4ODU4/original/b002e270-b065-478c-8638-0e0cfcdf1011.jpeg,475720395,https://www.airbnb.com/users/show/475720395,Jane,2022-08-19,,"",within an hour,78%,100%,f,https://a0.muscache.com/im/pictures/user/ecf5de97-1a80-4a51-b168-e5c816611a6c.jpg?aki_policy=profile_small,https://a0.muscache.com/im/pictures/user/ecf5de97-1a80-4a51-b168-e5c816611a6c.jpg?aki_policy=profile_x_medium,,6,8,"['email', 'phone']",t,t,Neighborhood highlights,Tanunda,,-34.5323392,138.9692327,Private room in bed and breakfast,Private room,2,2.0,2 baths,1,0,"[""Lake access"", ""Wifi"", ""Hot water"", ""Clothing storage: closet"", ""Luggage dropoff allowed"", ""Bed linens"", ""Self check-in"", ""Coffee maker: espresso machine"", ""Iron"", ""Keypad"", ""Central heating"", ""Room-darkening shades"", ""Shower gel"", ""Lock on bedroom door"", ""Free parking on premises"", ""TV"", ""Vineyard view"", ""Dedicated workspace"", ""Hangers"", ""Air conditioning"", ""Shampoo"", ""Wine glasses"", ""Essentials"", ""Conditioner"", ""Mini fridge"", ""Smoke alarm"", ""Hair dryer"", ""Hot water kettle"", ""Body soap"", ""Breakfast""]",$349.00,2,365,1,2,365,365,1.8,365.0,,t,21,44,74,321,2025-09-27,1,1,0,78,1,6,2094,2024-11-02,2024-11-02,5.0,5.0,5.0,5.0,3.0,5.0,5.0,,t,6,2,4,0,0.09
702031267609659440,https://www.airbnb.com/rooms/702031267609659440,20250927041735,2025-09-27,city scrape,Comfy Studio 3 @ Blickinstal Barossa Valley,"Take in an enormous panoramic view, Blickinstal Barossa Valley Retreat is located on the Rolling Hills, which is just 5-min drive from Tanunda. Our properties are surrounded by vineyard and beautiful natural landscape where you can enjoy the stunning sunsets and brilliant star-filled night sky. <br /><br />Located in the central of Barossa Valley, it is closed to an expansive range of wineries and restaurants. This studio is perfect for couples as a lovely base to explore the Barossa Valley.",Blickinstal Retreat is located on the Rolling Hills where an expansive range of wineries and restaurants is located. It is only a 5-minute drive to Tunanda and some renowned cellar doors.,https://a0.muscache.com/pictures/prohost-api/Hosting-702031267609659440/original/2f3c4b48-d369-4a8a-990b-76eefb6d52c0.jpeg,439331891,https://www.airbnb.com/users/show/439331891,Hao,2022-01-07,,"Roger and I love traveling, we fell in love with Australia on our honeymoon and moved to here 10 years ago. I am an interior designer and Roger is a property manager, Airbnb has helped us feel at home traveling and now we want to share this special connection to our guests through hosting Airbnb ourselves. I hope you will like our place as much as we do :)
Looking forward to hosting you!
Emma & Roger",within an hour,100%,100%,f,https://a0.muscache.com/im/pictures/user/a6294334-54ae-4dd4-abcd-09d20295dc13.jpg?aki_policy=profile_small,https://a0.muscache.com/im/pictures/user/a6294334-54ae-4dd4-abcd-09d20295dc13.jpg?aki_policy=profile_x_medium,,15,18,"['email', 'phone']",t,t,Neighborhood highlights,Bethany,,-34.55362,138.97854,Entire guest suite,Entire home/apt,2,1.0,1 bath,0,1,"[""Lockbox"", ""Wifi"", ""Long term stays allowed"", ""Hot water"", ""Dishes and silverware"", ""Bed linens"", ""Free washer \u2013 In building"", ""Free dryer \u2013 In building"", ""Self check-in"", ""Iron"", ""Shared patio or balcony"", ""BBQ grill: gas"", ""Extra pillows and blankets"", ""Free parking on premises"", ""TV"", ""Hangers"", ""Air conditioning"", ""Backyard"", ""Shampoo"", ""Essentials"", ""Microwave"", ""Clothing storage"", ""Hair dryer"", ""Hot water kettle""]",$129.00,1,365,1,1,365,365,1.0,365.0,,t,20,49,77,165,2025-09-27,12,0,0,83,3,0,0,2022-10-06,2024-04-26,4.42,4.58,4.75,4.75,4.67,4.58,4.33,,t,10,10,0,0,0.33
703395754090693752,https://www.airbnb.com/rooms/703395754090693752,20250927041735,2025-09-27,city scrape,Adorable Lodge 1 AT Blickinstal Retreat,"Take in an enormous panoramic view. Blickinstal Retreat is located on the Rolling Hills which is just 5-min drive from Tanunda. Our properties are surrounded by vineyard and beautiful natural landscape, where you can enjoy the stunning sunsets and brilliant star-filled night sky.<br /><br />Located in the central of Barossa Valley, it is close to an expansive range of wineries and restaurants. This lodge is perfect for small groups of friends and families as a lovely base to explore the Barossa Valley.",Blickinstal Retreat is located on the Rolling Hills where an expansive range of wineries and restaurants is located. It is only a 5-minute drive to Tunanda and some renowned cellar doors.,https://a0.muscache.com/pictures/prohost-api/Hosting-703395754090693752/original/f249ad69-ba65-479f-b8ea-4cc0dd43cc62.jpeg,439331891,https://www.airbnb.com/users/show/439331891,Hao,2022-01-07,,"Roger and I love traveling, we fell in love with Australia on our honeymoon and moved to here 10 years ago. I am an interior designer and Roger is a property manager, Airbnb has helped us feel at home traveling and now we want to share this special connection to our guests through hosting Airbnb ourselves. I hope you will like our place as much as we do :)
Looking forward to hosting you!
Emma & Roger",within an hour,100%,100%,f,https://a0.muscache.com/im/pictures/user/a6294334-54ae-4dd4-abcd-09d20295dc13.jpg?aki_policy=profile_small,https://a0.muscache.com/im/pictures/user/a6294334-54ae-4dd4-abcd-09d20295dc13.jpg?aki_policy=profile_x_medium,,15,18,"['email', 'phone']",t,t,Neighborhood highlights,Bethany,,-34.55359,138.97797,Entire guest suite,Entire home/apt,4,1.0,1 bath,1,2,"[""Lockbox"", ""Heating"", ""Wifi"", ""Long term stays allowed"", ""Hot water"", ""Dishes and silverware"", ""Garden view"", ""Bed linens"", ""Free washer \u2013 In building"", ""Patio or balcony"", ""Indoor fireplace"", ""Free dryer \u2013 In building"", ""Self check-in"", ""Coffee"", ""Dining table"", ""Iron"", ""Kitchen"", ""Courtyard view"", ""Stove"", ""BBQ grill: gas"", ""Free parking on premises"", ""Bathtub"", ""TV"", ""Refrigerator"", ""Hangers"", ""Air conditioning"", ""Backyard"", ""Shampoo"", ""Cooking basics"", ""Essentials"", ""Microwave"", ""Clothing storage"", ""Hair dryer"", ""Hot water kettle""]",$155.00,1,365,1,1,365,365,1.0,365.0,,t,20,46,76,163,2025-09-27,26,8,0,82,5,48,7440,2022-10-13,2025-08-22,4.58,4.58,4.62,4.69,4.65,4.96,4.58,,t,10,10,0,0,0.72
703872734491160951,https://www.airbnb.com/rooms/703872734491160951,20250927041735,2025-09-27,city scrape,Adorable Lodge 2  Blickinstal Retreat,"Take in an enormous panoramic view, Blickinstal Retreat is located on the Rolling Hills, which is just 5-min drive from Tanunda. Our properties are surrounded by vineyard and beautiful natural landscape where you can enjoy the stunning sunsets and brilliant star-filled night sky.<br /><br />Located in the central of Barossa Valley, it is close to an expansive range of wineries and restaurants. This lodge is perfect for small groups of friends and families as a lovely base to explore the Barossa Valley.",Blickinstal Retreat is located on the Rolling Hills where an expansive range of wineries and restaurants is located. It is only a 5-minute drive to Tunanda and some renowned cellar doors.,https://a0.muscache.com/pictures/prohost-api/Hosting-703872734491160951/original/1d2efd5a-026e-4ca9-9417-e14d1450e515.jpeg,439331891,https://www.airbnb.com/users/show/439331891,Hao,2022-01-07,,"Roger and I love traveling, we fell in love with Australia on our honeymoon and moved to here 10 years ago. I am an interior designer and Roger is a property manager, Airbnb has helped us feel at home traveling and now we want to share this special connection to our guests through hosting Airbnb ourselves. I hope you will like our place as much as we do :)
Looking forward to hosting you!
Emma & Roger",within an hour,100%,100%,f,https://a0.muscache.com/im/pictures/user/a6294334-54ae-4dd4-abcd-09d20295dc13.jpg?aki_policy=profile_small,https://a0.muscache.com/im/pictures/user/a6294334-54ae-4dd4-abcd-09d20295dc13.jpg?aki_policy=profile_x_medium,,15,18,"['email', 'phone']",t,t,Neighborhood highlights,Bethany,,-34.55279,138.97718,Entire guest suite,Entire home/apt,4,1.0,1 bath,1,2,"[""Lockbox"", ""Heating"", ""Wifi"", ""Long term stays allowed"", ""Hot water"", ""Dishes and silverware"", ""Bed linens"", ""Patio or balcony"", ""Indoor fireplace"", ""Dryer"", ""Self check-in"", ""Iron"", ""Kitchen"", ""Stove"", ""Free parking on premises"", ""Bathtub"", ""TV"", ""Refrigerator"", ""Hangers"", ""Air conditioning"", ""BBQ grill"", ""Washer"", ""Backyard"", ""Shampoo"", ""Cooking basics"", ""Essentials"", ""Microwave"", ""Clothing storage"", ""Hair dryer"", ""Hot water kettle""]",$155.00,1,365,1,2,365,365,1.0,365.0,,t,19,49,79,116,2025-09-27,87,30,1,85,26,180,27900,2022-11-13,2025-09-06,4.67,4.79,4.66,4.77,4.82,4.92,4.68,,t,10,10,0,0,2.49
703873092978064872,https://www.airbnb.com/rooms/703873092978064872,20250927041735,2025-09-27,city scrape,Comfy Studio 4 @ Blickinstal Barossa Valley,"Take in an enormous panoramic view, Blickinstal Barossa Valley Retreat is located on the Rolling Hills, which is just 5-min drive from Tanunda. Our properties are surrounded by vineyard and beautiful natural landscape where you can enjoy the stunning sunsets and brilliant star-filled night sky. <br /><br />Located in the central of Barossa Valley, it is close to an expansive range of wineries and restaurants. This studio is perfect for couples as a lovely base to explore the Barossa Valley.",Blickinstal Retreat is located on the Rolling Hills where an expansive range of wineries and restaurants are located. It is only a 5-minute drive to Tunanda and some renowned cellar doors.,https://a0.muscache.com/pictures/prohost-api/Hosting-703873092978064872/original/96c8a322-52a7-4d82-82ed-c83d390f50a3.jpeg,439331891,https://www.airbnb.com/users/show/439331891,Hao,2022-01-07,,"Roger and I love traveling, we fell in love with Australia on our honeymoon and moved to here 10 years ago. I am an interior designer and Roger is a property manager, Airbnb has helped us feel at home traveling and now we want to share this special connection to our guests through hosting Airbnb ourselves. I hope you will like our place as much as we do :)
Looking forward to hosting you!
Emma & Roger",within an hour,100%,100%,f,https://a0.muscache.com/im/pictures/user/a6294334-54ae-4dd4-abcd-09d20295dc13.jpg?aki_policy=profile_small,https://a0.muscache.com/im/pictures/user/a6294334-54ae-4dd4-abcd-09d20295dc13.jpg?aki_policy=profile_x_medium,,15,18,"['email', 'phone']",t,t,Neighborhood highlights,Bethany,,-34.55455,138.97926,Entire guest suite,Entire home/apt,2,1.0,1 bath,0,1,"[""Lockbox"", ""Wifi"", ""Long term stays allowed"", ""Hot water"", ""Dishes and silverware"", ""Bed linens"", ""Patio or balcony"", ""Dryer"", ""Self check-in"", ""Iron"", ""Extra pillows and blankets"", ""Free parking on premises"", ""TV"", ""Hangers"", ""Air conditioning"", ""BBQ grill"", ""Washer"", ""Backyard"", ""Shampoo"", ""Essentials"", ""Microwave"", ""Clothing storage"", ""Hair dryer"", ""Hot water kettle""]",$129.00,1,365,1,2,365,365,1.0,365.0,,t,23,52,82,119,2025-09-27,18,0,0,88,0,0,0,2022-09-24,2023-10-23,4.5,4.56,4.72,4.89,4.44,4.83,4.39,,t,10,10,0,0,0.49
703873217398549559,https://www.airbnb.com/rooms/703873217398549559,20250927041735,2025-09-27,city scrape,Comfy Studio 5 @ Blickinstal Barossa Valley,"Take in an enormous panoramic view, Blickinstal Barossa Valley Retreat is located on the Rolling Hills, which is just 5-min drive from Tanunda. Our properties are surrounded by vineyard and beautiful natural landscape where you can enjoy the stunning sunsets and brilliant star-filled night sky. <br /><br />Located in the central of Barossa Valley, it is closed to an expansive range of wineries and restaurants. This studio is perfect for couples as a lovely base to explore the Barossa Valley.",Blickinstal Retreat is located on the Rolling Hills where an expansive range of wineries and restaurants is located. It is only a 5-minute drive to Tunanda and some renowned cellar doors.,https://a0.muscache.com/pictures/prohost-api/Hosting-703873217398549559/original/9aec5e03-67b7-4529-8395-8fd8871ff75a.jpeg,439331891,https://www.airbnb.com/users/show/439331891,Hao,2022-01-07,,"Roger and I love traveling, we fell in love with Australia on our honeymoon and moved to here 10 years ago. I am an interior designer and Roger is a property manager, Airbnb has helped us feel at home traveling and now we want to share this special connection to our guests through hosting Airbnb ourselves. I hope you will like our place as much as we do :)
Looking forward to hosting you!
Emma & Roger",within an hour,100%,100%,f,https://a0.muscache.com/im/pictures/user/a6294334-54ae-4dd4-abcd-09d20295dc13.jpg?aki_policy=profile_small,https://a0.muscache.com/im/pictures/user/a6294334-54ae-4dd4-abcd-09d20295dc13.jpg?aki_policy=profile_x_medium,,15,18,"['email', 'phone']",t,t,Neighborhood highlights,Bethany,,-34.5528,138.97784,Entire guest suite,Entire home/apt,2,1.0,1 bath,0,1,"[""Lockbox"", ""Wifi"", ""Long term stays allowed"", ""Hot water"", ""Dishes and silverware"", ""Bed linens"", ""Patio or balcony"", ""Dryer"", ""Self check-in"", ""Iron"", ""Extra pillows and blankets"", ""Free parking on premises"", ""TV"", ""Hangers"", ""Air conditioning"", ""BBQ grill"", ""Washer"", ""Backyard"", ""Shampoo"", ""Essentials"", ""Microwave"", ""Clothing storage"", ""Hair dryer"", ""Hot water kettle""]",$129.00,1,365,1,2,365,365,1.0,365.0,,t,25,54,84,121,2025-09-27,14,2,0,90,4,12,1548,2022-10-08,2025-01-03,4.29,4.21,4.36,4.64,4.5,4.43,4.21,,t,10,10,0,0,0.39
703873326508107679,https://www.airbnb.com/rooms/703873326508107679,20250927041735,2025-09-27,city scrape,Comfy Studio 6 @ Blickinstal Barossa Valley,"Take in an enormous panoramic view, Blickinstal Barossa Valley Retreat is located on the Rolling Hills, which is just 5-min drive from Tanunda. Our properties are surrounded by vineyard and beautiful natural landscape where you can enjoy the stunning sunsets and brilliant star-filled night sky. <br /><br />Located in the central of Barossa Valley, it is close to an expansive range of wineries and restaurants. This studio is perfect for couples as a lovely base to explore the Barossa Valley.",Blickinstal Retreat is located on the Rolling Hills where an expansive range of wineries and restaurants is located. It is only a 5-minute drive to Tunanda and some renowned cellar doors.,https://a0.muscache.com/pictures/prohost-api/Hosting-703873326508107679/original/7fcf18a1-4927-42e2-a0bf-0466f4a6afcc.jpeg,439331891,https://www.airbnb.com/users/show/439331891,Hao,2022-01-07,,"Roger and I love traveling, we fell in love with Australia on our honeymoon and moved to here 10 years ago. I am an interior designer and Roger is a property manager, Airbnb has helped us feel at home traveling and now we want to share this special connection to our guests through hosting Airbnb ourselves. I hope you will like our place as much as we do :)
Looking forward to hosting you!
Emma & Roger",within an hour,100%,100%,f,https://a0.muscache.com/im/pictures/user/a6294334-54ae-4dd4-abcd-09d20295dc13.jpg?aki_policy=profile_small,https://a0.muscache.com/im/pictures/user/a6294334-54ae-4dd4-abcd-09d20295dc13.jpg?aki_policy=profile_x_medium,,15,18,"['email', 'phone']",t,t,Neighborhood highlights,Bethany,,-34.55494,138.97807,Entire guest suite,Entire home/apt,2,0.0,0 baths,0,0,"[""Lockbox"", ""Wifi"", ""Long term stays allowed"", ""Hot water"", ""Dishes and silverware"", ""Bed linens"", ""Patio or balcony"", ""Dryer"", ""Self check-in"", ""Iron"", ""Extra pillows and blankets"", ""Free parking on premises"", ""TV"", ""Hangers"", ""Air conditioning"", ""BBQ grill"", ""Washer"", ""Backyard"", ""Shampoo"", ""Essentials"", ""Microwave"", ""Clothing storage"", ""Hair dryer"", ""Hot water kettle""]",$129.00,1,365,1,2,365,365,1.0,365.0,,t,7,7,7,7,2025-09-27,33,9,0,7,10,54,6966,2022-09-09,2025-07-24,4.67,4.7,4.82,4.91,4.76,4.91,4.64,,t,10,10,0,0,0.89
706793228615597287,https://www.airbnb.com/rooms/706793228615597287,20250927041735,2025-09-27,city scrape,The Winemaker's Haus,"Live like a local and enjoy this stylish and spacious country home, surrounded by nature and vineyards, 2 minutes out from Tanunda's main street. Inside, you will find a very well-equipped kitchen, lounge, and dining room with a wood-burning stove and sunset views. Outside, you will find a landscaped garden with a BBQ and veranda, fire pit, and spectacular views of the vineyards and ranges. Take a short stroll into Tanunda, the Barossa's central hub with restaurants, bars, pubs, and a brewery.","We are located just outside Tanunda, with its wineries, cafes, boutiques and restaurants. From the house it's a 5 minute walk to Turkey Flat winery or Barossa Valley Brewing, or take a 15 minute stroll into Tanunda for a coffee or bite to eat. Alternatively take a 10 minute drive to world famous wineries including Jacobs Creek, Seppeltsfield and Penfolds. Or simply stay at home and enjoy sunset over the vines, and maybe even moonrise over the hills on the right night.",https://a0.muscache.com/pictures/hosting/Hosting-U3RheVN1cHBseUxpc3Rpbmc6NzA2NzkzMjI4NjE1NTk3Mjg3/original/4d5b83fb-afc9-4362-9e50-aea8e3f44f78.jpeg,175722042,https://www.airbnb.com/users/show/175722042,Alex,2018-02-27,"Tanunda, Australia","I'm a restauranteur, chef and winemaker in the Barossa Valley. I moved to the Barossa from the UK to pursue my passion for wine. The Winemaker's Haus was our first home and the place where it all started for me and my wife. I am co-owner of Harvest Kitchen and produce wines under my own label - Haus Wine. With over 20 years of hospitality experience and an enthusiasm for all things food and drink I decided it was time to host my own guest house and help people discover the Barossa and all its wonder!",N/A,N/A,N/A,f,https://a0.muscache.com/im/pictures/user/f4c72aab-de61-481c-be4b-0fdd3b74cae1.jpg?aki_policy=profile_small,https://a0.muscache.com/im/pictures/user/f4c72aab-de61-481c-be4b-0fdd3b74cae1.jpg?aki_policy=profile_x_medium,,1,1,"['email', 'phone']",t,t,Neighborhood highlights,Tanunda,,-34.5354566,138.95152,Entire home,Entire home/apt,6,1.0,1 bath,3,3,"[""Ceiling fan"", ""Fire pit"", ""Sound system with Bluetooth and aux"", ""Ethernet connection"", ""Wifi"", ""Dishwasher"", ""Long term stays allowed"", ""Hot water"", ""First aid kit"", ""Dishes and silverware"", ""Barbecue utensils"", ""Outdoor dining area"", ""Clothing storage: closet"", ""Private patio or balcony"", ""Bed linens"", ""Books and reading material"", ""Indoor fireplace"", ""Oven"", ""Children\u2019s dinnerware"", ""Self check-in"", ""Coffee"", ""Freezer"", ""Dining table"", ""Iron"", ""Kitchen"", ""Outdoor furniture"", ""Keypad"", ""Coffee maker: french press, Nespresso"", ""Stove"", ""Central heating"", ""Room-darkening shades"", ""Private backyard \u2013 Fully fenced"", ""Cleaning products"", ""Shower gel"", ""Portable heater"", ""Free parking on premises"", ""Free washer \u2013 In unit"", ""Bathtub"", ""Vineyard view"", ""Free dryer"", ""Hangers"", ""Drying rack for clothing"", ""Air conditioning"", ""Baking sheet"", ""Private entrance"", ""BBQ grill"", ""Zero Co. conditioner"", ""Laundromat nearby"", ""Hammock"", ""Fire extinguisher"", ""60 inch HDTV with Chromecast, Netflix"", ""Cooking basics"", ""Wine glasses"", ""Essentials"", ""Samsung refrigerator"", ""Pets allowed"", ""Bread maker"", ""Board games"", ""Microwave"", ""Zero Co. shampoo"", ""Free street parking"", ""Smoke alarm"", ""Hair dryer"", ""Hot water kettle"", ""Single level home"", ""Toaster""]",$246.00,2,60,2,3,1125,1125,2.0,1125.0,,t,4,22,50,228,2025-09-27,150,48,3,56,56,255,62730,2022-11-03,2025-09-14,4.91,4.87,4.87,4.95,4.97,4.83,4.81,,f,1,1,0,0,4.25
714091918722300599,https://www.airbnb.com/rooms/714091918722300599,20250927041735,2025-09-27,city scrape,Tanunda House - Luxury 5 BR in Barossa Wine Region,"Prepare to be wowed as you enter this stunning home and discover your private luxury escape set on an acre of beautiful grounds in the heart of Tanunda. A 5 minute walk to excellent restaurants, cafes and wine bars, Tanunda House, with its 5 King bedrooms, pool, tennis court, wine cellar and theatre room is a perfect setting for a relaxing retreat or to celebrate a special occasion with friends, family or colleagues.  It is also an ideal base for exploring the world renowned Barossa wine region.","Tanunda House is located in the attractive town of Tanunda which is the heart of the world renowned Barossa wine region. A walk around the neighbourhood will lead you down leafy streets past beautiful sandstone homes, historic cottages and a number of lovely old churches - a testament to the Lutheran settlement of the region. Only 50 metres from Tanunda House is Goat Square - an historic meeting place which is now a lovely green lawn surrounded on all sides by heritage 1840s stone cottages. <br />Restaurants, cafes and wine bars and a wonderfully eclectic selection of shops and galleries for browsing are a short 5 minute walk away from Tanunda House but if you get in your car you can be out driving past vineyards, wineries and charming villages within minutes.",https://a0.muscache.com/pictures/miso/Hosting-714091918722300599/original/e78ae60b-3f75-4f60-b3bb-dff505829051.jpeg,479155405,https://www.airbnb.com/users/show/479155405,Sally And Cathie,2022-09-12,,"",within a few hours,100%,100%,f,https://a0.muscache.com/im/pictures/user/f2ade453-96c3-4465-870f-3a21c8a79eb7.jpg?aki_policy=profile_small,https://a0.muscache.com/im/pictures/user/f2ade453-96c3-4465-870f-3a21c8a79eb7.jpg?aki_policy=profile_x_medium,,1,2,"['email', 'phone']",t,t,Neighborhood highlights,Tanunda,,-34.52294851715476,138.95535176322934,Entire villa,Entire home/apt,13,5.0,5 baths,5,5,"[""Stainless steel oven"", ""Fire pit"", ""Babysitter recommendations"", ""Wifi"", ""Bluetooth sound system"", ""Dishwasher"", ""Coffee maker: Nespresso"", ""Changing table"", ""Hot water"", ""Salus body soap"", ""Induction stove"", ""Salus shampoo"", ""First aid kit"", ""Dishes and silverware"", ""Barbecue utensils"", ""Outdoor dining area"", ""Fireplace guards"", ""Clothing storage: wardrobe"", ""Bed linens"", ""Books and reading material"", ""Indoor fireplace"", ""Salus conditioner"", ""Coffee"", ""Freezer"", ""Dining table"", ""Iron"", ""Kitchen"", ""Outdoor furniture"", ""Private backyard \u2013 Fully fenced"", ""Central heating"", ""Private pool - available all year, open 24 hours"", ""Cleaning products"", ""Shower gel"", ""Extra pillows and blankets"", ""Free parking on premises"", ""Bathtub"", ""Drying rack for clothing"", ""Free dryer"", ""Hangers"", ""TV"", ""Air conditioning"", ""Dedicated workspace"", ""Refrigerator"", ""Private entrance"", ""Outdoor kitchen"", ""BBQ grill"", ""Washer"", ""Fire extinguisher"", ""Cooking basics"", ""Wine glasses"", ""Essentials"", ""High chair"", ""Board games"", ""Mini fridge"", ""Microwave"", ""Host greets you"", ""Smoke alarm"", ""Hair dryer"", ""Hot water kettle"", ""Toaster""]","$2,819.00",2,365,2,4,365,365,2.1,365.0,,t,19,33,55,288,2025-09-27,14,5,0,56,3,30,84570,2023-02-26,2025-04-16,5.0,5.0,4.93,5.0,4.93,5.0,4.86,,t,1,1,0,0,0.44
715671869674731648,https://www.airbnb.com/rooms/715671869674731648,20250927041735,2025-09-27,city scrape,Rural garden studio with BBQ patio and dog park,"This homey studio is extra comfortable, fully equipped and pet-friendly. There's an expansive garden and fenced area for a dog to run, and beautiful pastoral surroundings.  Also a connected patio with BBQ and wood oven.  Sleeps 3 adults","Meander Retreat is a rural small-holding located in a quiet pastoral valley between the Springton and Eden Valley townships.  There is no intense agricultural activity in the area so it remains a peaceful place throughout the year. There is no livestock on the property, plenty of parking and room to relax and explore outdoors.",https://a0.muscache.com/pictures/miso/Hosting-715671869674731648/original/6d30bab5-deb7-480f-a389-198e62d55827.jpeg,93219392,https://www.airbnb.com/users/show/93219392,Evelyn,2016-09-02,"South Australia, Australia","",within an hour,100%,99%,t,https://a0.muscache.com/im/pictures/user/f330cbb1-eef4-43e5-b4b2-1e67d944cdaa.jpg?aki_policy=profile_small,https://a0.muscache.com/im/pictures/user/f330cbb1-eef4-43e5-b4b2-1e67d944cdaa.jpg?aki_policy=profile_x_medium,,2,2,"['email', 'phone']",t,t,Neighborhood highlights,Eden Valley,,-34.68654,139.09146,Entire guest suite,Entire home/apt,3,1.0,1 bath,1,2,"[""Essentials"", ""Pets allowed"", ""Luggage dropoff allowed"", ""Lockbox"", ""Garden view"", ""Dedicated workspace"", ""Hangers"", ""Pack \u2019n play/Travel crib"", ""Self check-in"", ""Hot water"", ""Free parking on premises""]",$160.00,1,28,1,1,28,28,1.0,28.0,,t,16,42,70,250,2025-09-27,79,42,1,74,29,252,40320,2023-01-22,2025-09-21,4.99,4.95,4.96,4.99,4.96,4.87,4.87,,f,2,1,1,0,2.42
718469772693217183,https://www.airbnb.com/rooms/718469772693217183,20250927041735,2025-09-27,city scrape,"Rockridge, apartment pet friendly rural setting","Pet friendly rural farm stay. Newly renovated  & fitted out apartment. Views overlooking tall gums & dam , listen to the kookaburras singing, say hi to our beautiful friendly  horses. Walking distance to township filled with some unique shops. Farmers market held each Saturday morning just a mere walk down the driveway.<br />An easy drive to the beautiful Barossa Valley wine region to taste all the Barossa has to offer.<br />Close to Mt Crawford forest for those who like to be do some bush walking","Walking distance to township where you can find some quirky shops, a fabulous gin distillery called Robbers Dog a must visit.<br />Rustic Edge home and western wear filled with amazing gifts and clothing and flowers.<br />As we are the gateway to Barossa Valley wine region it’s a short drive to experience all the valley has to offer.<br />Into a bit of bush walking ?  Mt Crawford forest just down the road some lovely bush trails to explore.<br />Travel east and you will find the River Murray and Mannum Falls. Another short drive takes you into the heart of Adelaide Hills so much to see there the iconic town Hahndorf.<br />As you can see we are very central to so much.",https://a0.muscache.com/pictures/miso/Hosting-718469772693217183/original/5b153601-b32d-4dc2-8259-3f42cbe4c3ca.jpeg,184466221,https://www.airbnb.com/users/show/184466221,Susan,2018-04-15,"Mount Pleasant, Australia","",N/A,N/A,94%,t,https://a0.muscache.com/im/pictures/user/64a3f74c-e390-4cf4-9b38-c7f48e6b9c81.jpg?aki_policy=profile_small,https://a0.muscache.com/im/pictures/user/64a3f74c-e390-4cf4-9b38-c7f48e6b9c81.jpg?aki_policy=profile_x_medium,,1,1,"['email', 'phone']",t,t,Neighborhood highlights,Mount Pleasant,,-34.7791637642793,139.04115591198206,Farm stay,Entire home/apt,2,1.0,1 bath,1,1,"[""Valley view"", ""Ceiling fan"", ""Ethernet connection"", ""Coffee maker: Nespresso"", ""Hot water"", ""Private backyard \u2013 Not fully fenced"", ""First aid kit"", ""Dishes and silverware"", ""Barbecue utensils"", ""Outdoor dining area"", ""Clothing storage: closet"", ""Private patio or balcony"", ""Luggage dropoff allowed"", ""Garden view"", ""Bed linens"", ""Coffee"", ""Freezer"", ""Kitchen"", ""AC - split type ductless system"", ""42 inch TV"", ""Outdoor furniture"", ""Private BBQ grill: gas"", ""Cleaning products"", ""Extra pillows and blankets"", ""Free parking on premises"", ""Drying rack for clothing"", ""Heating - split type ductless system"", ""Hangers"", ""Dedicated workspace"", ""Refrigerator"", ""Private entrance"", ""Laundromat nearby"", ""Fire extinguisher"", ""Cooking basics"", ""Wine glasses"", ""Essentials"", ""Wifi \u2013 13 Mbps"", ""Pets allowed"", ""Conditioner"", ""Microwave"", ""Free street parking"", ""Smoke alarm"", ""Exterior security cameras on property"", ""Hot water kettle"", ""Single level home"", ""Toaster""]",$180.00,1,5,1,2,1125,1125,1.1,1125.0,,t,13,40,67,342,2025-09-27,24,5,0,73,4,30,5400,2022-10-21,2025-05-18,5.0,5.0,5.0,5.0,5.0,4.88,4.96,,t,1,1,0,0,0.67
721093381238847388,https://www.airbnb.com/rooms/721093381238847388,20250927041735,2025-09-27,city scrape,Kate’s Cottage in Marananga,"Marananga Cottages are located in the heart of Marananga, an ideal venue from which to experience the delights of the Barossa Valley.<p><br />This enchanting cottage comprises two individual suites, all self-contained and ideal for couples. All suites have access to free Wi-Fi, Netflix<br />The cottage is perfectly located to access the many wineries and restaurants in the historic Seppeltsfield area, all just a short distance from your accommodation.",,https://a0.muscache.com/pictures/prohost-api/Hosting-721093381238847388/original/fc9eab7b-80bd-490e-80e7-5430daf0b8ae.jpeg,275161574,https://www.airbnb.com/users/show/275161574,Wendy,2019-07-10,"Marananga, Australia","Hi, my name is Wendy and I am your host. I look forward to hosting you at our beautiful Marananga Cottages. I am available 7 Days from 9am to 8pm for any enquiries. For after hours I am contactable on the phone number given to you with your itinerary",within an hour,100%,100%,t,https://a0.muscache.com/im/pictures/user/0b0c396d-09df-4a68-af45-2cdb38a233d5.jpg?aki_policy=profile_small,https://a0.muscache.com/im/pictures/user/0b0c396d-09df-4a68-af45-2cdb38a233d5.jpg?aki_policy=profile_x_medium,,2,6,"['email', 'phone']",t,t,,Marananga,,-34.48506,138.93849,Entire cottage,Entire home/apt,2,1.0,1 bath,1,1,"[""Coffee maker"", ""Lockbox"", ""HDTV with Netflix"", ""Heating"", ""Standalone high chair - available upon request"", ""Wifi"", ""JBL Bluetooth sound system"", ""Long term stays allowed"", ""Hot water"", ""First aid kit"", ""Dishes and silverware"", ""Barbecue utensils"", ""Bed linens"", ""Kitchenette"", ""Self check-in"", ""Coffee"", ""Dining table"", ""Iron"", ""AC - split type ductless system"", ""Outdoor furniture"", ""Shared patio or balcony"", ""Room-darkening shades"", ""Pack \u2019n play/Travel crib - available upon request"", ""BBQ grill: gas"", ""Shower gel"", ""Extra pillows and blankets"", ""Free parking on premises"", ""Hangers"", ""Private entrance"", ""Fire extinguisher"", ""Cooking basics"", ""Wine glasses"", ""Essentials"", ""Idiology conditioner"", ""Idiology shampoo"", ""Mini fridge"", ""Microwave"", ""Portable fans"", ""Smoke alarm"", ""Hair dryer"", ""Hot water kettle"", ""Single level home"", ""Toaster"", ""Breakfast""]",$310.00,1,999,2,2,999,999,2.0,999.0,,t,10,21,43,296,2025-09-27,14,12,1,47,2,72,22320,2023-04-02,2025-09-07,5.0,5.0,5.0,4.86,5.0,5.0,4.86,,t,2,2,0,0,0.46
730052627340589289,https://www.airbnb.com/rooms/730052627340589289,20250927041735,2025-09-27,city scrape,65 on North,"This modern, studio style suite has everything you need for a wonderful stay in the Barossa Valley.  With only a short 10 minute stroll into the heart of Angaston, you can visit a range of coffee shops and eateries, or take a drive to some world-renowned wineries. After a day out exploring, wind down with a wine and a luxe charcuterie board at sunset in your own private courtyard space overlooking the Angaston hills.","The peaceful, leafy township of Angaston holds all the charm and character you will come to expect. While we share fences with our neighbours, visible physical buildings from your room is minimal.",https://a0.muscache.com/pictures/hosting/Hosting-U3RheVN1cHBseUxpc3Rpbmc6NzMwMDUyNjI3MzQwNTg5Mjg5/original/85bc413f-cab8-40bd-b201-058b69ca8f2e.jpeg,384908171,https://www.airbnb.com/users/show/384908171,Josh And Jen,2021-01-17,,"",within an hour,100%,100%,t,https://a0.muscache.com/im/pictures/user/a2e71743-dc88-4f23-9a8a-2d967fe72de0.jpg?aki_policy=profile_small,https://a0.muscache.com/im/pictures/user/a2e71743-dc88-4f23-9a8a-2d967fe72de0.jpg?aki_policy=profile_x_medium,,1,1,"['email', 'phone']",t,t,Neighborhood highlights,Moculta,,-34.50764,139.05808,Private room in guest suite,Private room,3,1.0,1 private bath,1,1,"[""Lockbox"", ""Clothing storage: walk-in closet"", ""Ceiling fan"", ""Wifi"", ""Standalone high chair - available upon request"", ""Coffee maker: Nespresso"", ""Hot water"", ""First aid kit"", ""Dishes and silverware"", ""Barbecue utensils"", ""Outdoor dining area"", ""Private patio or balcony"", ""Bed linens"", ""Kitchenette"", ""Self check-in"", ""Coffee"", ""Dining table"", ""Iron"", ""Outdoor furniture"", ""Room-darkening shades"", ""Cleaning products"", ""Shower gel"", ""Free parking on premises"", ""Drying rack for clothing"", ""Vineyard view"", ""TV"", ""Hangers"", ""Air conditioning"", ""Heating - split type ductless system"", ""Dedicated workspace"", ""Refrigerator"", ""Private entrance"", ""BBQ grill"", ""Private living room"", ""Single level home"", ""Backyard"", ""Shampoo"", ""Fire extinguisher"", ""Cooking basics"", ""Wine glasses"", ""Essentials"", ""Conditioner"", ""Microwave"", ""Smoke alarm"", ""Hair dryer"", ""Exterior security cameras on property"", ""Hot water kettle"", ""Body soap"", ""Toaster""]",$171.00,2,10,1,2,10,10,1.4,10.0,,t,14,38,58,316,2025-09-27,62,19,1,58,24,114,19494,2023-04-09,2025-08-31,4.94,4.95,4.98,4.94,4.95,4.97,4.84,,f,1,0,1,0,2.06
741764023269405028,https://www.airbnb.com/rooms/741764023269405028,20250927041735,2025-09-27,city scrape,The Reserve Barossa,"Nestled among Australia's finest vineyards along prestigious Seppeltsfield Road, The Reserve Barossa offers a refined wine country escape. <br />Set across six beautiful acres, this private retreat welcomes up to ten guests with five bedrooms and three bathrooms.<br />The heart of the home features a well-equipped kitchen, large living and dining areas and a library/wine room. The outdoor entertaining area with pizza oven and BBQ provides the perfect setting for memorable gatherings in the Barossa.",,https://a0.muscache.com/pictures/hosting/Hosting-U3RheVN1cHBseUxpc3Rpbmc6NzQxNzY0MDIzMjY5NDA1MDI4/original/a738930a-3fed-43ce-9472-6501a9a2a299.jpeg,82430837,https://www.airbnb.com/users/show/82430837,Shane,2016-07-08,"Los Angeles, CA","",within an hour,83%,100%,f,https://a0.muscache.com/im/pictures/user/8b20f373-37aa-4dfe-8d36-8b8f64020d2a.jpg?aki_policy=profile_small,https://a0.muscache.com/im/pictures/user/8b20f373-37aa-4dfe-8d36-8b8f64020d2a.jpg?aki_policy=profile_x_medium,,1,1,"['email', 'phone']",t,t,,Nuriootpa,,-34.4915714,138.9647129,Entire villa,Entire home/apt,10,3.0,3 baths,5,5,"[""Housekeeping - available at extra cost"", ""Coffee maker"", ""Ceiling fan"", ""Fire pit"", ""Wifi"", ""Bluetooth sound system"", ""Standalone high chair - available upon request"", ""Dishwasher"", ""Private hot tub - available all year, open 24 hours"", ""Hot water"", ""Gas stove"", ""First aid kit"", ""Dishes and silverware"", ""Barbecue utensils"", ""Outdoor dining area"", ""Fireplace guards"", ""Private patio or balcony"", ""Aesop conditioner"", ""Garden view"", ""Bed linens"", ""Free washer \u2013 In building"", ""Books and reading material"", ""Aesop shampoo"", ""Free dryer \u2013 In building"", ""Indoor fireplace: wood-burning"", ""Oven"", ""Freezer"", ""Dining table"", ""Iron"", ""Kitchen"", ""Radiant heating"", ""Outdoor furniture"", ""Shower gel"", ""Private BBQ grill: gas, wood-burning"", ""Aesop body soap"", ""Free parking on premises"", ""TV"", ""Vineyard view"", ""Heating - split type ductless system"", ""Hangers"", ""Air conditioning"", ""Dedicated workspace"", ""Refrigerator"", ""Private entrance"", ""Backyard"", ""Fire extinguisher"", ""Wine glasses"", ""Board games"", ""Mini fridge"", ""Microwave"", ""Smoke alarm"", ""Hair dryer"", ""Exterior security cameras on property"", ""Hot water kettle"", ""Single level home"", ""Toaster""]","$1,488.00",3,365,2,3,365,365,2.7,365.0,,t,16,31,51,274,2025-09-27,12,4,0,56,2,24,35712,2022-12-03,2025-08-25,5.0,4.83,4.92,4.83,5.0,4.92,4.83,,t,1,1,0,0,0.35
752288334648314435,https://www.airbnb.com/rooms/752288334648314435,20250927041735,2025-09-27,previous scrape,Pet friendly Classic Stone  Cottage in Tanunda,"Classic stone cottage set amongst beautiful gardens on a large block right in the heart of Tanunda.  Walk to the main street with cafes, bars, pubs, restaurants and wineries all at your doorstep.  Easy access to over 80 wineries and cellar doors.  Outdoor entertaining areas.  Secure yard for pets.  Great getaway for family and friends in the beautiful Barossa Valley.","Set in the heart of the Barossa Valley in the town of Tanunda.  Easy walk to the main street with bars, cellar doors, cafes, pubs, restaurants, clothes and homeware shops and Barossa Visitors Centre.  Easy access to local vineyards such as Turkey Flat, Bethany wines, Chateau Tanunda, Jacobs Creek and St Hugos to name a few.",https://a0.muscache.com/pictures/miso/Hosting-752288334648314435/original/066e782c-d0b7-4cf9-aa99-6d89d9d86688.jpeg,486246058,https://www.airbnb.com/users/show/486246058,Carolyn,2022-11-03,,"",within a few hours,100%,100%,f,https://a0.muscache.com/defaults/user_pic-50x50.png?v=3,https://a0.muscache.com/defaults/user_pic-225x225.png?v=3,,1,1,"['email', 'phone']",f,t,Neighborhood highlights,Tanunda,,-34.53263,138.95184,Entire home,Entire home/apt,11,,1.5 baths,3,,"[""Coffee maker"", ""Lockbox"", ""Wifi"", ""Hot water"", ""Dishes and silverware"", ""Outdoor dining area"", ""Garden view"", ""Bed linens"", ""Books and reading material"", ""Indoor fireplace"", ""Free dryer \u2013 In building"", ""Self check-in"", ""Iron"", ""Kitchen"", ""Outdoor furniture"", ""Shared patio or balcony"", ""Central air conditioning"", ""Private backyard \u2013 Fully fenced"", ""Central heating"", ""Cleaning products"", ""Extra pillows and blankets"", ""Bathtub"", ""Drying rack for clothing"", ""TV"", ""Hangers"", ""Dedicated workspace"", ""Refrigerator"", ""BBQ grill"", ""Washer"", ""Hammock"", ""Cooking basics"", ""Essentials"", ""Pets allowed"", ""Clothing storage: closet and wardrobe"", ""Smoke alarm"", ""Free parking on premises""]",,3,300,2,2,1125,1125,2.0,1125.0,,t,0,0,0,1,2025-09-27,34,1,0,0,10,6,,2022-12-29,2025-04-22,4.71,4.79,4.68,4.97,4.82,4.91,4.59,,f,1,1,0,0,1.02
759155804904701797,https://www.airbnb.com/rooms/759155804904701797,20250927041735,2025-09-27,city scrape,Grenache Apartment - Angaston Mews,Enjoy easy access to everything from this perfectly located home base.,"Angaston is a village setting where you will find some of the best food the Barossa has to offer, along with cellar doors, cheese shop, Saturday morning market, art gallery, artisan soap shop, walking/bike riding trails, parks & amazing playgrounds",https://a0.muscache.com/pictures/miso/Hosting-759155804904701797/original/d5dbb85d-df06-49a5-a27b-5037d333353f.jpeg,487505306,https://www.airbnb.com/users/show/487505306,Anne-Marie,2022-11-13,,"",within an hour,100%,100%,f,https://a0.muscache.com/im/pictures/user/User-487505306/original/0057015b-d65a-4dff-bf43-4bdff9a5634d.png?aki_policy=profile_small,https://a0.muscache.com/im/pictures/user/User-487505306/original/0057015b-d65a-4dff-bf43-4bdff9a5634d.png?aki_policy=profile_x_medium,,4,5,"['email', 'phone']",t,t,Neighborhood highlights,Angaston,,-34.49997247080307,139.05090309259035,Entire rental unit,Entire home/apt,6,1.0,1 bath,2,4,"[""High chair - available upon request"", ""Lockbox"", ""Ideology Organic shampoo"", ""Ceiling fan"", ""Fire pit"", ""Wifi"", ""Dishwasher"", ""Ideology Organic body soap"", ""Long term stays allowed"", ""Hot water"", ""Gas stove"", ""Dishes and silverware"", ""Barbecue utensils"", ""Outdoor dining area"", ""Private patio or balcony"", ""Garden view"", ""Bed linens"", ""Free washer \u2013 In building"", ""Books and reading material"", ""Free dryer \u2013 In building"", ""Self check-in"", ""Cleaning available during stay"", ""Freezer"", ""Dining table"", ""Ideology Organic conditioner"", ""Iron"", ""Kitchen"", ""Room-darkening shades"", ""Cleaning products"", ""Shower gel"", ""Extra pillows and blankets"", ""Free parking on premises"", ""Bathtub"", ""Drying rack for clothing"", ""TV"", ""Hangers"", ""Air conditioning"", ""Heating - split type ductless system"", ""Refrigerator"", ""BBQ grill"", ""Fire extinguisher"", ""Cooking basics"", ""Wine glasses"", ""Essentials"", ""Coffee maker: drip coffee maker"", ""Stainless steel single oven"", ""Crib - available upon request"", ""Microwave"", ""Clothing storage"", ""Smoke alarm"", ""Free street parking"", ""Hair dryer"", ""Hot water kettle"", ""Single level home"", ""Toaster""]",$303.00,2,1125,2,2,1125,1125,2.0,1125.0,,t,9,35,57,313,2025-09-27,0,0,0,62,0,0,0,,,,,,,,,,,t,4,4,0,0,
759182781379305366,https://www.airbnb.com/rooms/759182781379305366,20250927041735,2025-09-27,city scrape,Chardonnay Apartment - Angaston Mews,Enjoy easy access to everything from this perfectly located home base.,"Angaston is a village setting where you will find some of the best food the Barossa has to offer, along with cellar doors, cheese shop, Saturday morning market, art gallery, artisan soap shop, walking/bike riding trails, parks & amazing playgrounds",https://a0.muscache.com/pictures/miso/Hosting-759182781379305366/original/4a6c7955-5c61-41a5-b7e6-dc7b092ce30b.jpeg,487505306,https://www.airbnb.com/users/show/487505306,Anne-Marie,2022-11-13,,"",within an hour,100%,100%,f,https://a0.muscache.com/im/pictures/user/User-487505306/original/0057015b-d65a-4dff-bf43-4bdff9a5634d.png?aki_policy=profile_small,https://a0.muscache.com/im/pictures/user/User-487505306/original/0057015b-d65a-4dff-bf43-4bdff9a5634d.png?aki_policy=profile_x_medium,,4,5,"['email', 'phone']",t,t,Neighborhood highlights,Angaston,,-34.500007838466324,139.05094600793458,Entire rental unit,Entire home/apt,6,1.0,1 bath,2,3,"[""Ideology Organic shampoo"", ""Ceiling fan"", ""Wifi"", ""Standalone high chair - available upon request"", ""Dishwasher"", ""Ideology Organic body soap"", ""Long term stays allowed"", ""Hot water"", ""Gas stove"", ""Dishes and silverware"", ""Barbecue utensils"", ""Outdoor dining area"", ""Clothing storage: closet"", ""Private patio or balcony"", ""Garden view"", ""Bed linens"", ""Free washer \u2013 In building"", ""Books and reading material"", ""Free dryer \u2013 In building"", ""Self check-in"", ""Cleaning available during stay"", ""Freezer"", ""Dining table"", ""1 inch TV with Chromecast"", ""Ideology Organic conditioner"", ""Iron"", ""Kitchen"", ""Backyard - Not fully fenced"", ""Outdoor furniture"", ""Room-darkening shades"", ""Cleaning products"", ""Pack \u2019n play/Travel crib - available upon request"", ""Shower gel"", ""Extra pillows and blankets"", ""Drying rack for clothing"", ""Free carport on premises \u2013 1 space"", ""Heating - split type ductless system"", ""Hangers"", ""Air conditioning"", ""Refrigerator"", ""Private entrance"", ""BBQ grill"", ""Fire extinguisher"", ""Cooking basics"", ""Wine glasses"", ""Essentials"", ""Coffee maker: drip coffee maker"", ""Stainless steel single oven"", ""Smart lock"", ""Crib - available upon request"", ""Microwave"", ""Free street parking"", ""Smoke alarm"", ""Hair dryer"", ""Hot water kettle"", ""Toaster""]",$320.00,2,1125,2,3,1125,1125,2.0,1125.0,,t,14,36,66,320,2025-09-27,3,1,0,72,0,6,1920,2023-09-16,2025-07-13,4.0,3.67,4.0,4.33,4.0,4.67,3.33,,t,4,4,0,0,0.12
763963393371961799,https://www.airbnb.com/rooms/763963393371961799,20250927041735,2025-09-27,city scrape,Para River Cottage,"‘Para River Cottage’<br /><br />Built in 1920 overlooking the gum studded cliff face of the North Para River, this quaint and cosy cottage has been elegantly restored for your fulfilment.<br /><br />Embrace the quiet rural feel of native birdsong and scattered sheep across the way, all whilst being within a short stroll of the heart of Tanunda.<br /><br />It’s a great spot to discover the Barossa Valley and a lovely neighbourhood. I have so many great memories here, and I’m convinced that you will too.",,https://a0.muscache.com/pictures/miso/Hosting-763963393371961799/original/2de43240-2fe6-4456-91ab-fde548b96767.jpeg,49528952,https://www.airbnb.com/users/show/49528952,Rainer,2015-11-21,"Tanunda, Australia","",within a few hours,100%,100%,t,https://a0.muscache.com/im/pictures/user/User-49528952/original/c258a520-63e0-4e99-b0e5-e4304d06b971.jpeg?aki_policy=profile_small,https://a0.muscache.com/im/pictures/user/User-49528952/original/c258a520-63e0-4e99-b0e5-e4304d06b971.jpeg?aki_policy=profile_x_medium,,1,1,"['email', 'phone']",t,t,,Tanunda,,-34.521603,138.9535283,Entire cottage,Entire home/apt,4,1.0,1 bath,2,2,"[""Coffee maker"", ""Lockbox"", ""Ceiling fan"", ""Fire pit"", ""Heating"", ""Wifi"", ""Dishwasher"", ""Hot water"", ""First aid kit"", ""Vasse Virgin shampoo"", ""Dishes and silverware"", ""Outdoor dining area"", ""Oven"", ""Self check-in"", ""Iron"", ""Kitchen"", ""AC - split type ductless system"", ""Cleaning products"", ""Shower gel"", ""Free parking on premises"", ""Carbon monoxide alarm"", ""Refrigerator"", ""Vasse Virgin conditioner"", ""BBQ grill"", ""Washer"", ""Backyard"", ""Fire extinguisher"", ""Cooking basics"", ""Essentials"", ""Microwave"", ""Smoke alarm"", ""Hair dryer"", ""55 inch HDTV"", ""Exterior security cameras on property"", ""Hot water kettle""]",$352.00,2,14,2,2,14,14,2.0,14.0,,t,16,37,61,149,2025-09-27,140,44,2,67,51,255,89760,2022-12-03,2025-09-09,5.0,4.99,5.0,5.0,5.0,4.99,4.96,,f,1,1,0,0,4.08
764806740959532527,https://www.airbnb.com/rooms/764806740959532527,20250927041735,2025-09-27,city scrape,Kesehills Wines Shared Villa B Rm#5,"Situatued at the center of our Kesehills Winery. The villa is surrounded by the beauty of nature. The villa is newly refurbished with comtemporary design, giving our guests a one-of-a-kind travelling experience and comfort of mind. In the winery, we breed alpacas, chickens, sheep, and we get visited by kangaroos often. You are very much welcome to walk around in our vineyard and enjoy the autumn breeze while having a bottle of our precious Kesehills Wines.",,https://a0.muscache.com/pictures/miso/Hosting-764806740959532527/original/8c1f91a5-c9da-4393-b51d-c6e135848699.jpeg,488554818,https://www.airbnb.com/users/show/488554818,Nick,2022-11-21,,"Welcome to Kesehills winery, hope you not only enjoy your stay here with us, but also enjoy your life, enjoy everyday~",within an hour,80%,46%,f,https://a0.muscache.com/im/pictures/user/e8aea553-72f9-4412-89df-01ddbc4eea45.jpg?aki_policy=profile_small,https://a0.muscache.com/im/pictures/user/e8aea553-72f9-4412-89df-01ddbc4eea45.jpg?aki_policy=profile_x_medium,,10,14,"['email', 'phone']",t,t,,Mount Pleasant,,-34.7432,139.11408,Entire villa,Entire home/apt,2,1.0,1 bath,1,1,"[""Lockbox"", ""Free dryer \u2013 In unit"", ""Lake access"", ""Heating"", ""Wifi"", ""Dishes and silverware"", ""First aid kit"", ""Shared backyard \u2013 Not fully fenced"", ""Free washer \u2013 In building"", ""Indoor fireplace"", ""Self check-in"", ""Iron"", ""Kitchen"", ""Shared patio or balcony"", ""Central air conditioning"", ""Vineyard view"", ""Dedicated workspace"", ""Refrigerator"", ""Cooking basics"", ""Smoke alarm"", ""Hair dryer"", ""Exterior security cameras on property"", ""Shared hot tub"", ""Free parking on premises""]",$189.00,2,365,2,2,365,365,2.0,365.0,,t,30,60,90,176,2025-09-27,2,0,0,96,0,0,0,2022-12-26,2022-12-28,5.0,5.0,4.5,5.0,5.0,5.0,4.5,,f,10,10,0,0,0.06
765505805955518946,https://www.airbnb.com/rooms/765505805955518946,20250927041735,2025-09-27,city scrape,Kesehills Wines Shared Villa B Rm#6,"Situatued at the center of our Kesehills Winery. The villa is surrounded by the beauty of nature. The villa is newly refurbished with comtemporary design, giving our guests a one-of-a-kind travelling experience and comfort of mind. In the winery, we breed alpacas, chickens, sheep, and we get visited by kangaroos often. You are very much welcome to walk around in our vineyard and enjoy the autumn breeze while having a bottle of our precious Kesehills Wines.",,https://a0.muscache.com/pictures/miso/Hosting-765505805955518946/original/f7454d6a-efa3-4451-a0b9-182baecb1ffc.jpeg,488554818,https://www.airbnb.com/users/show/488554818,Nick,2022-11-21,,"Welcome to Kesehills winery, hope you not only enjoy your stay here with us, but also enjoy your life, enjoy everyday~",within an hour,80%,46%,f,https://a0.muscache.com/im/pictures/user/e8aea553-72f9-4412-89df-01ddbc4eea45.jpg?aki_policy=profile_small,https://a0.muscache.com/im/pictures/user/e8aea553-72f9-4412-89df-01ddbc4eea45.jpg?aki_policy=profile_x_medium,,10,14,"['email', 'phone']",t,t,,Mount Pleasant,,-34.74366,139.11443,Entire villa,Entire home/apt,2,1.0,1 bath,1,1,"[""Valley view"", ""Lockbox"", ""Rice maker"", ""Heating"", ""Wifi"", ""Dishwasher"", ""Lake access"", ""Shared hot tub - available all year, open 24 hours"", ""Hot water"", ""65 inch HDTV with Amazon Prime Video, Disney+, Netflix"", ""First aid kit"", ""Dishes and silverware"", ""Garden view"", ""Bed linens"", ""Free washer \u2013 In building"", ""Patio or balcony"", ""Indoor fireplace"", ""Free dryer \u2013 In building"", ""Oven"", ""Self check-in"", ""Coffee"", ""Dining table"", ""Iron"", ""Kitchen"", ""Shared beach access"", ""Courtyard view"", ""Mountain view"", ""Cleaning products"", ""Shower gel"", ""Extra pillows and blankets"", ""Free driveway parking on premises \u2013 12 spaces"", ""Bathtub"", ""Vineyard view"", ""Drying rack for clothing"", ""Hangers"", ""Air conditioning"", ""Dedicated workspace"", ""Refrigerator"", ""Backyard"", ""Shampoo"", ""Cooking basics"", ""Wine glasses"", ""Essentials"", ""Electric stove"", ""Clothing storage: closet and wardrobe"", ""Microwave"", ""Free street parking"", ""Smoke alarm"", ""Hair dryer"", ""Exterior security cameras on property"", ""Hot water kettle"", ""Body soap"", ""Toaster""]",$211.00,2,365,2,2,365,365,2.0,365.0,,t,27,57,87,358,2025-09-27,0,0,0,93,0,0,0,,,,,,,,,,,f,10,10,0,0,
765511427520869839,https://www.airbnb.com/rooms/765511427520869839,20250927041735,2025-09-27,city scrape,Kesehills Wines Shared Villa B Rm#7,"Situatued at the center of our Kesehills Winery. The villa is surrounded by the beauty of nature. The villa is newly refurbished with comtemporary design, giving our guests a one-of-a-kind travelling experience and comfort of mind. In the winery, we breed alpacas, chickens, sheep, and we get visited by kangaroos often. You are very much welcome to walk around in our vineyard and enjoy the autumn breeze while having a bottle of our precious Kesehills Wines.",,https://a0.muscache.com/pictures/miso/Hosting-765511427520869839/original/965d8116-36d9-41aa-980d-15af3afe79d2.jpeg,488554818,https://www.airbnb.com/users/show/488554818,Nick,2022-11-21,,"Welcome to Kesehills winery, hope you not only enjoy your stay here with us, but also enjoy your life, enjoy everyday~",within an hour,80%,46%,f,https://a0.muscache.com/im/pictures/user/e8aea553-72f9-4412-89df-01ddbc4eea45.jpg?aki_policy=profile_small,https://a0.muscache.com/im/pictures/user/e8aea553-72f9-4412-89df-01ddbc4eea45.jpg?aki_policy=profile_x_medium,,10,14,"['email', 'phone']",t,t,,Mount Pleasant,,-34.74169,139.11273,Entire villa,Entire home/apt,2,1.0,1 bath,1,1,"[""Lockbox"", ""Lake access"", ""Heating"", ""Wifi"", ""Dishes and silverware"", ""First aid kit"", ""Indoor fireplace"", ""Free dryer \u2013 In building"", ""Self check-in"", ""Iron"", ""Kitchen"", ""Shared patio or balcony"", ""Vineyard view"", ""Dedicated workspace"", ""Refrigerator"", ""Air conditioning"", ""Washer"", ""Backyard"", ""Cooking basics"", ""HDTV"", ""Smoke alarm"", ""Hair dryer"", ""Exterior security cameras on property"", ""Free parking on premises""]",$236.00,2,365,2,2,365,365,2.0,365.0,,t,30,60,90,361,2025-09-27,0,0,0,96,0,0,0,,,,,,,,,,,f,10,10,0,0,
765553036302923066,https://www.airbnb.com/rooms/765553036302923066,20250927041735,2025-09-27,city scrape,Kesehills Wines Shared Villa B Rm#8,"Situatued at the center of our Kesehills Winery. The villa is surrounded by the beauty of nature. The villa is newly refurbished with comtemporary design, giving our guests a one-of-a-kind travelling experience and comfort of mind. In the winery, we breed alpacas, chickens, sheep, and we get visited by kangaroos often. You are very much welcome to walk around in our vineyard and enjoy the autumn breeze while having a bottle of our precious Kesehills Wines.",,https://a0.muscache.com/pictures/3cd91f56-5e06-402b-a6be-830baaea90af.jpg,488554818,https://www.airbnb.com/users/show/488554818,Nick,2022-11-21,,"Welcome to Kesehills winery, hope you not only enjoy your stay here with us, but also enjoy your life, enjoy everyday~",within an hour,80%,46%,f,https://a0.muscache.com/im/pictures/user/e8aea553-72f9-4412-89df-01ddbc4eea45.jpg?aki_policy=profile_small,https://a0.muscache.com/im/pictures/user/e8aea553-72f9-4412-89df-01ddbc4eea45.jpg?aki_policy=profile_x_medium,,10,14,"['email', 'phone']",t,t,,Mount Pleasant,,-34.74193,139.11399,Entire villa,Entire home/apt,2,1.0,1 bath,1,2,"[""Lockbox"", ""Lake access"", ""Heating"", ""Wifi"", ""First aid kit"", ""Dishes and silverware"", ""Garden view"", ""Indoor fireplace"", ""Free dryer \u2013 In building"", ""Self check-in"", ""Iron"", ""Kitchen"", ""Courtyard view"", ""Shared patio or balcony"", ""Dedicated workspace"", ""Refrigerator"", ""Air conditioning"", ""Washer"", ""Backyard"", ""Cooking basics"", ""HDTV"", ""Smoke alarm"", ""Hair dryer"", ""Exterior security cameras on property"", ""Free parking on premises"", ""Mountain view""]",$252.00,2,365,2,2,365,365,2.0,365.0,,t,29,59,89,360,2025-09-27,1,0,0,95,0,0,0,2023-04-16,2023-04-16,3.0,4.0,5.0,3.0,4.0,4.0,4.0,,f,10,10,0,0,0.03
765612429537610683,https://www.airbnb.com/rooms/765612429537610683,20250927041735,2025-09-27,city scrape,Kesehills Wines Shared Villa B Rm#9,"Situatued at the center of our Kesehills Winery. The villa is surrounded by the beauty of nature. The villa is newly refurbished with comtemporary design, giving our guests a one-of-a-kind travelling experience and comfort of mind. In the winery, we breed alpacas, chickens, sheep, and we get visited by kangaroos often. You are very much welcome to walk around in our vineyard and enjoy the autumn breeze while having a bottle of our precious Kesehills Wines.",,https://a0.muscache.com/pictures/b36e4275-0189-40f7-ae4c-bfcf82d8f101.jpg,488554818,https://www.airbnb.com/users/show/488554818,Nick,2022-11-21,,"Welcome to Kesehills winery, hope you not only enjoy your stay here with us, but also enjoy your life, enjoy everyday~",within an hour,80%,46%,f,https://a0.muscache.com/im/pictures/user/e8aea553-72f9-4412-89df-01ddbc4eea45.jpg?aki_policy=profile_small,https://a0.muscache.com/im/pictures/user/e8aea553-72f9-4412-89df-01ddbc4eea45.jpg?aki_policy=profile_x_medium,,10,14,"['email', 'phone']",t,t,,Mount Pleasant,,-34.74348,139.11438,Entire villa,Entire home/apt,2,1.0,1 bath,1,2,"[""Lockbox"", ""Free washer \u2013 In building"", ""Indoor fireplace"", ""Free parking on premises"", ""Lake access"", ""Heating"", ""Wifi"", ""Dedicated workspace"", ""Self check-in"", ""Air conditioning"", ""Smoke alarm"", ""Hair dryer"", ""Iron"", ""Exterior security cameras on property"", ""Kitchen"", ""First aid kit"", ""Cooking basics""]",$252.00,2,365,2,2,365,365,2.0,365.0,,t,30,60,90,361,2025-09-27,0,0,0,96,0,0,0,,,,,,,,,,,f,10,10,0,0,
765619654140788793,https://www.airbnb.com/rooms/765619654140788793,20250927041735,2025-09-27,city scrape,Kesehills Wines Shared Villa B Rm#10,"Situatued at the central of our Kesehills Winery. The villa is surrounded by the beauty of nature. The villa is newly refurbished with comtemporary design, giving our guests a one-of-a-kind travelling experience and comfort of mind. In the winery, we breed alpacas, chickens, sheep, and we get visited by kangaroos often. You are very much welcome to walk around in our vineyard and enjoy the autumn breeze while having a bottle of our precious Kesehills Wines.",,https://a0.muscache.com/pictures/miso/Hosting-765619654140788793/original/841fd7b5-7bc3-4fd2-aece-5f57eeb1c240.jpeg,488554818,https://www.airbnb.com/users/show/488554818,Nick,2022-11-21,,"Welcome to Kesehills winery, hope you not only enjoy your stay here with us, but also enjoy your life, enjoy everyday~",within an hour,80%,46%,f,https://a0.muscache.com/im/pictures/user/e8aea553-72f9-4412-89df-01ddbc4eea45.jpg?aki_policy=profile_small,https://a0.muscache.com/im/pictures/user/e8aea553-72f9-4412-89df-01ddbc4eea45.jpg?aki_policy=profile_x_medium,,10,14,"['email', 'phone']",t,t,,Mount Pleasant,,-34.74155,139.1129,Entire villa,Entire home/apt,2,1.0,1 bath,1,1,"[""Lockbox"", ""Lake access"", ""Heating"", ""Wifi"", ""First aid kit"", ""Outdoor dining area"", ""Indoor fireplace"", ""Self check-in"", ""Iron"", ""Kitchen"", ""Central air conditioning"", ""Dedicated workspace"", ""Washer"", ""Hammock"", ""Cooking basics"", ""65 inch HDTV"", ""Smoke alarm"", ""Hair dryer"", ""Exterior security cameras on property"", ""Free parking on premises""]",$282.00,2,365,2,2,365,365,2.0,365.0,,t,30,60,90,361,2025-09-27,1,0,0,96,0,0,0,2023-04-23,2023-04-23,3.0,4.0,4.0,4.0,5.0,3.0,4.0,,f,10,10,0,0,0.03
765624869411604383,https://www.airbnb.com/rooms/765624869411604383,20250927041735,2025-09-27,city scrape,Kesehills Wines Shared Villa B Rm#3-4,"Situatued at the center of our Kesehills Winery. The villa is surrounded by the beauty of nature. The villa is newly refurbished with comtemporary design, giving our guests a one-of-a-kind travelling experience and comfort of mind. In the winery, we breed alpacas, chickens, sheep, and we get visited by kangaroos often. You are very much welcome to walk around in our vineyard and enjoy the autumn breeze while having a bottle of our precious Kesehills Wines.",,https://a0.muscache.com/pictures/miso/Hosting-765624869411604383/original/949f2d3d-5dab-45c7-a098-b168f6737dd2.jpeg,488554818,https://www.airbnb.com/users/show/488554818,Nick,2022-11-21,,"Welcome to Kesehills winery, hope you not only enjoy your stay here with us, but also enjoy your life, enjoy everyday~",within an hour,80%,46%,f,https://a0.muscache.com/im/pictures/user/e8aea553-72f9-4412-89df-01ddbc4eea45.jpg?aki_policy=profile_small,https://a0.muscache.com/im/pictures/user/e8aea553-72f9-4412-89df-01ddbc4eea45.jpg?aki_policy=profile_x_medium,,10,14,"['email', 'phone']",t,t,,Mount Pleasant,,-34.74222,139.11484,Entire villa,Entire home/apt,4,1.0,1 bath,2,2,"[""Valley view"", ""Lockbox"", ""Children\u2019s books and toys for ages 2-5 years old"", ""Lake access"", ""Heating"", ""Wifi"", ""Dishwasher"", ""Hot water"", ""Gas stove"", ""First aid kit"", ""Dishes and silverware"", ""Clothing storage: closet"", ""Garden view"", ""Indoor fireplace"", ""Free dryer \u2013 In building"", ""Lake view"", ""Self check-in"", ""Dining table"", ""Iron"", ""Kitchen"", ""Stainless steel double oven"", ""Courtyard view"", ""Central air conditioning"", ""Cleaning products"", ""Shower gel"", ""Free parking on premises"", ""Vineyard view"", ""Dedicated workspace"", ""Body soap"", ""Hangers"", ""Refrigerator"", ""Resort view"", ""Washer"", ""Shampoo"", ""Cooking basics"", ""HDTV"", ""Shared backyard"", ""Essentials"", ""Board games"", ""Microwave"", ""Smoke alarm"", ""Hair dryer"", ""Exterior security cameras on property"", ""Hot water kettle"", ""Mountain view"", ""Toaster""]",$375.00,1,365,1,1,365,365,1.0,365.0,,t,29,59,89,360,2025-09-27,1,0,0,95,0,0,0,2023-04-23,2023-04-23,4.0,4.0,4.0,4.0,4.0,4.0,4.0,,f,10,10,0,0,0.03
767826475011551659,https://www.airbnb.com/rooms/767826475011551659,20250927041735,2025-09-27,city scrape,Barossa Isadore House -Vintage Charm & Modern Luxe,"Isadore House is your Barossa escape!<br />Nightly rate includes 4 guests (twin share), need an extra room - we've got you.<br />Wake to country life, stroll to coffee, enjoy bakery lunches, dining and wine bars by night. Explore world-renowned cellar doors and meet the makers! Stay in with a cook’s kitchen, Netflix, a rainfall shower or soak-worthy bath beneath the chandelier. End the day with fairy-lit drinks and conversations at the bar top table, before sinking into plush beds.","Isadore House within Angaston offers a perfect blend of convenience and tranquillity. Located within walking distance to the town centre, you can enjoy the peaceful countryside while staying close to all the amenities and attractions Angaston and  surrounding towns have to offer.<br /><br />Discover Angaston Main Street & Surrounds<br />First things first, let’s get your daily fix of coffee and pastries:<br /><br />Coffee & Bakeries:<br />Hive Cafe: A trendy spot with great coffee and a variety of breakfast options.<br />Casa Carboni: A cosy café offering artisanal coffee and delightful Italian pastries.<br />D&Ms Bakery & Café: Famous for its delicious pies and freshly baked bread.<br />Sunrise Bakery & Café: A local favourite for freshly baked goods and light lunches.<br />Foodland: Convenient grocery store open from 7 am – 7 pm, 7 days a week.<br />When brunch rolls into lunch or dinner, explore these wonderful options:<br /><br />Wine Bars & Eateries:<br />Otherness Wine Bar: A sty",https://a0.muscache.com/pictures/hosting/Hosting-U3RheVN1cHBseUxpc3Rpbmc6NzY3ODI2NDc1MDExNTUxNjU5/original/428150cc-43e2-4936-b92a-b5e9b5017357.jpeg,489054699,https://www.airbnb.com/users/show/489054699,Anna-Maria,2022-11-25,"Adelaide, Australia","Hello! We're serial renovators and after extensive work, we've transformed an 'ugly duckling' into a haven where our family can escape to the country - with lazy mornings, that roll into brunches and late night dining and under the stars. We've blended vintage charm with modern luxe, while keeping the quirky features.......you'll see!

In February 2024 we opened our doors and welcomed guests - we trust you enjoy it as much as we do!",within an hour,100%,97%,t,https://a0.muscache.com/im/pictures/user/75a1edc7-e4e6-4f9c-a225-cd4b8f966989.jpg?aki_policy=profile_small,https://a0.muscache.com/im/pictures/user/75a1edc7-e4e6-4f9c-a225-cd4b8f966989.jpg?aki_policy=profile_x_medium,,1,1,"['email', 'phone']",t,t,Neighborhood highlights,Angaston,,-34.5063268,139.0474572,Entire cottage,Entire home/apt,5,1.5,1.5 baths,3,3,"[""Lockbox"", ""Rice maker"", ""Wifi"", ""Dishwasher"", ""Folding or convertible high chair - available upon request"", ""Hot water"", ""First aid kit"", ""Dishes and silverware"", ""Outdoor dining area"", ""Clothing storage: wardrobe"", ""Bed linens"", ""Free washer \u2013 In building"", ""Books and reading material"", ""Oven"", ""Self check-in"", ""Coffee"", ""Freezer"", ""Dining table"", ""Iron"", ""Kitchen"", ""AC - split type ductless system"", ""Outdoor furniture"", ""Private backyard \u2013 Fully fenced"", ""Room-darkening shades"", ""Cleaning products"", ""Pack \u2019n play/Travel crib - available upon request"", ""LG upside down fridge refrigerator"", ""Shower gel"", ""Extra pillows and blankets"", ""Free carport on premises \u2013 2 spaces"", ""Bathtub"", ""Drying rack for clothing"", ""Heating - split type ductless system"", ""Hangers"", ""Dedicated workspace"", ""Baking sheet"", ""Fire extinguisher"", ""48 inch HDTV with Netflix"", ""Cooking basics"", ""Wine glasses"", ""Essentials"", ""Electric stove"", ""Board games"", ""Microwave"", ""Coffee maker: espresso machine, pour-over coffee"", ""Smoke alarm"", ""Free street parking"", ""Hair dryer"", ""Exterior security cameras on property"", ""Hot water kettle"", ""Single level home"", ""Toaster""]",$362.00,2,28,1,3,28,28,2.1,28.0,,t,16,40,66,145,2025-09-27,21,17,1,66,10,102,36924,2024-04-01,2025-09-07,5.0,4.95,5.0,5.0,5.0,5.0,4.95,,f,1,1,0,0,1.16
773319715411149829,https://www.airbnb.com/rooms/773319715411149829,20250927041735,2025-09-27,city scrape,Spacious Queen Bedroom,Forget your worries in this spacious and serene space located in the heart of Kapunda- the wine-growing industry centred in the nearby Barossa Valley.,"A quiet neighbourhood walking distance to main streets shops, pubs and library.",https://a0.muscache.com/pictures/miso/Hosting-773319715411149829/original/ec4c4172-88ce-4726-b99a-dd5f9a269cac.jpeg,490005598,https://www.airbnb.com/users/show/490005598,Marlina,2022-12-02,"Kapunda, Australia","Hi I’m Marlina, I’m a full time shift worker in winery. I travel every now and then and wanted to share my home to travellers who love nature.",N/A,N/A,N/A,f,https://a0.muscache.com/im/pictures/user/ac1ca1ec-5de9-4ee2-82d5-48cafc7fac56.jpg?aki_policy=profile_small,https://a0.muscache.com/im/pictures/user/ac1ca1ec-5de9-4ee2-82d5-48cafc7fac56.jpg?aki_policy=profile_x_medium,,2,2,['phone'],t,t,Neighborhood highlights,Kapunda,,-34.34015,138.91199,Private room in home,Private room,2,1.0,1 shared bath,1,1,"[""Lockbox"", ""Ceiling fan"", ""Rice maker"", ""Wifi"", ""Long term stays allowed"", ""Hot water"", ""First aid kit"", ""Any shampoo"", ""Dishes and silverware"", ""Outdoor dining area"", ""Clothing storage: closet"", ""Luggage dropoff allowed"", ""Garden view"", ""Bed linens"", ""Oven"", ""Indoor fireplace: wood-burning"", ""Self check-in"", ""Coffee"", ""Dining table"", ""Iron"", ""Kitchen"", ""AC - split type ductless system"", ""Outdoor furniture"", ""Private backyard \u2013 Fully fenced"", ""Room-darkening shades"", ""Cleaning products"", ""Shower gel"", ""Extra pillows and blankets"", ""Lock on bedroom door"", ""Bathtub"", ""Drying rack for clothing"", ""Heating - split type ductless system"", ""Hangers"", ""Dedicated workspace"", ""Refrigerator"", ""Baking sheet"", ""Private living room"", ""Washer"", ""Shared BBQ grill: electric"", ""Fire extinguisher"", ""Cooking basics"", ""Wine glasses"", ""Essentials"", ""Electric stove"", ""Any conditioner"", ""Microwave"", ""Free street parking"", ""55 inch HDTV with Netflix"", ""Smoke alarm"", ""Hair dryer"", ""Hot water kettle"", ""Single level home"", ""Toaster""]",$69.00,2,1125,2,2,1125,1125,2.0,1125.0,,t,0,0,0,103,2025-09-27,5,0,0,0,0,0,0,2022-12-28,2023-12-24,5.0,5.0,5.0,5.0,5.0,5.0,5.0,,f,2,0,2,0,0.15
773444765236574058,https://www.airbnb.com/rooms/773444765236574058,20250927041735,2025-09-27,previous scrape,Charming Double Bedroom,Take a break and unwind at this peaceful double bedroom place located in the heart of Kapunda- the wine-growing industry centred in the nearby Barossa Valley.,"A quiet neighbourhood walking distance to main streets shops, pubs and library.",https://a0.muscache.com/pictures/32e1d92d-de1c-4658-b7de-27ed08fecf03.jpg,490005598,https://www.airbnb.com/users/show/490005598,Marlina,2022-12-02,"Kapunda, Australia","Hi I’m Marlina, I’m a full time shift worker in winery. I travel every now and then and wanted to share my home to travellers who love nature.",N/A,N/A,N/A,f,https://a0.muscache.com/im/pictures/user/ac1ca1ec-5de9-4ee2-82d5-48cafc7fac56.jpg?aki_policy=profile_small,https://a0.muscache.com/im/pictures/user/ac1ca1ec-5de9-4ee2-82d5-48cafc7fac56.jpg?aki_policy=profile_x_medium,,2,2,['phone'],t,t,Neighborhood highlights,Kapunda,,-34.34162,138.91201,Private room in home,Private room,2,,1 shared bath,,,"[""Coffee maker"", ""Lockbox"", ""Ceiling fan"", ""Rice maker"", ""Wifi"", ""Long term stays allowed"", ""Hot water"", ""First aid kit"", ""Dishes and silverware"", ""Outdoor dining area"", ""Luggage dropoff allowed"", ""Garden view"", ""Bed linens"", ""Dryer"", ""Oven"", ""Indoor fireplace: wood-burning"", ""Self check-in"", ""Coffee"", ""Dining table"", ""Iron"", ""Kitchen"", ""Outdoor furniture"", ""Stove"", ""Private backyard \u2013 Fully fenced"", ""Room-darkening shades"", ""Cleaning products"", ""Shower gel"", ""Extra pillows and blankets"", ""Lock on bedroom door"", ""Free parking on premises"", ""Free washer \u2013 In unit"", ""Bathtub"", ""Drying rack for clothing"", ""Heating - split type ductless system"", ""Hangers"", ""Dedicated workspace"", ""Refrigerator"", ""Baking sheet"", ""BBQ grill"", ""Private living room"", ""Shampoo"", ""Fire extinguisher"", ""Cooking basics"", ""Wine glasses"", ""Essentials"", ""Portable air conditioning"", ""Conditioner"", ""Microwave"", ""Clothing storage"", ""55 inch HDTV with Netflix"", ""Smoke alarm"", ""Hair dryer"", ""Free street parking"", ""Hot water kettle"", ""Single level home"", ""Toaster""]",,2,1125,2,2,1125,1125,2.0,1125.0,,t,0,0,0,0,2025-09-27,6,0,0,0,3,0,,2022-12-26,2024-07-16,4.83,5.0,5.0,5.0,5.0,4.83,5.0,,f,2,0,2,0,0.18
781290494667105373,https://www.airbnb.com/rooms/781290494667105373,20250927041735,2025-09-27,city scrape,Modern Tranquility in the heart of Tanunda,"Escape to the heart of the world-class Barossa Valley at our idyllic retreat in Tanunda. Our family-friendly home is just a short stroll from cafes, restaurants, historic sites, and the best wines the region has to offer. Relax and unwind in style with all the comforts of home. Book your stay and experience the charm of the Barossa Valley.<br /><br />#Barossa Valley #Tanunda #wine region #romantic getaway #weekend escape #walk to wineries #private garden #self-contained","Location:<br />Tanunda is situated in the heart of the Barossa Valley, one of Australia's most renowned wine regions. The town is surrounded by vineyards and rolling hills, creating a scenic and peaceful environment.<br /><br />Community Atmosphere:<br />The community in Tanunda is known for its friendly and welcoming atmosphere. It has a mix of residents, including locals who have been in the area for generations and newcomers attracted by the beauty of the region.<br /><br />Historical Charm:<br />Tanunda has a strong German heritage, and this is reflected in its architecture and cultural events. Historic buildings, charming cottages, and tree-lined streets contribute to the town's character.<br /><br />Vineyards and Wineries:<br />The Barossa Valley is famous for its vineyards and wineries, and Tanunda is no exception. Residents and visitors alike can enjoy exploring the numerous cellar doors, tasting world-class wines, and attending events celebrating the local viticulture.<br /><b",https://a0.muscache.com/pictures/miso/Hosting-781290494667105373/original/db9e9c9c-1d8a-48e1-8417-42fde744d730.jpeg,491342431,https://www.airbnb.com/users/show/491342431,Alex,2022-12-13,,"",within an hour,100%,100%,f,https://a0.muscache.com/im/pictures/user/e2f6e94d-38da-4cbf-83b0-93ce6655035d.jpg?aki_policy=profile_small,https://a0.muscache.com/im/pictures/user/e2f6e94d-38da-4cbf-83b0-93ce6655035d.jpg?aki_policy=profile_x_medium,,1,1,"['email', 'phone']",t,t,Neighborhood highlights,Tanunda,,-34.5203488,138.9656976,Entire home,Entire home/apt,6,1.0,1 bath,2,3,"[""55 inch TV with Chromecast"", ""Game console: Nintendo Wii"", ""Arcade games"", ""Fire pit"", ""Ethernet connection"", ""Wifi"", ""Standalone high chair - available upon request"", ""Dishwasher"", ""Coffee maker: Nespresso"", ""Long term stays allowed"", ""Hot water"", ""First aid kit"", ""Dishes and silverware"", ""Barbecue utensils"", ""Outdoor dining area"", ""Garden view"", ""Bed linens"", ""Books and reading material"", ""Patio or balcony"", ""Free dryer \u2013 In building"", ""Oven"", ""Self check-in"", ""Coffee"", ""Freezer"", ""Dining table"", ""Iron"", ""Kitchen"", ""Outdoor furniture"", ""Central air conditioning"", ""Stove"", ""Central heating"", ""Private backyard \u2013 Fully fenced"", ""Cleaning products"", ""Pack \u2019n play/Travel crib - available upon request"", ""Shower gel"", ""Extra pillows and blankets"", ""Free parking on premises"", ""Carbon monoxide alarm"", ""Bathtub"", ""Vineyard view"", ""Drying rack for clothing"", ""Hangers"", ""Dedicated workspace"", ""Refrigerator"", ""Baking sheet"", ""Private entrance"", ""Private outdoor kitchen"", ""BBQ grill"", ""Laundromat nearby"", ""Single level home"", ""Washer"", ""Fire extinguisher"", ""Cooking basics"", ""Wine glasses"", ""Essentials"", ""Smart lock"", ""Board games"", ""Crib - available upon request"", ""Microwave"", ""Clothing storage"", ""Smoke alarm"", ""Hair dryer"", ""Exterior security cameras on property"", ""Hot water kettle"", ""Body soap"", ""Toaster""]",$330.00,2,365,2,2,1125,1125,2.0,1125.0,,t,16,33,63,327,2025-09-27,101,34,3,69,30,204,67320,2023-02-12,2025-09-21,4.81,4.85,4.74,4.95,4.95,4.99,4.69,,f,1,1,0,0,3.16
784244778617200952,https://www.airbnb.com/rooms/784244778617200952,20250927041735,2025-09-27,city scrape,Riesling Apartment - Angaston Mews,Enjoy easy access to everything from this perfectly located home base.,"Angaston is a village setting where you will find some of the best food the Barossa has to offer, along with cellar doors, cheese shop, Saturday morning market, art gallery, artisan soap shop, walking/bike riding trails, parks & amazing playgrounds",https://a0.muscache.com/pictures/miso/Hosting-784244778617200952/original/67ee40c6-4c81-4a04-a054-1d409fe004d0.jpeg,487505306,https://www.airbnb.com/users/show/487505306,Anne-Marie,2022-11-13,,"",within an hour,100%,100%,f,https://a0.muscache.com/im/pictures/user/User-487505306/original/0057015b-d65a-4dff-bf43-4bdff9a5634d.png?aki_policy=profile_small,https://a0.muscache.com/im/pictures/user/User-487505306/original/0057015b-d65a-4dff-bf43-4bdff9a5634d.png?aki_policy=profile_x_medium,,4,5,"['email', 'phone']",t,t,Neighborhood highlights,Angaston,,-34.50004320611457,139.05103183862306,Entire rental unit,Entire home/apt,6,1.0,1 bath,2,3,"[""Lockbox"", ""Ideology Organic shampoo"", ""Ceiling fan"", ""Wifi"", ""Standalone high chair - available upon request"", ""Dishwasher"", ""Ideology Organic body soap"", ""Long term stays allowed"", ""Hot water"", ""Gas stove"", ""Dishes and silverware"", ""Barbecue utensils"", ""Outdoor dining area"", ""Clothing storage: closet"", ""Private patio or balcony"", ""Garden view"", ""Bed linens"", ""Free washer \u2013 In building"", ""Free dryer \u2013 In building"", ""Self check-in"", ""Cleaning available during stay"", ""Freezer"", ""Dining table"", ""Ideology Organic conditioner"", ""Iron"", ""Kitchen"", ""Outdoor furniture"", ""Room-darkening shades"", ""Cleaning products"", ""Pack \u2019n play/Travel crib - available upon request"", ""Shower gel"", ""Extra pillows and blankets"", ""Drying rack for clothing"", ""TV"", ""Heating - split type ductless system"", ""Hangers"", ""Air conditioning"", ""Refrigerator"", ""Private entrance"", ""Free carport on premises \u2013 1 space"", ""Backyard"", ""Fire extinguisher"", ""Cooking basics"", ""Wine glasses"", ""Essentials"", ""Coffee maker: drip coffee maker"", ""Stainless steel single oven"", ""Crib - available upon request"", ""Microwave"", ""Free street parking"", ""Smoke alarm"", ""Hair dryer"", ""Hot water kettle"", ""Toaster"", ""Shared BBQ grill: gas""]",$323.00,2,1125,2,2,1125,1125,2.0,1125.0,,t,15,40,70,339,2025-09-27,4,0,0,76,1,0,0,2023-10-30,2024-04-21,4.75,4.75,4.75,5.0,5.0,5.0,4.5,,t,4,4,0,0,0.17
784276873901035135,https://www.airbnb.com/rooms/784276873901035135,20250927041735,2025-09-27,city scrape,Shiraz Apartment - Angaston Mews,Enjoy easy access to everything from this perfectly located home base.,"Angaston is a village setting where you will find some of the best food the Barossa has to offer, along with cellar doors, cheese shop, Saturday morning market, art gallery, artisan soap shop, walking/bike riding trails, parks & amazing playgrounds",https://a0.muscache.com/pictures/miso/Hosting-784276873901035135/original/a10f7bb7-cc28-40e5-8993-105ecdad7816.jpeg,487505306,https://www.airbnb.com/users/show/487505306,Anne-Marie,2022-11-13,,"",within an hour,100%,100%,f,https://a0.muscache.com/im/pictures/user/User-487505306/original/0057015b-d65a-4dff-bf43-4bdff9a5634d.png?aki_policy=profile_small,https://a0.muscache.com/im/pictures/user/User-487505306/original/0057015b-d65a-4dff-bf43-4bdff9a5634d.png?aki_policy=profile_x_medium,,4,5,"['email', 'phone']",t,t,Neighborhood highlights,Angaston,,-34.49999015463658,139.05101038095094,Entire rental unit,Entire home/apt,6,1.0,1 bath,2,4,"[""Lockbox"", ""Ideology Organic shampoo"", ""Ceiling fan"", ""Fire pit"", ""Heating"", ""Standalone high chair - available upon request"", ""Wifi"", ""Dishwasher"", ""Crib"", ""Ideology Organic body soap"", ""Long term stays allowed"", ""Hot water"", ""Gas stove"", ""Dishes and silverware"", ""Barbecue utensils"", ""Outdoor dining area"", ""Private patio or balcony"", ""Garden view"", ""Bed linens"", ""Free washer \u2013 In building"", ""Books and reading material"", ""Dryer"", ""Self check-in"", ""Cleaning available during stay"", ""Freezer"", ""Dining table"", ""Ideology Organic conditioner"", ""Iron"", ""Kitchen"", ""Outdoor furniture"", ""Room-darkening shades"", ""Cleaning products"", ""Shower gel"", ""Extra pillows and blankets"", ""Free parking on premises"", ""Bathtub"", ""Drying rack for clothing"", ""TV"", ""Hangers"", ""Air conditioning"", ""Refrigerator"", ""Private entrance"", ""BBQ grill"", ""Backyard"", ""Fire extinguisher"", ""Cooking basics"", ""Wine glasses"", ""Essentials"", ""Coffee maker: drip coffee maker"", ""Stainless steel single oven"", ""Microwave"", ""Clothing storage"", ""Smoke alarm"", ""Free street parking"", ""Hair dryer"", ""Hot water kettle"", ""Single level home"", ""Toaster""]",$339.00,2,1125,2,2,1125,1125,2.0,1125.0,,t,17,43,73,339,2025-09-27,2,1,0,79,1,6,2034,2024-03-23,2025-07-06,5.0,5.0,4.5,4.0,5.0,5.0,4.5,,t,4,4,0,0,0.11
792322179365209191,https://www.airbnb.com/rooms/792322179365209191,20250927041735,2025-09-27,city scrape,Kesehills Wines Individual Villa B (8 Rooms),"Situatued at the center of our Kesehills Winery. The villa is surrounded by the beauty of nature. The villa is newly refurbished with comtemporary design, giving our guests a one-of-a-kind travelling experience and comfort of mind. In the winery, we breed alpacas, chickens, sheep, and we get visited by kangaroos often. You are very much welcome to walk around in our vineyard and enjoy the autumn breeze while having a bottle of our precious Kesehills Wines.",,https://a0.muscache.com/pictures/5fad693d-0b65-45c5-a9c9-a495e58d3532.jpg,488554818,https://www.airbnb.com/users/show/488554818,Nick,2022-11-21,,"Welcome to Kesehills winery, hope you not only enjoy your stay here with us, but also enjoy your life, enjoy everyday~",within an hour,80%,46%,f,https://a0.muscache.com/im/pictures/user/e8aea553-72f9-4412-89df-01ddbc4eea45.jpg?aki_policy=profile_small,https://a0.muscache.com/im/pictures/user/e8aea553-72f9-4412-89df-01ddbc4eea45.jpg?aki_policy=profile_x_medium,,10,14,"['email', 'phone']",t,t,,Mount Pleasant,,-34.74345,139.11456,Entire villa,Entire home/apt,16,5.5,5.5 baths,8,10,"[""Valley view"", ""Lockbox"", ""Wifi"", ""Dishwasher"", ""Hot water"", ""First aid kit"", ""Dishes and silverware"", ""Shared backyard \u2013 Not fully fenced"", ""Indoor fireplace: gas"", ""Outdoor dining area"", ""Garden view"", ""Bed linens"", ""Free washer \u2013 In building"", ""Patio or balcony"", ""Free dryer \u2013 In building"", ""Oven"", ""Outdoor playground"", ""Lake view"", ""Self check-in"", ""Freezer"", ""Dining table"", ""Iron"", ""Kitchen"", ""Courtyard view"", ""Central air conditioning"", ""Stove"", ""Central heating"", ""Mountain view"", ""Room-darkening shades"", ""Cleaning products"", ""Shower gel"", ""Free parking on premises"", ""Bathtub"", ""Vineyard view"", ""Drying rack for clothing"", ""Hangers"", ""Dedicated workspace"", ""Refrigerator"", ""Baking sheet"", ""Trash compactor"", ""Private entrance"", ""Resort view"", ""Shampoo"", ""Cooking basics"", ""Wine glasses"", ""Essentials"", ""65 inch HDTV"", ""Bidet"", ""Microwave"", ""Clothing storage"", ""Smoke alarm"", ""Free street parking"", ""Hair dryer"", ""Exterior security cameras on property"", ""Shared hot tub"", ""Hot water kettle"", ""Body soap"", ""Toaster""]","$1,427.00",2,365,2,2,365,365,2.0,365.0,,t,30,60,90,266,2025-09-27,8,4,0,96,3,24,34248,2023-04-08,2025-07-13,4.38,4.63,4.5,4.75,4.88,4.75,4.5,,f,10,10,0,0,0.27
792356113015735467,https://www.airbnb.com/rooms/792356113015735467,20250927041735,2025-09-27,city scrape,Kesehills Wines Shared Villa B Ground Floor,"Situatued at the center of our Kesehills Winery. The villa is surrounded by the beauty of nature. The villa is newly refurbished with comtemporary design, giving our guests a one-of-a-kind travelling experience and comfort of mind. In the winery, we breed alpacas, chickens, sheep, and we get visited by kangaroos often. You are very much welcome to walk around in our vineyard and enjoy the autumn breeze while having a bottle of our precious Kesehills Wines.",,https://a0.muscache.com/pictures/miso/Hosting-792356113015735467/original/706d3c86-9478-4333-938f-4a202228df41.jpeg,488554818,https://www.airbnb.com/users/show/488554818,Nick,2022-11-21,,"Welcome to Kesehills winery, hope you not only enjoy your stay here with us, but also enjoy your life, enjoy everyday~",within an hour,80%,46%,f,https://a0.muscache.com/im/pictures/user/e8aea553-72f9-4412-89df-01ddbc4eea45.jpg?aki_policy=profile_small,https://a0.muscache.com/im/pictures/user/e8aea553-72f9-4412-89df-01ddbc4eea45.jpg?aki_policy=profile_x_medium,,10,14,"['email', 'phone']",t,t,,Mount Pleasant,,-34.74357,139.11264,Entire villa,Entire home/apt,10,2.5,2.5 baths,5,1,"[""Lockbox"", ""Heating"", ""Wifi"", ""Private hot tub - available all year, open 24 hours"", ""Hot water"", ""First aid kit"", ""Dishes and silverware"", ""Outdoor dining area"", ""Bed linens"", ""Patio or balcony"", ""Indoor fireplace"", ""Outdoor playground"", ""Self check-in"", ""Iron"", ""Kitchen"", ""Smeg stainless steel gas stove"", ""Private BBQ grill: gas"", ""Shower gel"", ""Blender"", ""65 inch HDTV with standard cable"", ""Free parking on premises"", ""Dedicated workspace"", ""Refrigerator"", ""Air conditioning"", ""Single level home"", ""Washer"", ""Shampoo"", ""Cooking basics"", ""Wine glasses"", ""Microwave"", ""Smoke alarm"", ""Hair dryer"", ""Exterior security cameras on property"", ""Hot water kettle"", ""Body soap""]",$833.00,1,365,1,1,365,365,1.0,365.0,,t,30,60,90,361,2025-09-27,0,0,0,96,0,0,0,,,,,,,,,,,f,10,10,0,0,
792371126158972761,https://www.airbnb.com/rooms/792371126158972761,20250927041735,2025-09-27,city scrape,Kesehills Wines Shared Villa B Upper Floor,"Situatued at the center of our Kesehills Winery. The villa is surrounded by the beauty of nature. The villa is newly refurbished with comtemporary design, giving our guests a one-of-a-kind travelling experience and comfort of mind. In the winery, we breed alpacas, chickens, sheep, and we get visited by kangaroos often. You are very much welcome to walk around in our vineyard and enjoy the autumn breeze while having a bottle of our precious Kesehills Wines.",,https://a0.muscache.com/pictures/miso/Hosting-792371126158972761/original/d79f17a7-b474-41b2-a4bc-281cc6c86b70.jpeg,488554818,https://www.airbnb.com/users/show/488554818,Nick,2022-11-21,,"Welcome to Kesehills winery, hope you not only enjoy your stay here with us, but also enjoy your life, enjoy everyday~",within an hour,80%,46%,f,https://a0.muscache.com/im/pictures/user/e8aea553-72f9-4412-89df-01ddbc4eea45.jpg?aki_policy=profile_small,https://a0.muscache.com/im/pictures/user/e8aea553-72f9-4412-89df-01ddbc4eea45.jpg?aki_policy=profile_x_medium,,10,14,"['email', 'phone']",t,t,,Mount Pleasant,,-34.74159,139.114,Entire villa,Entire home/apt,6,3.0,3 baths,3,5,"[""Lockbox"", ""Stainless steel oven"", ""Wifi"", ""Dishwasher"", ""Long term stays allowed"", ""Dishes and silverware"", ""Bed linens"", ""Indoor fireplace"", ""Self check-in"", ""Dining table"", ""Iron"", ""Kitchen"", ""Central air conditioning"", ""Central heating"", ""Dedicated workspace"", ""Hangers"", ""Refrigerator"", ""Washer"", ""Shampoo"", ""Cooking basics"", ""Wine glasses"", ""Essentials"", ""Microwave"", ""Smoke alarm"", ""Hair dryer"", ""Exterior security cameras on property"", ""Free parking on premises"", ""Toaster""]",$515.00,1,365,1,1,365,365,1.0,365.0,,t,30,60,90,361,2025-09-27,0,0,0,96,0,0,0,,,,,,,,,,,f,10,10,0,0,
792372489987708648,https://www.airbnb.com/rooms/792372489987708648,20250927041735,2025-09-27,city scrape,Shady acres.,"This fully furnished,self-contained, stand alone, two bedrooms plus sofa bed, guest unit is nestled on ten acres. It is private,  well off the main road,  pet friendly with  private backyard.<br /><br />The main house is 200m away.  <br /><br />Yards for horses are opposite the unit. Dressage arena and 650m track are available.<br /><br />Close by trail riding, cycling/ walking paths, historical townships (Gawler, Two Wells). <br /><br />Barossa Valley is 25km away.  <br /><br />Come enjoy  peace and quiet, whilst being close to amenities.",When you cross the Gawler River bridge you leave the hustle and bustle  behind and are surrounded by  space paddocks and horses.,https://a0.muscache.com/pictures/miso/Hosting-792372489987708648/original/078cc24b-9357-4dbe-bd2a-f6304a6bca87.jpeg,493274930,https://www.airbnb.com/users/show/493274930,Yvonne,2022-12-29,,"",within an hour,100%,99%,t,https://a0.muscache.com/im/pictures/user/34ac610b-b1db-44eb-9e01-0224dddd0d1b.jpg?aki_policy=profile_small,https://a0.muscache.com/im/pictures/user/34ac610b-b1db-44eb-9e01-0224dddd0d1b.jpg?aki_policy=profile_x_medium,,1,3,"['email', 'phone']",t,t,Neighborhood highlights,Gawler River,,-34.62867,138.6437,Entire guesthouse,Entire home/apt,6,1.0,1 bath,2,2,"[""Lockbox"", ""Ceiling fan"", ""Rice maker"", ""Long term stays allowed"", ""Hot water"", ""Dishes and silverware"", ""Barbecue utensils"", ""Outdoor dining area"", ""Private patio or balcony"", ""Luggage dropoff allowed"", ""Bed linens"", ""Books and reading material"", ""Oven"", ""Self check-in"", ""Cleaning available during stay"", ""Freezer"", ""Dining table"", ""Iron"", ""Kitchen"", ""Outdoor furniture"", ""Private backyard \u2013 Fully fenced"", ""Private BBQ grill: gas"", ""Cleaning products"", ""Extra pillows and blankets"", ""Blender"", ""TV"", ""Heating - split type ductless system"", ""Hangers"", ""Air conditioning"", ""Refrigerator"", ""Private entrance"", ""Laundromat nearby"", ""Fire extinguisher"", ""Cooking basics"", ""Wine glasses"", ""Essentials"", ""Pets allowed"", ""Electric stove"", ""Microwave"", ""Clothing storage"", ""Smoke alarm"", ""Hair dryer"", ""Hot water kettle"", ""Single level home"", ""Toaster"", ""Free driveway parking on premises \u2013 6 spaces""]",$165.00,1,365,1,1,365,365,1.0,365.0,,t,20,47,74,333,2025-09-27,138,62,3,75,56,255,42075,2023-01-18,2025-09-22,4.86,4.87,4.81,4.93,4.94,4.79,4.8,,t,1,1,0,0,4.21
798143975652518850,https://www.airbnb.com/rooms/798143975652518850,20250927041735,2025-09-27,city scrape,Petit Manor,"NOT SUITABLE FOR CHILDREN<br />Petit Manor is located on the fringe of the Barossa Valley on 50 picturesque acres of land with rolling farmland, trees and hills.  Perfect for a romantic getaway, the tiny house is set in a scenic location surrounded by alpacas and provides a pleasing blend of modern conveniences in a tranquil setting. It has one bedroom with a queen size bed, a small kitchen and lounge area, it also has a deck and verandah that you can enjoy any time of day.  approx 1 hour from  city","We are approx 5 mins from Birdwood where you will find a supermarket, pub, bakery, takeaway and other small shops.  We are located approx 1 hour from the city and half an hour to Tanunda, approx 20 mins to Woodside. Sites to see are Gumeracha Rocking Horse, Lavender Farm, Whispering Wall, Hiking trails, nature walks, Warren reservoir where you can hire kayaks, Birdwood Motor Museum and lots of wineries.",https://a0.muscache.com/pictures/miso/Hosting-798143975652518850/original/df8166a1-979b-4bf7-aeca-d3bca70cfc96.jpeg,85597526,https://www.airbnb.com/users/show/85597526,Tracy,2016-07-24,"Cromer, Australia","I am a mortgage broker and my husband is a carpenter.  We enjoy renovating houses and are renting this one out for the first time as a bnb.  We own an alpaca farm in Cromer, where you can pat and walk the animals, we currently have approx 15 alpacas on the farm.  We have 3 grown children and 2 dogs.  We also enjoy travelling.",within an hour,100%,100%,t,https://a0.muscache.com/im/pictures/user/e41949fc-8451-495d-80cd-7508384524ac.jpg?aki_policy=profile_small,https://a0.muscache.com/im/pictures/user/e41949fc-8451-495d-80cd-7508384524ac.jpg?aki_policy=profile_x_medium,,3,3,"['email', 'phone']",t,t,Neighborhood highlights,Mount Crawford,,-34.771432,138.977761,Tiny home,Entire home/apt,2,1.0,1 bath,1,1,"[""Lockbox"", ""Ceiling fan"", ""Wifi"", ""Hot water"", ""First aid kit"", ""Dishes and silverware"", ""Barbecue utensils"", ""Different shampoo"", ""Shared backyard \u2013 Not fully fenced"", ""Outdoor dining area"", ""Private patio or balcony"", ""Luggage dropoff allowed"", ""Bed linens"", ""Books and reading material"", ""Self check-in"", ""Coffee"", ""Dining table"", ""Different body soap"", ""Iron"", ""AC - split type ductless system"", ""Outdoor furniture"", ""Private BBQ grill: gas"", ""Extra pillows and blankets"", ""Free parking on premises"", ""TV"", ""Heating - split type ductless system"", ""Hangers"", ""Different conditioner"", ""Fire extinguisher"", ""Cooking basics"", ""Wine glasses"", ""Essentials"", ""Smoke alarm"", ""Hair dryer"", ""Hot water kettle"", ""Toaster""]",$270.00,1,365,1,2,365,365,1.0,365.0,,t,11,36,66,341,2025-09-27,152,52,5,72,43,255,68850,2023-01-27,2025-09-21,4.98,4.95,4.95,4.99,4.95,4.94,4.86,,t,2,2,0,0,4.68
803889383750048082,https://www.airbnb.com/rooms/803889383750048082,20250927041735,2025-09-27,city scrape,Barossa-Sleeps 10/Spa/WiFi/Foxtel/Relax or Explore,"The Fergusson House is situated in Lyndoch the doorstep of the renowned  Barossa Valley wine district. Great for groups to enjoy, or family holidays, and a bonus of being pet friendly. A large comfortable house that sleeps 9 - 10 making for a memorable Barossa experience that can be used as a base while exploring The Barossa Valley / or a relaxing getaway with a 6-seater therapeutic spa to enjoy. Ample parking including enough space for a caravan or boat. Available for short and long-term stays.","Walking distance to town and Gods Hill Winery. Walking trails, reserves and a playground.  You do not have to drive very far to explore the wineries and restaurants in the area that The Barossa Valley has to offer and is known for.",https://a0.muscache.com/pictures/miso/Hosting-803889383750048082/original/3cfe6b0d-079a-4995-b70d-cb6d502fda7b.jpeg,495954773,https://www.airbnb.com/users/show/495954773,Filomena,2023-01-13,,"",within an hour,100%,96%,t,https://a0.muscache.com/im/pictures/user/e316e55f-494f-4976-a840-e00ba8224fc6.jpg?aki_policy=profile_small,https://a0.muscache.com/im/pictures/user/e316e55f-494f-4976-a840-e00ba8224fc6.jpg?aki_policy=profile_x_medium,,1,1,"['email', 'phone']",t,t,Neighborhood highlights,Lyndoch,,-34.6064501,138.8820816,Entire home,Entire home/apt,10,2.0,2 baths,4,5,"[""Coffee maker"", ""Children's playroom"", ""Lockbox"", ""Fire pit"", ""Smoking allowed"", ""Outlet covers"", ""Wifi"", ""Dishwasher"", ""Rice maker"", ""Private hot tub - available all year, open 24 hours"", ""Long term stays allowed"", ""Hot water"", ""First aid kit"", ""Dishes and silverware"", ""Barbecue utensils"", ""Outdoor dining area"", ""50 inch HDTV with Disney+, Netflix, premium cable"", ""Private patio or balcony"", ""Bed linens"", ""Free washer \u2013 In building"", ""Books and reading material"", ""Self check-in"", ""Coffee"", ""Freezer"", ""Dining table"", ""Iron"", ""Kitchen"", ""Clothing storage: closet, wardrobe, and dresser"", ""AC - split type ductless system"", ""Outdoor furniture"", ""Private backyard \u2013 Fully fenced"", ""Room-darkening shades"", ""Cleaning products"", ""Shower gel"", ""Extra pillows and blankets"", ""Free parking on premises"", ""Carbon monoxide alarm"", ""Bathtub"", ""Drying rack for clothing"", ""Heating - split type ductless system"", ""Hangers"", ""Dedicated workspace"", ""Refrigerator"", ""BBQ grill"", ""Single level home"", ""Shampoo"", ""Fire extinguisher"", ""Cooking basics"", ""Wine glasses"", ""Essentials"", ""Pets allowed"", ""Electric stove"", ""High chair"", ""Stainless steel single oven"", ""Board games"", ""Conditioner"", ""Crib - available upon request"", ""Microwave"", ""Children\u2019s books and toys for ages 0-2 years old, 2-5 years old, 5-10 years old, and 10+ years old"", ""Portable fans"", ""Smoke alarm"", ""Hair dryer"", ""Free street parking"", ""Hot water kettle"", ""Body soap"", ""Toaster"", ""Breakfast""]",$315.00,2,90,2,2,1125,1125,2.0,1125.0,,t,21,43,62,325,2025-09-27,36,17,1,67,14,102,32130,2023-02-18,2025-08-31,4.94,4.92,4.83,5.0,4.97,4.86,4.69,,t,1,1,0,0,1.13
804036658904390423,https://www.airbnb.com/rooms/804036658904390423,20250927041735,2025-09-27,previous scrape,"Para House, Tanunda. Barossa!","Hi, we offer a spacious property with 5 bedrooms, 2 bathrooms and 3 separate living areas!. We can sleep up to 11 guests. All our rooms have brand new, luxurious, pillow top mattresses. Main bedroom has a king bed, 3 bedrooms have queen beds, and the fifth bedroom has a bunk with double on the base, single on the top. All linen is professionally laundered by Alsco linen service. We are in the heart of the Barossa Valley. We manage the property ourselves and are particularly clean conscious!.",,https://a0.muscache.com/pictures/bd79a7b1-9f34-4204-a4e4-2344784a9586.jpg,206127681,https://www.airbnb.com/users/show/206127681,Megan,2018-07-30,"South Australia, Australia","",N/A,N/A,N/A,f,https://a0.muscache.com/im/pictures/user/36845453-8102-43c0-9acd-79b847f1ad1f.jpg?aki_policy=profile_small,https://a0.muscache.com/im/pictures/user/36845453-8102-43c0-9acd-79b847f1ad1f.jpg?aki_policy=profile_x_medium,,1,1,"['email', 'phone']",t,t,,Tanunda,,-34.51218,138.97548,Entire home,Entire home/apt,11,,2 baths,5,,"[""Coffee maker"", ""Fire pit"", ""Indoor fireplace"", ""Outdoor dining area"", ""TV"", ""Wifi"", ""Pool table"", ""Air conditioning"", ""Smoke alarm"", ""BBQ grill"", ""Kitchen"", ""Free parking on premises"", ""Washer"", ""Fire extinguisher""]",,2,365,2,2,365,365,2.0,365.0,,t,0,0,0,0,2025-09-27,3,0,0,0,1,0,,2023-04-25,2024-07-17,5.0,5.0,5.0,5.0,5.0,4.67,5.0,,f,1,1,0,0,0.10
812465538310166564,https://www.airbnb.com/rooms/812465538310166564,20250927041735,2025-09-27,city scrape,Oldham House - Dutton Suite Hosted B&B in Kapunda,"Oldham House is a grand home with comfortable and private accommodation within a hosted B&B environment. With a grand garden full of flowers for guests to enjoy, a sumptuous spa bath and heavenly bed, it is a feast for the senses.  It is a gracious and charming place to stay. Two suites are available to guests - the Dutton and Bagot Suites.  <br />For more information please go to my website https://www.oldham.house/.","Set ideally between the Barossa and Clare Valleys, Kapunda has a rich history and is conveniently located only an hour from Adelaide.",https://a0.muscache.com/pictures/miso/Hosting-50163896/original/611f032d-f64d-4272-b07e-33d975a1ea5f.jpeg,86727693,https://www.airbnb.com/users/show/86727693,Susan,2016-07-29,"Kapunda, Australia","",within an hour,100%,78%,t,https://a0.muscache.com/im/pictures/user/be850f45-80d3-4bd8-bf66-a803280d7a59.jpg?aki_policy=profile_small,https://a0.muscache.com/im/pictures/user/be850f45-80d3-4bd8-bf66-a803280d7a59.jpg?aki_policy=profile_x_medium,,3,3,['phone'],t,t,Neighborhood highlights,Kapunda,,-34.33822,138.91862,Private room in bed and breakfast,Private room,3,1.0,1 private bath,1,2,"[""Fire pit"", ""Heating"", ""Wifi"", ""Long term stays allowed"", ""Hot water"", ""First aid kit"", ""Dishes and silverware"", ""Outdoor dining area"", ""Fireplace guards"", ""Luggage dropoff allowed"", ""Bed linens"", ""Indoor fireplace"", ""Cleaning available during stay"", ""Coffee"", ""Dining table"", ""Iron"", ""Outdoor furniture"", ""Shared patio or balcony"", ""Shared backyard \u2013 Fully fenced"", ""Private hot tub - available all year"", ""Room-darkening shades"", ""Shower gel"", ""Extra pillows and blankets"", ""Lock on bedroom door"", ""Coffee maker: french press"", ""Free parking on premises"", ""Bathtub"", ""TV"", ""Outdoor shower"", ""Hangers"", ""Air conditioning"", ""Private entrance"", ""BBQ grill"", ""Private living room"", ""Single level home"", ""Laundromat nearby"", ""Hammock"", ""Shampoo"", ""Wine glasses"", ""Essentials"", ""Sun loungers"", ""Conditioner"", ""Piano"", ""Microwave"", ""Mini fridge"", ""Clothing storage"", ""Smoke alarm"", ""Free street parking"", ""Hair dryer"", ""Hot water kettle"", ""Body soap"", ""Toaster"", ""Breakfast""]",$200.00,1,365,1,1,365,365,1.0,365.0,,t,26,54,84,359,2025-09-27,7,1,0,90,1,6,1200,2023-02-28,2024-10-02,5.0,5.0,5.0,5.0,5.0,5.0,4.71,,f,3,0,3,0,0.22
815516113841270903,https://www.airbnb.com/rooms/815516113841270903,20250927041735,2025-09-27,previous scrape,CABN CANVS Seppeltsfield,"CABN CANVS offers the ultimate eco-friendly Barossa escape for couples. <br /><br />Upon arrival, allow yourself to sit back, relax, and recharge amongst serene landscapes as you decide what to do next – soak in the outdoor bath or walk across the road to Seppeltsfield Winery for your first cellar door tasting.<br /><br />Located just one hour from Adelaide, discover an eco-friendly experience amongst the famous wine region of the Barossa Valley where you're a short drive from the region's most famous wineries.","Home to some of Australia’s most iconic wineries, the Barossa Valley is renowned for its award-winning Shiraz, gourmet food, and rich history. Explore celebrated wineries like Seppeltsfield—famous for its 100-year-old vintages—and enjoy a long, leisurely meal at Fino restaurant within the Seppeltsfield estate.<br /><br />Other must-visit stops include Penfolds, Henschke, and Jacob’s Creek, where wine tastings and cellar door experiences await.<br /><br />Beyond wine, wander through quaint villages such as Tanunda and Angaston, browse local artisan shops, or visit the Barossa Farmers Market for fresh regional produce.<br /><br />For those seeking outdoor activities, the region offers scenic cycling routes and bushwalking trails. Whether you’re here to sip, explore, or unwind, the Barossa invites you to slow down, reconnect, and enjoy life at a gentler pace.",https://a0.muscache.com/pictures/miso/Hosting-815516113841270903/original/0929fa56-4fa6-431b-8505-cee57a4ca519.jpeg,497989134,https://www.airbnb.com/users/show/497989134,Cabn,2023-01-25,,"",within an hour,100%,100%,f,https://a0.muscache.com/im/pictures/user/b4b87775-7ce8-45f7-883c-5aee3939d181.jpg?aki_policy=profile_small,https://a0.muscache.com/im/pictures/user/b4b87775-7ce8-45f7-883c-5aee3939d181.jpg?aki_policy=profile_x_medium,,18,29,"['email', 'phone']",t,t,Neighborhood highlights,Marananga,,-34.48736,138.92421,Private room in tent,Private room,2,,1 private bath,1,,"[""Lockbox"", ""Ceiling fan"", ""Fire pit"", ""Hot water"", ""Dishes and silverware"", ""First aid kit"", ""Outdoor dining area"", ""Private patio or balcony"", ""Bed linens"", ""Kitchenette"", ""Self check-in"", ""Coffee"", ""Outdoor furniture"", ""Private BBQ grill: gas"", ""Shower gel"", ""Coffee maker: french press"", ""Free parking on premises"", ""Heating - split type ductless system"", ""Refrigerator"", ""Air conditioning"", ""Backyard"", ""Fire extinguisher"", ""Shampoo"", ""Wine glasses"", ""Essentials"", ""Conditioner"", ""Microwave"", ""Mini fridge"", ""Smoke alarm"", ""Hair dryer"", ""Hot water kettle"", ""Body soap"", ""Toaster""]",,1,365,2,3,999,999,2.0,999.0,,t,21,46,76,349,2025-09-27,14,8,1,82,4,48,,2023-04-19,2025-08-30,4.57,4.71,4.5,4.93,4.57,4.71,4.5,,t,4,3,1,0,0.47
818346280706439704,https://www.airbnb.com/rooms/818346280706439704,20250927041735,2025-09-27,city scrape,Abbotsford Country House - Magnificent Views,"A spacious and serene location in the heart of the Barossa Valley. Majestic views across the vineyards and rolling hills. <br />This property is newly listed as an ideal corporate function centre with 12 large bedrooms, all with ensuites, a huge reconfigurable conference room which can seat up to 20 around the conference table. The large dining room adjacent to the fully optioned kitchen can cater for up to 24 guests. <br />The extensive lawn areas mean that it is also well suited as a wedding venue.",Barossa Wine tours<br />Cafe's<br />Restaurants,https://a0.muscache.com/pictures/miso/Hosting-818346280706439704/original/97015b3d-746f-41de-9063-36e34e600ac4.jpeg,499283772,https://www.airbnb.com/users/show/499283772,Andrew,2023-02-02,,"",within a few hours,100%,85%,f,https://a0.muscache.com/defaults/user_pic-50x50.png?v=3,https://a0.muscache.com/defaults/user_pic-225x225.png?v=3,,1,1,['phone'],f,t,Neighborhood highlights,Lyndoch,,-34.57512,138.86588,Entire home,Entire home/apt,16,11.0,11 baths,12,12,"[""Valley view"", ""Coffee maker"", ""Fire pit"", ""Smoking allowed"", ""Ethernet connection"", ""Wifi"", ""Bluetooth sound system"", ""Dishwasher"", ""Smeg oven"", ""Long term stays allowed"", ""Hot water"", ""Gas stove"", ""Hot water kettle"", ""First aid kit"", ""Dishes and silverware"", ""Barbecue utensils"", ""Outdoor dining area"", ""Fireplace guards"", ""Clothing storage: wardrobe"", ""Private patio or balcony"", ""Bed linens"", ""Books and reading material"", ""Indoor fireplace"", ""Bikes"", ""Free dryer \u2013 In building"", ""Coffee"", ""Freezer"", ""Dining table"", ""Iron"", ""Kitchen"", ""Outdoor furniture"", ""Private backyard \u2013 Fully fenced"", ""Central heating"", ""Room-darkening shades"", ""Cleaning products"", ""Shower gel"", ""Extra pillows and blankets"", ""Free parking on premises"", ""Bathtub"", ""Vineyard view"", ""Drying rack for clothing"", ""Hangers"", ""TV"", ""Pool table"", ""Air conditioning"", ""Dedicated workspace"", ""Refrigerator"", ""Baking sheet"", ""Private entrance"", ""BBQ grill"", ""Washer"", ""Shampoo"", ""Fire extinguisher"", ""Cooking basics"", ""Wine glasses"", ""Essentials"", ""Board games"", ""Conditioner"", ""Microwave"", ""Mini fridge"", ""Ping pong table"", ""Smoke alarm"", ""Free street parking"", ""Hair dryer"", ""Exterior security cameras on property"", ""Exercise equipment"", ""Body soap"", ""Toaster""]","$3,000.00",2,14,2,2,14,14,2.0,14.0,,t,13,36,62,306,2025-09-27,12,9,1,64,5,54,162000,2023-11-05,2025-09-20,5.0,5.0,5.0,4.92,5.0,5.0,4.92,,f,1,1,0,0,0.52
821437484393218459,https://www.airbnb.com/rooms/821437484393218459,20250927041735,2025-09-27,city scrape,Oldham House 2 suites in Kapunda,"Oldham House is a grand home with comfortable and private accommodation within a hosted B&B environment. With a grand garden full of flowers for guests to enjoy, a sumptuous spa bath and heavenly bed, it is a feast for the senses.  It is a gracious and charming place to stay. Two suites are available to guests - the Dutton and Bagot Suites.  <br />For more information please go to my website https://www.oldham.house/.","Set in a quiet neighbourhood, Oldham House will delight with its peaceful environment and the sounds of nature.",https://a0.muscache.com/pictures/miso/Hosting-50163896/original/611f032d-f64d-4272-b07e-33d975a1ea5f.jpeg,86727693,https://www.airbnb.com/users/show/86727693,Susan,2016-07-29,"Kapunda, Australia","",within an hour,100%,78%,t,https://a0.muscache.com/im/pictures/user/be850f45-80d3-4bd8-bf66-a803280d7a59.jpg?aki_policy=profile_small,https://a0.muscache.com/im/pictures/user/be850f45-80d3-4bd8-bf66-a803280d7a59.jpg?aki_policy=profile_x_medium,,3,3,['phone'],t,t,Neighborhood highlights,Kapunda,,-34.3381,138.92034,Private room in bed and breakfast,Private room,5,2.0,2 baths,2,3,"[""Coffee maker"", ""Lockbox"", ""Fire pit"", ""Heating"", ""Wifi"", ""Long term stays allowed"", ""Hot water"", ""First aid kit"", ""Dishes and silverware"", ""Outdoor dining area"", ""Fireplace guards"", ""Luggage dropoff allowed"", ""Bed linens"", ""Indoor fireplace"", ""Self check-in"", ""Coffee"", ""Cleaning available during stay"", ""Dining table"", ""Iron"", ""Outdoor furniture"", ""Shared patio or balcony"", ""Room-darkening shades"", ""Shower gel"", ""Extra pillows and blankets"", ""Private hot tub"", ""Free parking on premises"", ""Bathtub"", ""TV"", ""Outdoor shower"", ""Hangers"", ""Air conditioning"", ""Private entrance"", ""BBQ grill"", ""Private living room"", ""Single level home"", ""Laundromat nearby"", ""Backyard"", ""Shampoo"", ""Wine glasses"", ""Hammock"", ""Essentials"", ""Sun loungers"", ""Conditioner"", ""Piano"", ""Microwave"", ""Mini fridge"", ""Clothing storage"", ""Smoke alarm"", ""Free street parking"", ""Hair dryer"", ""Hot water kettle"", ""Body soap"", ""Toaster"", ""Breakfast""]",$360.00,1,365,1,1,365,365,1.0,365.0,,t,26,54,84,358,2025-09-27,5,2,1,90,2,12,4320,2023-12-17,2025-09-22,5.0,5.0,5.0,5.0,5.0,5.0,5.0,,f,3,0,3,0,0.23
821920419282972252,https://www.airbnb.com/rooms/821920419282972252,20250927041735,2025-09-27,city scrape,"The Beech House-Hill views, peaceful location, 2BR","The Beech House<br /><br />Newly renovated and furnished, views & location. This 2BR home will sure impress - Ideally suited for small families, couples, business or solo travellers. Just a short 2min drive or 15min walk into Tanunda Main Street where you’ll find cafes, bars & restaurants. Large backyard, outdoor deck with stunning view!! Perfect for weekend getaways, business trips, staycations or a cozy home base while exploring everything the Barossa has to offer.",,https://a0.muscache.com/pictures/8377ea23-9be6-4d76-879c-a048632c73df.jpg,78710746,https://www.airbnb.com/users/show/78710746,Emma,2016-06-19,"Tanunda, Australia","",within an hour,100%,100%,t,https://a0.muscache.com/im/pictures/user/User/original/038e5e11-fc88-4694-99de-a9962e58f446.jpeg?aki_policy=profile_small,https://a0.muscache.com/im/pictures/user/User/original/038e5e11-fc88-4694-99de-a9962e58f446.jpeg?aki_policy=profile_x_medium,,2,8,"['email', 'phone']",t,t,,Tanunda,,-34.53751,138.95358,Entire home,Entire home/apt,4,1.0,1 bath,2,2,"[""Coffee maker"", ""Lockbox"", ""Wifi"", ""Crib"", ""Dishes and silverware"", ""Outdoor dining area"", ""Free washer \u2013 In building"", ""Children\u2019s dinnerware"", ""Self check-in"", ""Pack \u2019n play/Travel crib"", ""Iron"", ""Kitchen"", ""Cleaning products"", ""Bathtub"", ""Vineyard view"", ""TV"", ""Heating - split type ductless system"", ""Air conditioning"", ""Refrigerator"", ""BBQ grill"", ""Backyard"", ""Cooking basics"", ""Essentials"", ""High chair"", ""Smoke alarm"", ""Hair dryer"", ""Free parking on premises""]",$301.00,2,1125,2,5,1125,1125,2.0,1125.0,,t,6,13,31,62,2025-09-27,71,20,1,33,16,120,36120,2023-03-24,2025-09-12,4.83,4.92,4.89,4.99,4.97,4.83,4.85,,t,2,2,0,0,2.32
822878704187927793,https://www.airbnb.com/rooms/822878704187927793,20250927041735,2025-09-27,city scrape,A Sterling View,"A unique experience to be off grid, in complete comfort whilst only 800m from Angaston’s town centre in the Barossa Valley, our self-contained apartment offers unsurpassed views of the Valley floor.<br />Enjoy a bottle of our boutique wine whilst watching the amazing sunset over the Valley floor, or explore our block for a picnic.<br />The apartment, under the roof of our home, has its own private entry, studio room, kitchenette and ensuite, all run by hosts keen to make your stay<br />as amazing as possible!",,https://a0.muscache.com/pictures/aa0d541a-c495-4caa-b0b2-9ab21675ec83.jpg,128798728,https://www.airbnb.com/users/show/128798728,Rachel,2017-05-04,"Angaston, Australia","",within an hour,100%,99%,t,https://a0.muscache.com/im/pictures/user/4dc7fa92-e580-48d6-8b00-10968672f374.jpg?aki_policy=profile_small,https://a0.muscache.com/im/pictures/user/4dc7fa92-e580-48d6-8b00-10968672f374.jpg?aki_policy=profile_x_medium,,1,1,"['email', 'phone']",t,t,,Angaston,,-34.495766,139.0435064,Private room in guest suite,Private room,2,1.0,1 private bath,1,1,"[""Ceiling fan"", ""Fire pit"", ""Ethernet connection"", ""Wifi"", ""Long term stays allowed"", ""ZeroCo conditioner"", ""Hot water"", ""First aid kit"", ""Dishes and silverware"", ""Barbecue utensils"", ""Outdoor dining area"", ""Clothing storage: wardrobe"", ""Luggage dropoff allowed"", ""Bed linens"", ""Books and reading material"", ""ZeroCo shampoo"", ""Kitchenette"", ""Self check-in"", ""Coffee"", ""Freezer"", ""Dining table"", ""45 inch HDTV with Amazon Prime Video, Disney+, Hulu, Netflix"", ""Iron"", ""Shared backyard \u2013 Fully fenced"", ""Room-darkening shades"", ""Cleaning products"", ""Shower gel"", ""Extra pillows and blankets"", ""Lock on bedroom door"", ""Portable heater"", ""Free parking on premises"", ""Dedicated workspace"", ""Hangers"", ""Private entrance"", ""BBQ grill"", ""ZeroCo body soap"", ""Cooking basics"", ""Wine glasses"", ""Smart lock"", ""Board games"", ""Mini fridge"", ""Microwave"", ""Smoke alarm"", ""Hair dryer"", ""Hot water kettle"", ""Toaster""]",$95.00,1,365,1,1,365,365,1.0,365.0,,t,18,37,65,145,2025-09-27,131,56,1,65,77,255,24225,2023-08-20,2025-08-31,4.89,4.92,4.95,4.95,4.95,4.92,4.9,,f,1,0,1,0,5.10
822930476514810622,https://www.airbnb.com/rooms/822930476514810622,20250927041735,2025-09-27,city scrape,The Jolly Folly - self contained guest wing,"Perfectly situated in the very heart of Tanunda, The Jolly Folly is just two minutes stroll from the region’s best restaurants, bars, cafes and shops. This fabulously styled, self-contained guest wing is the perfect place to relax and explore everything the gorgeous Barossa Valley has to offer.","Tanunda is the beating heart of the Barossa Valley. It is a beautiful, safe country town with a vibrant, cosmopolitan restaurant, bar and café scene. There is a great art gallery and a wide range of high-end shops as well as the usual country pubs and bakeries. The best of both worlds!",https://a0.muscache.com/pictures/miso/Hosting-822930476514810622/original/9e58ede2-9493-42ed-befc-b46209e7ab4f.jpeg,47672122,https://www.airbnb.com/users/show/47672122,Jo,2015-10-29,"South Australia, Australia","I live in the beautiful Barossa Valley in South Australia with my partner Ben, our two dogs and various kids who come and go. Originally from the UK I have lived in the Barossa for around 15 years.",within an hour,100%,100%,t,https://a0.muscache.com/im/pictures/user/User/original/5c60d136-65ee-48ee-bef6-3301c1b5fc0f.jpeg?aki_policy=profile_small,https://a0.muscache.com/im/pictures/user/User/original/5c60d136-65ee-48ee-bef6-3301c1b5fc0f.jpeg?aki_policy=profile_x_medium,,1,1,"['email', 'phone']",t,t,Neighborhood highlights,Tanunda,,-34.52381,138.95723,Entire guest suite,Entire home/apt,4,1.0,1 bath,2,2,"[""Coffee maker"", ""Wifi"", ""Hot water"", ""Dishes and silverware"", ""Luggage dropoff allowed"", ""Bed linens"", ""Books and reading material"", ""Coffee"", ""Iron"", ""Outdoor furniture"", ""Central air conditioning"", ""Shower gel"", ""Extra pillows and blankets"", ""Free parking on premises"", ""TV"", ""Heating - split type ductless system"", ""Hangers"", ""Dedicated workspace"", ""Refrigerator"", ""Private entrance"", ""Single level home"", ""Laundromat nearby"", ""Backyard"", ""Shampoo"", ""Wine glasses"", ""Essentials"", ""Board games"", ""Conditioner"", ""Mini fridge"", ""Clothing storage"", ""Smoke alarm"", ""Free street parking"", ""Hair dryer"", ""Hot water kettle"", ""Body soap""]",$172.00,1,365,1,1,365,365,1.0,365.0,,t,8,22,34,198,2025-09-27,137,57,2,38,60,255,43860,2023-03-12,2025-09-25,4.96,4.96,4.99,4.97,4.97,4.98,4.89,,f,1,1,0,0,4.41
824178348921213322,https://www.airbnb.com/rooms/824178348921213322,20250927041735,2025-09-27,previous scrape,Happy on Heath,"Have fun with the whole family at this stylish place. Open plan living, dining and out door entertaining area for when you decide to stay in, or if outings are more your style this house is within minutes of what the Barossa Valley has to offer.<br />In house library available, leave a book and take a book or if you don't have a book to swap you can always leave a gold coin donation.",Quiet cul-de-sac.,https://a0.muscache.com/pictures/miso/Hosting-824178348921213322/original/51fc4f9d-a5d8-475d-85ef-4eda8ef3012f.jpeg,398692841,https://www.airbnb.com/users/show/398692841,Kylie,2021-04-26,"Nuriootpa, Australia","",N/A,N/A,N/A,f,https://a0.muscache.com/im/pictures/user/3a521d06-09bc-445e-9dfd-8d045f80e6e3.jpg?aki_policy=profile_small,https://a0.muscache.com/im/pictures/user/3a521d06-09bc-445e-9dfd-8d045f80e6e3.jpg?aki_policy=profile_x_medium,,1,1,['phone'],t,t,Neighborhood highlights,Nuriootpa,,-34.46536,138.98043,Entire home,Entire home/apt,6,,1.5 baths,3,,"[""Lockbox"", ""Ceiling fan"", ""Wifi"", ""Dishwasher"", ""Hot water"", ""First aid kit"", ""Dishes and silverware"", ""Barbecue utensils"", ""Clothing storage: wardrobe"", ""Bed linens"", ""Books and reading material"", ""Free dryer \u2013 In building"", ""Oven"", ""75 inch HDTV with Netflix"", ""Self check-in"", ""Coffee"", ""Freezer"", ""Dining table"", ""Iron"", ""Kitchen"", ""Outdoor furniture"", ""Stove"", ""Central heating"", ""Private backyard \u2013 Fully fenced"", ""Private BBQ grill: gas"", ""Cleaning products"", ""Extra pillows and blankets"", ""Free parking on premises"", ""Bathtub"", ""Drying rack for clothing"", ""Refrigerator"", ""Hangers"", ""Air conditioning"", ""Private entrance"", ""Single level home"", ""Pack \u2019n play/Travel crib - always at the listing"", ""Washer"", ""Shampoo"", ""Fire extinguisher"", ""Cooking basics"", ""Wine glasses"", ""Essentials"", ""Board games"", ""Conditioner"", ""Microwave"", ""Free street parking"", ""Smoke alarm"", ""Hair dryer"", ""Standalone high chair - always at the listing"", ""Hot water kettle"", ""Body soap"", ""Toaster"", ""Breakfast""]",,1,1125,1,1,1125,1125,1.0,1125.0,,t,0,0,0,0,2025-09-27,32,0,0,0,0,0,,2023-02-25,2023-12-02,5.0,4.97,4.97,5.0,4.97,4.88,5.0,,f,1,1,0,0,1.01
824789965710980308,https://www.airbnb.com/rooms/824789965710980308,20250927041735,2025-09-27,city scrape,Welcome to Schnippen Inn.,"Situated in a quiet caltersac, with nice neighbours on the edge of Tanunda. <br />Perfect base for your visit to the wine capital.",Quite & close to all facilities.,https://a0.muscache.com/pictures/hosting/Hosting-824789965710980308/original/27b2629e-d807-45b1-9e52-a63ffdcd02b4.jpeg,500655156,https://www.airbnb.com/users/show/500655156,Lisa,2023-02-11,"Tanunda, Australia","Schnippen Inn, German name for Snip Inn. I operate a hairdressing salon, from Schnippen Inn mid week. If you would like a longer stay, it can be organised with notice.",within an hour,100%,100%,,https://a0.muscache.com/im/pictures/user/6b3d5bba-fb6d-4253-8fda-eeff53bfe767.jpg?aki_policy=profile_small,https://a0.muscache.com/im/pictures/user/6b3d5bba-fb6d-4253-8fda-eeff53bfe767.jpg?aki_policy=profile_x_medium,,2,3,"['email', 'phone']",t,t,Neighborhood highlights,Tanunda,,-34.5124438368938,138.9775788411498,Entire home,Entire home/apt,6,1.5,1.5 baths,3,3,"[""Coffee maker"", ""Unknown  body soap"", ""Ceiling fan"", ""Clothing storage: walk-in closet and wardrobe"", ""Heating"", ""Wifi"", ""Dishwasher"", ""Sound system"", ""Hot water"", ""First aid kit"", ""Dishes and silverware"", ""Barbecue utensils"", ""Outdoor dining area"", ""Fireplace guards"", ""Private patio or balcony"", ""Garden view"", ""Bed linens"", ""Free washer \u2013 In building"", ""Oven"", ""Indoor fireplace: wood-burning"", ""Coffee"", ""Pack \u2019n play/Travel crib"", ""Freezer"", ""Dining table"", ""Iron"", ""Kitchen"", ""Outdoor furniture"", ""Central air conditioning"", ""Private backyard \u2013 Fully fenced"", ""Room-darkening shades"", ""Cleaning products"", ""Shower gel"", ""Extra pillows and blankets"", ""Paid crib - available upon request"", ""Free parking on premises"", ""Carbon monoxide alarm"", ""Bathtub"", ""Drying rack for clothing"", ""TV"", ""Hangers"", ""Refrigerator"", ""Baking sheet"", ""Private entrance"", ""BBQ grill"", ""Conditioner conditioner"", ""Exercise equipment: treadmill"", ""Fire extinguisher"", ""Cooking basics"", ""Wine glasses"", ""Essentials"", ""Shampoo shampoo"", ""Electric stove"", ""Board games"", ""Microwave"", ""Free street parking"", ""Smoke alarm"", ""Host greets you"", ""Hair dryer"", ""Exterior security cameras on property"", ""Hot water kettle"", ""Single level home"", ""Toaster""]",$347.00,2,6,2,3,1125,1125,2.0,1125.0,,t,0,9,25,189,2025-09-27,16,6,0,30,5,36,12492,2023-04-22,2025-07-13,5.0,4.94,5.0,5.0,5.0,4.94,4.88,,f,1,1,0,0,0.54
825630229231840810,https://www.airbnb.com/rooms/825630229231840810,20250927041735,2025-09-27,city scrape,Oscar’s Cottage in Marananga,"Marananga Cottages are located in the heart of Marananga, an ideal venue from which to experience the delights of the Barossa Valley.<p><br />This enchanting cottage comprises two individual suites, all self-contained and ideal for couples. All suites have access to free Wi-Fi, Netflix and luxury linen bedding. <br />The cottage is perfectly located to access the many wineries and restaurants in the historic Seppeltsfield area, all just a short distance from your accommodation.",,https://a0.muscache.com/pictures/prohost-api/Hosting-825630229231840810/original/d35c6beb-630a-4efc-adcd-c8feef79af4b.jpeg,275161574,https://www.airbnb.com/users/show/275161574,Wendy,2019-07-10,"Marananga, Australia","Hi, my name is Wendy and I am your host. I look forward to hosting you at our beautiful Marananga Cottages. I am available 7 Days from 9am to 8pm for any enquiries. For after hours I am contactable on the phone number given to you with your itinerary",within an hour,100%,100%,t,https://a0.muscache.com/im/pictures/user/0b0c396d-09df-4a68-af45-2cdb38a233d5.jpg?aki_policy=profile_small,https://a0.muscache.com/im/pictures/user/0b0c396d-09df-4a68-af45-2cdb38a233d5.jpg?aki_policy=profile_x_medium,,2,6,"['email', 'phone']",t,t,,Marananga,,-34.48418,138.93898,Entire guesthouse,Entire home/apt,2,1.0,1 bath,1,1,"[""Coffee maker"", ""Lockbox"", ""Heating"", ""Standalone high chair - available upon request"", ""Wifi"", ""Long term stays allowed"", ""First aid kit"", ""Dishes and silverware"", ""Bed linens"", ""Kitchenette"", ""Self check-in"", ""Coffee"", ""Dining table"", ""Iron"", ""Outdoor furniture"", ""BBQ grill: gas"", ""Shower gel"", ""Extra pillows and blankets"", ""Free parking on premises"", ""Bathtub"", ""TV"", ""Hangers"", ""Air conditioning"", ""Private entrance"", ""Backyard"", ""Fire extinguisher"", ""Cooking basics"", ""Wine glasses"", ""Essentials"", ""Idiology shampoo"", ""Crib - available upon request"", ""Microwave"", ""Mini fridge"", ""Portable fans"", ""Smoke alarm"", ""Hair dryer"", ""Hot water kettle"", ""Single level home"", ""Toaster"", ""Breakfast""]",$295.00,1,999,1,2,999,999,2.0,999.0,,t,5,21,39,274,2025-09-27,7,7,0,43,1,42,12390,2024-11-10,2025-08-17,5.0,5.0,5.0,5.0,5.0,4.86,4.86,,t,2,2,0,0,0.65
832029740889145365,https://www.airbnb.com/rooms/832029740889145365,20250927041735,2025-09-27,city scrape,CABN Chloe - Barossa Valley,"Escape to an off-grid retreat to reconnect with those you love most. Accommodating up to four people, experience a new style of family holiday, or escape with your best friends for an off-grid adventure.   <br /><br />CABN Chloe sleeps 2 people in a luxurious Queen-sized bed, with a set of adult-sized bunk beds for extra guests.<br /><br />CABN Chloe is located one hour away from Adelaide, in the picturesque Barossa Valley. Just minutes from Seppeltsfield and the Barossa region’s best wineries and restaurants.","Home to some of Australia’s most iconic wineries, the Barossa Valley is renowned for its award-winning Shiraz, gourmet food, and rich history. Explore celebrated wineries like Seppeltsfield—famous for its 100-year-old vintages—and enjoy a long, leisurely meal at Fino restaurant within the Seppeltsfield estate.<br /><br />Other must-visit stops include Penfolds, Henschke, and Jacob’s Creek, where wine tastings and cellar door experiences await.<br /><br />Beyond wine, wander through quaint villages such as Tanunda and Angaston, browse local artisan shops, or visit the Barossa Farmers Market for fresh regional produce.<br /><br />For those seeking outdoor activities, the region offers scenic cycling routes and bushwalking trails. Whether you’re here to sip, explore, or unwind, the Barossa invites you to slow down, reconnect, and enjoy life at a gentler pace.",https://a0.muscache.com/pictures/miso/Hosting-832029740889145365/original/e0517380-8aff-4dde-851b-4441954d0481.jpeg,497989134,https://www.airbnb.com/users/show/497989134,Cabn,2023-01-25,,"",within an hour,100%,100%,f,https://a0.muscache.com/im/pictures/user/b4b87775-7ce8-45f7-883c-5aee3939d181.jpg?aki_policy=profile_small,https://a0.muscache.com/im/pictures/user/b4b87775-7ce8-45f7-883c-5aee3939d181.jpg?aki_policy=profile_x_medium,,18,29,"['email', 'phone']",t,t,Neighborhood highlights,Marananga,,-34.50419,138.9327,Entire cabin,Entire home/apt,4,1.0,1 bath,1,3,"[""Lockbox"", ""Ceiling fan"", ""Fire pit"", ""Hot water"", ""Gas stove"", ""Dishes and silverware"", ""First aid kit"", ""Outdoor dining area"", ""Bed linens"", ""Zero Co body soap"", ""Indoor fireplace"", ""Self check-in"", ""Coffee"", ""Kitchen"", ""Outdoor furniture"", ""Private BBQ grill: gas"", ""Shower gel"", ""Zero Co conditioner"", ""Free parking on premises"", ""Vineyard view"", ""Heating - split type ductless system"", ""Air conditioning"", ""Zero Co shampoo"", ""Fire extinguisher"", ""Wine glasses"", ""Essentials"", ""Mini fridge"", ""Smoke alarm"", ""Hot water kettle""]",$349.00,1,365,2,3,999,999,2.0,999.0,,t,11,27,55,328,2025-09-27,23,5,0,61,8,30,10470,2023-04-13,2025-07-15,4.65,4.78,4.65,4.74,4.61,4.91,4.35,,t,4,3,1,0,0.77
832043904378090270,https://www.airbnb.com/rooms/832043904378090270,20250927041735,2025-09-27,city scrape,CABN Elsie - Barossa Valley,"Escape to an off-grid retreat to reconnect with those you love most. Accommodating up to 2 people, experience a new style of getaway.<br /><br />CABN Elsie sleeps 2 people in a luxurious Queen-sized bed.<br /><br />CABN Elsie is located one hour away from Adelaide, in the picturesque Barossa Valley. Just minutes from Seppeltsfield and the Barossa region’s best wineries and restaurants.","Home to some of Australia’s most iconic wineries, the Barossa Valley is renowned for its award-winning Shiraz, gourmet food, and rich history. Explore celebrated wineries like Seppeltsfield—famous for its 100-year-old vintages—and enjoy a long, leisurely meal at Fino restaurant within the Seppeltsfield estate.<br /><br />Other must-visit stops include Penfolds, Henschke, and Jacob’s Creek, where wine tastings and cellar door experiences await.<br /><br />Beyond wine, wander through quaint villages such as Tanunda and Angaston, browse local artisan shops, or visit the Barossa Farmers Market for fresh regional produce.<br /><br />For those seeking outdoor activities, the region offers scenic cycling routes and bushwalking trails. Whether you’re here to sip, explore, or unwind, the Barossa invites you to slow down, reconnect, and enjoy life at a gentler pace.",https://a0.muscache.com/pictures/miso/Hosting-832043904378090270/original/9e2047c4-4441-4853-a77e-d00a140c43b1.jpeg,497989134,https://www.airbnb.com/users/show/497989134,Cabn,2023-01-25,,"",within an hour,100%,100%,f,https://a0.muscache.com/im/pictures/user/b4b87775-7ce8-45f7-883c-5aee3939d181.jpg?aki_policy=profile_small,https://a0.muscache.com/im/pictures/user/b4b87775-7ce8-45f7-883c-5aee3939d181.jpg?aki_policy=profile_x_medium,,18,29,"['email', 'phone']",t,t,Neighborhood highlights,Marananga,,-34.50408,138.93048,Entire place,Entire home/apt,2,1.0,1 bath,1,1,"[""Lockbox"", ""Ceiling fan"", ""Fire pit"", ""Hot water"", ""Gas stove"", ""Dishes and silverware"", ""First aid kit"", ""Outdoor dining area"", ""Bed linens"", ""Zero Co body soap"", ""Indoor fireplace"", ""Self check-in"", ""Coffee"", ""Outdoor furniture"", ""Private BBQ grill: gas"", ""Shower gel"", ""Zero Co conditioner"", ""Free parking on premises"", ""Vineyard view"", ""Heating - split type ductless system"", ""Refrigerator"", ""Air conditioning"", ""Zero Co shampoo"", ""Fire extinguisher"", ""Wine glasses"", ""Essentials"", ""Mini fridge"", ""Smoke alarm"", ""Hot water kettle""]",$337.00,1,365,2,3,999,999,2.0,999.0,,t,11,29,56,322,2025-09-27,24,0,0,60,12,0,0,2023-03-31,2024-06-03,4.63,4.75,4.29,4.83,4.79,4.92,4.25,,t,4,3,1,0,0.79
848070741154984852,https://www.airbnb.com/rooms/848070741154984852,20250927041735,2025-09-27,city scrape,The Original Cobbler’s Cottage,"The rustic charm of The Original Cobbler’s Cottage will transport you back to the joys of a simpler time. The cottage's decor and furnishings evoke a sense of nostalgia, showcasing the rich history of the early Barossa whilst providing the  comforts of modern living. <br /><br />The residence boasts three cozy bedrooms comfortably sleeping up to seven people, making it perfect for couples, families or groups of friends seeking an unique getaway experience.",,https://a0.muscache.com/pictures/miso/Hosting-848070741154984852/original/c66fb4a7-2813-498f-9e74-2e181a4e6f7a.png,505423341,https://www.airbnb.com/users/show/505423341,Mitchell,2023-03-14,,"",within an hour,100%,100%,t,https://a0.muscache.com/defaults/user_pic-50x50.png?v=3,https://a0.muscache.com/defaults/user_pic-225x225.png?v=3,,1,1,"['email', 'phone']",f,t,,Greenock,,-34.45791,138.93141,Entire home,Entire home/apt,7,1.5,1.5 baths,3,5,"[""High chair - available upon request"", ""Ceiling fan"", ""Wifi"", ""Dishwasher"", ""Long term stays allowed"", ""Hot water"", ""First aid kit"", ""Dishes and silverware"", ""Outdoor dining area"", ""Bed linens"", ""Free washer \u2013 In building"", ""Books and reading material"", ""Indoor fireplace"", ""Oven"", ""Self check-in"", ""Freezer"", ""Dining table"", ""Coffee maker: espresso machine"", ""Iron"", ""Kitchen"", ""Outdoor furniture"", ""Keypad"", ""Stove"", ""Central heating"", ""Cleaning products"", ""Pack \u2019n play/Travel crib - available upon request"", ""Shower gel"", ""Extra pillows and blankets"", ""Free parking on premises"", ""Bathtub"", ""TV"", ""Dedicated workspace"", ""Hangers"", ""Air conditioning"", ""Refrigerator"", ""Laundromat nearby"", ""Backyard"", ""Cooking basics"", ""Wine glasses"", ""Essentials"", ""Pets allowed"", ""Microwave"", ""Free street parking"", ""Smoke alarm"", ""Hot water kettle"", ""Body soap"", ""Toaster""]",$379.00,2,1125,2,3,1125,1125,2.1,1125.0,,t,19,45,75,346,2025-09-27,23,7,0,81,6,42,15918,2023-04-23,2025-08-24,4.96,4.83,5.0,4.74,4.96,5.0,4.52,,f,1,1,0,0,0.78
855244046779105277,https://www.airbnb.com/rooms/855244046779105277,20250927041735,2025-09-27,city scrape,Vine View,"Welcome to Vine View a beautiful peaceful property in the heart of Barossa Valley <br /><br />This stylish place is perfect for families or groups, with a large entertainment area with a pool.<br /><br />With being located in the center of the towns, it’s only a short drive to Angaston, Tanunda and Nuriootpa.",,https://a0.muscache.com/pictures/miso/Hosting-855244046779105277/original/56a4e89d-cc2e-4d54-97ac-5bd7b00a4861.jpeg,469195852,https://www.airbnb.com/users/show/469195852,Karen,2022-07-13,,"",within an hour,100%,98%,t,https://a0.muscache.com/im/pictures/user/2ca6232e-f00e-4c16-8649-71629a66b587.jpg?aki_policy=profile_small,https://a0.muscache.com/im/pictures/user/2ca6232e-f00e-4c16-8649-71629a66b587.jpg?aki_policy=profile_x_medium,,1,1,"['email', 'phone']",t,t,,Angaston,,-34.510605,139.019844,Entire home,Entire home/apt,10,3.0,3 baths,4,7,"[""Lockbox"", ""Heating"", ""Wifi"", ""Hot water"", ""Dishes and silverware"", ""Barbecue utensils"", ""Outdoor dining area"", ""Indoor fireplace: gas"", ""Bed linens"", ""Private BBQ grill"", ""Oven"", ""Self check-in"", ""Coffee"", ""Kitchen"", ""Outdoor furniture"", ""Stove"", ""Shower gel"", ""Private pool"", ""Free parking on premises"", ""Bathtub"", ""TV"", ""Refrigerator"", ""Outdoor shower"", ""Air conditioning"", ""Dedicated workspace"", ""Private entrance"", ""Outdoor kitchen"", ""Washer"", ""Backyard"", ""Shampoo"", ""Cooking basics"", ""Wine glasses"", ""Pets allowed"", ""Board games"", ""Conditioner"", ""Microwave"", ""Hot water kettle"", ""Body soap"", ""Toaster""]",$675.00,2,365,1,2,365,365,2.0,365.0,,t,10,29,37,225,2025-09-27,47,18,1,38,25,108,72900,2023-04-09,2025-08-31,4.96,4.94,4.94,5.0,4.98,4.91,4.79,,t,1,1,0,0,1.56
861068035850251868,https://www.airbnb.com/rooms/861068035850251868,20250927041735,2025-09-27,city scrape,Kaiser Ridge - eco stay Kaiser,"The pinnacle of Kaiser Ridge, this tiny house has a view insta was made for. Our most secluded site, relax in the wood fire hot tub while gazing at the valley below. Includes a fully equipped kitchen and bathroom, loft bedroom with stair access and skylight, R/C air-conditioning, indoor wood heater and outdoor fire pit. Fire wood supplied for your use. A truly memorable location at Kaiser Ridge.",,https://a0.muscache.com/pictures/hosting/Hosting-U3RheVN1cHBseUxpc3Rpbmc6ODYxMDY4MDM1ODUwMjUxODY4/original/aae628a3-7042-4638-b9bb-02e99846ad3f.jpeg,329243003,https://www.airbnb.com/users/show/329243003,Nicole,2020-01-20,"Nuriootpa, Australia","",within an hour,100%,100%,t,https://a0.muscache.com/im/pictures/user/abe79112-1b67-4ab7-9d20-2af9b8c9f77a.jpg?aki_policy=profile_small,https://a0.muscache.com/im/pictures/user/abe79112-1b67-4ab7-9d20-2af9b8c9f77a.jpg?aki_policy=profile_x_medium,,3,3,"['email', 'phone']",t,t,,Flaxman Valley,,-34.5691194,138.9951002,Tiny home,Entire home/apt,2,1.0,1 bath,1,1,"[""Valley view"", ""Lockbox"", ""Ceiling fan"", ""Fire pit"", ""Wifi"", ""Hot water"", ""Dishes and silverware"", ""Barbecue utensils"", ""Private BBQ grill: wood-burning"", ""Private backyard"", ""Private patio or balcony"", ""Bose Bluetooth sound system"", ""Garden view"", ""Bed linens"", ""Books and reading material"", ""Indoor fireplace: wood-burning"", ""Self check-in"", ""Coffee"", ""Freezer"", ""Kitchen"", ""AC - split type ductless system"", ""Outdoor furniture"", ""Room-darkening shades"", ""Cleaning products"", ""Free driveway parking on premises"", ""Private hot tub"", ""Coffee maker: french press"", ""Drying rack for clothing"", ""Trash compactor"", ""Heating - split type ductless system"", ""Refrigerator"", ""Baking sheet"", ""Private entrance"", ""Base body soap"", ""Fire extinguisher"", ""Cooking basics"", ""Wine glasses"", ""Electric stove"", ""Stainless steel single oven"", ""Pure conditioner"", ""Board games"", ""Smoke alarm"", ""Hair dryer"", ""Hot water kettle"", ""Pure shampoo"", ""Toaster""]",$553.00,2,1125,1,3,1125,1125,1.9,1125.0,,t,7,20,45,295,2025-09-27,11,11,4,49,4,66,36498,2024-10-06,2025-09-23,5.0,5.0,5.0,5.0,5.0,5.0,5.0,,t,3,3,0,0,0.92
886458452855579093,https://www.airbnb.com/rooms/886458452855579093,20250927041735,2025-09-27,previous scrape,Mrs Magpie's Cottage,"Welcome to Mrs Magpie's Cottage - a cosy nest enveloped in character and charm, situated in the beautiful Barossa Valley.<br /><br />Perfect for a romantic escape, a family holiday or a girls' (or blokes') wine weekend. <br /><br />Soak in the views of the surrounding hills as you enjoy a coffee or a glass of wine on the front porch. Sleeping up to five guests, Mrs Magpie's is the perfect base for you to explore the many wineries and charming historic towns in the Barossa Valley.  Enjoy!","Surrounded by vines dripping with grapes and rolling hills, the charming small town of Lyndoch is Mrs Magpie's home. Stroll to the local pub, The Lord Lyndoch boutique restaurant, The Ministry of Beer (Brewery Cellar Door), cafe and bakery. A country market in the town's institute is held on the second Saturday of each month featuring homemade goods and quirky treasures. Weave your way to Tanunda (only 10-15 minute drive away) past gorgeous vineyards and welcoming cellar doors. <br />Enjoy the peace and tranquillity of Lyndoch with everything the Barossa boasts at your fingertips.",https://a0.muscache.com/pictures/miso/Hosting-886458452855579093/original/280af787-cb43-4c1d-bf43-87407bc1dcaa.jpeg,444700361,https://www.airbnb.com/users/show/444700361,Amy,2022-02-12,,"I love to laugh, eat potato chips, do yoga and write romance/mystery novels...not all at once of course! Though wouldn't that be hilarious! 

I am fastidiously clean but not OCD...potato chips are messy you know!!
And I value honesty and integrity above all else. 
Amy x",N/A,N/A,N/A,f,https://a0.muscache.com/im/pictures/user/User-444700361/original/c46ee676-c21a-4623-bd8c-4a476f810424.jpeg?aki_policy=profile_small,https://a0.muscache.com/im/pictures/user/User-444700361/original/c46ee676-c21a-4623-bd8c-4a476f810424.jpeg?aki_policy=profile_x_medium,,1,1,['email'],t,t,Neighborhood highlights,Lyndoch,,-34.601818295509545,138.88767567976225,Entire cottage,Entire home/apt,5,,1 bath,3,,"[""Lockbox"", ""Ceiling fan"", ""Wifi"", ""Coffee maker: Nespresso"", ""Long term stays allowed"", ""Hot water"", ""First aid kit"", ""Dishes and silverware"", ""Barbecue utensils"", ""Outdoor dining area"", ""Private patio or balcony"", ""Garden view"", ""Bed linens"", ""Books and reading material"", ""Oven"", ""Self check-in"", ""Coffee"", ""Freezer"", ""Dining table"", ""Iron"", ""Kitchen"", ""AC - split type ductless system"", ""Outdoor furniture"", ""Private backyard \u2013 Fully fenced"", ""Cleaning products"", ""Pack \u2019n play/Travel crib - available upon request"", ""Shower gel"", ""Extra pillows and blankets"", ""Blender"", ""Free parking on premises"", ""Drying rack for clothing"", ""TV"", ""Heating - split type ductless system"", ""Hangers"", ""Refrigerator"", ""Private entrance"", ""BBQ grill"", ""Single level home"", ""Washer"", ""Shampoo"", ""Fire extinguisher"", ""Cooking basics"", ""Wine glasses"", ""Essentials"", ""Electric stove"", ""High chair"", ""Board games"", ""Conditioner"", ""Children\u2019s books and toys"", ""Microwave"", ""Free street parking"", ""Smoke alarm"", ""Hair dryer"", ""Hot water kettle"", ""Mountain view"", ""Toaster"", ""Breakfast""]",,2,365,2,2,365,365,2.0,365.0,,t,0,0,0,0,2025-09-27,0,0,0,0,0,0,,,,,,,,,,,,f,1,1,0,0,
892251887601842416,https://www.airbnb.com/rooms/892251887601842416,20250927041735,2025-09-27,city scrape,Casale Estate,"Located centrally to all that the Barossa Western Ridge has to offer. Truly a perfect location from which to explore the fabulous Barossa Valley. There is a well-equipped kitchen with a smaller dining area.  Also a large open dining family area with wood fired pizza oven and open fireplace. The property includes an outdoor wood fired cooking grill area, a spacious vine covered pergola and fire pit.  The expansive lawn areas are perfect for outdoor games and activities.",,https://a0.muscache.com/pictures/miso/Hosting-892251887601842416/original/b3a91144-f41f-4d82-a999-f82e9d4b32cc.jpeg,104738292,https://www.airbnb.com/users/show/104738292,Chloe,2016-11-22,"Adelaide, Australia","",N/A,N/A,N/A,f,https://a0.muscache.com/im/pictures/user/User/original/a8e903b2-fdce-4d14-841c-df2fcfd72820.jpeg?aki_policy=profile_small,https://a0.muscache.com/im/pictures/user/User/original/a8e903b2-fdce-4d14-841c-df2fcfd72820.jpeg?aki_policy=profile_x_medium,,2,2,"['email', 'phone']",t,f,,Nuriootpa,,-34.46841,138.957,Entire home,Entire home/apt,12,3.0,3 baths,5,6,"[""Fire pit"", ""Heating"", ""Wifi"", ""Dishwasher"", ""Long term stays allowed"", ""Hot water"", ""Dryer \u2013 In building"", ""First aid kit"", ""Dishes and silverware"", ""Outdoor dining area"", ""Clothing storage: wardrobe"", ""Bed linens"", ""Oven"", ""Indoor fireplace: wood-burning"", ""Freezer"", ""Dining table"", ""Iron"", ""Kitchen"", ""Outdoor furniture"", ""Private backyard \u2013 Fully fenced"", ""Cleaning products"", ""Shower gel"", ""Free parking on premises"", ""Bathtub"", ""Drying rack for clothing"", ""TV"", ""Hangers"", ""Air conditioning"", ""Refrigerator"", ""Private entrance"", ""BBQ grill"", ""Washer"", ""Shampoo"", ""Cooking basics"", ""Wine glasses"", ""Essentials"", ""Conditioner"", ""Microwave"", ""Free street parking"", ""Smoke alarm"", ""Hair dryer"", ""Hot water kettle"", ""Single level home"", ""Toaster""]","$1,495.00",2,999,2,2,999,999,2.0,999.0,,t,23,45,71,296,2025-09-27,30,10,0,73,18,60,89700,2023-07-16,2025-08-25,4.9,4.9,4.83,4.93,4.87,4.9,4.53,,t,2,2,0,0,1.12
910502962189532573,https://www.airbnb.com/rooms/910502962189532573,20250927041735,2025-09-27,city scrape,Live like a Barossan,"Welcome to our bright and inviting 3 bedroom, 2 bathroom house nestled in the heart of Barossa Valley, a short walk from Tanunda's main street. <br /><br />The minimalist open-plan layout, cozy fireplace and outdoor dining area, make it an ideal choice for couples, groups or families, as well as their furry friends. <br /><br />Wineries, restaurants, and artisanal experiences all within a 15 minute walk.<br /><br />Your base for an unforgettable Barossa Valley getaway.",,https://a0.muscache.com/pictures/miso/Hosting-910502962189532573/original/df60b2f8-7750-4f4f-a32d-baf8d20c39f6.jpeg,19654974,https://www.airbnb.com/users/show/19654974,Rosie,2014-08-07,"Tanunda, Australia","",within an hour,100%,100%,t,https://a0.muscache.com/im/pictures/user/0f81f2ab-36d1-44e7-a873-43adfc45a037.jpg?aki_policy=profile_small,https://a0.muscache.com/im/pictures/user/0f81f2ab-36d1-44e7-a873-43adfc45a037.jpg?aki_policy=profile_x_medium,,2,2,"['email', 'phone']",t,t,,Tanunda,,-34.51049,138.96668,Entire home,Entire home/apt,6,2.0,2 baths,3,3,"[""Fire pit"", ""Wifi"", ""Standalone high chair - available upon request"", ""Dishwasher"", ""Hot water"", ""First aid kit"", ""Dishes and silverware"", ""Barbecue utensils"", ""Outdoor dining area"", ""Fireplace guards"", ""Bed linens"", ""Indoor fireplace"", ""Self check-in"", ""Coffee"", ""Freezer"", ""Dining table"", ""Iron"", ""Kitchen"", ""Radiant heating"", ""Outdoor furniture"", ""Keypad"", ""Private BBQ grill: gas"", ""Cleaning products"", ""Shower gel"", ""Extra pillows and blankets"", ""Free parking on premises"", ""Bathtub"", ""Drying rack for clothing"", ""TV"", ""Hangers"", ""Air conditioning"", ""Refrigerator"", ""Baking sheet"", ""Washer"", ""Backyard"", ""Shampoo"", ""Fire extinguisher"", ""Cooking basics"", ""Wine glasses"", ""Essentials"", ""Pets allowed"", ""Clothing storage: walk-in closet, closet, and dresser"", ""Crib - available upon request"", ""Microwave"", ""Smoke alarm"", ""Hair dryer"", ""Hot water kettle"", ""Body soap"", ""Toaster"", ""Single oven""]",$327.00,2,30,1,5,1125,1125,2.1,1125.0,,t,7,30,51,301,2025-09-27,99,44,3,53,45,255,83385,2023-09-02,2025-09-14,4.91,4.93,4.91,4.98,4.95,4.85,4.81,,f,1,1,0,0,3.92
912619147152856719,https://www.airbnb.com/rooms/912619147152856719,20250927041735,2025-09-27,city scrape,"Milk + Honey House, by Angaston","This unique, self-contained heritage cottage is fully renovated with modern conveniences for a comfortable stay. Featuring 2 spacious queen bedrooms, a generous kitchen dining area, lounge room & undercover outdoor dining area. The large bathroom features a bath & separate shower. An additional powder room area has a toilet & laundry.  Walking distance to Angaston, close to many Barossa attractions including iconic Vintners Bar & Grill and the Saturday morning Barossa Farmers Market.","This cottage is located in the Heritage Area of Angaston and Penrice, first settled in the 1840-50's. There is a pocket of gorgeous old cottages in this area, and it is where the rural blends with streets of community.",https://a0.muscache.com/pictures/miso/Hosting-912619147152856719/original/329ff379-fc93-4afa-8664-814a361e14e1.jpeg,93828490,https://www.airbnb.com/users/show/93828490,Fiona,2016-09-06,"Semaphore Park, Australia","",N/A,N/A,100%,t,https://a0.muscache.com/im/pictures/user/User-93828490/original/6a810f98-ffd5-413b-baf5-016622a72b25.jpeg?aki_policy=profile_small,https://a0.muscache.com/im/pictures/user/User-93828490/original/6a810f98-ffd5-413b-baf5-016622a72b25.jpeg?aki_policy=profile_x_medium,,1,1,"['email', 'phone']",t,t,Neighborhood highlights,Penrice,,-34.48765,139.04504,Entire home,Entire home/apt,4,1.5,1.5 baths,2,2,"[""Lockbox"", ""Omega gas stove"", ""Wifi"", ""Dishwasher"", ""Coffee maker: Nespresso"", ""Long term stays allowed"", ""Hot water"", ""First aid kit"", ""Dishes and silverware"", ""Outdoor dining area"", ""Safe"", ""Private patio or balcony"", ""Garden view"", ""Bed linens"", ""Free washer \u2013 In building"", ""Books and reading material"", ""Self check-in"", ""Coffee"", ""Cleaning available during stay"", ""Freezer"", ""Dining table"", ""Iron"", ""Kitchen"", ""AC - split type ductless system"", ""Window guards"", ""Omega stainless steel oven"", ""Outdoor furniture"", ""Private backyard \u2013 Fully fenced"", ""Room-darkening shades"", ""Cleaning products"", ""Shower gel"", ""Extra pillows and blankets"", ""Free parking on premises"", ""Bathtub"", ""TV"", ""Free dryer"", ""Hangers"", ""Heating - split type ductless system"", ""Baking sheet"", ""Private entrance"", ""Shampoo"", ""Fire extinguisher"", ""Cooking basics"", ""Wine glasses"", ""Essentials"", ""Board games"", ""Conditioner"", ""Microwave"", ""Clothing storage"", ""Smoke alarm"", ""Free street parking"", ""Hair dryer"", ""Hot water kettle"", ""Westinghouse refrigerator"", ""Toaster"", ""Barossa Supply Co body soap"", ""Breakfast""]",$228.00,3,365,3,3,365,365,3.0,365.0,,t,14,15,15,227,2025-09-27,32,10,0,15,19,60,13680,2023-10-01,2025-08-22,4.94,4.94,5.0,4.97,5.0,4.88,4.94,,f,1,1,0,0,1.32
913230078821818136,https://www.airbnb.com/rooms/913230078821818136,20250927041735,2025-09-27,city scrape,Cimicky House: SA's Finest Group Getaway,"The historic house was once the home of Charles Cimicky himself. Nestled in a sanctuary of lush greenery and surrounded by vineyards, you have total seclusion and plenty of space to enjoy, while still being a step away from Cimickys' cellar door. PLEASE NOTE: We have limited water onsite and our new vines require the majority of what we have, this means that our beautiful garden is facing challenges - we have adapted accordingly to reflect this.",,https://a0.muscache.com/pictures/miso/Hosting-913230078821818136/original/3d464c4f-1cf7-46fe-ad25-34c912487949.jpeg,397924132,https://www.airbnb.com/users/show/397924132,Jacki Anne,2021-04-20,,"Looking for a relaxing getaway? OC Short Stays has you covered with an exceptional range of holiday homes, perfect for any occasion. Whether you’re planning a family adventure, a romantic escape, or a quick weekend retreat, you’ll find everything from stunning luxury villas to affordable and cozy options.

Relax, recharge, and create unforgettable memories in your home away from home.",within an hour,100%,96%,f,https://a0.muscache.com/im/pictures/user/User/original/ad85a48e-38db-4189-953d-05c1d0a6b282.jpeg?aki_policy=profile_small,https://a0.muscache.com/im/pictures/user/User/original/ad85a48e-38db-4189-953d-05c1d0a6b282.jpeg?aki_policy=profile_x_medium,,41,86,"['email', 'phone']",t,t,,Lyndoch,,-34.58306,138.87635,Entire home,Entire home/apt,11,2.5,2.5 baths,4,7,"[""Coffee maker"", ""Lockbox"", ""Ethernet connection"", ""Heating"", ""Wifi"", ""Dishwasher"", ""Changing table"", ""Long term stays allowed"", ""Hot water"", ""First aid kit"", ""Dishes and silverware"", ""Pool"", ""Bed linens"", ""Indoor fireplace"", ""Dryer"", ""Oven"", ""Self check-in"", ""Freezer"", ""Dining table"", ""Iron"", ""Kitchen"", ""Central air conditioning"", ""Stove"", ""Room-darkening shades"", ""Cleaning products"", ""Shower gel"", ""Free parking on premises"", ""Bathtub"", ""Drying rack for clothing"", ""TV"", ""Hangers"", ""Dedicated workspace"", ""Refrigerator"", ""Private entrance"", ""Washer"", ""Backyard"", ""Shampoo"", ""Fire extinguisher"", ""Cooking basics"", ""Wine glasses"", ""Essentials"", ""High chair"", ""Microwave"", ""Clothing storage"", ""Smoke alarm"", ""Hair dryer"", ""Hot water kettle"", ""Body soap"", ""Toaster""]",$594.00,2,365,2,4,365,365,2.2,365.0,,t,13,32,46,292,2025-09-27,30,16,0,48,17,96,57024,2023-11-08,2025-08-16,4.73,4.83,4.83,4.9,4.87,4.9,4.67,,f,2,2,0,0,1.30
914716018649867579,https://www.airbnb.com/rooms/914716018649867579,20250927041735,2025-09-27,city scrape,CABN X Seppeltsfield Barossa Luxury Accommodation,"CABN X at Seppeltsfield is an elevated eco-cabin experience offering a luxurious Barossa escape. In each of the four CABN X, the natural light illuminates the space through floor-to-ceiling windows creating an immediate sense of calm and relaxation. <br /><br />Recharge in your own private sauna overlooking serene landscapes, or walk across the road for your first cellar-door tasting at Seppeltsfield Winery.",,https://a0.muscache.com/pictures/miso/Hosting-914716018649867579/original/77828989-e9fb-425d-a601-7f4fe4818d8f.jpeg,497989134,https://www.airbnb.com/users/show/497989134,Cabn,2023-01-25,,"",within an hour,100%,100%,f,https://a0.muscache.com/im/pictures/user/b4b87775-7ce8-45f7-883c-5aee3939d181.jpg?aki_policy=profile_small,https://a0.muscache.com/im/pictures/user/b4b87775-7ce8-45f7-883c-5aee3939d181.jpg?aki_policy=profile_x_medium,,18,29,"['email', 'phone']",t,t,,Marananga,,-34.48872,138.92192,Entire cabin,Entire home/apt,2,1.0,1 bath,1,1,"[""Lockbox"", ""Ceiling fan"", ""Fire pit"", ""Heating"", ""Sauna"", ""Coffee maker: Nespresso"", ""Hot water"", ""First aid kit"", ""Dishes and silverware"", ""Barbecue utensils"", ""Outdoor dining area"", ""Bed linens"", ""Patio or balcony"", ""Indoor fireplace"", ""Self check-in"", ""Coffee"", ""Iron"", ""Kitchen"", ""Outdoor furniture"", ""Room-darkening shades"", ""Cleaning products"", ""Shower gel"", ""Free parking on premises"", ""Bathtub"", ""Vineyard view"", ""Refrigerator"", ""Hangers"", ""Air conditioning"", ""BBQ grill"", ""Shampoo"", ""Fire extinguisher"", ""Cooking basics"", ""Wine glasses"", ""Essentials"", ""Conditioner"", ""Microwave"", ""Mini fridge"", ""Clothing storage"", ""Smoke alarm"", ""Hair dryer"", ""Hot water kettle"", ""Toaster"", ""Breakfast""]",$594.00,2,365,2,2,999,999,2.0,999.0,,t,11,28,56,327,2025-09-27,32,12,0,62,16,72,42768,2023-09-24,2025-07-23,4.56,4.72,4.53,4.94,4.72,4.81,4.03,,t,4,3,1,0,1.31
937954604687133626,https://www.airbnb.com/rooms/937954604687133626,20250927041735,2025-09-27,city scrape,The Residence at Schubert Estate,"Available on a 'whole of house' basis, The Residence is a beautifully restored three bedroom heritage villa located in the Barossa Valley. The self-contained property features three king size bedrooms (two with en-suite), a full equipped kitchen, guest bathroom, dining room, dedicated workspace, lounge and laundry. Surrounded by gardens and estate vineyards, the property is located adjacent the Schubert Estate Wine Room where Residence guests enjoy a complementary tasting.","The Residence is a 5 - 10 minute drive to nearby wineries including Torbreck, Greenock Creek, Two Hands and Seppeltsfield, and restaurants such as Appellation, Contours, Fino, Artisans of Barossa, Fermentasian and Hentley Farm. A complementary EV charging station and high speed internet is available on site for guest use.",https://a0.muscache.com/pictures/prohost-api/Hosting-937954604687133626/original/544abf7e-1f2d-4ebc-9e5d-fd774b8fc61d.jpeg,7635732,https://www.airbnb.com/users/show/7635732,Alison,2013-07-21,"Nairne, Australia","",N/A,N/A,N/A,f,https://a0.muscache.com/im/pictures/user/User-7635732/original/db9f7b3e-d8a7-45f4-aa0f-2518485f518d.jpeg?aki_policy=profile_small,https://a0.muscache.com/im/pictures/user/User-7635732/original/db9f7b3e-d8a7-45f4-aa0f-2518485f518d.jpeg?aki_policy=profile_x_medium,,1,1,"['email', 'phone', 'work_email']",t,t,Neighborhood highlights,Marananga,,-34.4751,138.94368,Entire cottage,Entire home/apt,6,3.0,3 baths,3,3,"[""Ethernet connection"", ""Wifi"", ""Dishwasher"", ""EV charger"", ""Dishes and silverware"", ""First aid kit"", ""Outdoor dining area"", ""Bed linens"", ""Patio or balcony"", ""Oven"", ""Self check-in"", ""Freezer"", ""Dining table"", ""Iron"", ""Kitchen"", ""Free washer"", ""Outdoor furniture"", ""Keypad"", ""Coffee maker: french press, Nespresso"", ""Stove"", ""Central heating"", ""Pack \u2019n play/Travel crib - available upon request"", ""TV"", ""Dedicated workspace"", ""Refrigerator"", ""Air conditioning"", ""BBQ grill"", ""Backyard"", ""Fire extinguisher"", ""Wine glasses"", ""Smoke alarm"", ""Hair dryer"", ""Free parking on premises"", ""Body soap"", ""Toaster""]","$1,000.00",1,1125,1,3,1,1125,1.4,194.7,,t,13,33,49,305,2025-09-27,43,20,0,55,19,120,120000,2023-08-24,2025-08-13,5.0,4.98,4.98,5.0,5.0,4.98,4.98,,t,1,1,0,0,1.68
939408136486547449,https://www.airbnb.com/rooms/939408136486547449,20250927041735,2025-09-27,previous scrape,The winemakers quarters,"Couples or families with kids can relax in style at our renovated 1960's quintessentially Barossa holiday home. Hosted by the winemaker at Shrieking Witch Wines, our little home is centrally located, cosy, quiet with a fabulous backyard and orchard.<br />3 minutes walk to a brewery, 3 minutes walk to the best bakery and a 15 minute stroll to the centre of town means you will hardly even need your car!<br />Order wines ahead at 'shriekingwitchwines' website and they will be waiting for you at check-in.","Quiet and peaceful street, close to town.",https://a0.muscache.com/pictures/hosting/Hosting-U3RheVN1cHBseUxpc3Rpbmc6OTM5NDA4MTM2NDg2NTQ3NDQ5/original/bd5af17a-f7d4-4770-98af-168e3eded1e8.jpeg,526804970,https://www.airbnb.com/users/show/526804970,Nigel,2023-07-19,,"Hi I'm Nigel, the owner and winemaker of Shrieking Witch Wines. Our tiny family business based in Gawler East the far south west Barossa. We have our Montepulciano vineyard, Chickens, vege garden and fruit trees there.
Our wines are all single vineyard-small batch high quality wines from the Barossa and Adelaide Hills. We know you'll love to stay at our 'winemakers quarters' and you can order ahead to have a bottle or two ready for your stay!",N/A,N/A,100%,t,https://a0.muscache.com/im/pictures/user/User-526804970/original/980814ea-ee1f-486f-a7c4-54d8f0155475.jpeg?aki_policy=profile_small,https://a0.muscache.com/im/pictures/user/User-526804970/original/980814ea-ee1f-486f-a7c4-54d8f0155475.jpeg?aki_policy=profile_x_medium,,1,1,"['email', 'phone']",t,t,Neighborhood highlights,Tanunda,,-34.5155895,138.9692573,Entire home,Entire home/apt,5,,1 bath,3,,"[""Lockbox"", ""Ceiling fan"", ""Coffee maker: Nespresso"", ""Long term stays allowed"", ""Hot water"", ""Dishes and silverware"", ""Outdoor dining area"", ""Life size games"", ""Bed linens"", ""Books and reading material"", ""Oven"", ""Children\u2019s dinnerware"", ""Self check-in"", ""TV with DVD player"", ""Coffee"", ""Freezer"", ""Dining table"", ""Iron"", ""Kitchen"", ""Outdoor furniture"", ""Stove"", ""Private backyard \u2013 Fully fenced"", ""Cleaning products"", ""Shower gel"", ""Extra pillows and blankets"", ""Free parking on premises"", ""Bathtub"", ""Drying rack for clothing"", ""Heating - split type ductless system"", ""Refrigerator"", ""Air conditioning"", ""Baking sheet"", ""Private entrance"", ""Single level home"", ""Fire extinguisher"", ""Cooking basics"", ""Wine glasses"", ""Essentials"", ""Pets allowed"", ""Crib - available upon request"", ""Children\u2019s books and toys"", ""Microwave"", ""Smoke alarm"", ""Hot water kettle"", ""Body soap"", ""Toaster""]",,1,60,1,1,1125,1125,1.0,1125.0,,t,0,0,0,30,2025-09-27,43,17,0,0,24,102,,2023-10-08,2025-07-05,4.84,4.91,4.95,4.93,5.0,4.93,4.58,,f,1,1,0,0,1.79
944576687530909206,https://www.airbnb.com/rooms/944576687530909206,20250927041735,2025-09-27,city scrape,The Hideaway by Gatt Wines,"Escape to The Hideaway by Gatt Wines in Eden Valley, a charming 4-bedroom retreat amidst beautiful vineyards, offering a truly isolated and private experience. Unwind by the cosy fireplace or pamper yourself in the relaxing spa. Explore nature or enjoy the peaceful ambience from the verandah. This tranquil getaway ensures peace and quiet, allowing you to recharge away from the hustle and bustle of daily life.",,https://a0.muscache.com/pictures/prohost-api/Hosting-944576687530909206/original/d283b2cb-8990-46cb-a25c-abcf2492f056.jpeg,439331891,https://www.airbnb.com/users/show/439331891,Hao,2022-01-07,,"Roger and I love traveling, we fell in love with Australia on our honeymoon and moved to here 10 years ago. I am an interior designer and Roger is a property manager, Airbnb has helped us feel at home traveling and now we want to share this special connection to our guests through hosting Airbnb ourselves. I hope you will like our place as much as we do :)
Looking forward to hosting you!
Emma & Roger",within an hour,100%,100%,f,https://a0.muscache.com/im/pictures/user/a6294334-54ae-4dd4-abcd-09d20295dc13.jpg?aki_policy=profile_small,https://a0.muscache.com/im/pictures/user/a6294334-54ae-4dd4-abcd-09d20295dc13.jpg?aki_policy=profile_x_medium,,15,18,"['email', 'phone']",t,t,,Flaxman Valley,,-34.66935,139.0203,Entire home,Entire home/apt,8,2.0,2 baths,4,4,"[""Lockbox"", ""Stainless steel oven"", ""Wifi"", ""Dishwasher"", ""Sound system"", ""Long term stays allowed"", ""First aid kit"", ""Dishes and silverware"", ""Barbecue utensils"", ""Private patio or balcony"", ""Bed linens"", ""Indoor fireplace: wood-burning"", ""Self check-in"", ""Coffee"", ""Freezer"", ""Dining table"", ""Coffee maker: espresso machine"", ""Iron"", ""Kitchen"", ""Backyard - Not fully fenced"", ""Central air conditioning"", ""Stove"", ""Central heating"", ""Cleaning products"", ""BBQ grill: gas"", ""Shower gel"", ""Extra pillows and blankets"", ""Free parking on premises"", ""Free washer \u2013 In unit"", ""Bathtub"", ""Vineyard view"", ""Drying rack for clothing"", ""Hangers"", ""75 inch HDTV"", ""Dedicated workspace"", ""Refrigerator"", ""Baking sheet"", ""Private entrance"", ""Single level home"", ""Shampoo"", ""Fire extinguisher"", ""Cooking basics"", ""Wine glasses"", ""Essentials"", ""Board games"", ""Conditioner"", ""Microwave"", ""Clothing storage"", ""Smoke alarm"", ""Hair dryer"", ""Hot water kettle"", ""Body soap"", ""Toaster""]",$365.00,2,365,2,2,365,365,2.0,365.0,,t,18,44,74,138,2025-09-27,35,18,0,77,18,108,39420,2023-10-02,2025-08-10,4.91,4.97,4.77,4.71,4.91,4.83,4.77,,t,10,10,0,0,1.44
948744380374384436,https://www.airbnb.com/rooms/948744380374384436,20250927041735,2025-09-27,city scrape,Jacob's Estate Cottage,"Prime location! <br /><br />Situated on the grounds of St Hugo and within walking distance of Jacob’s Creek Visitor Centre, St Hugo and Harvest Kitchen. The cottage offers contemporary accommodation for up to six people. A 19th century settler’s cottage, the property has been beautifully restored.<br /><br /> It is surrounded by beautiful gardens and has an alfresco dining area, as well as an outdoor fire pit area and a bocce court with balls.<br /><br />You will find the cottage stocked with local breakfast provisions.",,https://a0.muscache.com/pictures/miso/Hosting-948744380374384436/original/bdd186b2-ecf0-4d42-af01-c1aa2b0dd5be.jpeg,310538520,https://www.airbnb.com/users/show/310538520,Julieanne,2019-11-18,"Lyndoch, Australia","",within a few hours,100%,92%,f,https://a0.muscache.com/im/pictures/user/a3c93596-845b-4cd4-898d-535291c5f3f2.jpg?aki_policy=profile_small,https://a0.muscache.com/im/pictures/user/a3c93596-845b-4cd4-898d-535291c5f3f2.jpg?aki_policy=profile_x_medium,,6,8,"['email', 'phone']",t,t,,Bethany,,-34.56165,138.94139,Entire cottage,Entire home/apt,6,2.0,2 baths,3,3,"[""Fire pit"", ""Heating"", ""Standalone high chair - available upon request"", ""Wifi"", ""Dishwasher"", ""Coffee maker: Nespresso"", ""Hot water"", ""Dishes and silverware"", ""Vasse Virgin shampoo"", ""Barbecue utensils"", ""Outdoor dining area"", ""Clothing storage: wardrobe"", ""Bed linens"", ""Oven"", ""Self check-in"", ""Coffee"", ""Freezer"", ""Dining table"", ""Iron"", ""Kitchen"", ""Outdoor furniture"", ""Keypad"", ""Stove"", ""Cleaning products"", ""Shower gel"", ""Free parking on premises"", ""Carbon monoxide alarm"", ""Bathtub"", ""Vineyard view"", ""Free dryer"", ""Drying rack for clothing"", ""TV"", ""Air conditioning"", ""Vasse Virgin conditioner"", ""Refrigerator"", ""Baking sheet"", ""BBQ grill"", ""Washer"", ""Fire extinguisher"", ""Cooking basics"", ""Wine glasses"", ""Essentials"", ""Crib - available upon request"", ""Microwave"", ""Vasse Virgin body soap"", ""Smoke alarm"", ""Hair dryer"", ""Hot water kettle"", ""Toaster"", ""Breakfast""]",$565.00,1,365,1,3,365,365,1.1,365.0,,t,14,28,55,313,2025-09-27,17,9,0,57,10,54,30510,2023-10-22,2025-07-15,4.88,4.94,5.0,5.0,5.0,5.0,4.82,,f,6,6,0,0,0.72
948744448749859774,https://www.airbnb.com/rooms/948744448749859774,20250927041735,2025-09-27,city scrape,Barossa Shiraz Estate Willows,"Take it easy at this unique and tranquil getaway.<br /><br />Perfect for a group of friends, the Willows combines heritage charm with all the mod cons.  The cosy lounge has a wood fire, and the modern kitchen and dining area opens onto a sun-drenched alfresco dining area.  The cottage comfortably sleeps up to six with 3 king size beds that can all be split into singles.<br /><br />There are also two bathrooms, one with spa bath.  On arrival you will find the cottage stocked with fresh breakfast provisions.",,https://a0.muscache.com/pictures/miso/Hosting-948744448749859774/original/9e9bb652-544a-4860-bf99-a3128f10045d.jpeg,310538520,https://www.airbnb.com/users/show/310538520,Julieanne,2019-11-18,"Lyndoch, Australia","",within a few hours,100%,92%,f,https://a0.muscache.com/im/pictures/user/a3c93596-845b-4cd4-898d-535291c5f3f2.jpg?aki_policy=profile_small,https://a0.muscache.com/im/pictures/user/a3c93596-845b-4cd4-898d-535291c5f3f2.jpg?aki_policy=profile_x_medium,,6,8,"['email', 'phone']",t,t,,Lyndoch,,-34.59291,138.87741,Entire cottage,Entire home/apt,6,2.0,2 baths,3,6,"[""Lockbox"", ""Heating"", ""Standalone high chair - available upon request"", ""Wifi"", ""Dishwasher"", ""Coffee maker: Nespresso"", ""Hot water"", ""Dishes and silverware"", ""Vasse Virgin shampoo"", ""Barbecue utensils"", ""Outdoor dining area"", ""Private patio or balcony"", ""Bed linens"", ""Oven"", ""Indoor fireplace: wood-burning"", ""Self check-in"", ""Coffee"", ""Freezer"", ""Dining table"", ""Iron"", ""Kitchen"", ""Outdoor furniture"", ""Stove"", ""Cleaning products"", ""Shower gel"", ""Free parking on premises"", ""Carbon monoxide alarm"", ""TV"", ""Bathtub"", ""Vineyard view"", ""Free dryer"", ""Drying rack for clothing"", ""Air conditioning"", ""Vasse Virgin conditioner"", ""Dedicated workspace"", ""Refrigerator"", ""Baking sheet"", ""BBQ grill"", ""Washer"", ""Fire extinguisher"", ""Cooking basics"", ""Wine glasses"", ""Essentials"", ""Crib - available upon request"", ""Microwave"", ""Vasse Virgin body soap"", ""Clothing storage"", ""Smoke alarm"", ""Hair dryer"", ""Hot water kettle"", ""Toaster"", ""Breakfast""]",$565.00,1,365,1,3,99,99,1.2,99.0,,t,17,25,43,165,2025-09-27,2,2,0,46,0,12,6780,2025-05-18,2025-07-14,5.0,5.0,5.0,5.0,5.0,5.0,5.0,,t,6,6,0,0,0.45
948744498020667013,https://www.airbnb.com/rooms/948744498020667013,20250927041735,2025-09-27,city scrape,Barossa Shiraz Estate The Residence,"Take it easy at this unique and tranquil getaway.<br /><br />Once a Cobb & Co changing station, this grand old home has beautiful character features including 12-foot ceilings, timber floors and leadlight.  <br /><br />Ideal for a couple, the Residence has a gorgeous light-filled bedroom with a king-size bed and ensuite with a large, oval spa bath.  The bed can also be split into two singles. <br /><br /> On arrival you will find the cottage stocked with  abundant local breakfast provisions.",,https://a0.muscache.com/pictures/miso/Hosting-948744498020667013/original/15acf047-bbd7-4849-a95e-05a65ec0ca96.jpeg,310538520,https://www.airbnb.com/users/show/310538520,Julieanne,2019-11-18,"Lyndoch, Australia","",within a few hours,100%,92%,f,https://a0.muscache.com/im/pictures/user/a3c93596-845b-4cd4-898d-535291c5f3f2.jpg?aki_policy=profile_small,https://a0.muscache.com/im/pictures/user/a3c93596-845b-4cd4-898d-535291c5f3f2.jpg?aki_policy=profile_x_medium,,6,8,"['email', 'phone']",t,t,,Lyndoch,,-34.5925358,138.8781488,Entire cottage,Entire home/apt,2,1.0,1 bath,1,1,"[""Wifi"", ""Standalone high chair - available upon request"", ""Dishwasher"", ""Coffee maker: Nespresso"", ""Hot water"", ""Dishes and silverware"", ""Vasse Virgin shampoo"", ""Barbecue utensils"", ""Outdoor dining area"", ""Clothing storage: closet"", ""Private patio or balcony"", ""Bed linens"", ""Indoor fireplace"", ""Oven"", ""Self check-in"", ""Coffee"", ""Freezer"", ""Dining table"", ""Iron"", ""Kitchen"", ""Outdoor furniture"", ""Keypad"", ""Stove"", ""Central heating"", ""Cleaning products"", ""Shower gel"", ""Free parking on premises"", ""Carbon monoxide alarm"", ""TV"", ""Bathtub"", ""Vineyard view"", ""Free dryer"", ""Hangers"", ""Drying rack for clothing"", ""Vasse Virgin conditioner"", ""Air conditioning"", ""Refrigerator"", ""Baking sheet"", ""BBQ grill"", ""Washer"", ""Fire extinguisher"", ""Cooking basics"", ""Wine glasses"", ""Essentials"", ""Crib - available upon request"", ""Microwave"", ""Vasse Virgin body soap"", ""Smoke alarm"", ""Hair dryer"", ""Hot water kettle"", ""Toaster"", ""Breakfast""]",$533.00,1,365,1,3,99,99,1.2,99.0,,t,12,18,28,149,2025-09-27,0,0,0,32,0,0,0,,,,,,,,,,,t,6,6,0,0,
948744540827168469,https://www.airbnb.com/rooms/948744540827168469,20250927041735,2025-09-27,city scrape,Barossa Shiraz Estate The Loft,"Forget your worries in this spacious and serene space.<br /><br />Offering stunning views over the vineyards and Barossa Valley, the Manor (Loft) is ideal for a family or a group of friends.  On the ground floor there is a spacious lounge, and fully equipped kitchen, as well as indulgent master bedroom suite, with ensuite and spa bath.  <br /><br />Upstairs you will find two more bedrooms that share a two-way ensuite bathroom.  On arrival you will find the cottage stocked with ample local breakfast provisions.",,https://a0.muscache.com/pictures/miso/Hosting-948744540827168469/original/eeffeec4-967a-4445-81ec-342dedbfeb98.jpeg,310538520,https://www.airbnb.com/users/show/310538520,Julieanne,2019-11-18,"Lyndoch, Australia","",within a few hours,100%,92%,f,https://a0.muscache.com/im/pictures/user/a3c93596-845b-4cd4-898d-535291c5f3f2.jpg?aki_policy=profile_small,https://a0.muscache.com/im/pictures/user/a3c93596-845b-4cd4-898d-535291c5f3f2.jpg?aki_policy=profile_x_medium,,6,8,"['email', 'phone']",t,t,,Lyndoch,,-34.5925358,138.8781488,Entire cottage,Entire home/apt,6,2.0,2 baths,3,5,"[""Lockbox"", ""Ceiling fan"", ""Wifi"", ""Standalone high chair - available upon request"", ""Dishwasher"", ""Coffee maker: Nespresso"", ""Hot water"", ""Dishes and silverware"", ""Vasse Virgin shampoo"", ""Barbecue utensils"", ""Vasse Virgin  body soap"", ""Private patio or balcony"", ""Bed linens"", ""Oven"", ""Indoor fireplace: wood-burning"", ""Self check-in"", ""Coffee"", ""Freezer"", ""Dining table"", ""Iron"", ""Kitchen"", ""Outdoor furniture"", ""Central heating"", ""Room-darkening shades"", ""Cleaning products"", ""Shower gel"", ""Free parking on premises"", ""Carbon monoxide alarm"", ""TV"", ""Bathtub"", ""Vineyard view"", ""Free dryer"", ""Hangers"", ""Drying rack for clothing"", ""Vasse Virgin conditioner"", ""Air conditioning"", ""Refrigerator"", ""Baking sheet"", ""BBQ grill"", ""Washer"", ""Fire extinguisher"", ""Cooking basics"", ""Wine glasses"", ""Essentials"", ""Electric stove"", ""Crib - available upon request"", ""Microwave"", ""Clothing storage"", ""Smoke alarm"", ""Hair dryer"", ""Hot water kettle"", ""Toaster"", ""Breakfast""]",$660.00,1,365,1,4,99,99,1.7,99.0,,t,8,24,38,167,2025-09-27,2,1,0,44,1,6,3960,2024-06-17,2025-07-13,5.0,5.0,5.0,5.0,5.0,5.0,5.0,,t,6,6,0,0,0.13
957085024735396327,https://www.airbnb.com/rooms/957085024735396327,20250927041735,2025-09-27,city scrape,Spacious 4 Bed Home on Vineyard In Barossa Valley,"Maisonnets invites you to stay at this charming 4-bedroom home situated on a 13-hectare vineyard. Featuring reverse-cycle air-conditioning and both indoor and outdoor lounge areas, it’s a perfect place to unwind. The lovely garden boasts peach and lemon trees, which you can pick from in season. Only a 3-minute drive to eateries and a supermarket, with more options in nearby Tanunda, you’ll find Maggie Beer’s Farm Shop just 2 minutes away, offering a café, restaurant, and cooking classes. Coullth","Located an hour’s drive from Adelaide, Nuriootpa is in the heart of the Barossa, famous for its world class wines and also home to some of the best culinary experiences in the region. It’s just a few minutes’ drive from the house to the town centre, where you can start your day with a coffee at the Fleur Social café before taking a stroll down the historic main street and exploring boutique shops. There’s a local Foodworks supermarket there too, or its less than 10 minutes’ drive to the Barossa Farmer’s Market in Angaston, open every Saturday morning. Indulge your sweet tooth at Linke's Bakery in Nuriootpa, or taste craft spirits infused with local botanicals at the Barossa Distilling Company’s rustic tasting room and bar. It’s also only a couple of minutes’ drive from the house to Maggie Beer’s Farm shop, where you can dine at The Eatery, purchase wines or take part in a cooking class. Coullthard Reserve is 5 minutes away by car, providing family friendly picnic areas, BBQ facilities,",https://a0.muscache.com/pictures/prohost-api/Hosting-957085024735396327/original/0b973b64-6a26-4a8c-b141-14e9494ff9ce.jpeg,242373446,https://www.airbnb.com/users/show/242373446,Paul,2019-02-10,"New South Wales, Australia","Our properties are all specifically selected for their amenities and prime location - the accommodation of choice for urban sophisticates, professionals, couples and families looking for a uniquely comfortable experience. 

With a focus on organic products, MaisonNets offers unparalleled personal service and attention to detail ensuring that you, our valued guest, have a wonderful stay with us.",within an hour,100%,98%,f,https://a0.muscache.com/im/pictures/user/User-242373446/original/52777894-aac6-4039-9f4d-f490bc9ffe27.jpeg?aki_policy=profile_small,https://a0.muscache.com/im/pictures/user/User-242373446/original/52777894-aac6-4039-9f4d-f490bc9ffe27.jpeg?aki_policy=profile_x_medium,,6,16,"['email', 'phone']",t,t,Neighborhood highlights,Nuriootpa,,-34.46825,138.97086,Entire home,Entire home/apt,8,1.0,1 bath,4,4,"[""Coffee maker"", ""Heating"", ""Wifi"", ""Dishwasher"", ""Long term stays allowed"", ""Hot water"", ""Dishes and silverware"", ""Bed linens"", ""Patio or balcony"", ""Indoor fireplace"", ""Bikes"", ""Dryer"", ""Oven"", ""Cleaning available during stay"", ""Freezer"", ""Dining table"", ""Iron"", ""Kitchen"", ""Stove"", ""Room-darkening shades"", ""Extra pillows and blankets"", ""Free parking on premises"", ""Bathtub"", ""TV"", ""Dedicated workspace"", ""Hangers"", ""Air conditioning"", ""Refrigerator"", ""Private entrance"", ""Washer"", ""Backyard"", ""Fire extinguisher"", ""Shampoo"", ""Cooking basics"", ""Wine glasses"", ""Essentials"", ""Microwave"", ""Clothing storage"", ""Smoke alarm"", ""Host greets you"", ""Hair dryer"", ""Hot water kettle"", ""Single level home"", ""Toaster""]",$329.00,3,45,2,5,45,45,3.4,45.0,,t,22,52,82,354,2025-09-27,30,12,0,88,19,72,23688,2023-08-19,2025-04-25,4.47,4.67,4.23,4.9,4.57,4.77,4.43,,t,1,1,0,0,1.17
959762332208292750,https://www.airbnb.com/rooms/959762332208292750,20250927041735,2025-09-27,city scrape,The Loft Barossa,"Welcome to our picturesque 110-acre farm in the renowned Barossa! The Loft offers one Queen bed upstairs with a living area & kitchenette downstairs & adjoining country casual dining area. It's a peaceful place, where you can relax, surrounded by beautiful red gum studded land. Immerse yourself in country life while still being conveniently close to the region's finest cellar doors, restaurants, and other attractions. Escape the hustle and bustle of the city, only 10 mins from Angaston.",,https://a0.muscache.com/pictures/hosting/Hosting-U3RheVN1cHBseUxpc3Rpbmc6OTU5NzYyMzMyMjA4MjkyNzUw/original/5a446770-ba97-440b-86fc-b9a89353faa3.jpeg,182364354,https://www.airbnb.com/users/show/182364354,Kent,2018-04-04,"Adelaide, Australia","",within an hour,100%,100%,t,https://a0.muscache.com/im/pictures/user/User-182364354/original/13536971-3d5d-4720-a7cf-8e129fd573c8.jpeg?aki_policy=profile_small,https://a0.muscache.com/im/pictures/user/User-182364354/original/13536971-3d5d-4720-a7cf-8e129fd573c8.jpeg?aki_policy=profile_x_medium,,1,1,"['email', 'phone']",t,t,,Angaston,,-34.55436,139.08591,Farm stay,Entire home/apt,2,1.0,1 bath,1,1,"[""Coffee maker"", ""Lockbox"", ""Fire pit"", ""Heating"", ""Wifi"", ""Hot water"", ""First aid kit"", ""Outdoor dining area"", ""Bed linens"", ""Patio or balcony"", ""Self check-in"", ""Dining table"", ""Iron"", ""Outdoor furniture"", ""Cleaning products"", ""Shower gel"", ""Free parking on premises"", ""TV"", ""Hangers"", ""Private entrance"", ""BBQ grill"", ""Fire extinguisher"", ""Shampoo"", ""Wine glasses"", ""Mini fridge"", ""Conditioner"", ""Microwave"", ""Clothing storage"", ""Smoke alarm"", ""Hair dryer"", ""Hot water kettle"", ""Body soap"", ""Toaster""]",$226.00,2,14,2,2,14,14,2.0,14.0,,t,9,24,47,51,2025-09-27,40,31,2,50,18,186,42036,2024-04-05,2025-09-10,4.98,4.98,5.0,5.0,4.98,4.95,4.95,,t,1,1,0,0,2.22
972941412958290356,https://www.airbnb.com/rooms/972941412958290356,20250927041735,2025-09-27,city scrape,Shiraz Cottage - A Vineyard Retreat in Barossa Val,"Welcome to Shiraz Cottage, your serene escape nestled in the heart of Barossa Valley's picturesque vineyards. This charming 1-bedroom, 1-bathroom cottage offers a cozy and private getaway for two, with the option to accommodate a third guest with an extra bed available for an additional fee of 50 AUD per person.",,https://a0.muscache.com/pictures/prohost-api/Hosting-972941412958290356/original/4f0f5c84-9765-4620-a6af-ae74a039accb.jpeg,460856186,https://www.airbnb.com/users/show/460856186,Awesome,2022-05-25,"Rowland Flat, Australia","Awesome Holidays provides some of the most wonderful accommodation and unique winery experiences in the Barossa Valley. With dedicated staff based in the Barossa Valley, we know the Barossa Valley and can offer experiences that we have planned to perfection and enjoyed ourselves. We will ensure that your visit in the Barossa Valley will be as memorable as the Barossa is Magnificent.",within an hour,100%,100%,f,https://a0.muscache.com/im/pictures/user/458d3251-4509-4f1d-91f6-f623a7838a21.jpg?aki_policy=profile_small,https://a0.muscache.com/im/pictures/user/458d3251-4509-4f1d-91f6-f623a7838a21.jpg?aki_policy=profile_x_medium,,3,5,"['email', 'phone']",t,t,,Altona,,-34.5858462,138.9306343,Entire chalet,Entire home/apt,3,1.0,1 bath,1,2,"[""Lockbox"", ""Heating"", ""Wifi"", ""Hot water"", ""Dishes and silverware"", ""Outdoor dining area"", ""Bed linens"", ""Self check-in"", ""Iron"", ""Kitchen"", ""Free parking on premises"", ""TV"", ""Refrigerator"", ""Hangers"", ""Air conditioning"", ""Private entrance"", ""Washer"", ""Shampoo"", ""Essentials"", ""Microwave"", ""Free street parking"", ""Hair dryer"", ""Hot water kettle"", ""Toaster""]",$234.00,1,45,1,1,1125,1125,1.0,1125.0,,t,20,46,76,348,2025-09-27,27,5,0,82,9,30,7020,2023-10-08,2025-08-24,4.26,4.44,4.52,4.56,4.59,4.78,4.22,,t,3,3,0,0,1.12
972941681209040047,https://www.airbnb.com/rooms/972941681209040047,20250927041735,2025-09-27,city scrape,Petit Verdot Cottage - A Vineyard Retreat in Baros,"Welcome to Petit Verdot Cottage, your serene escape nestled in the heart of Barossa Valley's picturesque vineyards. This charming 1-bedroom, 1-bathroom cottage offers a cozy and private getaway for two, with the option to accommodate a third guest with an extra bed available for an additional fee of 50 AUD per person.",,https://a0.muscache.com/pictures/prohost-api/Hosting-972941681209040047/original/ab9cbac8-40ad-4037-b484-fee944040205.jpeg,460856186,https://www.airbnb.com/users/show/460856186,Awesome,2022-05-25,"Rowland Flat, Australia","Awesome Holidays provides some of the most wonderful accommodation and unique winery experiences in the Barossa Valley. With dedicated staff based in the Barossa Valley, we know the Barossa Valley and can offer experiences that we have planned to perfection and enjoyed ourselves. We will ensure that your visit in the Barossa Valley will be as memorable as the Barossa is Magnificent.",within an hour,100%,100%,f,https://a0.muscache.com/im/pictures/user/458d3251-4509-4f1d-91f6-f623a7838a21.jpg?aki_policy=profile_small,https://a0.muscache.com/im/pictures/user/458d3251-4509-4f1d-91f6-f623a7838a21.jpg?aki_policy=profile_x_medium,,3,5,"['email', 'phone']",t,t,,Altona,,-34.5858462,138.9306343,Entire chalet,Entire home/apt,3,1.0,1 bath,1,2,"[""Lockbox"", ""Heating"", ""Wifi"", ""Hot water"", ""Safe"", ""Bed linens"", ""Self check-in"", ""Iron"", ""Kitchen"", ""Free parking on premises"", ""TV"", ""Refrigerator"", ""Hangers"", ""Air conditioning"", ""Private entrance"", ""Washer"", ""Shampoo"", ""Cooking basics"", ""Essentials"", ""Microwave"", ""Free street parking"", ""Hair dryer"", ""Hot water kettle"", ""Toaster""]",$234.00,1,45,1,1,1125,1125,1.0,1125.0,,t,22,45,69,341,2025-09-27,57,20,0,75,33,120,28080,2023-10-05,2025-08-07,4.61,4.51,4.61,4.77,4.84,4.91,4.49,,t,3,3,0,0,2.36
977004901009773218,https://www.airbnb.com/rooms/977004901009773218,20250927041735,2025-09-27,previous scrape,Premium Barossa Getaway,"Our spacious property is designed for adults (couples & singles) and offers modern amenities, creating a comfortable and tranquil base for your Barossa adventures. Centrally located, you're just minutes away from some of the region's most celebrated wineries, fine dining restaurants, and boutique shops.<br /><br />Enjoy a peaceful retreat where you can unwind after a day of exploring the valley's attractions. Enjoy a glass of local wine in your private outdoor space and relish in the serenity of the area.",We’re nestled in a quiet and private enclave in Tanunda so you have all the benefits of being centrally located while also enjoying your slice of serenity.,https://a0.muscache.com/pictures/hosting/Hosting-977004901009773218/original/b323cb2e-bbda-422a-bad6-ced82e7ffa34.jpeg,536209653,https://www.airbnb.com/users/show/536209653,Tyson,2023-09-08,,"",N/A,N/A,N/A,f,https://a0.muscache.com/im/pictures/user/User-536209653/original/b97b41dc-bc02-4b58-92af-cdb0677f4dcb.jpeg?aki_policy=profile_small,https://a0.muscache.com/im/pictures/user/User-536209653/original/b97b41dc-bc02-4b58-92af-cdb0677f4dcb.jpeg?aki_policy=profile_x_medium,,1,1,"['email', 'phone']",t,t,Neighborhood highlights,Tanunda,,-34.51677,138.97629,Entire home,Entire home/apt,6,,2 baths,3,,"[""Lockbox"", ""Clothing storage: walk-in closet"", ""Free dryer \u2013 In unit"", ""Ethernet connection"", ""Wifi"", ""Dishwasher"", ""Coffee maker: Nespresso"", ""Long term stays allowed"", ""Hot water"", ""Gas stove"", ""First aid kit"", ""Dishes and silverware"", ""Outdoor dining area"", ""Private patio or balcony"", ""Garden view"", ""Bed linens"", ""Books and reading material"", ""Self check-in"", ""Coffee"", ""Freezer"", ""Dining table"", ""Iron"", ""Kitchen"", ""Outdoor furniture"", ""Central air conditioning"", ""Private backyard \u2013 Fully fenced"", ""Central heating"", ""Room-darkening shades"", ""Cleaning products"", ""Free driveway parking on premises"", ""Shower gel"", ""Extra pillows and blankets"", ""Free washer \u2013 In unit"", ""Bathtub"", ""Drying rack for clothing"", ""Carbon monoxide alarm"", ""Hangers"", ""Baking sheet"", ""LG - with ice maker and filtered water  refrigerator"", ""Shampoo"", ""Cooking basics"", ""HDTV"", ""Wine glasses"", ""Essentials"", ""Stainless steel single oven"", ""Conditioner"", ""Microwave"", ""Free street parking"", ""Smoke alarm"", ""Hair dryer"", ""Exterior security cameras on property"", ""Hot water kettle"", ""Single level home"", ""Toaster""]",,2,25,2,2,25,25,2.0,25.0,,t,0,0,0,0,2025-09-27,10,1,0,0,6,6,,2023-10-30,2024-11-03,4.9,4.9,4.9,4.9,4.9,4.9,4.9,,f,1,1,0,0,0.43
994576568022673364,https://www.airbnb.com/rooms/994576568022673364,20250927041735,2025-09-27,city scrape,"The Gaff, Our Little Irish Bar","Welcome to The Gaff, a cozy Irish Bar on our 10-acre property. The perfect spot to unwind after exploring wineries or local events. Enjoy a drink while watching kangaroos in the distance. Just minutes from Gawler Main Street’s bars, restaurants, cafés, and takeaways. While there are no cooking facilities, we provide microwave, plates and cutlery for your convenience. A simple, comfortable stay with old-school pub charm—like a classic lock-in, but with all the modern comforts!",,https://a0.muscache.com/pictures/hosting/Hosting-994576568022673364/original/28b94292-7d63-4171-8d3e-fa7c8a3bbe71.jpeg,540248600,https://www.airbnb.com/users/show/540248600,Lisa,2023-10-03,,"",within an hour,100%,100%,f,https://a0.muscache.com/im/pictures/user/User/original/11ab7bfd-3118-4162-83ff-1785b538fd6d.jpeg?aki_policy=profile_small,https://a0.muscache.com/im/pictures/user/User/original/11ab7bfd-3118-4162-83ff-1785b538fd6d.jpeg?aki_policy=profile_x_medium,,1,1,"['email', 'phone']",t,t,,Concordia,,-34.58980012748122,138.76548336264455,Entire guest suite,Entire home/apt,2,1.0,1 bath,1,1,"[""Lockbox"", ""Smoking allowed"", ""Dishwasher"", ""Dishes and silverware"", ""Outdoor dining area"", ""Bed linens"", ""Indoor fireplace: wood-burning"", ""Self check-in"", ""Coffee"", ""Cleaning available during stay"", ""Central air conditioning"", ""Carbon monoxide alarm"", ""TV"", ""Refrigerator"", ""Pool table"", ""Private entrance"", ""Laundromat nearby"", ""Fire extinguisher"", ""Wine glasses"", ""Cooking basics"", ""Board games"", ""Microwave"", ""Smoke alarm"", ""Free carport on premises"", ""Hot water kettle"", ""Toaster""]",$180.00,1,2,1,1,2,2,1.0,2.0,,t,12,37,66,66,2025-09-27,7,7,2,66,0,42,7560,2025-03-17,2025-09-20,5.0,5.0,5.0,5.0,5.0,5.0,5.0,,f,1,1,0,0,1.08
1006949817625009542,https://www.airbnb.com/rooms/1006949817625009542,20250927041735,2025-09-27,city scrape,"Vita Lenta - 3 Bed, 2 Bath",Slow down and enjoy scenic Tanunda in the heart of the Barossa Valley from this stylish home.,,https://a0.muscache.com/pictures/miso/Hosting-1006949817625009542/original/1c4be8c4-373b-436c-b2ff-145bd021c375.jpeg,284401269,https://www.airbnb.com/users/show/284401269,Murphy,2019-08-10,"Tanunda, Australia","",within an hour,100%,99%,t,https://a0.muscache.com/im/pictures/user/User-284401269/original/77976a85-7e1a-411e-b229-3db8cee36e7d.jpeg?aki_policy=profile_small,https://a0.muscache.com/im/pictures/user/User-284401269/original/77976a85-7e1a-411e-b229-3db8cee36e7d.jpeg?aki_policy=profile_x_medium,,2,2,"['email', 'phone']",t,t,,Tanunda,,-34.52492,138.95981,Entire home,Entire home/apt,6,2.0,2 baths,3,3,"[""High chair - available upon request"", ""Lockbox"", ""Ceiling fan"", ""Wifi"", ""Dishwasher"", ""Long term stays allowed"", ""Hot water"", ""First aid kit"", ""Dishes and silverware"", ""Barbecue utensils"", ""Outdoor dining area"", ""Bed linens"", ""Oven"", ""Children\u2019s dinnerware"", ""Self check-in"", ""Coffee"", ""Freezer"", ""Coffee maker: espresso machine"", ""Iron"", ""Kitchen"", ""Free washer"", ""Stove"", ""Central heating"", ""Room-darkening shades"", ""Shower gel"", ""Blender"", ""Free parking on premises"", ""Bathtub"", ""Drying rack for clothing"", ""TV"", ""Hangers"", ""Air conditioning"", ""Refrigerator"", ""Baking sheet"", ""Trash compactor"", ""BBQ grill"", ""Single level home"", ""Backyard - Fully fenced"", ""Shampoo"", ""Cooking basics"", ""Wine glasses"", ""Essentials"", ""Board games"", ""Conditioner"", ""Crib - available upon request"", ""Microwave"", ""Clothing storage"", ""Smoke alarm"", ""Free street parking"", ""Hair dryer"", ""Hot water kettle"", ""Body soap"", ""Toaster""]",$263.00,2,1125,2,2,1125,1125,2.0,1125.0,,t,7,24,33,234,2025-09-27,88,45,2,34,59,255,67065,2023-12-21,2025-09-07,4.97,4.95,4.91,4.99,4.94,4.98,4.88,,t,2,2,0,0,4.08
1009066962115598010,https://www.airbnb.com/rooms/1009066962115598010,20250927041735,2025-09-27,city scrape,Landhaus - The Gallery,"Landhaus offers bespoke accomodation amongst the vines. 'The Gallery' is a spacious new modern addition and will sleep four adults in two king bedrooms very comfortably. Take a soak in the gorgeous bath, then relax with a glass of wine in front of the open fireplace. Cook up a feast in the fully equipped kitchen and enjoy the incredible sunsets.<br /><br />Landhaus is ideally located in the hamlet of Bethany, near Tanunda, with many cellar doors, art galleries and experiences to discover nearby.","Bethany is a gorgeous, quiet hamlet consisting of a main tree lined street that leads to the base of the Barossa Ranges. Bethany is surrounded by vineyards and farm land whilst still being only 4km from the thriving town of Tanunda. Bethany Reserve is a gorgeous park located next to Bethany Creek and is a great place for a picnic, kick of soccer or just lie on the grass and watch the clouds go by.<br /><br /> Landhaus is one of the many historical buildings located on Bethany Rd included in the Bethany Historic Walk. Also within walking distance are two wineries; Bethany Wines and Turkey Flat.",https://a0.muscache.com/pictures/miso/Hosting-1009066962115598010/original/f6258c2e-ad80-48b7-801b-39a6cc810c18.jpeg,365515269,https://www.airbnb.com/users/show/365515269,Sally,2020-09-01,"South Australia, Australia","",within an hour,100%,98%,t,https://a0.muscache.com/im/pictures/user/User-365515269/original/a555d971-38ba-4e9b-9254-9d30f8669cb2.jpeg?aki_policy=profile_small,https://a0.muscache.com/im/pictures/user/User-365515269/original/a555d971-38ba-4e9b-9254-9d30f8669cb2.jpeg?aki_policy=profile_x_medium,,1,2,['phone'],t,t,Neighborhood highlights,Bethany,,-34.53939,138.97326,Entire home,Entire home/apt,4,1.0,1 bath,2,3,"[""Belling oven"", ""Fire pit"", ""Wifi"", ""Dishwasher"", ""Hot water"", ""First aid kit"", ""Dishes and silverware"", ""Barbecue utensils"", ""Outdoor dining area"", ""Bed linens"", ""Books and reading material"", ""Indoor fireplace"", ""Freezer"", ""Dining table"", ""Coffee maker: espresso machine"", ""Iron"", ""Kitchen"", ""Outdoor furniture"", ""Stove"", ""Central heating"", ""Cleaning products"", ""Shower gel"", ""Blender"", ""Free parking on premises"", ""Bathtub"", ""Drying rack for clothing"", ""TV"", ""Hangers"", ""Air conditioning"", ""Refrigerator"", ""BBQ grill"", ""Laundromat nearby"", ""Leif shampoo"", ""Washer"", ""Backyard"", ""Fire extinguisher"", ""Cooking basics"", ""Wine glasses"", ""Leif body soap"", ""Leif conditioner"", ""Board games"", ""Microwave"", ""Clothing storage"", ""Smoke alarm"", ""Host greets you"", ""Hair dryer"", ""Hot water kettle"", ""Single level home"", ""Toaster"", ""Breakfast""]",$458.00,2,365,2,4,365,365,2.1,365.0,,t,15,36,66,227,2025-09-27,48,38,2,72,18,228,104424,2024-06-23,2025-09-13,5.0,5.0,4.98,5.0,5.0,4.98,4.94,,f,1,1,0,0,3.12
1010623846026567076,https://www.airbnb.com/rooms/1010623846026567076,20250927041735,2025-09-27,previous scrape,John Street House,"Central Barossa Valley Area. <br />Location, location, location!!<br />A beautiful home with a big backyard entertaining area ideally located only a short 5 minute walk away from the Tanunda main street. Everything is at your fingertips. The area is full of cafes, restaurants, wine bars, shops, playgrounds and more. Come and enjoy beautiful Tanunda and all the wonderful things the Barossa Valley area has to offer (eg. wine tasting, Artisan breweries and the various events that occur).","Beautiful, quiet, charming location of Tanunda in the heart of the world famous Barossa Valley.",https://a0.muscache.com/pictures/hosting/Hosting-U3RheVN1cHBseUxpc3Rpbmc6MTAxMDYyMzg0NjAyNjU2NzA3Ng%3D%3D/original/f724981a-0767-4b8b-a71d-19f5bed48be5.jpeg,106191354,https://www.airbnb.com/users/show/106191354,Rebecca,2016-12-04,"Tanunda, Australia","",within an hour,100%,100%,t,https://a0.muscache.com/im/pictures/user/User-106191354/original/e3af861c-503b-4436-b76f-d6dac875e776.jpeg?aki_policy=profile_small,https://a0.muscache.com/im/pictures/user/User-106191354/original/e3af861c-503b-4436-b76f-d6dac875e776.jpeg?aki_policy=profile_x_medium,,1,1,['phone'],t,t,Neighborhood highlights,Tanunda,,-34.5238337,138.9543159,Entire home,Entire home/apt,6,,1 bath,3,,"[""Coffee maker"", ""Lockbox"", ""Heating"", ""Standalone high chair - available upon request"", ""Wifi"", ""Dishwasher"", ""Hot water"", ""Dishes and silverware"", ""Barbecue utensils"", ""Outdoor dining area"", ""Clothing storage: wardrobe"", ""Private backyard"", ""Private patio or balcony"", ""Garden view"", ""Bed linens"", ""Books and reading material"", ""Oven"", ""Children\u2019s dinnerware"", ""Self check-in"", ""Coffee"", ""Freezer"", ""Dining table"", ""Iron"", ""Kitchen"", ""Outdoor furniture"", ""Room-darkening shades"", ""Private BBQ grill: gas"", ""Cleaning products"", ""Pack \u2019n play/Travel crib - available upon request"", ""Extra pillows and blankets"", ""Free parking on premises"", ""Bathtub"", ""Drying rack for clothing"", ""Refrigerator"", ""Hangers"", ""Air conditioning"", ""Private entrance"", ""Laundromat nearby"", ""Washer"", ""Fire extinguisher"", ""Cooking basics"", ""Wine glasses"", ""Essentials"", ""Electric stove"", ""Board games"", ""Microwave"", ""Children\u2019s books and toys for ages 0-2 years old, 2-5 years old, 5-10 years old, and 10+ years old"", ""Smoke alarm"", ""Hair dryer"", ""55 inch HDTV"", ""Hot water kettle"", ""Single level home"", ""Toaster""]",,2,365,2,3,365,365,2.1,365.0,,t,14,32,55,219,2025-09-27,60,34,2,59,36,204,,2023-11-11,2025-09-13,4.9,4.95,4.95,4.98,4.97,4.98,4.78,,t,1,1,0,0,2.62
1012914954442121643,https://www.airbnb.com/rooms/1012914954442121643,20250927041735,2025-09-27,city scrape,Barossa Retreat among the Gums,"Our lovingy renovated stone home, has stood proud for over 150 years. Enjoy the character, charm & space; from the solid stone walls to vintage architectural details.<br />This is a truly special retreat for guests seeking a unique blend of history, art, and nature.<br />Set amid stunning natural surroundings, it's perfect for a rejuvenating getaway. The veranda is perfect for entertaining or a relaxing wine.<br />A unique property allowing for intimate getaways, family reunions, or a peaceful solo retreat.",,https://a0.muscache.com/pictures/miso/Hosting-1012914954442121643/original/c6359213-e8fc-4134-b0b4-5bd6ea5e9173.jpeg,65531648,https://www.airbnb.com/users/show/65531648,Jacqueline,2016-04-02,"Kapunda, Australia","Hi there, 
I'm an artist and business owner living  in the Barossa Valley. I love characterful houses, homes and hospitality and I have  three accommodations available in South Australia.
I have a weakness for beautiful stone homes typical to South Australia, that have a European feel. I appreciate natural light, wooden floorboards, enhancing architectural features and preserving what works from the past whilst adding charm and modern comforts. I like my guests to feel they have a stylish home away from home. 
My renovations style is comfy French provincial with a touch of vintage and original artworks on the walls for a restful and inspiring stay.
I travel a lot myself so I appreciate what it is to arrive to a place that feels like you can kick your shoes off, pour a wine and relax.
",within an hour,100%,100%,f,https://a0.muscache.com/im/pictures/user/15f490a8-ccbc-494c-8f20-d133bd6148cc.jpg?aki_policy=profile_small,https://a0.muscache.com/im/pictures/user/15f490a8-ccbc-494c-8f20-d133bd6148cc.jpg?aki_policy=profile_x_medium,,2,5,['phone'],t,t,,Kapunda,,-34.3345147,138.9163277,Entire home,Entire home/apt,8,1.0,1 bath,4,3,"[""Indoor fireplace"", ""Outdoor dining area"", ""TV"", ""Wifi"", ""Dedicated workspace"", ""Refrigerator"", ""Air conditioning"", ""Smoke alarm"", ""BBQ grill"", ""Kitchen"", ""Free parking on premises"", ""Washer"", ""Backyard"", ""Fire extinguisher""]",$401.00,1,365,2,2,365,365,2.0,365.0,,t,17,39,69,344,2025-09-27,3,3,1,75,0,18,7218,2025-03-24,2025-09-24,4.67,4.67,4.67,5.0,4.67,5.0,4.33,,t,2,2,0,0,0.48
1021329462904939065,https://www.airbnb.com/rooms/1021329462904939065,20250927041735,2025-09-27,city scrape,Ciel House - French style,"Welcome to CIEL House, a beautiful peaceful property in the heart of Barossa surrounded by some of Australia’s best wineries. This gorgeous modern French style home is set on 8 acres; the perfect country vacay to relax and unwind. <br /><br />With being located in the center of the towns, it’s only a short drive to Angaston, Tanunda and Nuriootpa.","Located on Stockwell Rd, a short drive to the main st of Angaston. <br /><br />Barossa farmers market is just a short walk/drive from the house, open every Saturday morning from 7.30am- delicious local produce; it’s a must see! <br /><br />The Barossa we are so lucky to be surrounded by some of the best wineries in the world- David Franz, Seppeltsfield, St Hugo, Chateau Tanunda, Ollins, Grenock Creek, Standis,  Rusdin, Torbrek, Rockford, Henschke, Two Hands, Tom Foolery.. just to name a few! <br /><br />If you aren’t just here for the wine, we have a few great breweries and two gin distilleries. <br /><br />Barossa isn’t just about great wines, we also are lovers of food.. as they say, food and wine go hand in hand. <br />Hentley farm, FermentAsian, Harvest Kitchen, Fino, Contour at The Louise, Vitners, Vino Lokal",https://a0.muscache.com/pictures/hosting/Hosting-1021329462904939065/original/413afe72-2c18-4576-abc8-f905062d4587.jpeg,545819360,https://www.airbnb.com/users/show/545819360,Joshua,2023-11-09,,"",within an hour,90%,100%,t,https://a0.muscache.com/im/pictures/user/User-545819360/original/a2305f2a-38bb-4165-a5c0-5dbf7c203004.jpeg?aki_policy=profile_small,https://a0.muscache.com/im/pictures/user/User-545819360/original/a2305f2a-38bb-4165-a5c0-5dbf7c203004.jpeg?aki_policy=profile_x_medium,,1,1,['phone'],t,t,Neighborhood highlights,Angaston,,-34.507236551396865,139.02115233242512,Entire cottage,Entire home/apt,8,1.0,1 bath,4,4,"[""Fire pit"", ""Heating"", ""Wifi"", ""Dishwasher"", ""Coffee maker: Nespresso"", ""Hot water"", ""First aid kit"", ""Dishes and silverware"", ""Outdoor dining area"", ""Fireplace guards"", ""Clothing storage: wardrobe"", ""Private backyard"", ""Garden view"", ""Bed linens"", ""Indoor fireplace"", ""Dryer"", ""Oven"", ""Vasse virgin conditioner"", ""Coffee"", ""Vasse virgin body soap"", ""Freezer"", ""Dining table"", ""Self check-in"", ""Iron"", ""Kitchen"", ""Outdoor furniture"", ""Blender"", ""Free parking on premises"", ""Bathtub"", ""Vineyard view"", ""TV"", ""Hangers"", ""Air conditioning"", ""Dedicated workspace"", ""Refrigerator"", ""Private entrance"", ""Washer"", ""Fire extinguisher"", ""Cooking basics"", ""Wine glasses"", ""Essentials"", ""Smart lock"", ""Board games"", ""Microwave"", ""Vasse virgin  shampoo"", ""Smoke alarm"", ""Hair dryer"", ""Exterior security cameras on property"", ""Hot water kettle"", ""Toaster""]",$432.00,2,14,2,3,14,14,2.0,14.0,,t,13,28,47,266,2025-09-27,45,29,2,47,26,174,75168,2024-03-02,2025-09-26,4.98,4.98,4.93,4.98,4.98,4.89,4.96,,t,1,1,0,0,2.35
1027848457876021081,https://www.airbnb.com/rooms/1027848457876021081,20250927041735,2025-09-27,city scrape,Angaston Blue-Stone Stay - Barossa Valley,"Experience the epitome of comfort and convenience at our Angaston Bluestone Stay accommodation. Nestled in the heart of the Barossa Valley,  just a short stroll away from the vibrant main street.<br />Conveniently situated within reach of renowned restaurants, and the finest wineries, our accommodation also  provides easy parking for your convenience.<br />Escape to our Angaston Bluestone Stay, where comfort meets sophistication, promising a memorable stay in the heart of the Barossa Valley.",,https://a0.muscache.com/pictures/miso/Hosting-1027848457876021081/original/e9f28448-3a4b-433c-b1f9-47b53ef85d9c.jpeg,547153415,https://www.airbnb.com/users/show/547153415,Paul,2023-11-18,,"",within an hour,100%,98%,f,https://a0.muscache.com/im/pictures/user/User-547153415/original/4c2bcd81-e367-4902-a6e5-8e87035475b1.jpeg?aki_policy=profile_small,https://a0.muscache.com/im/pictures/user/User-547153415/original/4c2bcd81-e367-4902-a6e5-8e87035475b1.jpeg?aki_policy=profile_x_medium,,1,1,"['email', 'phone']",t,t,,Angaston,,-34.4956225,139.0531056,Entire cottage,Entire home/apt,4,1.0,1 bath,2,2,"[""Lockbox"", ""Wifi"", ""Coffee maker: Nespresso"", ""Hot water"", ""65 inch HDTV with Netflix, Chromecast"", ""Dishes and silverware"", ""Outdoor dining area"", ""Private patio or balcony"", ""Bed linens"", ""Self check-in"", ""Coffee"", ""Freezer"", ""Iron"", ""Radiant heating"", ""AC - split type ductless system"", ""Outdoor furniture"", ""Room-darkening shades"", ""Cleaning products"", ""Shower gel"", ""Extra pillows and blankets"", ""Free parking on premises"", ""Bathtub"", ""Heating - split type ductless system"", ""Hangers"", ""Private entrance"", ""Single level home"", ""Laundromat nearby"", ""Shampoo"", ""Wine glasses"", ""Essentials"", ""Mini fridge"", ""Clothing storage: closet and wardrobe"", ""Free street parking"", ""Smoke alarm"", ""Hair dryer"", ""Exterior security cameras on property"", ""Hot water kettle"", ""Body soap""]",$268.00,1,7,1,5,1125,1125,1.0,1125.0,,t,25,51,80,259,2025-09-27,68,37,2,86,40,222,59496,2023-12-30,2025-08-31,4.76,4.84,4.97,4.94,4.99,4.79,4.56,,f,1,1,0,0,3.20
1045821058710235435,https://www.airbnb.com/rooms/1045821058710235435,20250927041735,2025-09-27,city scrape,Barossa Pavilions,"Barossa Pavilions is a truly unique, adults-only, hillside luxury accommodation retreat!<br />With panoramic views over expansive vineyards, rural landscapes & rolling hills of the Barossa Valley Ranges, you won't want to leave.<br />Although seclusion is guaranteed within a private gated 75 acre hillside property, the location is convenient to many of Barossa Valley's food, wine & nature attractions. Each stay includes a complimentary welcome hamper with local produce for your breakfast for two mornings.",,https://a0.muscache.com/pictures/hosting/Hosting-U3RheVN1cHBseUxpc3Rpbmc6MTA0NTgyMTA1ODcxMDIzNTQzNQ==/original/8d153718-12d6-4e17-89f7-fcf6a307e372.jpeg,550873009,https://www.airbnb.com/users/show/550873009,Natalie Ann,2023-12-13,,"",within an hour,100%,100%,f,https://a0.muscache.com/im/pictures/user/User/original/abdbc0c8-6c2d-4d40-8f97-c6d334e0aedd.jpeg?aki_policy=profile_small,https://a0.muscache.com/im/pictures/user/User/original/abdbc0c8-6c2d-4d40-8f97-c6d334e0aedd.jpeg?aki_policy=profile_x_medium,,2,2,"['email', 'phone']",t,t,,Lyndoch,,-34.5761333,138.8697533,Entire villa,Entire home/apt,2,1.5,1.5 baths,1,1,"[""Coffee maker"", ""Ceiling fan"", ""Wifi"", ""Dishwasher"", ""EV charger"", ""Long term stays allowed"", ""Hot water"", ""First aid kit"", ""Vasse Virgin shampoo"", ""Dishes and silverware"", ""Indoor fireplace: gas"", ""Barbecue utensils"", ""Clothing storage: closet"", ""Private patio or balcony"", ""Bed linens"", ""Dryer"", ""Self check-in"", ""Coffee"", ""Freezer"", ""Dining table"", ""Iron"", ""Kitchen"", ""AC - split type ductless system"", ""Keypad"", ""Stove"", ""Room-darkening shades"", ""Private BBQ grill: gas"", ""Shower gel"", ""Extra pillows and blankets"", ""Free parking on premises"", ""Bathtub"", ""Vineyard view"", ""TV"", ""Hangers"", ""Heating - split type ductless system"", ""Refrigerator"", ""Vasse Virgin conditioner"", ""Private entrance"", ""Washer"", ""Backyard"", ""Fire extinguisher"", ""Cooking basics"", ""Essentials"", ""Vasse Virgin body soap"", ""Smoke alarm"", ""Hair dryer"", ""Hot water kettle""]",$610.00,2,365,2,2,10,1125,2.0,184.1,,t,13,40,70,334,2025-09-27,4,1,0,76,4,6,3660,2024-02-25,2024-11-18,5.0,5.0,5.0,5.0,5.0,4.75,5.0,,t,2,2,0,0,0.21
1064922328198782258,https://www.airbnb.com/rooms/1064922328198782258,20250927041735,2025-09-27,city scrape,Barossa 1900 Vineyard Retreat,"Barossa 1900 offers luxury vineyard accommodation for 10 people in the Barossa Valley, one hour’s drive from Adelaide.<br /><br />The private two-acre property is home to some of the Barossa’s oldest dry-grown Grenache grapes and is located a short walk to cellar doors, restaurants, breweries and retail shopping in Tanunda.<br /><br />Two-storey accommodation offers stunning views of the vineyard estate and landscape. There are generous inclusions for two-night stays and private winemaker tastings by appointment.",,https://a0.muscache.com/pictures/miso/Hosting-1064922328198782258/original/18fc389b-33ad-41cf-970b-89560f01e425.jpeg,362078385,https://www.airbnb.com/users/show/362078385,Julian,2020-08-13,"Tanunda, Australia","Husband to one lass for 20 years, dad, muso, retired school principal, vigneron, reluctant renovator.",within an hour,90%,100%,t,https://a0.muscache.com/im/pictures/user/User-362078385/original/a77391dc-8772-4236-8c49-5ec7219a3edf.png?aki_policy=profile_small,https://a0.muscache.com/im/pictures/user/User-362078385/original/a77391dc-8772-4236-8c49-5ec7219a3edf.png?aki_policy=profile_x_medium,,1,1,"['email', 'phone']",t,t,,Tanunda,,-34.5336086,138.9504765,Entire home,Entire home/apt,10,2.0,2 baths,5,0,"[""Wifi"", ""Dishwasher"", ""Long term stays allowed"", ""Hot water"", ""Gas stove"", ""Dishes and silverware"", ""Outdoor dining area"", ""Private backyard"", ""Bed linens"", ""Books and reading material"", ""Free dryer \u2013 In building"", ""Self check-in"", ""Iron"", ""Kitchen"", ""Room-darkening shades"", ""Free parking on premises"", ""Carbon monoxide alarm"", ""Bathtub"", ""Drying rack for clothing"", ""TV"", ""Hangers"", ""Air conditioning"", ""Heating - split type ductless system"", ""BBQ grill"", ""Westinghouse stainless steel single oven"", ""Washer"", ""Fire extinguisher"", ""Shampoo"", ""Cooking basics"", ""Essentials"", ""Samsung refrigerator"", ""Smart lock"", ""Microwave"", ""Smoke alarm"", ""Coffee maker: Nespresso""]",$553.00,2,730,2,2,730,730,2.0,730.0,,t,7,22,36,237,2025-09-27,92,56,4,36,50,255,141015,2024-02-04,2025-09-26,4.93,4.89,4.99,4.95,4.97,4.88,4.87,,f,1,1,0,0,4.58
1068370359671050739,https://www.airbnb.com/rooms/1068370359671050739,20250927041735,2025-09-27,city scrape,Christian's Cottage,"Enjoy the best of the Barossa Valley by day & unwind in absolute comfort at Christian's Cottage. <br /><br />This premium accommodation & original 1850’s homestead has seamlessly been brought into the 21st Century with simplicity, quality & luxury at the forefront of the design. It encompasses light-filled indoor & outdoor living spaces<br /><br />Christian’s Cottage was the homestead of one of the region's founding fathers of our thriving wine industry & the cottage allows you to celebrate its history.",,https://a0.muscache.com/pictures/hosting/Hosting-1068370359671050739/original/ceba45b3-8a0e-4c80-ad58-8a9f5fcc4aff.jpeg,13710316,https://www.airbnb.com/users/show/13710316,Jamie-Lee,2015-04-26,"Windsor, Australia","Self-proclaimed local food and wine aficionado. Live to create memorable moments for friends and strangers alike and believe memories should be made over a meal. My core belief is that life should be enjoyed. Filled with many lovely memories made up of everyday joys, special occasions and memorable experiences.",within an hour,100%,90%,t,https://a0.muscache.com/im/pictures/user/4f60604e-d115-4670-a575-82f6002dc9bd.jpg?aki_policy=profile_small,https://a0.muscache.com/im/pictures/user/4f60604e-d115-4670-a575-82f6002dc9bd.jpg?aki_policy=profile_x_medium,,1,1,"['email', 'phone']",t,t,,Tanunda,,-34.51032,138.9621,Entire home,Entire home/apt,4,3.0,3 baths,2,2,"[""Coffee maker"", ""Lockbox"", ""Ceiling fan"", ""Heating"", ""Wifi"", ""Dishwasher"", ""Sound system"", ""Hot water"", ""Dishes and silverware"", ""Barbecue utensils"", ""Outdoor dining area"", ""Bed linens"", ""Books and reading material"", ""Patio or balcony"", ""Indoor fireplace"", ""Dryer"", ""Oven"", ""Self check-in"", ""Coffee"", ""Freezer"", ""Dining table"", ""Iron"", ""Kitchen"", ""Al.ive body soap"", ""Outdoor furniture"", ""Stove"", ""Room-darkening shades"", ""Cleaning products"", ""Shower gel"", ""Extra pillows and blankets"", ""Blender"", ""Free parking on premises"", ""Bathtub"", ""Drying rack for clothing"", ""TV"", ""Hangers"", ""Air conditioning"", ""Dedicated workspace"", ""Refrigerator"", ""Baking sheet"", ""Private entrance"", ""BBQ grill"", ""Washer"", ""Backyard"", ""Shampoo"", ""Fire extinguisher"", ""Cooking basics"", ""Wine glasses"", ""Essentials"", ""Conditioner"", ""Microwave"", ""Clothing storage"", ""Smoke alarm"", ""Free street parking"", ""Hair dryer"", ""Hot water kettle"", ""Single level home"", ""Toaster"", ""Breakfast""]",$522.00,2,14,2,3,14,14,2.0,14.0,,t,23,40,64,322,2025-09-27,22,18,2,64,12,108,56376,2024-05-26,2025-09-07,5.0,5.0,5.0,5.0,5.0,5.0,4.95,,f,1,1,0,0,1.35
1068990462631319029,https://www.airbnb.com/rooms/1068990462631319029,20250927041735,2025-09-27,city scrape,Roseworthy - Rural Living Barossa,"Forget your worries in this spacious and serene space. 5000 sq/m of land in semi rural location - 5 mins drive to Gawler.<br /><br />Roseworthy Agricultural College nearby - students / long term places available. All cooking, cleaning, washing is done for you - the perfect home stay environment for peaceful studies.<br /><br />Barossa Valley Wineries are a short drive away - indulge in beautiful wines, visit gorgeous cellar doors - everything this beautiful region has to offer",Rural - 45 minutes to CBD by car<br />Gawler township is 5 minutes by car,https://a0.muscache.com/pictures/miso/Hosting-1068990462631319029/original/ef56d33b-7b11-41cd-92ae-cef2c994b877.jpeg,22593067,https://www.airbnb.com/users/show/22593067,Sharyn,2014-10-16,,My husband Phil & I are empty nesters - and its lonely!!!!! We have previously hosted long term student homestays....but open to learning from short term visitors as well,within an hour,100%,100%,f,https://a0.muscache.com/im/pictures/user/34557376-11f1-4ce3-a121-2f1ba5af7d2b.jpg?aki_policy=profile_small,https://a0.muscache.com/im/pictures/user/34557376-11f1-4ce3-a121-2f1ba5af7d2b.jpg?aki_policy=profile_x_medium,,1,3,"['email', 'phone']",t,f,Neighborhood highlights,Roseworthy,,-34.5248,138.74214,Private room in home,Private room,3,1.0,1 shared bath,3,2,"[""Heating"", ""Hot water"", ""Dishes and silverware"", ""Outdoor dining area"", ""Indoor fireplace"", ""Dryer"", ""Oven"", ""Iron"", ""Outdoor furniture"", ""TV"", ""Outdoor kitchen"", ""Refrigerator"", ""Air conditioning"", ""Private entrance"", ""BBQ grill"", ""Backyard"", ""Fire extinguisher"", ""Cooking basics"", ""Essentials"", ""Free street parking"", ""Smoke alarm"", ""Host greets you"", ""Hair dryer"", ""Breakfast""]",$75.00,1,365,1,1,365,365,1.0,365.0,,t,29,59,89,269,2025-09-27,3,1,0,95,2,6,450,2024-02-26,2025-08-25,5.0,5.0,5.0,5.0,5.0,4.67,5.0,,f,1,0,1,0,0.16
1069889240397716207,https://www.airbnb.com/rooms/1069889240397716207,20250927041735,2025-09-27,city scrape,Barossa Glasshouse,"Perched upon a hill capturing panoramic views over rolling vineyards and rural landscapes towards the Barossa Valley ranges.<br />Designed by renowned architect Max Pritchard, this adults-only secluded retreat can sleep up to six guests (3 x bedrooms), with a full chef's kitchen, separate media room, and sunken lounge overlooking the unmatched views. Enjoy a luxury experience unique to the Barossa Valley region. Each stay includes a complimentary local, welcome hamper for you to enjoy for breakfast.",,https://a0.muscache.com/pictures/miso/Hosting-1069889240397716207/original/01bc8440-81b2-419e-bb0e-d1b6981fbb3e.jpeg,550873009,https://www.airbnb.com/users/show/550873009,Natalie Ann,2023-12-13,,"",within an hour,100%,100%,f,https://a0.muscache.com/im/pictures/user/User/original/abdbc0c8-6c2d-4d40-8f97-c6d334e0aedd.jpeg?aki_policy=profile_small,https://a0.muscache.com/im/pictures/user/User/original/abdbc0c8-6c2d-4d40-8f97-c6d334e0aedd.jpeg?aki_policy=profile_x_medium,,2,2,"['email', 'phone']",t,t,,Lyndoch,,-34.5761333,138.8697533,Entire home,Entire home/apt,6,2.0,2 baths,3,3,"[""Coffee maker"", ""Heating"", ""Wifi"", ""Long term stays allowed"", ""Hot water"", ""First aid kit"", ""Dishes and silverware"", ""Luggage dropoff allowed"", ""Indoor fireplace"", ""Dryer"", ""Self check-in"", ""Iron"", ""Kitchen"", ""Keypad"", ""TV"", ""Refrigerator"", ""Hangers"", ""Air conditioning"", ""BBQ grill"", ""Washer"", ""Backyard"", ""Fire extinguisher"", ""Shampoo"", ""Essentials"", ""Smoke alarm"", ""Hair dryer"", ""Exterior security cameras on property"", ""Free parking on premises""]","$1,188.00",2,365,2,2,10,365,2.0,95.6,,t,21,37,62,317,2025-09-27,1,0,0,62,1,0,0,2024-07-15,2024-07-15,5.0,5.0,5.0,5.0,5.0,5.0,5.0,,t,2,2,0,0,0.07
1080643617437021713,https://www.airbnb.com/rooms/1080643617437021713,20250927041735,2025-09-27,city scrape,The Kirche - Luxury Couples Accommodation,"Situated on beautiful Krondorf Road, only three minutes from Tanunda, The Kirche offers a tranquil setting for either a long term or short term stay in the famous Barossa Valley.<br /><br />This unique, historical building has been tastefully turned it into superb luxury vineyard accommodation without compromising the wonderful warmth and space evident in its origins.<br /><br />Kirche is German for church. “The Zum Kripplein Christi” Lutheran Church was the centre of village life from 1864 through to the 1950’s.",,https://a0.muscache.com/pictures/bf4bdfa4-e9cf-48ab-acd9-219931daa0bf.jpg,274161665,https://www.airbnb.com/users/show/274161665,Virginia And Charlie,2019-07-07,"Tanunda, Australia","",N/A,N/A,50%,f,https://a0.muscache.com/im/pictures/user/ad6422d2-167f-4811-9892-9e621a0d4ebb.jpg?aki_policy=profile_small,https://a0.muscache.com/im/pictures/user/ad6422d2-167f-4811-9892-9e621a0d4ebb.jpg?aki_policy=profile_x_medium,,2,2,"['email', 'phone']",t,t,,Bethany,,-34.55928,138.967,Entire home,Entire home/apt,2,1.0,1 bath,1,1,"[""Coffee maker"", ""Ethernet connection"", ""Heating"", ""Wifi"", ""Dishwasher"", ""Crib"", ""Sound system"", ""Long term stays allowed"", ""Hot water"", ""First aid kit"", ""Dishes and silverware"", ""Barbecue utensils"", ""Outdoor dining area"", ""Luggage dropoff allowed"", ""Bed linens"", ""Books and reading material"", ""Patio or balcony"", ""Indoor fireplace"", ""Dryer"", ""Oven"", ""Coffee"", ""Freezer"", ""Dining table"", ""Iron"", ""Kitchen"", ""Outdoor furniture"", ""Stove"", ""Cleaning products"", ""Shower gel"", ""Extra pillows and blankets"", ""Free parking on premises"", ""Bathtub"", ""Drying rack for clothing"", ""TV"", ""Hangers"", ""Air conditioning"", ""Dedicated workspace"", ""Refrigerator"", ""Baking sheet"", ""Private entrance"", ""BBQ grill"", ""Washer"", ""Backyard"", ""Shampoo"", ""Fire extinguisher"", ""Cooking basics"", ""Wine glasses"", ""Essentials"", ""Board games"", ""Conditioner"", ""Children\u2019s books and toys"", ""Microwave"", ""Clothing storage"", ""Smoke alarm"", ""Free street parking"", ""Hair dryer"", ""Host greets you"", ""Hot water kettle"", ""Body soap"", ""Toaster"", ""Breakfast""]",$670.00,2,365,2,4,365,365,2.1,365.0,,t,22,45,73,326,2025-09-27,1,1,0,79,1,6,4020,2024-09-28,2024-09-28,5.0,5.0,5.0,5.0,5.0,5.0,5.0,,f,2,2,0,0,0.08
1082058872865988202,https://www.airbnb.com/rooms/1082058872865988202,20250927041735,2025-09-27,city scrape,"Sage Cottage, Country Pleasures","Nestled in the quaint market town of Angaston in the world-renowned Barossa Valley wine region this charming place to stay offers easy access to popular shops, wineries and restaurants.<br /><br />Situated 60 minutes drive from Adelaide, the cottage is purpose built, self-contained and beautifully appointed just for you.<br /><br />The cottage features a full sized kitchen, two spacious queen size bedrooms, a stunning bathroom complete with a luxury spa overlooking a private garden atrium and a cosy wood fire.",,https://a0.muscache.com/pictures/miso/Hosting-1082058872865988202/original/b1a1d438-bf21-47c1-ae52-f55a79839976.jpeg,257562725,https://www.airbnb.com/users/show/257562725,Jasmine,2019-04-23,"Nuriootpa, Australia","",within an hour,97%,100%,t,https://a0.muscache.com/im/pictures/user/184c98b8-2ac9-4a50-8f9b-7f86c509baea.jpg?aki_policy=profile_small,https://a0.muscache.com/im/pictures/user/184c98b8-2ac9-4a50-8f9b-7f86c509baea.jpg?aki_policy=profile_x_medium,,6,6,"['email', 'phone']",t,t,,Angaston,,-34.4942944,139.0460005,Entire cottage,Entire home/apt,4,1.0,1 bath,2,2,"[""Indoor fireplace"", ""TV"", ""Wifi"", ""Air conditioning"", ""Smoke alarm"", ""Kitchen"", ""Free parking on premises"", ""Washer""]",$265.00,2,365,1,2,365,365,2.0,365.0,,t,15,36,61,318,2025-09-27,11,8,0,61,5,48,12720,2024-02-09,2025-07-18,4.64,4.73,4.73,5.0,4.18,4.64,4.55,,t,6,5,1,0,0.55
1082082766690224848,https://www.airbnb.com/rooms/1082082766690224848,20250927041735,2025-09-27,city scrape,"Rose Cottage, Country Pleasures","Nestled in the quaint market town of Angaston in the world-renowned Barossa Valley wine region this charming place to stay offers easy access to popular shops, wineries and restaurants.<br /><br />Situated 60 minutes drive from Adelaide, the cottage is purpose built, self-contained and beautifully appointed just for you.<br /><br />The cottage features a full sized kitchen, two spacious queen size bedrooms, a stunning bathroom complete with a luxury spa overlooking a private garden atrium and a cosy wood fire.",,https://a0.muscache.com/pictures/miso/Hosting-1082058872865988202/original/b1a1d438-bf21-47c1-ae52-f55a79839976.jpeg,257562725,https://www.airbnb.com/users/show/257562725,Jasmine,2019-04-23,"Nuriootpa, Australia","",within an hour,97%,100%,t,https://a0.muscache.com/im/pictures/user/184c98b8-2ac9-4a50-8f9b-7f86c509baea.jpg?aki_policy=profile_small,https://a0.muscache.com/im/pictures/user/184c98b8-2ac9-4a50-8f9b-7f86c509baea.jpg?aki_policy=profile_x_medium,,6,6,"['email', 'phone']",t,t,,Angaston,,-34.49473,139.0452,Entire cottage,Entire home/apt,4,1.0,1 bath,2,2,"[""Indoor fireplace"", ""TV"", ""Wifi"", ""Air conditioning"", ""Smoke alarm"", ""Kitchen"", ""Free parking on premises"", ""Washer""]",$265.00,2,365,1,2,365,365,2.0,365.0,,t,5,22,38,284,2025-09-27,24,18,0,41,7,108,28620,2024-03-25,2025-08-11,4.83,4.92,4.88,5.0,4.83,4.96,4.71,,t,6,5,1,0,1.30
1090120491465387092,https://www.airbnb.com/rooms/1090120491465387092,20250927041735,2025-09-27,previous scrape,Romantic Homestead farm stay in Barossa Valley SA.,"This gorgeous 3 Bed renovated rustic stone homestead was built  in the 1800’s,with hot tub is a small working  farm , incl  mini sheep & lambs, mini cow, goats, alpacas, and chooks & peacocks.Located in the wine lovers' heaven of Barossa Valley, we offer panoramic views of vineyards, undulating hills, trees, dams, kangaroos grazing on the paddocks , brilliant sunsets. The farm is surrounded by some of the Barossa Valley's finest and most picturesque vineyards. Private & Tranquility plus !",,https://a0.muscache.com/pictures/hosting/Hosting-1090120491465387092/original/2415b63a-0447-4fc6-8556-6b93a38e06d8.jpeg,559882403,https://www.airbnb.com/users/show/559882403,Katherine,2024-02-01,"Angaston, Australia","",within a few hours,100%,93%,t,https://a0.muscache.com/im/pictures/user/User/original/791d58c5-193d-4fd1-93c6-25ec8ab236ef.jpeg?aki_policy=profile_small,https://a0.muscache.com/im/pictures/user/User/original/791d58c5-193d-4fd1-93c6-25ec8ab236ef.jpeg?aki_policy=profile_x_medium,,1,1,['phone'],t,f,,Flaxman Valley,,-34.6481,139.0632,Farm stay,Entire home/apt,6,,1 bath,3,,"[""Coffee maker"", ""Ceiling fan"", ""Fire pit"", ""Ethernet connection"", ""Heating"", ""Wifi"", ""Dishwasher"", ""Sound system"", ""Long term stays allowed"", ""Hot water"", ""First aid kit"", ""Dishes and silverware"", ""Barbecue utensils"", ""Outdoor dining area"", ""Fireplace guards"", ""LG  double oven"", ""Private patio or balcony"", ""Bed linens"", ""Books and reading material"", ""Indoor fireplace"", ""Coffee"", ""Dining table"", ""Iron"", ""Kitchen"", ""AC - split type ductless system"", ""Outdoor furniture"", ""Room-darkening shades"", ""Cleaning products"", ""Shower gel"", ""Extra pillows and blankets"", ""Blender"", ""Free parking on premises"", ""TV"", ""Dedicated workspace"", ""Hangers"", ""Refrigerator"", ""Baking sheet"", ""Private entrance"", ""BBQ grill"", ""Hot tub"", ""Single level home"", ""Washer"", ""Shampoo"", ""Fire extinguisher"", ""Cooking basics"", ""Wine glasses"", ""Essentials"", ""Shared backyard"", ""Sun loungers"", ""Electric stove"", ""Conditioner"", ""Microwave"", ""Clothing storage"", ""Portable fans"", ""Smoke alarm"", ""Hair dryer"", ""Host greets you"", ""Hot water kettle"", ""Body soap"", ""Toaster"", ""Breakfast""]",,2,120,1,2,120,120,2.0,120.0,,,0,0,0,0,2025-09-27,30,23,2,0,14,138,,2024-06-10,2025-09-19,4.93,4.77,4.67,4.97,4.97,4.97,4.83,,f,1,1,0,0,1.89
1092482543718813179,https://www.airbnb.com/rooms/1092482543718813179,20250927041735,2025-09-27,city scrape,"Spa Bath, Entire Home, Off Street Parking",Welcome to Little Eden - Barossa.<br /><br />Main features include:<br />☞ Spa Bath<br />☞ Pets Allowed<br />☞ Modern Country-Style Kitchen<br />☞ Washing Machine <br />☞ High Speed WiFi<br />☞ Pod Coffee Machine<br />☞ Off Street Parking<br /><br />Send me a message now before someone else reserves. The best dates book up first. Reserve now.,,https://a0.muscache.com/pictures/prohost-api/Hosting-1092482543718813179/original/c0340854-5893-45c0-bc55-d7290166364c.jpeg,83898613,https://www.airbnb.com/users/show/83898613,Hannah,2016-07-15,"Adelaide, Australia","I'm Hannah, owner of Tuscan Apartment located in Glenelg, Australia. 

Airbnb Locations I have stayed in: 
- Fiji, South Pacific
- Gold Coast, Australia
- Port Douglas, Australia
- Byron Bay, Australia
- Bali, Indonesia
- Melbourne, Australia
- Whitsunday's, Australia

Next On My Bucket List:
- Hot Air Balloon over Cappadocia",within an hour,98%,97%,t,https://a0.muscache.com/im/pictures/user/User-83898613/original/99652b02-d56b-4e11-9487-e77dd441914d.jpeg?aki_policy=profile_small,https://a0.muscache.com/im/pictures/user/User-83898613/original/99652b02-d56b-4e11-9487-e77dd441914d.jpeg?aki_policy=profile_x_medium,,19,28,"['email', 'phone']",t,t,,Eden Valley,,-34.64346,139.09788,Entire home,Entire home/apt,4,1.0,1 bath,1,1,"[""Coffee maker"", ""Lockbox"", ""Heating"", ""Wifi"", ""Dishwasher"", ""Long term stays allowed"", ""Hot water"", ""Dishes and silverware"", ""Outdoor dining area"", ""Private patio or balcony"", ""Luggage dropoff allowed"", ""Bed linens"", ""Oven"", ""Indoor fireplace: wood-burning"", ""Self check-in"", ""Cleaning available during stay"", ""Pack \u2019n play/Travel crib"", ""Freezer"", ""Dining table"", ""Kitchen"", ""AC - split type ductless system"", ""Outdoor furniture"", ""Private backyard \u2013 Fully fenced"", ""Stainless steel stove"", ""Shower gel"", ""Extra pillows and blankets"", ""Free parking on premises"", ""Free washer \u2013 In unit"", ""Bathtub"", ""TV"", ""Dedicated workspace"", ""Refrigerator"", ""Private entrance"", ""Shampoo"", ""Cooking basics"", ""Wine glasses"", ""Essentials"", ""Pets allowed"", ""Board games"", ""Conditioner"", ""Mini fridge"", ""Clothing storage"", ""Smoke alarm"", ""Free street parking"", ""Hair dryer"", ""Hot water kettle"", ""Body soap"", ""Toaster""]",$366.00,2,365,1,4,365,365,2.0,365.0,,t,22,45,75,285,2025-09-27,34,20,0,81,21,120,43920,2024-03-06,2025-07-20,4.82,4.88,4.74,4.91,4.97,4.91,4.68,,f,1,1,0,0,1.79
1095242851004419809,https://www.airbnb.com/rooms/1095242851004419809,20250927041735,2025-09-27,city scrape,Benbullen Homestead,"Welcome to ""Benbullen Retreat"". A stunning 5 bedroom, 3 bathroom, blue-stone homestead set on 10 acres of immaculate parkland grounds in the Barossa Valley. For your own private enjoyment, Benbullen is the ideal destination for up to 10 persons. You will be spoilt with your own  stunning views over the Barossa. This is Barossa Accommodation at it's best - The ultimate retreat, oozing charm and quality throughout.",,https://a0.muscache.com/pictures/miso/Hosting-1095242851004419809/original/12aecba7-81d7-4b01-9bee-761960c12f32.jpeg,466461269,https://www.airbnb.com/users/show/466461269,Misha,2022-06-27,,"",within an hour,100%,100%,f,https://a0.muscache.com/im/pictures/user/User/original/5cc49613-1de6-4bc2-b7aa-e77aa54bc2aa.jpeg?aki_policy=profile_small,https://a0.muscache.com/im/pictures/user/User/original/5cc49613-1de6-4bc2-b7aa-e77aa54bc2aa.jpeg?aki_policy=profile_x_medium,,4,4,"['email', 'phone']",t,t,,Angaston,,-34.5462685,139.027625,Entire home,Entire home/apt,10,3.0,3 baths,5,5,"[""JBL Sound Box Bluetooth sound system"", ""Lockbox"", ""Ceiling fan"", ""HDTV with Netflix"", ""Stainless Steel with filtered water and ice maker refrigerator"", ""Babysitter recommendations"", ""Fire pit"", ""Ethernet connection"", ""Wifi"", ""Dishwasher"", ""Long term stays allowed"", ""Hot water"", ""First aid kit"", ""Dishes and silverware"", ""Barbecue utensils"", ""Outdoor dining area"", ""Luxury Jurlique conditioner"", ""Fireplace guards"", ""Private backyard"", ""Bed linens"", ""Books and reading material"", ""Indoor fireplace"", ""Illve stainless steel oven"", ""Free dryer \u2013 In building"", ""Self check-in"", ""Coffee"", ""Pack \u2019n play/Travel crib"", ""Freezer"", ""Dining table"", ""Iron"", ""Kitchen"", ""Outdoor furniture"", ""Clothing storage: walk-in closet, closet, and wardrobe"", ""Central air conditioning"", ""Central heating"", ""Room-darkening shades"", ""Cleaning products"", ""Shower gel"", ""Extra pillows and blankets"", ""Free parking on premises"", ""Bathtub"", ""Drying rack for clothing"", ""Dedicated workspace"", ""Hangers"", ""Baking sheet"", ""Private entrance"", ""Illve stainless steel gas stove"", ""BBQ grill"", ""Washer"", ""Fire extinguisher"", ""Luxury Jurlique shampoo"", ""Cooking basics"", ""Wine glasses"", ""Essentials"", ""Board games"", ""Piano"", ""Microwave"", ""Free street parking"", ""Smoke alarm"", ""Hair dryer"", ""Toaster"", ""Coffee maker: Nespresso"", ""Single level home"", ""Luxury SA Jurlique range of toiletries body soap""]","$1,898.00",2,1125,2,2,2,1125,2.0,163.2,,t,10,32,56,321,2025-09-27,0,0,0,62,0,0,0,,,,,,,,,,,t,4,4,0,0,
1095252810134424371,https://www.airbnb.com/rooms/1095252810134424371,20250927041735,2025-09-27,city scrape,Benbullen Pavilion One,"Welcome to Benbullen Pavilions - a stylish and modern luxury accommodation option in the heart of the Barossa Valley. Pavilion One & Pavilion Two each feature 3 bedrooms with their own ensuites to accommodate up to 6 guests, with the option to be booked separately or together to accommodate for larger groups. With superb views of the Barossa and surrounding natural landscape, you'll be sure to be met with a truly memorable stay in the most peaceful of settings.",,https://a0.muscache.com/pictures/hosting/Hosting-U3RheVN1cHBseUxpc3Rpbmc6MTA5NTI1MjgxMDEzNDQyNDM3MQ%3D%3D/original/ba84e649-831a-49bf-b7e2-694b5777f0a2.jpeg,466461269,https://www.airbnb.com/users/show/466461269,Misha,2022-06-27,,"",within an hour,100%,100%,f,https://a0.muscache.com/im/pictures/user/User/original/5cc49613-1de6-4bc2-b7aa-e77aa54bc2aa.jpeg?aki_policy=profile_small,https://a0.muscache.com/im/pictures/user/User/original/5cc49613-1de6-4bc2-b7aa-e77aa54bc2aa.jpeg?aki_policy=profile_x_medium,,4,4,"['email', 'phone']",t,t,,Angaston,,-34.54552,139.02872,Entire home,Entire home/apt,6,3.0,3 baths,3,0,"[""Lockbox"", ""Wifi"", ""Dishwasher"", ""Coffee maker: Nespresso"", ""Jurlique conditioner"", ""Hot water"", ""First aid kit"", ""Dishes and silverware"", ""Barbecue utensils"", ""Outdoor dining area"", ""Clothing storage: wardrobe"", ""Bed linens"", ""Books and reading material"", ""Dryer"", ""Jurlique body soap"", ""Self check-in"", ""Coffee"", ""Freezer"", ""Bosch stainless steel single oven"", ""Dining table"", ""Iron"", ""Kitchen"", ""Stove"", ""Room-darkening shades"", ""Cleaning products"", ""Shower gel"", ""Extra pillows and blankets"", ""Blender"", ""Free parking on premises"", ""Free washer \u2013 In unit"", ""Drying rack for clothing"", ""TV"", ""Refrigerator"", ""Hangers"", ""Air conditioning"", ""Baking sheet"", ""Private entrance"", ""BBQ grill"", ""Backyard"", ""Cooking basics"", ""Wine glasses"", ""Essentials"", ""Board games"", ""Microwave"", ""Smoke alarm"", ""Hair dryer"", ""Hot water kettle"", ""Single level home"", ""Toaster"", ""Jurlique shampoo""]","$1,150.00",2,1125,2,2,2,1125,2.0,286.3,,t,16,33,47,287,2025-09-27,4,3,1,53,2,18,20700,2024-09-08,2025-09-07,5.0,5.0,5.0,5.0,5.0,5.0,5.0,,t,4,4,0,0,0.31
1095260296566422673,https://www.airbnb.com/rooms/1095260296566422673,20250927041735,2025-09-27,city scrape,Benbullen Pavilion Two,"Welcome to Benbullen Pavilions - a stylish and modern luxury accommodation option in the heart of the Barossa Valley. Pavilion One & Pavilion Two each feature 3 bedrooms with their own ensuites to accommodate up to 6 guests, with the option to be booked separately or together to accommodate for larger groups. Pavilion Two is also accessible. With superb views of the Barossa and surrounding natural landscape, you'll be sure to be met with a truly memorable stay in the most peaceful of settings.",,https://a0.muscache.com/pictures/hosting/Hosting-U3RheVN1cHBseUxpc3Rpbmc6MTA5NTI2MDI5NjU2NjQyMjY3Mw%3D%3D/original/e16c1ce5-3712-42ac-a79f-5c3967a03b8e.png,466461269,https://www.airbnb.com/users/show/466461269,Misha,2022-06-27,,"",within an hour,100%,100%,f,https://a0.muscache.com/im/pictures/user/User/original/5cc49613-1de6-4bc2-b7aa-e77aa54bc2aa.jpeg?aki_policy=profile_small,https://a0.muscache.com/im/pictures/user/User/original/5cc49613-1de6-4bc2-b7aa-e77aa54bc2aa.jpeg?aki_policy=profile_x_medium,,4,4,"['email', 'phone']",t,t,,Angaston,,-34.54735,139.02861,Entire home,Entire home/apt,6,3.0,3 baths,3,3,"[""Lockbox"", ""Wifi"", ""Dishwasher"", ""Jurlique conditioner"", ""Hot water"", ""First aid kit"", ""Dishes and silverware"", ""Barbecue utensils"", ""Outdoor dining area"", ""Clothing storage: wardrobe"", ""Bed linens"", ""Books and reading material"", ""Dryer"", ""Jurlique body soap"", ""Self check-in"", ""Coffee"", ""Freezer"", ""Bosch stainless steel single oven"", ""Dining table"", ""Iron"", ""Kitchen"", ""Outdoor furniture"", ""Central air conditioning"", ""Stove"", ""Room-darkening shades"", ""Cleaning products"", ""Shower gel"", ""Extra pillows and blankets"", ""Blender"", ""Free parking on premises"", ""Free washer \u2013 In unit"", ""Drying rack for clothing"", ""Outdoor kitchen with sink"", ""Refrigerator"", ""Hangers"", ""Baking sheet"", ""Private entrance"", ""BBQ grill"", ""Backyard"", ""Cooking basics"", ""HDTV"", ""Wine glasses"", ""Essentials"", ""Board games"", ""Microwave"", ""Smoke alarm"", ""Hair dryer"", ""Exterior security cameras on property"", ""Coffee maker: Nespresso"", ""Single level home"", ""Toaster"", ""Jurlique shampoo""]","$1,150.00",2,1125,2,2,2,1125,2.0,168.9,,t,18,33,59,325,2025-09-27,0,0,0,65,0,0,0,,,,,,,,,,,t,4,4,0,0,
1095284158666262611,https://www.airbnb.com/rooms/1095284158666262611,20250927041735,2025-09-27,city scrape,Gawler Park Estate,"Welcome to 'Gawler Park Estate'. The Barossa Valley's newest exclusive use property that offers unparalleled privacy, sophistication and effortless luxury. Nestled among 40 hectares of historic farmland, Gawler Park Estate seamlessly blends country charm with modern luxe and just a short drive to some of Australia's most iconic wineries, from the moment you arrive, Gawler Park Estate feels just right.",,https://a0.muscache.com/pictures/miso/Hosting-1095284158666262611/original/c41df590-dec8-4988-86d9-901033ce025e.jpeg,466461269,https://www.airbnb.com/users/show/466461269,Misha,2022-06-27,,"",within an hour,100%,100%,f,https://a0.muscache.com/im/pictures/user/User/original/5cc49613-1de6-4bc2-b7aa-e77aa54bc2aa.jpeg?aki_policy=profile_small,https://a0.muscache.com/im/pictures/user/User/original/5cc49613-1de6-4bc2-b7aa-e77aa54bc2aa.jpeg?aki_policy=profile_x_medium,,4,4,"['email', 'phone']",t,t,,Moculta,,-34.4992,139.07711,Entire home,Entire home/apt,6,3.0,3 baths,3,3,"[""Housekeeping - available at extra cost"", ""Lockbox"", ""Clothing storage: walk-in closet"", ""Falcon oven"", ""Fire pit"", ""Al.ive conditioner"", ""Ethernet connection"", ""Wifi"", ""Dishwasher"", ""Coffee maker: Nespresso"", ""Rice maker"", ""Long term stays allowed"", ""Hot water"", ""First aid kit"", ""Dishes and silverware"", ""Mosquito net"", ""Barbecue utensils"", ""Outdoor dining area"", ""Pool"", ""Private patio or balcony"", ""Private sauna"", ""Bed linens"", ""Books and reading material"", ""Free dryer \u2013 In building"", ""Self check-in"", ""Coffee"", ""Freezer"", ""Dining table"", ""Iron"", ""Kitchen"", ""Al.ive body soap"", ""Outdoor furniture"", ""Private backyard \u2013 Fully fenced"", ""Room-darkening shades"", ""Falcon stainless steel gas stove"", ""Cleaning products"", ""Shower gel"", ""Extra pillows and blankets"", ""Blender"", ""Free parking on premises"", ""Carbon monoxide alarm"", ""Bathtub"", ""Drying rack for clothing"", ""TV"", ""Outdoor shower"", ""Hangers"", ""Air conditioning"", ""Indoor fireplace: electric"", ""Heating - split type ductless system"", ""Dedicated workspace"", ""Baking sheet"", ""Private entrance"", ""Private outdoor kitchen"", ""BBQ grill"", ""Washer"", ""Fire extinguisher"", ""Cooking basics"", ""Wine glasses"", ""Essentials"", ""Sun loungers"", ""SONOS Bluetooth sound system"", ""Miele refrigerator"", ""Crib - available upon request"", ""Bidet"", ""Microwave"", ""Smoke alarm"", ""Hair dryer"", ""Hot water kettle"", ""Single level home"", ""Toaster"", ""Al.ive shampoo"", ""Breakfast""]","$2,169.00",1,999,1,2,999,999,1.5,999.0,,t,13,43,70,345,2025-09-27,1,1,0,76,1,6,13014,2024-12-27,2024-12-27,5.0,5.0,5.0,5.0,5.0,5.0,5.0,,t,4,4,0,0,0.11
1097263627658516424,https://www.airbnb.com/rooms/1097263627658516424,20250927041735,2025-09-27,city scrape,Mt Mac Barossa - Luxury & Authenticity,"Mt Mac Barossa is a beautifully curated Barossa cottage, 5 minutes out of Angaston. Successfully combining the old and the new, providing luxury, style and authenticity. It is situated amongst vines and majestic old gums.The architectural design of Mt Mac Barossa is award winning. This is a unique property in a class of its own. For more photos and videos of the property and the local area please visit our IG @mtmacbarossa",,https://a0.muscache.com/pictures/hosting/Hosting-U3RheVN1cHBseUxpc3Rpbmc6MTA5NzI2MzYyNzY1ODUxNjQyNA%3D%3D/original/13e2facf-310a-4e43-9738-9864c4839b9d.jpeg,196783231,https://www.airbnb.com/users/show/196783231,Louise,2018-06-20,"Krondorf, Australia","",within an hour,100%,100%,t,https://a0.muscache.com/im/pictures/user/51e7fd74-de62-4ca4-ab41-edd3fc028573.jpg?aki_policy=profile_small,https://a0.muscache.com/im/pictures/user/51e7fd74-de62-4ca4-ab41-edd3fc028573.jpg?aki_policy=profile_x_medium,,5,5,"['email', 'phone']",t,t,,Flaxman Valley,,-34.5639443,139.0878734,Entire home,Entire home/apt,6,2.0,2 baths,3,4,"[""Coffee maker"", ""Lockbox"", ""Heating"", ""Dishwasher"", ""Hot water"", ""First aid kit"", ""Dishes and silverware"", ""Barbecue utensils"", ""Bed linens"", ""Books and reading material"", ""Oven"", ""Indoor fireplace: wood-burning"", ""Self check-in"", ""Coffee"", ""Freezer"", ""Iron"", ""Stove"", ""Room-darkening shades"", ""Cleaning products"", ""Shower gel"", ""Extra pillows and blankets"", ""Bathtub"", ""TV"", ""Refrigerator"", ""Hangers"", ""Air conditioning"", ""Baking sheet"", ""Trash compactor"", ""Shampoo"", ""Fire extinguisher"", ""Cooking basics"", ""Wine glasses"", ""Essentials"", ""Conditioner"", ""Microwave"", ""Mini fridge"", ""Clothing storage"", ""Smoke alarm"", ""Hair dryer"", ""Hot water kettle"", ""Body soap"", ""Toaster""]",$612.00,2,365,1,2,365,365,2.0,365.0,,t,21,44,74,319,2025-09-27,12,10,0,80,3,60,36720,2024-08-18,2025-08-18,5.0,5.0,5.0,5.0,5.0,5.0,5.0,,f,4,4,0,0,0.89
1101029868029646938,https://www.airbnb.com/rooms/1101029868029646938,20250927041735,2025-09-27,city scrape,Alberts cottage,"Our heritage listed 1845 cottage is set on a working vineyard/winery in Light Pass the Barossa Valley, The Willows Vineyard. Starting its life as the original Willow’s hospital and then Albert Scholz’ pharmacy, our cottage has been lovingly restored in keeping with its original character. The ideal location to explore the Barossa Valley, local cellar doors and the Barossa farmers market (a mere 5 minutes away).",,https://a0.muscache.com/pictures/hosting/Hosting-U3RheVN1cHBseUxpc3Rpbmc6MTEwMTAyOTg2ODAyOTY0NjkzOA==/original/8dc68ff4-5ce4-462d-8c20-9a7e4a294123.jpeg,564378853,https://www.airbnb.com/users/show/564378853,Tracey,2024-02-27,,"",within an hour,100%,100%,t,https://a0.muscache.com/im/pictures/user/User-564378853/original/935e600a-b046-4341-a773-ce116cb7e68d.jpeg?aki_policy=profile_small,https://a0.muscache.com/im/pictures/user/User-564378853/original/935e600a-b046-4341-a773-ce116cb7e68d.jpeg?aki_policy=profile_x_medium,,1,1,"['email', 'phone']",t,f,,Light Pass,,-34.46117724485675,139.02145941752966,Entire guesthouse,Entire home/apt,2,1.0,1 bath,1,1,"[""Wifi"", ""Dishwasher"", ""Hot water"", ""Dishes and silverware"", ""First aid kit"", ""Bed linens"", ""Oven"", ""Indoor fireplace: wood-burning"", ""Coffee"", ""Dining table"", ""Kitchen"", ""Bathtub"", ""TV"", ""Heating - split type ductless system"", ""Air conditioning"", ""Washer"", ""Wine glasses"", ""Cooking basics"", ""Board games"", ""Smoke alarm"", ""Free parking on premises"", ""Toaster""]",$230.00,2,7,2,2,7,7,2.0,7.0,,t,14,38,63,227,2025-09-27,23,17,3,63,8,102,23460,2024-03-24,2025-09-23,5.0,5.0,4.96,5.0,5.0,4.96,4.96,,t,1,1,0,0,1.25
1105265495862878734,https://www.airbnb.com/rooms/1105265495862878734,20250927041735,2025-09-27,previous scrape,The Green Room,"🌿 Welcome to The Green Room! 🌿<br /><br />This newly built, modern, open plan living guest room, is beautifully presented oozing with a sense of calm. <br /><br />The guest room is located on the same property as our main residence, and is neatly built within our shed.",,https://a0.muscache.com/pictures/hosting/Hosting-U3RheVN1cHBseUxpc3Rpbmc6MTEwNTI2NTQ5NTg2Mjg3ODczNA%3D%3D/original/57fb120d-bcda-42cb-be96-2e15e3aad890.jpeg,565406081,https://www.airbnb.com/users/show/565406081,Karina,2024-03-04,"Angaston, Australia","",within an hour,100%,93%,f,https://a0.muscache.com/im/pictures/user/User-565406081/original/cd776041-10e6-4edd-a8e2-1a6996b3e1bc.jpeg?aki_policy=profile_small,https://a0.muscache.com/im/pictures/user/User-565406081/original/cd776041-10e6-4edd-a8e2-1a6996b3e1bc.jpeg?aki_policy=profile_x_medium,,1,1,"['email', 'phone']",t,t,,Angaston,,-34.49167014134118,139.0179303306885,Private room in guesthouse,Private room,2,,1 private bath,1,,"[""Coffee maker"", ""Lockbox"", ""Ceiling fan"", ""Wifi"", ""Sound system"", ""Hot water"", ""Dishes and silverware"", ""Outdoor dining area"", ""Bed linens"", ""Books and reading material"", ""Self check-in"", ""Coffee"", ""Freezer"", ""Dining table"", ""Iron"", ""Kitchen"", ""Shared backyard \u2013 Fully fenced"", ""Cleaning products"", ""Shower gel"", ""Free parking on premises"", ""TV"", ""Heating - split type ductless system"", ""Hangers"", ""Air conditioning"", ""Refrigerator"", ""Private entrance"", ""Single level home"", ""Shampoo"", ""Cooking basics"", ""Wine glasses"", ""Board games"", ""Conditioner"", ""Microwave"", ""Clothing storage"", ""Smoke alarm"", ""Hair dryer"", ""Hot water kettle"", ""Body soap"", ""Toaster""]",,1,7,1,2,7,7,1.2,7.0,,t,0,0,0,0,2025-09-27,12,12,3,0,4,72,,2024-12-08,2025-09-11,5.0,5.0,5.0,5.0,5.0,5.0,5.0,,f,1,0,1,0,1.22
1126421036895058143,https://www.airbnb.com/rooms/1126421036895058143,20250927041735,2025-09-27,previous scrape,Auricht Cottage,"Walking distance to several wineries. We are an international family living in Barossa around 10 years. we would love to meet people from different backgrounds and hear their stories.  Any tour suggestions about Barossa during your stay, just ask us, we will be very happy to share what we know.",,https://a0.muscache.com/pictures/b3cc1e7b-b894-4c08-996c-a291ab7a2235.jpg,6187392,https://www.airbnb.com/users/show/6187392,Mai,2013-05-01,"Adelaide, Australia","A mum, wife, wine lover and Doctor ",N/A,N/A,100%,f,https://a0.muscache.com/im/pictures/user/cb507a74-bc68-4920-8136-aa7b8d223ae4.jpg?aki_policy=profile_small,https://a0.muscache.com/im/pictures/user/cb507a74-bc68-4920-8136-aa7b8d223ae4.jpg?aki_policy=profile_x_medium,,2,3,"['email', 'phone']",t,t,,Tanunda,,-34.5111,138.96735,Private room in home,Private room,2,,2 baths,,,"[""Essentials"", ""Lock on bedroom door"", ""Outdoor dining area"", ""Dryer"", ""TV"", ""Heating"", ""Wifi"", ""Hangers"", ""Air conditioning"", ""Smoke alarm"", ""BBQ grill"", ""Hot water"", ""Hair dryer"", ""Kitchen"", ""Free parking on premises"", ""First aid kit"", ""Washer"", ""Shampoo""]",,1,365,1,1,365,365,1.0,365.0,,t,0,0,0,0,2025-09-27,0,0,0,0,0,0,,,,,,,,,,,,f,2,0,2,0,
1130653556721458382,https://www.airbnb.com/rooms/1130653556721458382,20250927041735,2025-09-27,city scrape,Barossa Mulberry Homestead,"1890s stone home in walking distance to restaurants, wine and cheese bars, smokehouse, bakeries and Italian cooking school. 14-foot high ceilings, 3 x king-sized mahogany sleigh beds, central heating and cooling. Working wood fireplaces in each room. Vintage parlour with gold velvet seating, karaoke, drinks trolley, piano, marble chess set. Formal dining room, chef’s kitchen, crystal glassware. Outdoor heated gazebo, fire pit for marshmallows and gas BBQ.  Deep bath. Business-grade wifi.","Located in the beautiful Barossa Valley, South Australia in the quiet neighbourhood of Angaston.  <br /><br />Once you arrive you don't have to use your car to experience the best the Barossa has to offer. You can literally walk down the same street to the region's best restaurants and wine bars for a truly local Barossa experience (Otherness and Barossa Pho), Italian cooking schools (Casa Carboni), butchers (Barossa Smokehouse), cheese shops (Barossa Valley Cheese Shop), cafés (the Hive), bakeries (Sunrise and D&M), newsagents (Miles) and a local Foodland that sells South Australia’s own Golden North icecream.  <br />On the weekends there is an operating blacksmith and museum across the road.  For those who feel like a workout there’s local walking trails nearby, anytime fitness and an epic adventure park in the old railway station. <br /><br />You’re an easy 15 minutes’ drive to small and famous wineries (Eldertons, Henchke, Tom Foolery, Yalumba, JCs Own, David Franz, Rockfords, Sepp",https://a0.muscache.com/pictures/hosting/Hosting-U3RheVN1cHBseUxpc3Rpbmc6MTEzMDY1MzU1NjcyMTQ1ODM4Mg%3D%3D/original/37ee42ef-15a5-4a2f-abc5-42149f2d15a5.jpeg,559376892,https://www.airbnb.com/users/show/559376892,Sara,2024-01-30,,"",within an hour,100%,98%,t,https://a0.muscache.com/im/pictures/user/User-559376892/original/5209e603-46ef-4528-8613-c03f3a0d015d.png?aki_policy=profile_small,https://a0.muscache.com/im/pictures/user/User-559376892/original/5209e603-46ef-4528-8613-c03f3a0d015d.png?aki_policy=profile_x_medium,,3,4,"['email', 'phone']",t,t,Neighborhood highlights,Angaston,,-34.4997467,139.0515162,Entire home,Entire home/apt,6,1.0,1 bath,3,3,"[""Coffee maker"", ""Ethernet connection"", ""Heating"", ""Wifi"", ""Dishwasher"", ""Rice maker"", ""Hot water"", ""First aid kit"", ""Dishes and silverware"", ""Barbecue utensils"", ""Outdoor dining area"", ""Bed linens"", ""Books and reading material"", ""Dryer"", ""Oven"", ""Self check-in"", ""Coffee"", ""Freezer"", ""Dining table"", ""Iron"", ""Kitchen"", ""Outdoor furniture"", ""Keypad"", ""Stove"", ""Cleaning products"", ""Shower gel"", ""Extra pillows and blankets"", ""Free parking on premises"", ""Bathtub"", ""Drying rack for clothing"", ""TV"", ""Hangers"", ""Air conditioning"", ""Dedicated workspace"", ""Refrigerator"", ""BBQ grill"", ""Washer"", ""Backyard"", ""Shampoo"", ""Fire extinguisher"", ""Cooking basics"", ""Wine glasses"", ""Board games"", ""Conditioner"", ""Piano"", ""Microwave"", ""Clothing storage"", ""Smoke alarm"", ""Hair dryer"", ""Hot water kettle"", ""Body soap"", ""Toaster""]",$330.00,2,30,2,3,30,30,2.0,30.0,,t,16,32,57,280,2025-09-27,28,23,1,57,10,138,45540,2024-06-10,2025-09-08,5.0,5.0,4.96,5.0,4.96,5.0,4.86,,f,3,1,2,0,1.77
1135826607770593095,https://www.airbnb.com/rooms/1135826607770593095,20250927041735,2025-09-27,city scrape,Washington Cottage,"Washington Cottage is a beautiful 1880s property in the heart of Barossa Valley. <br /><br />Within walking distance to the main street of Angaston where you'll find restaurants, cellar doors, cafes, bakeries and Foodland. <br /><br />Angaston is located in the center of the towns, being only a short drive to Tanunda and Nuriootpa.","Located in Angaston, a street back from the main strip.",https://a0.muscache.com/pictures/hosting/Hosting-U3RheVN1cHBseUxpc3Rpbmc6MTEzNTgyNjYwNzc3MDU5MzA5NQ%3D%3D/original/1111335d-73b2-4cbe-a209-ba81ba2500b2.jpeg,24300952,https://www.airbnb.com/users/show/24300952,Paul,2014-11-29,,Couple who loves to travel...,within an hour,100%,100%,t,https://a0.muscache.com/im/pictures/user/User/original/1fe8a417-3f5c-456c-8fd7-07d841b06385.jpeg?aki_policy=profile_small,https://a0.muscache.com/im/pictures/user/User/original/1fe8a417-3f5c-456c-8fd7-07d841b06385.jpeg?aki_policy=profile_x_medium,,1,1,"['email', 'phone']",t,t,Neighborhood highlights,Angaston,,-34.50412539252663,139.04513228514423,Entire home,Entire home/apt,8,2.0,2 baths,4,5,"[""Fire pit"", ""Heating"", ""Wifi"", ""Dishwasher"", ""Coffee maker: Nespresso"", ""Hot water"", ""First aid kit"", ""Dishes and silverware"", ""Outdoor dining area"", ""Safe"", ""Fireplace guards"", ""Bed linens"", ""Zero Co body soap"", ""Indoor fireplace"", ""Dryer"", ""Oven"", ""Self check-in"", ""Coffee"", ""Freezer"", ""Dining table"", ""Kitchen"", ""AC - split type ductless system"", ""Outdoor furniture"", ""Central air conditioning"", ""Stove"", ""Private backyard \u2013 Fully fenced"", ""Private BBQ grill: gas"", ""Shower gel"", ""Extra pillows and blankets"", ""Zero Co conditioner"", ""Free parking on premises"", ""TV"", ""Dedicated workspace"", ""Washer"", ""Zero Co shampoo"", ""Fire extinguisher"", ""Cooking basics"", ""Wine glasses"", ""Smart lock"", ""Microwave"", ""Clothing storage"", ""Portable fans"", ""Smoke alarm"", ""Hair dryer"", ""Free street parking"", ""Hot water kettle"", ""Toaster""]",$419.00,2,365,2,3,365,365,2.0,365.0,,t,19,33,42,262,2025-09-27,15,15,2,44,2,90,37710,2024-11-04,2025-09-07,5.0,4.93,5.0,5.0,5.0,4.93,4.93,,f,1,1,0,0,1.37
1147464707076298329,https://www.airbnb.com/rooms/1147464707076298329,20250927041735,2025-09-27,city scrape,'Torrelunga Country Cottage',"A beautiful & charming cottage tucked away on a picturesque, acreage property. Excellent location for the horse enthusiasts, being located close to the Mt Pleasant Showgrounds, or for those who just simply want a tranquil and relaxing getaway.",,https://a0.muscache.com/pictures/miso/Hosting-1147464707076298329/original/5120c18a-a508-497e-a294-436a178f33f7.jpeg,549701768,https://www.airbnb.com/users/show/549701768,Sherrie,2023-12-06,,"",within a few hours,100%,91%,t,https://a0.muscache.com/im/pictures/user/User-549701768/original/2c667f10-8a94-4f1f-99b7-b083360383e2.png?aki_policy=profile_small,https://a0.muscache.com/im/pictures/user/User-549701768/original/2c667f10-8a94-4f1f-99b7-b083360383e2.png?aki_policy=profile_x_medium,,10,11,"['email', 'phone']",t,t,,Mount Pleasant,,-34.77687474844699,139.02706571481934,Entire cottage,Entire home/apt,7,1.0,1 bath,3,4,"[""Fire pit"", ""Heating"", ""Wifi"", ""Hot water"", ""First aid kit"", ""Dishes and silverware"", ""Barbecue utensils"", ""Bed linens"", ""Indoor fireplace"", ""Oven"", ""Freezer"", ""Dining table"", ""Iron"", ""Kitchen"", ""Stove"", ""Free parking on premises"", ""Carbon monoxide alarm"", ""Bathtub"", ""TV"", ""Refrigerator"", ""Air conditioning"", ""BBQ grill"", ""Washer"", ""Fire extinguisher"", ""Cooking basics"", ""Wine glasses"", ""Pets allowed"", ""Bread maker"", ""Board games"", ""Host greets you"", ""Smoke alarm"", ""Hair dryer"", ""Hot water kettle"", ""Toaster""]",$169.00,2,365,2,3,365,365,2.0,365.0,,t,6,10,29,283,2025-09-27,42,28,1,31,18,168,28392,2024-05-19,2025-09-07,4.9,4.95,4.86,4.98,5.0,4.95,4.88,,f,1,1,0,0,2.54
1147471483215855330,https://www.airbnb.com/rooms/1147471483215855330,20250927041735,2025-09-27,city scrape,Tiny Rosie,"Drive to Crawford, 1 hour from Adelaide.<br /><br />Set within a 365-acre sheep farm in the idyllic Southern Barossa area, Tiny Rosie is a cosy space with big surroundings. The area has a rich diversity of animals and plants and backs onto the beautiful Warren Conservation park. <br /><br />Look out for kangaroos, possums, echidnas, emus, koalas and a variety of birdlife. Absorb the sublime views of Mount Crawford Forest from the comfort of the queen-sized bed and take the time out you deserve.","Please note, to keep our houses hidden the location shown on the map is not accurate and should be used as a rough guide. The exact location will be revealed two days before your stay.",https://a0.muscache.com/pictures/prohost-api/Hosting-1147471483215855330/original/50b0c0cc-2f77-4f01-a08f-aa937f61a167.jpeg,140316145,https://www.airbnb.com/users/show/140316145,Into The Wild Escapes,2017-07-13,"Sydney, Australia","Into The Wild Escapes creates restorative wellness retreats in nature by offering minimalist tiny houses in secluded spots across Australia. Each tiny house offers a moment to live simply with premium designs and well-appointed spaces. All escape-distance from the city, take a moment to press pause and discover the beauty of regional Australia through unique accommodation, powered by the sun.",within an hour,100%,98%,f,https://a0.muscache.com/im/pictures/user/User-140316145/original/20b0d489-b0d1-4cef-91e8-aae95db2428f.png?aki_policy=profile_small,https://a0.muscache.com/im/pictures/user/User-140316145/original/20b0d489-b0d1-4cef-91e8-aae95db2428f.png?aki_policy=profile_x_medium,,41,52,"['email', 'phone', 'work_email']",t,t,Neighborhood highlights,Mount Crawford,,-34.7201823,138.9457404,Entire cabin,Entire home/apt,4,1.0,1 bath,1,2,"[""Essentials"", ""Bed linens"", ""Dishes and silverware"", ""Carbon monoxide alarm"", ""Heating"", ""Children\u2019s books and toys"", ""Refrigerator"", ""Lake access"", ""Air conditioning"", ""Smoke alarm"", ""BBQ grill"", ""Hot water"", ""Kitchen"", ""Hot water kettle"", ""First aid kit"", ""Shampoo"", ""Cooking basics"", ""Stove""]",$359.00,1,14,1,3,14,14,1.5,14.0,,t,15,40,70,345,2025-09-27,13,4,0,76,9,24,8616,2024-06-06,2025-07-31,4.38,4.62,4.62,4.69,4.54,4.77,4.23,,t,1,1,0,0,0.81
1148858257384952135,https://www.airbnb.com/rooms/1148858257384952135,20250927041735,2025-09-27,city scrape,"The Guest Room, Barossa.","Simplicity & cleanliness is where it's at here in The Guest Room, Barossa...newly renovated and fresh, we've created a haven - somewhere we'd like to stay! <br />Centrally located and within walking distance to main street cafes, cellar doors, the local supermarket, the Barossa Bushgardens, the local swimming pool, library plus a wonderful little walk in the countryside at the end of the street!  Your parking space is outside the French doors...unpack & relax before your dinner reservation.",,https://a0.muscache.com/pictures/hosting/Hosting-1148858257384952135/original/bdf6cfff-1561-4e64-8a39-8fb7eb9def4d.jpeg,154267764,https://www.airbnb.com/users/show/154267764,Rebecca,2017-10-12,"Nuriootpa, Australia",I enjoy hosting as I worked in Hospitality for many years.,within an hour,100%,100%,f,https://a0.muscache.com/im/pictures/user/User-154267764/original/c5d1a8cb-8cc7-4b21-b940-1b3f052474dc.jpeg?aki_policy=profile_small,https://a0.muscache.com/im/pictures/user/User-154267764/original/c5d1a8cb-8cc7-4b21-b940-1b3f052474dc.jpeg?aki_policy=profile_x_medium,,1,2,['phone'],t,t,,Nuriootpa,,-34.4724327560898,138.99175096303225,Private room in home,Private room,2,1.0,1 private bath,1,1,"[""Ceiling fan"", ""Wifi"", ""Long term stays allowed"", ""Hot water"", ""Hot water kettle"", ""Dishes and silverware"", ""Vasse Virgin shampoo"", ""Outdoor dining area"", ""40 inch HDTV"", ""Luggage dropoff allowed"", ""Bed linens"", ""Paid washer \u2013 In building"", ""Coffee"", ""Coffee maker: espresso machine"", ""Iron"", ""Outdoor furniture"", ""Room-darkening shades"", ""Cleaning products"", ""Lock on bedroom door"", ""Extra pillows and blankets"", ""Free parking on premises"", ""Drying rack for clothing"", ""Heating - split type ductless system"", ""Hangers"", ""Air conditioning"", ""Fischer and Paykel refrigerator"", ""Private entrance"", ""Laundromat nearby"", ""Wine glasses"", ""Essentials"", ""Pets allowed"", ""Mini fridge"", ""Microwave"", ""Clothing storage"", ""Smoke alarm"", ""Host greets you"", ""Hair dryer"", ""Vasse Virgin- made at Seppeltsfield. conditioner"", ""Body soap"", ""Toaster"", ""Breakfast""]",$103.00,2,1125,2,2,1125,1125,2.0,1125.0,,t,9,22,40,154,2025-09-27,8,8,0,43,3,48,4944,2024-10-05,2025-05-18,4.88,4.88,5.0,5.0,5.0,4.63,4.75,,t,1,0,1,0,0.67
1150300563590741176,https://www.airbnb.com/rooms/1150300563590741176,20250927041735,2025-09-27,city scrape,Clarys House - Nestled in the heart of Tanunda,"This gorgeous new stylish house is nestled in the heart of South Australia's Barossa Valley. <br /><br />It’s the perfect place for couples, families or groups seeking a comfortable and relaxing stay.<br /><br />This central location provides easy access to explore the Barossa Valley's renowned cellar doors and gourmet dining experiences. <br /><br />It's an easy walk from this new housing estate to Tanunda's main street with its many cafes, wine bars, pubs, boutique shops and visitor centre.",,https://a0.muscache.com/pictures/hosting/Hosting-1150300563590741176/original/12fb647e-40de-4190-9852-d6850b36e47d.jpeg,576014315,https://www.airbnb.com/users/show/576014315,Jennie,2024-05-05,,"",within an hour,100%,100%,f,https://a0.muscache.com/im/pictures/user/User-576014315/original/084ec4ed-15c6-43df-a2ab-c89af1e75b40.jpeg?aki_policy=profile_small,https://a0.muscache.com/im/pictures/user/User-576014315/original/084ec4ed-15c6-43df-a2ab-c89af1e75b40.jpeg?aki_policy=profile_x_medium,,1,1,"['email', 'phone']",t,t,,Tanunda,,-34.5235237,138.9695183,Entire home,Entire home/apt,6,2.0,2 baths,3,3,"[""Lockbox"", ""Clothing storage: walk-in closet"", ""Wifi"", ""Fisher and Paykel refrigerator"", ""Dishwasher"", ""Long term stays allowed"", ""Hot water"", ""First aid kit"", ""Dishes and silverware"", ""Barbecue utensils"", ""Outdoor dining area"", ""Westinghouse stainless steel double oven"", ""Bed linens"", ""Children\u2019s dinnerware"", ""Westinghouse stainless steel gas stove"", ""Coffee"", ""Self check-in"", ""Freezer"", ""Dining table"", ""Coffee maker: espresso machine"", ""Iron"", ""Kitchen"", ""Outdoor furniture"", ""Private backyard \u2013 Fully fenced"", ""Central heating"", ""Room-darkening shades"", ""Pack \u2019n play/Travel crib - available upon request"", ""Shower gel"", ""Free parking on premises"", ""Bathtub"", ""Drying rack for clothing"", ""TV"", ""Hangers"", ""Air conditioning"", ""Baking sheet"", ""BBQ grill"", ""Washer"", ""Shampoo"", ""Cooking basics"", ""Wine glasses"", ""Board games"", ""Microwave"", ""Smoke alarm"", ""Hair dryer"", ""Standalone high chair - always at the listing"", ""Exterior security cameras on property"", ""Hot water kettle"", ""Single level home"", ""Toaster""]",$282.00,2,365,2,5,365,365,2.1,365.0,,t,5,14,33,150,2025-09-27,13,6,0,39,8,36,10152,2024-06-10,2025-07-15,5.0,4.92,5.0,4.92,5.0,4.54,4.92,,f,1,1,0,0,0.82
1163934693584477501,https://www.airbnb.com/rooms/1163934693584477501,20250927041735,2025-09-27,city scrape,Two William - Modern Living,"Two William is nestled on a quiet street, in central Tanunda; an easy walk  to fantastic cafes, renowned restaurants and world class cellar doors. <br /><br />This stylish new home has all the modern conveniences you would expect. <br />-Contemporary kitchen <br />- Master Bedroom with king bed/Ensuite/WIR<br />-Fourth  bedroom is available (additional fee per guest) <br />- Family Bathroom - large shower and bath<br />-Outdoor entertaining/BBQ <br />- large secure backyard <br /><br />Linen is provided & furry friends are welcome!","Tanunda is a character filled, central Barossa town. There is an abundance of food options, shopping and gorgeous scenery to be enjoyed. Tanunda is the ideal location to base your Barossa Valley getaway.",https://a0.muscache.com/pictures/hosting/Hosting-1163934693584477501/original/640941cf-9c79-4add-98c0-ff418255b7a1.jpeg,19360779,https://www.airbnb.com/users/show/19360779,Tamara,2014-08-03,,"Florist & business owner from Tanunda, SA. Love to travel and visit new places!! ",N/A,N/A,N/A,f,https://a0.muscache.com/im/pictures/user/User/original/3035713c-50ba-4e95-9327-6923f4d35183.jpeg?aki_policy=profile_small,https://a0.muscache.com/im/pictures/user/User/original/3035713c-50ba-4e95-9327-6923f4d35183.jpeg?aki_policy=profile_x_medium,,2,2,"['email', 'phone']",t,t,Neighborhood highlights,Tanunda,,-34.52443771802912,138.95884528756142,Entire home,Entire home/apt,6,2.0,2 baths,3,3,"[""Ceiling fan"", ""Wifi"", ""Standalone high chair - available upon request"", ""Dishwasher"", ""Coffee maker: Nespresso"", ""Long term stays allowed"", ""Hot water"", ""Gas stove"", ""First aid kit"", ""Dishes and silverware"", ""Barbecue utensils"", ""Outdoor dining area"", ""Bed linens"", ""Free dryer \u2013 In building"", ""Self check-in"", ""Freezer"", ""Dining table"", ""Iron"", ""Kitchen"", ""Outdoor furniture"", ""Keypad"", ""Private backyard \u2013 Fully fenced"", ""Room-darkening shades"", ""Shower gel"", ""Extra pillows and blankets"", ""Free parking on premises"", ""Bathtub"", ""TV"", ""Refrigerator"", ""Hangers"", ""Air conditioning"", ""BBQ grill"", ""Washer"", ""Fire extinguisher"", ""Cooking basics"", ""Wine glasses"", ""Essentials"", ""Pets allowed"", ""Stainless steel single oven"", ""Crib - available upon request"", ""Microwave"", ""Clothing storage"", ""Smoke alarm"", ""Hair dryer"", ""Hot water kettle"", ""Body soap"", ""Toaster""]",$348.00,2,365,1,4,365,365,2.1,365.0,,t,1,15,28,244,2025-09-27,20,19,0,28,7,114,39672,2024-09-14,2025-08-25,4.9,4.95,4.95,5.0,5.0,5.0,4.75,,t,1,1,0,0,1.58
1165780393231788731,https://www.airbnb.com/rooms/1165780393231788731,20250927041735,2025-09-27,city scrape,Barossa Country retreat,"Welcome to our newly renovated home away from home, conveniently located a few minutes from the beautiful town of Angaston in the Barossa Valley. <br /><br />Comfortably hosting up to 8 adults with 4 large bedrooms and 2 shared bathrooms, the eat in kitchen and separate living space provides enough room for all with country charm.<br /><br />The expansive outdoor living area provides plenty of entertainment opportunities, pool inclusive.",,https://a0.muscache.com/pictures/hosting/Hosting-1165780393231788731/original/6ea9c3ce-b452-4cf5-ba8b-7295c3bac120.jpeg,14526161,https://www.airbnb.com/users/show/14526161,Megan,2014-04-21,"Fadden, Australia","Company director, mum, wife and travel lover. Born and bred in Barossa wine country and proud to call The Nation’s Capital, home.",within a few hours,100%,67%,f,https://a0.muscache.com/im/pictures/user/User/original/b4827e10-8d80-4a00-815d-ce565f808736.jpeg?aki_policy=profile_small,https://a0.muscache.com/im/pictures/user/User/original/b4827e10-8d80-4a00-815d-ce565f808736.jpeg?aki_policy=profile_x_medium,,1,3,"['email', 'phone']",t,t,,Moculta,,-34.48097,139.05919,Entire home,Entire home/apt,8,2.0,2 baths,4,5,"[""Coffee maker"", ""Lockbox"", ""Ceiling fan"", ""Rice maker"", ""Heating"", ""Wifi"", ""Dishwasher"", ""Changing table"", ""Hot water"", ""Pool"", ""Dryer"", ""Oven"", ""Self check-in"", ""Freezer"", ""Iron"", ""Kitchen"", ""Stove"", ""Room-darkening shades"", ""Free parking on premises"", ""Bathtub"", ""TV"", ""Refrigerator"", ""Air conditioning"", ""Washer"", ""Cooking basics"", ""Wine glasses"", ""Children\u2019s books and toys"", ""Microwave"", ""Hair dryer"", ""Exterior security cameras on property"", ""Hot water kettle"", ""Toaster""]",$595.00,3,21,3,3,21,21,3.0,21.0,,t,27,50,72,125,2025-09-27,1,1,0,72,0,6,3570,2025-03-22,2025-03-22,5.0,5.0,5.0,5.0,5.0,5.0,5.0,,f,1,1,0,0,0.16
1185672805204939844,https://www.airbnb.com/rooms/1185672805204939844,20250927041735,2025-09-27,city scrape,Jacobs Creek Retreat - Cedar,Cedar Suite<br />This intimate suite is fitted with a king bed and private bathroom with a large sunken spa tub. Relax on the veranda overlooking the picturesque gardens.​<br /><br />PLEASE BE ADVISED: older persons or persons with mobility issues may have difficulty accessing the sunken tub/shower as it is quite deep; please consider this before making a booking.,,https://a0.muscache.com/pictures/miso/Hosting-1185672805204939844/original/7fff752c-9e3c-49d4-ab90-e619dcd2e575.jpeg,262121622,https://www.airbnb.com/users/show/262121622,Jerry,2019-05-15,"Angaston, Australia","",within an hour,100%,100%,f,https://a0.muscache.com/im/pictures/user/01b4f1c6-4d99-4151-8712-37909d9d8a7d.jpg?aki_policy=profile_small,https://a0.muscache.com/im/pictures/user/01b4f1c6-4d99-4151-8712-37909d9d8a7d.jpg?aki_policy=profile_x_medium,,8,13,"['email', 'phone']",t,t,,Bethany,,-34.571974942787136,138.95273545396728,Room in boutique hotel,Private room,2,1.0,1 private bath,1,1,"[""Fire pit"", ""Heating"", ""Wifi"", ""Hot water"", ""Barbecue utensils"", ""Outdoor dining area"", ""Pool"", ""Bed linens"", ""Iron"", ""Outdoor furniture"", ""Cleaning products"", ""Shower gel"", ""Carbon monoxide alarm"", ""Bathtub"", ""TV"", ""Hangers"", ""Air conditioning"", ""BBQ grill"", ""Shampoo"", ""Fire extinguisher"", ""Essentials"", ""Sun loungers"", ""Conditioner"", ""Bidet"", ""Clothing storage"", ""Smoke alarm"", ""Hair dryer"", ""Exterior security cameras on property"", ""Free parking on premises"", ""Body soap""]",$325.00,1,365,1,3,365,365,1.3,365.0,,t,21,40,55,307,2025-09-27,0,0,0,57,0,0,0,,,,,,,,,,,f,8,1,7,0,
1185771528716668524,https://www.airbnb.com/rooms/1185771528716668524,20250927041735,2025-09-27,city scrape,Jacobs Creek Retreat - Seville,"The Seville Suite is the perfect haven for your romantic getaway.  Comfortable rustic furnishings, king bed and a large bathroom with luxurious sunken spa tub with separate shower add to the ambience. The return veranda overlooks the fountain and gardens.",,https://a0.muscache.com/pictures/miso/Hosting-1185771528716668524/original/07807d2b-fa21-497f-b76b-1c4388d1882f.jpeg,262121622,https://www.airbnb.com/users/show/262121622,Jerry,2019-05-15,"Angaston, Australia","",within an hour,100%,100%,f,https://a0.muscache.com/im/pictures/user/01b4f1c6-4d99-4151-8712-37909d9d8a7d.jpg?aki_policy=profile_small,https://a0.muscache.com/im/pictures/user/01b4f1c6-4d99-4151-8712-37909d9d8a7d.jpg?aki_policy=profile_x_medium,,8,13,"['email', 'phone']",t,t,,Bethany,,-34.57195727423722,138.9525423349182,Room in boutique hotel,Private room,2,1.0,1 private bath,1,1,"[""Fire pit"", ""Heating"", ""Wifi"", ""Hot water"", ""Barbecue utensils"", ""Outdoor dining area"", ""Pool"", ""Bed linens"", ""Iron"", ""Outdoor furniture"", ""Cleaning products"", ""Shower gel"", ""Extra pillows and blankets"", ""Carbon monoxide alarm"", ""Bathtub"", ""TV"", ""Hangers"", ""Air conditioning"", ""BBQ grill"", ""Shampoo"", ""Fire extinguisher"", ""Essentials"", ""Sun loungers"", ""Conditioner"", ""Clothing storage"", ""Smoke alarm"", ""Hair dryer"", ""Exterior security cameras on property"", ""Free parking on premises"", ""Body soap""]",$340.00,1,365,1,3,365,365,1.3,365.0,,t,17,38,59,303,2025-09-27,0,0,0,60,0,0,0,,,,,,,,,,,f,8,1,7,0,
1185790412004268325,https://www.airbnb.com/rooms/1185790412004268325,20250927041735,2025-09-27,city scrape,Jacobs Creek Retreat - Courtbarn,"One of two beautiful Loft Suites in the heart of the magnificent gardens, Courtbarn features an upstairs loft bedroom while downstairs there is a sitting room and bathroom which features a beautiful free standing bathtub as well as a double shower. The veranda has a lovely view over the gardens and fountain.",,https://a0.muscache.com/pictures/miso/Hosting-1185790412004268325/original/c36cdbb7-331c-462d-acaf-333a770ae28b.jpeg,262121622,https://www.airbnb.com/users/show/262121622,Jerry,2019-05-15,"Angaston, Australia","",within an hour,100%,100%,f,https://a0.muscache.com/im/pictures/user/01b4f1c6-4d99-4151-8712-37909d9d8a7d.jpg?aki_policy=profile_small,https://a0.muscache.com/im/pictures/user/01b4f1c6-4d99-4151-8712-37909d9d8a7d.jpg?aki_policy=profile_x_medium,,8,13,"['email', 'phone']",t,t,,Bethany,,-34.57158623382156,138.9524350465576,Room in boutique hotel,Private room,2,1.0,1 private bath,1,1,"[""Fire pit"", ""Heating"", ""Wifi"", ""Hot water"", ""Barbecue utensils"", ""Pool"", ""Bed linens"", ""Iron"", ""Outdoor furniture"", ""Cleaning products"", ""Shower gel"", ""Carbon monoxide alarm"", ""Bathtub"", ""TV"", ""Hangers"", ""Air conditioning"", ""BBQ grill"", ""Fire extinguisher"", ""Shampoo"", ""Sun loungers"", ""Conditioner"", ""Clothing storage"", ""Smoke alarm"", ""Hair dryer"", ""Exterior security cameras on property"", ""Free parking on premises"", ""Body soap""]",$365.00,1,365,1,3,365,365,1.3,365.0,,t,15,30,46,303,2025-09-27,0,0,0,52,0,0,0,,,,,,,,,,,f,8,1,7,0,
1185796689689625851,https://www.airbnb.com/rooms/1185796689689625851,20250927041735,2025-09-27,city scrape,Jacobs Creek Retreat - Nitschke,"One of two beautiful Loft Suites in the heart of the magnificent gardens, Nitschke features an upstairs loft bedroom, with downstairs sitting room and bathroom with a large spa tub and separate shower.  The veranda has a lovely view over the gardens.",,https://a0.muscache.com/pictures/miso/Hosting-1185796689689625851/original/56381d01-59c2-4807-bf8d-00ee4f5ee941.jpeg,262121622,https://www.airbnb.com/users/show/262121622,Jerry,2019-05-15,"Angaston, Australia","",within an hour,100%,100%,f,https://a0.muscache.com/im/pictures/user/01b4f1c6-4d99-4151-8712-37909d9d8a7d.jpg?aki_policy=profile_small,https://a0.muscache.com/im/pictures/user/01b4f1c6-4d99-4151-8712-37909d9d8a7d.jpg?aki_policy=profile_x_medium,,8,13,"['email', 'phone']",t,t,,Bethany,,-34.571409547327356,138.9528642,Room in boutique hotel,Private room,2,1.0,1 private bath,1,1,"[""Fire pit"", ""Heating"", ""Wifi"", ""Hot water"", ""Barbecue utensils"", ""Outdoor dining area"", ""Pool"", ""Bed linens"", ""Iron"", ""Outdoor furniture"", ""Cleaning products"", ""Shower gel"", ""Carbon monoxide alarm"", ""Bathtub"", ""TV"", ""Hangers"", ""Air conditioning"", ""BBQ grill"", ""Fire extinguisher"", ""Shampoo"", ""Sun loungers"", ""Conditioner"", ""Clothing storage"", ""Smoke alarm"", ""Hair dryer"", ""Exterior security cameras on property"", ""Free parking on premises"", ""Body soap""]",$399.00,1,365,1,3,365,365,1.3,365.0,,t,21,39,63,330,2025-09-27,1,0,0,69,1,0,0,2024-08-11,2024-08-11,5.0,5.0,5.0,5.0,5.0,5.0,5.0,,f,8,1,7,0,0.07
1185800506610060141,https://www.airbnb.com/rooms/1185800506610060141,20250927041735,2025-09-27,city scrape,Jacobs Creek Retreat - Fuchsia,Fuchsia is the oldest building on the property dating back over 150 years. It is a spacious king suite with its own sitting room and bathroom complete with large spa tub and separate shower. There is a beautiful private courtyard to relax in and enjoy a refreshment or read a good book.,,https://a0.muscache.com/pictures/miso/Hosting-1185800506610060141/original/e4375d5c-f737-40a7-8145-d2f6eccb731c.jpeg,262121622,https://www.airbnb.com/users/show/262121622,Jerry,2019-05-15,"Angaston, Australia","",within an hour,100%,100%,f,https://a0.muscache.com/im/pictures/user/01b4f1c6-4d99-4151-8712-37909d9d8a7d.jpg?aki_policy=profile_small,https://a0.muscache.com/im/pictures/user/01b4f1c6-4d99-4151-8712-37909d9d8a7d.jpg?aki_policy=profile_x_medium,,8,13,"['email', 'phone']",t,t,,Bethany,,-34.57206328548041,138.95237067354125,Room in boutique hotel,Private room,2,1.0,1 private bath,1,1,"[""Fire pit"", ""Heating"", ""Wifi"", ""Hot water"", ""Barbecue utensils"", ""Outdoor dining area"", ""Pool"", ""Bed linens"", ""Iron"", ""Outdoor furniture"", ""Cleaning products"", ""Shower gel"", ""Carbon monoxide alarm"", ""Bathtub"", ""TV"", ""Hangers"", ""Air conditioning"", ""BBQ grill"", ""Fire extinguisher"", ""Shampoo"", ""Sun loungers"", ""Conditioner"", ""Clothing storage"", ""Smoke alarm"", ""Hair dryer"", ""Exterior security cameras on property"", ""Free parking on premises"", ""Body soap""]",$400.00,1,365,1,3,365,365,1.3,365.0,,t,20,40,68,336,2025-09-27,0,0,0,69,0,0,0,,,,,,,,,,,f,8,1,7,0,
1185811059883134538,https://www.airbnb.com/rooms/1185811059883134538,20250927041735,2025-09-27,city scrape,Jacobs Creek Retreat - Orlando,"The Orlando Suite is our most spacious; featuring a living room, kitchenette, optional second bedroom and large spa tub with separate shower.<br /><br />The optional second bedroom has a king bed which, upon request, can be split into two singles.",,https://a0.muscache.com/pictures/miso/Hosting-1185811059883134538/original/1d448e71-7546-4520-9b77-098c7920a1ee.jpeg,262121622,https://www.airbnb.com/users/show/262121622,Jerry,2019-05-15,"Angaston, Australia","",within an hour,100%,100%,f,https://a0.muscache.com/im/pictures/user/01b4f1c6-4d99-4151-8712-37909d9d8a7d.jpg?aki_policy=profile_small,https://a0.muscache.com/im/pictures/user/01b4f1c6-4d99-4151-8712-37909d9d8a7d.jpg?aki_policy=profile_x_medium,,8,13,"['email', 'phone']",t,t,,Bethany,,-34.57158623382156,138.9528642,Room in boutique hotel,Private room,4,1.0,1 private bath,2,2,"[""Coffee maker"", ""Fire pit"", ""Heating"", ""Wifi"", ""Hot water"", ""Barbecue utensils"", ""Outdoor dining area"", ""Pool"", ""Bed linens"", ""Freezer"", ""Iron"", ""Kitchen"", ""Outdoor furniture"", ""Cleaning products"", ""Shower gel"", ""Free parking on premises"", ""Carbon monoxide alarm"", ""Bathtub"", ""TV"", ""Hangers"", ""Air conditioning"", ""BBQ grill"", ""Fire extinguisher"", ""Shampoo"", ""Wine glasses"", ""Sun loungers"", ""Conditioner"", ""Microwave"", ""Mini fridge"", ""Clothing storage"", ""Smoke alarm"", ""Hair dryer"", ""Exterior security cameras on property"", ""Hot water kettle"", ""Body soap"", ""Toaster""]",$619.00,1,365,1,3,365,365,1.3,365.0,,t,23,40,58,315,2025-09-27,0,0,0,58,0,0,0,,,,,,,,,,,f,8,1,7,0,
1185895451922999542,https://www.airbnb.com/rooms/1185895451922999542,20250927041735,2025-09-27,city scrape,Jacobs Creek Retreat - Orchard,"Our ""Honeymoon Suite""; this beautifully restored Villa is set amongst our peach orchard giving you the perfect setting for a romantic escape.. Featuring a stunning 4 poster king bed draped with sheer curtains, a luxurious spa and double shower ensuite, with an open lounge room /dining room.",,https://a0.muscache.com/pictures/miso/Hosting-1185895451922999542/original/ca66c0d8-1dda-4a6d-bef6-fc3bbd7a37be.jpeg,262121622,https://www.airbnb.com/users/show/262121622,Jerry,2019-05-15,"Angaston, Australia","",within an hour,100%,100%,f,https://a0.muscache.com/im/pictures/user/01b4f1c6-4d99-4151-8712-37909d9d8a7d.jpg?aki_policy=profile_small,https://a0.muscache.com/im/pictures/user/01b4f1c6-4d99-4151-8712-37909d9d8a7d.jpg?aki_policy=profile_x_medium,,8,13,"['email', 'phone']",t,t,,Bethany,,-34.57156856518904,138.9521990121643,Room in boutique hotel,Private room,2,1.0,1 private bath,1,1,"[""Fire pit"", ""Heating"", ""Wifi"", ""Hot water"", ""Barbecue utensils"", ""Outdoor dining area"", ""Pool"", ""Bed linens"", ""Iron"", ""Outdoor furniture"", ""Cleaning products"", ""Shower gel"", ""Carbon monoxide alarm"", ""Bathtub"", ""TV"", ""Hangers"", ""Air conditioning"", ""BBQ grill"", ""Fire extinguisher"", ""Shampoo"", ""Sun loungers"", ""Conditioner"", ""Clothing storage"", ""Smoke alarm"", ""Hair dryer"", ""Exterior security cameras on property"", ""Free parking on premises"", ""Body soap""]",$480.00,1,365,1,3,365,365,1.3,365.0,,t,24,45,67,338,2025-09-27,0,0,0,73,0,0,0,,,,,,,,,,,f,8,1,7,0,
1203313265263903637,https://www.airbnb.com/rooms/1203313265263903637,20250927041735,2025-09-27,city scrape,Furche Barossa 5 bed Stay: Vineyards & Fireplace,"Welcome to Furche Barossa Stay, your perfect getaway in the heart of Barossa Valley. Enjoy stunning vineyard views, cozy up by the fireplace, and explore nearby award-winning wineries. Our retreat offers a fully equipped kitchen, outdoor patio for BBQs, and a comfortable living area. Unwind in our serene environment and create unforgettable memories. Experience the best of Barossa Valley with gourmet dining and charming local shops just minutes away.","Experience the best of Barossa Valley with world-class wineries, gourmet dining, and scenic beauty. Enjoy wine-tasting at renowned vineyards, savor local cuisine at nearby restaurants and cafes, and explore charming shops and markets. The area offers picturesque landscapes perfect for walks and cycling, and is rich in cultural heritage with local art galleries and historical sites. Conveniently located near Adelaide, Barossa Valley is the perfect blend of relaxation and adventure.",https://a0.muscache.com/pictures/prohost-api/Hosting-1203313265263903637/original/6cfdf575-4183-4fe2-bfd0-d0c2b7d8a7b0.jpeg,439331891,https://www.airbnb.com/users/show/439331891,Hao,2022-01-07,,"Roger and I love traveling, we fell in love with Australia on our honeymoon and moved to here 10 years ago. I am an interior designer and Roger is a property manager, Airbnb has helped us feel at home traveling and now we want to share this special connection to our guests through hosting Airbnb ourselves. I hope you will like our place as much as we do :)
Looking forward to hosting you!
Emma & Roger",within an hour,100%,100%,f,https://a0.muscache.com/im/pictures/user/a6294334-54ae-4dd4-abcd-09d20295dc13.jpg?aki_policy=profile_small,https://a0.muscache.com/im/pictures/user/a6294334-54ae-4dd4-abcd-09d20295dc13.jpg?aki_policy=profile_x_medium,,15,18,"['email', 'phone']",t,t,Neighborhood highlights,Tanunda,,-34.50077,138.95908,Entire home,Entire home/apt,9,2.0,2 baths,5,5,"[""Lockbox"", ""Clothing storage: walk-in closet and wardrobe"", ""Wifi"", ""Dishwasher"", ""Coffee maker: Nespresso"", ""Long term stays allowed"", ""Hot water"", ""Gas stove"", ""First aid kit"", ""Dishes and silverware"", ""Barbecue utensils"", ""Fireplace guards"", ""Private patio or balcony"", ""Free parking garage on premises"", ""Bed linens"", ""Oven"", ""Indoor fireplace: wood-burning"", ""Self check-in"", ""Coffee"", ""Freezer"", ""Dining table"", ""Iron"", ""Kitchen"", ""Backyard - Not fully fenced"", ""Free washer"", ""Courtyard view"", ""Outdoor furniture"", ""Central air conditioning"", ""Central heating"", ""Room-darkening shades"", ""Cleaning products"", ""Shower gel"", ""Extra pillows and blankets"", ""Bathtub"", ""Vineyard view"", ""Drying rack for clothing"", ""Hangers"", ""TV"", ""Refrigerator"", ""Baking sheet"", ""Private entrance"", ""BBQ grill"", ""Single level home"", ""Shampoo"", ""Fire extinguisher"", ""Cooking basics"", ""Crib - always at the listing"", ""Essentials"", ""Wine glasses"", ""Board games"", ""Conditioner"", ""Microwave"", ""Smoke alarm"", ""Hair dryer"", ""Standalone high chair - always at the listing"", ""Hot water kettle"", ""Body soap"", ""Toaster""]",$384.00,2,365,2,2,365,365,2.0,365.0,,t,21,48,77,114,2025-09-27,20,19,1,83,6,114,43776,2024-09-01,2025-09-13,4.75,4.75,4.8,4.95,4.95,4.9,4.65,,t,10,10,0,0,1.53
1210856912028682521,https://www.airbnb.com/rooms/1210856912028682521,20250927041735,2025-09-27,city scrape,Barossa Uniquely(Parties not permitted),"More than meets the eye! Please note that this is one of the most distinctive houses in the Barossa region: The front house is 170-year-old . Built by European immigrants, it was not only their home but also where they planted the first vineyards, shaping Barossa’s wine history, with a cellar that stays warm in winter and cool in summer. The 170-year-old towering trees in the courtyard stand as silent witnesses to its long history.<br /><br />The back house is only 10 years old and modern.",,https://a0.muscache.com/pictures/hosting/Hosting-1210856912028682521/original/24273ab1-6abb-472d-8229-68f83a12a02c.jpeg,508456368,https://www.airbnb.com/users/show/508456368,Hui,2023-04-04,,"",within an hour,100%,99%,f,https://a0.muscache.com/im/pictures/user/User-508456368/original/d5d1e3b5-b1c2-4d54-b04a-9373b959389d.jpeg?aki_policy=profile_small,https://a0.muscache.com/im/pictures/user/User-508456368/original/d5d1e3b5-b1c2-4d54-b04a-9373b959389d.jpeg?aki_policy=profile_x_medium,,36,46,"['email', 'phone']",t,t,,Tanunda,,-34.5283,138.95219,Barn,Entire home/apt,11,2.0,2 baths,5,6,"[""Housekeeping - available at extra cost"", ""Coffee maker"", ""Heating"", ""Wifi"", ""Long term stays allowed"", ""Hot water"", ""First aid kit"", ""Dishes and silverware"", ""Outdoor dining area"", ""Private backyard"", ""Private patio or balcony"", ""Bed linens"", ""Oven"", ""Children\u2019s dinnerware"", ""Self check-in"", ""Coffee"", ""Freezer"", ""Dining table"", ""Iron"", ""Kitchen"", ""AC - split type ductless system"", ""Outdoor furniture"", ""Keypad"", ""Stove"", ""Room-darkening shades"", ""Cleaning products"", ""Shower gel"", ""Extra pillows and blankets"", ""Free parking on premises"", ""Bathtub"", ""Drying rack for clothing"", ""Free dryer"", ""Outdoor shower"", ""Hangers"", ""TV"", ""Dedicated workspace"", ""Refrigerator"", ""Private entrance"", ""Laundromat nearby"", ""Washer"", ""Shampoo"", ""Fire extinguisher"", ""Cooking basics"", ""Crib - always at the listing"", ""Essentials"", ""Wine glasses"", ""Conditioner"", ""Piano"", ""Microwave"", ""Mini fridge"", ""Clothing storage"", ""Smoke alarm"", ""Hair dryer"", ""Hot water kettle"", ""Body soap"", ""Toaster""]",$421.00,1,365,1,1,365,365,1.0,365.0,,t,6,27,47,303,2025-09-27,15,11,0,53,7,66,27786,2024-08-16,2025-08-06,4.27,4.0,4.4,4.53,4.67,4.6,4.13,,f,4,4,0,0,1.10
1214025118425165961,https://www.airbnb.com/rooms/1214025118425165961,20250927041735,2025-09-27,city scrape,Tanunda Central Cottage,"About this space<br /><br />Welcome to our charming cottage in the heart of Tanunda Main Street, Barossa Valley. This recently renovated property has been beautifully restored and offers a comfortable and stylish stay in one of South Australia's most sought-after destinations.<br /><br />Originally built in 1856, the cottage formed part of the original pharmacy in Tanunda. Today, it is a cozy two-bedroom retreat with all the modern amenities you need for a memorable stay.",,https://a0.muscache.com/pictures/prohost-api/Hosting-1214025118425165961/original/04d10bd9-f469-4de4-af7a-2f3dc9d3bcab.jpeg,588218739,https://www.airbnb.com/users/show/588218739,Deborah Lilian,2024-07-07,"Tanunda, Australia",STILL YOUNG AT HEART!,within an hour,100%,93%,f,https://a0.muscache.com/im/pictures/user/User/original/518c2092-aeb1-4413-82ab-80c3b2ead734.jpeg?aki_policy=profile_small,https://a0.muscache.com/im/pictures/user/User/original/518c2092-aeb1-4413-82ab-80c3b2ead734.jpeg?aki_policy=profile_x_medium,,1,1,"['email', 'phone']",t,t,,Tanunda,,-34.5267575,138.9571225,Entire home,Entire home/apt,5,1.0,1 bath,2,0,"[""Wifi"", ""Hot water"", ""First aid kit"", ""Outdoor dining area"", ""Free parking garage on premises"", ""Books and reading material"", ""Self check-in"", ""Kitchen"", ""Shower gel"", ""Bathtub"", ""TV"", ""Air conditioning"", ""Washer"", ""Fire extinguisher"", ""Shampoo"", ""Wine glasses"", ""Smart lock"", ""Board games"", ""Conditioner"", ""Smoke alarm"", ""Hair dryer"", ""Body soap""]",$379.00,2,365,2,7,1125,1125,2.2,1125.0,,t,15,38,65,333,2025-09-27,5,5,0,71,2,30,11370,2024-11-30,2025-07-12,5.0,5.0,5.0,5.0,5.0,5.0,4.8,,t,1,1,0,0,0.50
1218424378341619349,https://www.airbnb.com/rooms/1218424378341619349,20250927041735,2025-09-27,city scrape,ARBY: Irvine Wines Tiny Home,"Nestled within the picturesque vineyards of Irvine Wines, Arby offers a unique and cozy escape. This beautifully designed tiny house is the perfect retreat for couples, solo adventurers, or anyone looking to experience the serenity of wine country.",,https://a0.muscache.com/pictures/miso/Hosting-1218424378341619349/original/c5c00a05-87a1-4715-b964-c4fb84a0d7bb.jpeg,595620577,https://www.airbnb.com/users/show/595620577,Emma,2024-08-11,,"",N/A,N/A,N/A,f,https://a0.muscache.com/defaults/user_pic-50x50.png?v=3,https://a0.muscache.com/defaults/user_pic-225x225.png?v=3,,1,1,"['email', 'phone']",f,t,,Flaxman Valley,,-34.65108,139.06917,Tiny home,Entire home/apt,2,1.0,1 bath,1,1,"[""Lockbox"", ""Al.ive conditioner"", ""Heating"", ""Wifi"", ""Dishwasher"", ""Coffee maker: Nespresso"", ""Hot water"", ""Gas stove"", ""Dishes and silverware"", ""Barbecue utensils"", ""Bed linens"", ""Books and reading material"", ""Oven"", ""Kitchenette"", ""Self check-in"", ""Coffee"", ""Freezer"", ""Al.ive body soap"", ""Outdoor furniture"", ""Room-darkening shades"", ""Extra pillows and blankets"", ""Free parking on premises"", ""TV"", ""Dedicated workspace"", ""Refrigerator"", ""Air conditioning"", ""Baking sheet"", ""BBQ grill"", ""Fire extinguisher"", ""Cooking basics"", ""Wine glasses"", ""Microwave"", ""Smoke alarm"", ""Hair dryer"", ""Hot water kettle"", ""Toaster"", ""Al.ive shampoo""]",$452.00,2,365,1,2,1125,1125,2.0,1125.0,,t,15,45,75,348,2025-09-27,11,9,0,81,4,54,24408,2024-08-26,2025-08-24,5.0,5.0,5.0,5.0,4.91,4.91,4.82,,t,1,1,0,0,0.83
1219745121575844984,https://www.airbnb.com/rooms/1219745121575844984,20250927041735,2025-09-27,city scrape,"Crimson Ridge - Wines, Vines and Dine","Experience the perfect getaway in our stylish 4-bedroom home nestled in the heart of the wine region. This retreat offers modern luxury with spacious living areas, fully equipped gourmet kitchen, and a large outdoor space with BBQ. Each bedroom is a serene oasis, with quality linen and mattresses ensuring a restful stay. Just minutes from world-class wineries, gourmet dining, and scenic trails, our home is the perfect base for your wine country adventure. Ideal for family or a group of friends.","The heart of South Australia's renowned Barossa Valley, Nuriootpa serves as both a charming gateway and a vibrant hub for visitors eager to experience the region's world-class wines, gourmet cuisine, and rich cultural heritage. With a perfect blend of history, hospitality, and scenic beauty, the Barossa Valley, and particularly Nuriootpa, promises an unforgettable experience for every traveler.<br /><br />The Barossa Valley is synonymous with exceptional wines, and Nuriootpa is at the center of this rich viticultural landscape. The area is home to some of Australia's most famous wineries, including Yalumba, Seppletsfield, Chatuea Tanunda and Charles Melton Wines, where you can indulge in tastings of exquisite Shiraz, Grenache, and other varietals that have made the Barossa world-famous. Whether you are a wine connoisseur or a casual enthusiast, the cellar doors offer a welcoming atmosphere where you can learn about the winemaking process, sample exclusive vintages, and even take home a",https://a0.muscache.com/pictures/miso/Hosting-1219745121575844984/original/cd266080-0a24-4f0f-9099-7411767f02d3.jpeg,26703229,https://www.airbnb.com/users/show/26703229,John,2015-01-25,"Adelaide, Australia","I own a professional AirBnB Property Management company, KingsCoin. 

We ensure guests have an excellent experience by providing great properties which leads to more reviews and more income for the owners. 

Please get in contact if you are looking for experienced people to manage your  property.

We manage properties nationally, have staff locally and our administrative head office is located in Adelaide.",within an hour,100%,98%,t,https://a0.muscache.com/im/pictures/user/User/original/ffabb866-c0d8-4038-9eef-048d35cb222e.jpeg?aki_policy=profile_small,https://a0.muscache.com/im/pictures/user/User/original/ffabb866-c0d8-4038-9eef-048d35cb222e.jpeg?aki_policy=profile_x_medium,,42,42,"['email', 'phone']",t,t,Neighborhood highlights,Nuriootpa,,-34.46038,138.99434,Entire home,Entire home/apt,8,2.0,2 baths,4,5,"[""Ceiling fan"", ""Free dryer \u2013 In unit"", ""Ethernet connection"", ""Heating"", ""Wifi"", ""Dishwasher"", ""Coffee maker: Nespresso"", ""Long term stays allowed"", ""Hot water"", ""Hot water kettle"", ""First aid kit"", ""Dishes and silverware"", ""Barbecue utensils"", ""Outdoor dining area"", ""Luggage dropoff allowed"", ""Bed linens"", ""Books and reading material"", ""Oven"", ""Self check-in"", ""Coffee"", ""Freezer"", ""Dining table"", ""Iron"", ""Kitchen"", ""Outdoor furniture"", ""Private backyard \u2013 Fully fenced"", ""Room-darkening shades"", ""Cleaning products"", ""Shower gel"", ""Extra pillows and blankets"", ""Baby bath - always at the listing"", ""Free parking on premises"", ""Bathtub"", ""Drying rack for clothing"", ""TV"", ""Hangers"", ""Air conditioning"", ""Dedicated workspace"", ""Refrigerator"", ""Baking sheet"", ""Private entrance"", ""BBQ grill"", ""Single level home"", ""Pack \u2019n play/Travel crib - always at the listing"", ""Washer"", ""Shampoo"", ""Fire extinguisher"", ""Cooking basics"", ""Wine glasses"", ""Essentials"", ""Electric stove"", ""Smart lock"", ""Board games"", ""Microwave"", ""Clothing storage"", ""Ping pong table"", ""Smoke alarm"", ""Hair dryer"", ""Standalone high chair - always at the listing"", ""Free street parking"", ""Exercise equipment"", ""Body soap"", ""Toaster""]",$405.00,2,365,2,4,365,365,3.2,365.0,,t,19,40,70,219,2025-09-27,10,9,0,73,3,54,21870,2024-08-25,2025-08-03,4.9,5.0,4.8,5.0,5.0,4.9,4.6,,f,1,1,0,0,0.75
1232873730013875498,https://www.airbnb.com/rooms/1232873730013875498,20250927041735,2025-09-27,city scrape,Perfectly positioned in Tanunda,"Our home is located within walking distance of the beautiful main street of Tanunda, ensuring easy access to all that the Barossa Valley has to offer. <br /><br />The apartment comfortably accommodates four people in two queen-sized beds and includes a large living space, bathroom, and kitchenette with microwave, coffee maker, and other basic appliances.  <br /><br />Add to this - a private deck where you can relax with a wine and enjoy the magnificent views!",,https://a0.muscache.com/pictures/miso/Hosting-1232873730013875498/original/b2a9f223-7a72-4bcd-914e-36b69341040b.jpeg,462964316,https://www.airbnb.com/users/show/462964316,Sharon,2022-06-06,"Tanunda, Australia","",within an hour,100%,99%,t,https://a0.muscache.com/im/pictures/user/af29c738-fc23-4a1b-a4b1-cccecf5ab113.jpg?aki_policy=profile_small,https://a0.muscache.com/im/pictures/user/af29c738-fc23-4a1b-a4b1-cccecf5ab113.jpg?aki_policy=profile_x_medium,,1,1,"['email', 'phone']",t,t,,Tanunda,,-34.5284993,138.9573562,Entire rental unit,Entire home/apt,4,1.0,1 bath,2,2,"[""Coffee maker"", ""Wifi"", ""Hot water"", ""Dishes and silverware"", ""Outdoor dining area"", ""Private patio or balcony"", ""Bed linens"", ""Books and reading material"", ""Kitchenette"", ""Coffee"", ""Dining table"", ""Outdoor furniture"", ""Shower gel"", ""Extra pillows and blankets"", ""TV"", ""Heating - split type ductless system"", ""Hangers"", ""Air conditioning"", ""Refrigerator"", ""Private entrance"", ""Fire extinguisher"", ""Shampoo"", ""Cooking basics"", ""Wine glasses"", ""Essentials"", ""Conditioner"", ""Microwave"", ""Clothing storage"", ""Smoke alarm"", ""Free street parking"", ""Hair dryer"", ""Hot water kettle"", ""Toaster""]",$226.00,2,31,2,2,31,31,2.0,31.0,,t,1,23,36,112,2025-09-27,40,37,3,39,13,222,50172,2024-09-01,2025-09-22,4.95,4.98,4.95,5.0,5.0,5.0,4.95,,f,1,1,0,0,3.06
1233985945267781070,https://www.airbnb.com/rooms/1233985945267781070,20250927041735,2025-09-27,city scrape,Barossa Homestead Tiny Home by Tiny Away,"Barossa Homestead Tiny Home by Tiny Away is nestled on a picturesque farm in Stockwell, South Australia. Here at our tiny house, you can connect with nature and meet friendly farm animals, all while being surrounded by vineyards in one of the world’s oldest wine regions. Get a taste of fine farm stay experiences, local produce and nature on our holiday homes in the Barossa Valley region.<br /><br />#FarmStaySA #HolidayHomes","Barossa Homestead Tiny Home by Tiny Away is situated in Stockwell, South Australia. Just an hour drive from bustling Adelaide and a 31-minute journey from the world-renowned wine-producing region Barossa.<br /><br />See some of the must visit world-class wineries in The Barossa Valley Wineries offer an indulgent wine-tasting experience, including Charles Melton, Cirillo Estate, Gibson Wines, Hayes Family Vineyard, Chateau Tanunda, Turkey Flat Vineyards, Elderton Wines Cellar Door, and more world-class wineries.<br /><br />If you're up for adventure & good food, you can shop local produce at Barossa Farmers Market or Tanunda Bakery & Cafe for artisanal baked goods. Barossa Bowland provides family-friendly fun with bowling and a mini-golf course. The Whispering Wall is a famous tourist attraction for its parabola effect, where your voice can be heard clearly from one side to the other.",https://a0.muscache.com/pictures/prohost-api/Hosting-1233985945267781070/original/3b55848c-fd26-4707-b172-a166f8fa8d0e.jpeg,154813436,https://www.airbnb.com/users/show/154813436,Tiny Away,2017-10-16,,"Escape the noise and reconnect with what truly matters. Tiny Away offers eco-conscious, design-led tiny houses in thoughtfully curated settings. Each stay is a chance to slow down, unplug, and recharge, whether you're looking for solitude, stillness, or a meaningful moment with someone you love.",within an hour,100%,100%,t,https://a0.muscache.com/im/pictures/user/711ed58c-3a13-4438-8a48-1262d2f1274d.jpg?aki_policy=profile_small,https://a0.muscache.com/im/pictures/user/711ed58c-3a13-4438-8a48-1262d2f1274d.jpg?aki_policy=profile_x_medium,,384,615,"['email', 'phone', 'work_email']",t,t,Neighborhood highlights,Stockwell,,-34.4476202,139.0202329,Entire home,Entire home/apt,3,1.0,1 bath,1,2,"[""Coffee maker"", ""Lockbox"", ""Fire pit"", ""Heating"", ""Hot water"", ""Dishes and silverware"", ""First aid kit"", ""Bed linens"", ""Self check-in"", ""Kitchen"", ""Outdoor furniture"", ""Stove"", ""Room-darkening shades"", ""Free parking on premises"", ""Carbon monoxide alarm"", ""Dedicated workspace"", ""Hangers"", ""Air conditioning"", ""Refrigerator"", ""Private entrance"", ""BBQ grill"", ""Fire extinguisher"", ""Shampoo"", ""Cooking basics"", ""Wine glasses"", ""Essentials"", ""Microwave"", ""Smoke alarm"", ""Hair dryer"", ""Hot water kettle"", ""Single level home"", ""Toaster""]",$229.00,1,365,1,2,365,365,1.2,365.0,,t,14,39,68,338,2025-09-27,34,31,3,74,11,186,42594,2024-09-08,2025-09-14,4.88,4.79,4.88,4.76,4.97,4.79,4.62,,t,1,1,0,0,2.65
1251894266688487937,https://www.airbnb.com/rooms/1251894266688487937,20250927041735,2025-09-27,city scrape,Kaiser Ridge - eco stay Serene,"A cosy haven for up to four people.  Includes a fully equipped kitchen. bathroom and two loft bedrooms with stair and ladder access. Loft 1 has a king bed and loft 2 can have a king bed or two singles. Both have skylights. There is also for your comfort R/C air-conditioning, indoor wood heater, and outdoor fire pit with cooking grill and bbq utensils. Plenty of fire wood supplied.",,https://a0.muscache.com/pictures/hosting/Hosting-U3RheVN1cHBseUxpc3Rpbmc6MTI1MTg5NDI2NjY4ODQ4NzkzNw==/original/b37b1cae-79fa-460d-8da3-48331ce14506.jpeg,329243003,https://www.airbnb.com/users/show/329243003,Nicole,2020-01-20,"Nuriootpa, Australia","",within an hour,100%,100%,t,https://a0.muscache.com/im/pictures/user/abe79112-1b67-4ab7-9d20-2af9b8c9f77a.jpg?aki_policy=profile_small,https://a0.muscache.com/im/pictures/user/abe79112-1b67-4ab7-9d20-2af9b8c9f77a.jpg?aki_policy=profile_x_medium,,3,3,"['email', 'phone']",t,t,,Flaxman Valley,,-34.56828,138.99583,Tiny home,Entire home/apt,4,1.0,1 bath,2,3,"[""Lockbox"", ""Ceiling fan"", ""Fire pit"", ""Babysitter recommendations"", ""Wifi"", ""Dishwasher"", ""Hot water"", ""Dishes and silverware"", ""Barbecue utensils"", ""Outdoor dining area"", ""Private BBQ grill: wood-burning"", ""Bose Bluetooth sound system"", ""Bed linens"", ""Books and reading material"", ""Patio or balcony"", ""Oven"", ""Indoor fireplace: wood-burning"", ""Self check-in"", ""Coffee"", ""Freezer"", ""Dining table"", ""Kitchen"", ""Outdoor furniture"", ""Stove"", ""Room-darkening shades"", ""Cleaning products"", ""Free driveway parking on premises"", ""Extra pillows and blankets"", ""Coffee maker: french press"", ""Drying rack for clothing"", ""Trash compactor"", ""Heating - split type ductless system"", ""Refrigerator"", ""Air conditioning"", ""Baking sheet"", ""Private entrance"", ""Base body soap"", ""Backyard"", ""Fire extinguisher"", ""Cooking basics"", ""Wine glasses"", ""Pure conditioner"", ""Board games"", ""Smoke alarm"", ""Hair dryer"", ""Exterior security cameras on property"", ""Hot water kettle"", ""Pure shampoo"", ""Toaster""]",$510.00,2,1125,1,3,1125,1125,1.9,1125.0,,t,14,31,50,303,2025-09-27,3,3,0,56,1,18,9180,2024-11-23,2025-04-15,5.0,5.0,5.0,5.0,5.0,5.0,5.0,,t,3,3,0,0,0.29
1252427591437522171,https://www.airbnb.com/rooms/1252427591437522171,20250927041735,2025-09-27,city scrape,Kaiser Ridge - eco stay Heritage,"Decor inspired by the rich local heritage of the Barossa, guests will be able to sit on the love swing and admire the views. Includes a fully equipped kitchen and bathroom, loft bedroom with stair access and skylight, R/C air-conditioning, indoor wood heater and outdoor fire pit with cooking grill and bbq utensils. Plenty of fire wood is supplied for your use. Special alone time for two in such a magical place.</p><br /><p>Heritage is a self contained one bedroom tiny house with a king bed.",,https://a0.muscache.com/pictures/prohost-api/Hosting-1252427591437522171/original/dd44916f-0319-48ae-b572-c3e5b47ce1e0.jpeg,329243003,https://www.airbnb.com/users/show/329243003,Nicole,2020-01-20,"Nuriootpa, Australia","",within an hour,100%,100%,t,https://a0.muscache.com/im/pictures/user/abe79112-1b67-4ab7-9d20-2af9b8c9f77a.jpg?aki_policy=profile_small,https://a0.muscache.com/im/pictures/user/abe79112-1b67-4ab7-9d20-2af9b8c9f77a.jpg?aki_policy=profile_x_medium,,3,3,"['email', 'phone']",t,t,,Flaxman Valley,,-34.567949403449425,138.9947668322929,Tiny home,Entire home/apt,2,1.0,1 bath,1,1,"[""Lockbox"", ""Ceiling fan"", ""Fire pit"", ""Wifi"", ""Hot water"", ""Dishes and silverware"", ""Barbecue utensils"", ""Private patio or balcony"", ""Bose Bluetooth sound system"", ""Bed linens"", ""Books and reading material"", ""Oven"", ""Indoor fireplace: wood-burning"", ""Self check-in"", ""Coffee"", ""Freezer"", ""Dining table"", ""Kitchen"", ""AC - split type ductless system"", ""Outdoor furniture"", ""Stove"", ""Room-darkening shades"", ""Cleaning products"", ""Free driveway parking on premises"", ""Coffee maker: french press"", ""Bathtub"", ""Drying rack for clothing"", ""Heating - split type ductless system"", ""Refrigerator"", ""Baking sheet"", ""Trash compactor"", ""Private entrance"", ""BBQ grill"", ""Base body soap"", ""Backyard"", ""Fire extinguisher"", ""Cooking basics"", ""Wine glasses"", ""Pure conditioner"", ""Board games"", ""Smoke alarm"", ""Hair dryer"", ""Exterior security cameras on property"", ""Hot water kettle"", ""Pure shampoo"", ""Toaster""]",$434.00,2,1125,1,3,1125,1125,1.9,1125.0,,t,10,24,51,305,2025-09-27,12,12,0,56,7,72,31248,2024-10-20,2025-07-31,5.0,5.0,5.0,5.0,5.0,5.0,4.92,,t,3,3,0,0,1.05
1255522179136037869,https://www.airbnb.com/rooms/1255522179136037869,20250927041735,2025-09-27,city scrape,Langmeil Cottages - Angas,"Langmeil Cottages, nestled in the picturesque town of Tanunda, offers a tranquil retreat in the heart of the Barossa Valley, one of the world's most celebrated wine regions. Though just moments from Tanunda's main street, Langmeil Cottages feels worlds away. Step outside your door and wander to nearby cellar doors, restaurant, boutiques and local attractions – or stay in and savour the slow pace, garden views and country cottage warmth.",,https://a0.muscache.com/pictures/prohost-api/Hosting-1255522179136037869/original/52f573f7-e973-4057-bc6e-819f3b40ca4e.jpeg,431794949,https://www.airbnb.com/users/show/431794949,Luke,2021-11-14,,"",within an hour,100%,100%,t,https://a0.muscache.com/im/pictures/user/User/original/7d69ec9d-277f-4533-96ac-d10a6f1cac4d.jpeg?aki_policy=profile_small,https://a0.muscache.com/im/pictures/user/User/original/7d69ec9d-277f-4533-96ac-d10a6f1cac4d.jpeg?aki_policy=profile_x_medium,,6,6,"['email', 'phone']",t,t,,Tanunda,,-34.51155,138.96166,Entire cottage,Entire home/apt,3,1.0,1 bath,1,2,"[""Coffee maker"", ""Lockbox"", ""Ethernet connection"", ""Heating"", ""Wifi"", ""Long term stays allowed"", ""Hot water"", ""Dishes and silverware"", ""Shared backyard \u2013 Not fully fenced"", ""Outdoor dining area"", ""Bed linens"", ""Books and reading material"", ""Oven"", ""Self check-in"", ""Coffee"", ""Dining table"", ""Iron"", ""Kitchen"", ""Stove"", ""Shower gel"", ""Free parking on premises"", ""TV"", ""Refrigerator"", ""Hangers"", ""Air conditioning"", ""Baking sheet"", ""BBQ grill"", ""Shampoo"", ""Cooking basics"", ""Wine glasses"", ""Essentials"", ""Conditioner"", ""Microwave"", ""Mini fridge"", ""Clothing storage"", ""Smoke alarm"", ""Hair dryer"", ""Hot water kettle"", ""Body soap"", ""Toaster""]",$189.00,2,365,2,4,365,365,2.1,365.0,,t,21,40,63,226,2025-09-27,10,10,0,69,1,60,11340,2024-12-28,2025-08-26,4.9,4.9,4.8,4.9,4.9,4.9,4.8,,f,4,4,0,0,1.09
1258384557078039821,https://www.airbnb.com/rooms/1258384557078039821,20250927041735,2025-09-27,city scrape,Langmeil Cottages - Banksia,"Langmeil Cottages, nestled in the picturesque town of Tanunda, offers a tranquil retreat in the heart of the Barossa Valley, one of the world's most celebrated wine regions. Though just moments from Tanunda's main street, Langmeil Cottages feels worlds away. Step outside your door and wander to nearby cellar doors, restaurant, boutiques and local attractions – or stay in and savour the slow pace, garden views and country cottage warmth.",,https://a0.muscache.com/pictures/prohost-api/Hosting-1258384557078039821/original/7f9f5d6e-e08c-470e-a67f-8a40fa272899.jpeg,431794949,https://www.airbnb.com/users/show/431794949,Luke,2021-11-14,,"",within an hour,100%,100%,t,https://a0.muscache.com/im/pictures/user/User/original/7d69ec9d-277f-4533-96ac-d10a6f1cac4d.jpeg?aki_policy=profile_small,https://a0.muscache.com/im/pictures/user/User/original/7d69ec9d-277f-4533-96ac-d10a6f1cac4d.jpeg?aki_policy=profile_x_medium,,6,6,"['email', 'phone']",t,t,,Tanunda,,-34.5114140660972,138.9614672057894,Entire cottage,Entire home/apt,3,1.0,1 bath,1,1,"[""Lockbox"", ""Ethernet connection"", ""TV"", ""Heating"", ""Wifi"", ""Self check-in"", ""Air conditioning"", ""Smoke alarm"", ""BBQ grill"", ""Hair dryer"", ""Iron"", ""Kitchen"", ""Free parking on premises"", ""Outdoor dining area"", ""Cooking basics""]",$183.00,2,365,2,4,365,365,2.1,365.0,,t,16,34,52,220,2025-09-27,1,1,0,58,0,6,1098,2025-03-10,2025-03-10,5.0,5.0,5.0,5.0,5.0,5.0,5.0,,f,4,4,0,0,0.15
1258400546453587711,https://www.airbnb.com/rooms/1258400546453587711,20250927041735,2025-09-27,city scrape,Langmeil Cottages - Linden,"Langmeil Cottages, nestled in the picturesque town of Tanunda, offers a tranquil retreat in the heart of the Barossa Valley, one of the world's most celebrated wine regions. Though just moments from Tanunda's main street, Langmeil Cottages feels worlds away. Step outside your door and wander to nearby cellar doors, restaurant, boutiques and local attractions – or stay in and savour the slow pace, garden views and country cottage warmth.",,https://a0.muscache.com/pictures/prohost-api/Hosting-1258400546453587711/original/dabd6969-5ebe-4be2-b2e3-06fd96cfade4.jpeg,431794949,https://www.airbnb.com/users/show/431794949,Luke,2021-11-14,,"",within an hour,100%,100%,t,https://a0.muscache.com/im/pictures/user/User/original/7d69ec9d-277f-4533-96ac-d10a6f1cac4d.jpeg?aki_policy=profile_small,https://a0.muscache.com/im/pictures/user/User/original/7d69ec9d-277f-4533-96ac-d10a6f1cac4d.jpeg?aki_policy=profile_x_medium,,6,6,"['email', 'phone']",t,t,,Tanunda,,-34.51162,138.96146,Entire cottage,Entire home/apt,3,1.0,1 bath,1,1,"[""Lockbox"", ""Ethernet connection"", ""TV"", ""Heating"", ""Wifi"", ""Self check-in"", ""Air conditioning"", ""Smoke alarm"", ""BBQ grill"", ""Hair dryer"", ""Iron"", ""Kitchen"", ""Free parking on premises"", ""Outdoor dining area"", ""Cooking basics""]",$201.00,2,365,2,4,365,365,2.1,365.0,,t,12,33,55,227,2025-09-27,4,4,0,61,0,24,4824,2025-01-01,2025-04-23,4.75,4.75,5.0,5.0,4.75,4.75,4.75,,f,4,4,0,0,0.44
1258401658597869897,https://www.airbnb.com/rooms/1258401658597869897,20250927041735,2025-09-27,city scrape,Langmeil Cottages - Wattle,"Langmeil Cottages, nestled in the picturesque town of Tanunda, offers a tranquil retreat in the heart of the Barossa Valley, one of the world's most celebrated wine regions. Though just moments from Tanunda's main street, Langmeil Cottages feels worlds away. Step outside your door and wander to nearby cellar doors, restaurant, boutiques and local attractions – or stay in and savour the slow pace, garden views and country cottage warmth.",,https://a0.muscache.com/pictures/prohost-api/Hosting-1258401658597869897/original/3041954a-727b-461e-9871-5168a338e7d0.jpeg,431794949,https://www.airbnb.com/users/show/431794949,Luke,2021-11-14,,"",within an hour,100%,100%,t,https://a0.muscache.com/im/pictures/user/User/original/7d69ec9d-277f-4533-96ac-d10a6f1cac4d.jpeg?aki_policy=profile_small,https://a0.muscache.com/im/pictures/user/User/original/7d69ec9d-277f-4533-96ac-d10a6f1cac4d.jpeg?aki_policy=profile_x_medium,,6,6,"['email', 'phone']",t,t,,Tanunda,,-34.51110735484847,138.9617238984221,Entire cottage,Entire home/apt,3,1.0,1 bath,1,1,"[""Lockbox"", ""Ethernet connection"", ""TV"", ""Heating"", ""Wifi"", ""Self check-in"", ""Air conditioning"", ""Smoke alarm"", ""BBQ grill"", ""Hair dryer"", ""Iron"", ""Kitchen"", ""Free parking on premises"", ""Outdoor dining area"", ""Cooking basics""]",$183.00,2,365,2,4,365,365,2.1,365.0,,t,11,28,45,213,2025-09-27,10,10,2,45,0,60,10980,2025-01-24,2025-09-15,4.9,4.8,5.0,4.7,5.0,4.8,4.9,,f,4,4,0,0,1.21
1278705470447501124,https://www.airbnb.com/rooms/1278705470447501124,20250927041735,2025-09-27,city scrape,Barossa Valley View Guesthouse,"This spacious holiday home features 4 bedrooms, a well-equipped kitchen with a dishwasher and an oven, a living room, and a flat-screen TV. Guests can take in the ambience of the surroundings from an outdoor dining area and private pool or keep themselves warm by the fireplace on colder days. The holiday home offers bed linen, towels and laundry.<br />Featuring free private parking, the 4-star holiday home is located in the heart of the Barossa amongst some of the best wineries in the world.",,https://a0.muscache.com/pictures/miso/Hosting-1278705470447501124/original/9c3b83dd-af72-41b6-8920-e93a5de0c802.jpeg,659667005,https://www.airbnb.com/users/show/659667005,Barossa,2024-10-30,,"",within an hour,89%,87%,f,https://a0.muscache.com/defaults/user_pic-50x50.png?v=3,https://a0.muscache.com/defaults/user_pic-225x225.png?v=3,,2,2,"['email', 'phone']",f,t,,Tanunda,,-34.52739,138.9578,Entire home,Entire home/apt,8,2.5,2.5 baths,4,4,"[""Fire pit"", ""Indoor fireplace"", ""Outdoor dining area"", ""TV"", ""Wifi"", ""Air conditioning"", ""Smoke alarm"", ""Pool"", ""Kitchen"", ""Free parking on premises"", ""First aid kit"", ""Washer"", ""Fire extinguisher""]",$808.00,2,365,2,3,365,365,2.0,365.0,,t,15,34,57,268,2025-09-27,3,3,1,58,0,18,14544,2025-01-02,2025-09-13,4.67,5.0,4.33,5.0,5.0,5.0,4.67,,f,2,2,0,0,0.33
1283639999752310415,https://www.airbnb.com/rooms/1283639999752310415,20250927041735,2025-09-27,city scrape,The Tiny Barossa Sanctuary,"Welcome to The Tiny Barossa Sanctuary, a name that pays tribute to the property's rich history as a dog sanctuary from the 1970s to the 2000s.  <br /><br />Nestled at the gateway to the Barossa Valley, our cosy Tiny House is the perfect base for you, your loved one and your furry companion (up to 15kg).  <br /><br />Built in 2023, this stylish 9m x 3m Colorbond House features a queen bed, a two-seater sofa, a kitchenette, a separate bathroom and a spacious deck for you to relax and enjoy the tranquil surroundings.",,https://a0.muscache.com/pictures/hosting/Hosting-1283639999752310415/original/7e0f0d56-ba07-4243-88ca-13f87ab0a808.jpeg,407192412,https://www.airbnb.com/users/show/407192412,Paulette,2021-06-14,,"",within an hour,100%,96%,t,https://a0.muscache.com/im/pictures/user/User/original/94f1b4c1-9e87-4a09-ab9a-82b6b2c679be.jpeg?aki_policy=profile_small,https://a0.muscache.com/im/pictures/user/User/original/94f1b4c1-9e87-4a09-ab9a-82b6b2c679be.jpeg?aki_policy=profile_x_medium,,1,1,"['email', 'phone']",t,f,,Sandy Creek,,-34.60187639418117,138.834812566638,Tiny home,Entire home/apt,2,1.0,1 bath,1,1,"[""Coffee maker"", ""Lockbox"", ""Ceiling fan"", ""Wifi"", ""Hot water"", ""Dishes and silverware"", ""Barbecue utensils"", ""Outdoor dining area"", ""Private patio or balcony"", ""Bed linens"", ""Kitchenette"", ""Self check-in"", ""Coffee"", ""Freezer"", ""Dining table"", ""Stove"", ""Extra pillows and blankets"", ""Free parking on premises"", ""TV"", ""Heating - split type ductless system"", ""Refrigerator"", ""Air conditioning"", ""BBQ grill"", ""Fire extinguisher"", ""Shampoo"", ""Cooking basics"", ""Wine glasses"", ""Shared backyard"", ""Pets allowed"", ""Mini fridge"", ""Conditioner"", ""Microwave"", ""Smoke alarm"", ""Hair dryer"", ""Hot water kettle"", ""Body soap"", ""Toaster""]",$174.00,2,7,2,2,1125,1125,2.0,1125.0,,t,23,30,52,308,2025-09-27,15,15,3,55,1,90,15660,2024-12-29,2025-09-13,5.0,4.87,4.93,5.0,4.93,4.87,4.8,,t,1,1,0,0,1.65
1283956313699166848,https://www.airbnb.com/rooms/1283956313699166848,20250927041735,2025-09-27,city scrape,Barossa possum bungalow(Parties not permitted),Cozy for all in this spacious character home.,,https://a0.muscache.com/pictures/hosting/Hosting-1283956313699166848/original/be84c311-1c3e-4a8d-a668-2d7aaf539605.jpeg,508456368,https://www.airbnb.com/users/show/508456368,Hui,2023-04-04,,"",within an hour,100%,99%,f,https://a0.muscache.com/im/pictures/user/User-508456368/original/d5d1e3b5-b1c2-4d54-b04a-9373b959389d.jpeg?aki_policy=profile_small,https://a0.muscache.com/im/pictures/user/User-508456368/original/d5d1e3b5-b1c2-4d54-b04a-9373b959389d.jpeg?aki_policy=profile_x_medium,,36,46,"['email', 'phone']",t,t,,Tanunda,,-34.53150627053361,138.9489839879122,Entire home,Entire home/apt,5,1.5,1.5 baths,2,2,"[""Coffee maker"", ""Ethernet connection"", ""Heating"", ""Wifi"", ""Long term stays allowed"", ""Hot water"", ""Dishes and silverware"", ""Outdoor dining area"", ""Bed linens"", ""Patio or balcony"", ""Self check-in"", ""Coffee"", ""Cleaning available during stay"", ""Dining table"", ""Iron"", ""Kitchen"", ""Outdoor furniture"", ""Keypad"", ""Stove"", ""Room-darkening shades"", ""Cleaning products"", ""Shower gel"", ""Extra pillows and blankets"", ""Free parking on premises"", ""Bathtub"", ""Drying rack for clothing"", ""TV"", ""Outdoor shower"", ""Hangers"", ""Air conditioning"", ""Dedicated workspace"", ""Refrigerator"", ""Single level home"", ""Washer"", ""Backyard"", ""Shampoo"", ""Fire extinguisher"", ""Cooking basics"", ""Wine glasses"", ""Essentials"", ""Conditioner"", ""Microwave"", ""Clothing storage"", ""Smoke alarm"", ""Free street parking"", ""Hair dryer"", ""Hot water kettle"", ""Body soap"", ""Toaster""]",$156.00,1,365,1,1,365,365,1.0,365.0,,t,6,28,48,130,2025-09-27,12,12,1,54,0,72,11232,2025-01-22,2025-09-06,4.08,4.17,4.25,4.42,4.58,4.5,4.33,,f,4,4,0,0,1.45
1285155735593573702,https://www.airbnb.com/rooms/1285155735593573702,20250927041735,2025-09-27,city scrape,Seednest Barossa Family Retreat,"Welcome to Seednest: Your Barossa Family Haven <br /><br />Set in the heart of Barossa, Seednest is an inviting retreat just minutes from Nuriootpa and 6 minutes from Tanunda. Surrounded by the region’s top wineries and attractions within a 10-minute drive, it offers the perfect mix of exploration and relaxation. Immerse yourselves in Barossa’s charm, then return to a warm, welcoming space designed for family connection and shared moments, where comfort meets a touch of enchantment.",,https://a0.muscache.com/pictures/hosting/Hosting-U3RheVN1cHBseUxpc3Rpbmc6MTI4NTE1NTczNTU5MzU3MzcwMg%3D%3D/original/a538fda8-7048-40b1-a0f2-d422e0e7b4a9.jpeg,498042037,https://www.airbnb.com/users/show/498042037,Richard,2023-01-26,"Melbourne, Australia","As a passionate host, I thrive on the joy of meeting new faces and sparking spontaneous conversations with people from all walks of life. There's something truly special about connecting with strangers and sharing stories, experiences, and laughs. I look forward to each new encounter and the unique perspectives it brings. Hosting isn't just a job for me; it's a way to make the world a little smaller, one conversation at a time.",within an hour,100%,99%,f,https://a0.muscache.com/im/pictures/user/User-498042037/original/ff3c1d2d-8494-41e0-8dcb-c8ba26381e55.jpeg?aki_policy=profile_small,https://a0.muscache.com/im/pictures/user/User-498042037/original/ff3c1d2d-8494-41e0-8dcb-c8ba26381e55.jpeg?aki_policy=profile_x_medium,,5,5,['phone'],t,t,,Nuriootpa,,-34.4824264,138.9937175,Entire villa,Entire home/apt,9,3.0,3 baths,5,5,"[""Ceiling fan"", ""Fire pit"", ""Ethernet connection"", ""Wifi"", ""Dishwasher"", ""Coffee maker: drip coffee maker, pour-over coffee"", ""Long term stays allowed"", ""Hot water"", ""First aid kit"", ""Dishes and silverware"", ""Barbecue utensils"", ""Outdoor dining area"", ""Free parking garage on premises"", ""Bed linens"", ""Books and reading material"", ""Indoor fireplace"", ""Dryer"", ""Oven"", ""Children\u2019s dinnerware"", ""Self check-in"", ""Coffee"", ""Dining table"", ""Iron"", ""Kitchen"", ""Backyard - Not fully fenced"", ""Outdoor furniture"", ""Children\u2019s books and toys for ages 0-2 years old, 2-5 years old, and 5-10 years old"", ""Room-darkening shades"", ""Cleaning products"", ""Shower gel"", ""Extra pillows and blankets"", ""Other induction stove"", ""Portable heater"", ""Blender"", ""Carbon monoxide alarm"", ""Bathtub"", ""TV"", ""Refrigerator"", ""Hangers"", ""Air conditioning"", ""Baking sheet"", ""Private entrance"", ""Hot tub"", ""Pack \u2019n play/Travel crib - always at the listing"", ""Washer"", ""Shared BBQ grill: electric"", ""Shampoo"", ""Fire extinguisher"", ""Cooking basics"", ""Crib - always at the listing"", ""Wine glasses"", ""High chair"", ""Smart lock"", ""Noise decibel monitors on property"", ""Board games"", ""Conditioner"", ""Clothing storage"", ""Smoke alarm"", ""Free street parking"", ""Hair dryer"", ""Exterior security cameras on property"", ""Hot water kettle"", ""Toaster""]",$465.00,2,90,2,2,1125,1125,2.0,1125.0,,t,15,33,63,228,2025-09-27,26,26,2,65,2,156,72540,2024-12-22,2025-09-07,4.38,4.58,4.65,4.77,4.62,4.77,4.42,,t,2,2,0,0,2.79
1286771388121275150,https://www.airbnb.com/rooms/1286771388121275150,20250927041735,2025-09-27,city scrape,Tanunda Grove,"Nestled in one of Tanunda’s most prestigious quiet streets opposite a gum studded reserve you will find our limestone Tuscan inspired abode. <br />The Grove completes a stylish furnished interior with luxury brand linens, furnishings and designer wares.<br />Enjoy your private Tuscan vibe courtyard, stroll in the parks which surround you or catch a movie on the 85” screen. <br />The fully equipped kitchen will meet all your culinary needs or dine out at one of many local restaurants within close proximity.",One of the most prestigious streets in Tanunda. Quiet no through road surrounded by beautiful parklands. Tanunda Grove overlooks a gum studded parkland.,https://a0.muscache.com/pictures/hosting/Hosting-1286771388121275150/original/4067937c-a17c-4b1d-b532-20f9e9a4edcd.jpeg,40680144,https://www.airbnb.com/users/show/40680144,Janine,2015-08-06,,"",within an hour,100%,100%,t,https://a0.muscache.com/im/pictures/user/User/original/28fa5f3d-ea9e-4fb0-a0bb-0a0f133ea16d.jpeg?aki_policy=profile_small,https://a0.muscache.com/im/pictures/user/User/original/28fa5f3d-ea9e-4fb0-a0bb-0a0f133ea16d.jpeg?aki_policy=profile_x_medium,,1,1,['phone'],t,t,Neighborhood highlights,Tanunda,,-34.5107315,138.9639727,Entire home,Entire home/apt,6,2.0,2 baths,3,3,"[""High chair - available upon request"", ""Lockbox"", ""Housekeeping - available at extra cost"", ""Ceiling fan"", ""Babysitter recommendations"", ""Wifi"", ""Dishwasher"", ""Coffee maker: Nespresso"", ""Changing table"", ""Long term stays allowed"", ""Hot water"", ""First aid kit"", ""Dishes and silverware"", ""Barbecue utensils"", ""Outdoor dining area"", ""Private backyard"", ""Garden view"", ""Bed linens"", ""Books and reading material"", ""Oven"", ""Self check-in"", ""Coffee"", ""Freezer"", ""Dining table"", ""Iron"", ""Kitchen"", ""Courtyard view"", ""Outdoor furniture"", ""Central air conditioning"", ""Children\u2019s books and toys for ages 0-2 years old, 2-5 years old, and 5-10 years old"", ""Stove"", ""Central heating"", ""Cleaning products"", ""Pack \u2019n play/Travel crib - available upon request"", ""Shower gel"", ""Extra pillows and blankets"", ""Baby bath - always at the listing"", ""Blender"", ""Free parking on premises"", ""Bathtub"", ""TV"", ""Refrigerator"", ""Hangers"", ""Baking sheet"", ""BBQ grill"", ""Single level home"", ""Washer"", ""Shampoo"", ""Fire extinguisher"", ""Cooking basics"", ""Wine glasses"", ""Essentials"", ""Pets allowed"", ""Board games"", ""Conditioner"", ""Crib - available upon request"", ""Microwave"", ""Clothing storage"", ""Smoke alarm"", ""Free street parking"", ""Hair dryer"", ""Hot water kettle"", ""Body soap"", ""Toaster""]",$439.00,2,365,1,3,365,365,2.0,365.0,,t,11,21,39,244,2025-09-27,42,42,6,41,0,252,110628,2025-01-06,2025-09-26,5.0,5.0,4.98,5.0,5.0,4.98,4.98,,t,1,1,0,0,4.75
1296150230438530336,https://www.airbnb.com/rooms/1296150230438530336,20250927041735,2025-09-27,city scrape,"Gorgeous, large Barossa home","The whole group will enjoy easy access to everything in this centrally located place. 800 metre walk to supermarket , 1 km to local hotels and eateries, 55 min drive to Adelaide CBD. Modern, well appointed family home , 4 bedroom, 2.5 bathrooms , additional room to create extra sleeping spaces for kids or extras ! Huge back yard with BBq, indoor & outdoor dining space for 10-12 people. Kitchen has a 900mm oven perfect for group meals , full laundry, excellent heating & cooling. everything really",,https://a0.muscache.com/pictures/miso/Hosting-1296150230438530336/original/b48407cc-8259-4a7a-a16e-d50443e7f021.jpeg,99991169,https://www.airbnb.com/users/show/99991169,Elli,2016-10-17,"Tanunda, Australia","",N/A,N/A,N/A,f,https://a0.muscache.com/im/pictures/user/User/original/9a87d3db-86b0-44e0-84d2-53348b272d57.jpeg?aki_policy=profile_small,https://a0.muscache.com/im/pictures/user/User/original/9a87d3db-86b0-44e0-84d2-53348b272d57.jpeg?aki_policy=profile_x_medium,,1,1,"['email', 'phone']",t,f,,Tanunda,,-34.519167427336804,138.9647132453606,Entire home,Entire home/apt,10,2.5,2.5 baths,4,4,"[""Pets allowed"", ""Dedicated workspace"", ""Air conditioning"", ""Smoke alarm"", ""BBQ grill"", ""Paid parking on premises"", ""Host greets you"", ""Outdoor dining area""]","$1,800.00",3,5,3,3,5,5,3.0,5.0,,t,23,53,83,358,2025-09-27,0,0,0,89,0,0,0,,,,,,,,,,,f,1,1,0,0,
1301247673858732294,https://www.airbnb.com/rooms/1301247673858732294,20250927041735,2025-09-27,city scrape,Six on Sibley,"Keep it simple at this peaceful and centrally located place in beautiful Angaston. The perfect base to take a self guided tour, taking in the heritage of the Barossa Valley. Visit wineries,  markets, Melba’s chocolates, Barossa Valley cheese company, cooking schools and the many local stores and cafes. Easy walking distance to cafes, dining, recreation grounds, adventure playground and cycling trail. With everything you need if you choose to eat and relax at your accommodation.",,https://a0.muscache.com/pictures/hosting/Hosting-1301247673858732294/original/74ebbf75-c778-4fe4-886b-871f7eb4aaf4.jpeg,41593025,https://www.airbnb.com/users/show/41593025,Julie,2015-08-16,"Springton, Australia"," Professional couple, enjoy travelling, camping and outdoors. Often travel with medium sized, well behaved travel dog.",within an hour,100%,100%,t,https://a0.muscache.com/im/pictures/user/6821ca7b-d64a-4adc-8abf-754c3edb5625.jpg?aki_policy=profile_small,https://a0.muscache.com/im/pictures/user/6821ca7b-d64a-4adc-8abf-754c3edb5625.jpg?aki_policy=profile_x_medium,,1,1,"['email', 'phone']",t,t,,Angaston,,-34.506938355877374,139.04666271307218,Entire home,Entire home/apt,4,1.0,1 bath,2,2,"[""Lockbox"", ""Ceiling fan"", ""Heating"", ""Wifi"", ""Dishwasher"", ""Coffee maker: Nespresso"", ""Hot water"", ""First aid kit"", ""Dishes and silverware"", ""Barbecue utensils"", ""Outdoor dining area"", ""Private backyard"", ""Private patio or balcony"", ""Bed linens"", ""Dryer"", ""Oven"", ""Self check-in"", ""Freezer"", ""Dining table"", ""Iron"", ""Kitchen"", ""Outdoor furniture"", ""Stove"", ""Shower gel"", ""Extra pillows and blankets"", ""Free parking on premises"", ""TV"", ""Refrigerator"", ""Hangers"", ""Air conditioning"", ""Baking sheet"", ""BBQ grill"", ""Washer"", ""Shampoo"", ""Cooking basics"", ""Wine glasses"", ""Pets allowed"", ""Conditioner"", ""Microwave"", ""Clothing storage"", ""Portable fans"", ""Smoke alarm"", ""Hair dryer"", ""Hot water kettle"", ""Toaster""]",$223.00,2,30,2,3,30,30,2.0,30.0,,t,13,35,65,151,2025-09-27,19,19,2,71,0,114,25422,2025-03-01,2025-09-21,4.74,4.84,5.0,4.95,4.89,4.79,4.68,,f,1,1,0,0,2.70
1301296610524602864,https://www.airbnb.com/rooms/1301296610524602864,20250927041735,2025-09-27,city scrape,13Elizabeth,"13Elizabeth – Stylish 3-Bedroom Home in the Heart of Wine Country<br />Perfect for Families, Couples & Groups<br />Relax in comfort at 13Elizabeth, a beautifully appointed 3-bedroom, 2-bathroom home in the heart of the Barossa Valley. Ideal for a weekend getaway or a longer stay, this spacious home offers everything you need for a memorable escape.",,https://a0.muscache.com/pictures/miso/Hosting-1301296610524602864/original/bdd70249-3417-4656-80c4-094fd0c967de.jpeg,364592346,https://www.airbnb.com/users/show/364592346,Mack,2020-08-26,"Black Hill, Australia","",within a few hours,67%,63%,f,https://a0.muscache.com/im/pictures/user/7e952e7a-ed94-4d7c-9709-66e9a856245c.jpg?aki_policy=profile_small,https://a0.muscache.com/im/pictures/user/7e952e7a-ed94-4d7c-9709-66e9a856245c.jpg?aki_policy=profile_x_medium,,1,1,"['email', 'phone']",t,t,,Tanunda,,-34.52134,138.95429,Entire home,Entire home/apt,6,2.0,2 baths,3,0,"[""Free parking garage on premises"", ""Smart lock"", ""Outdoor dining area"", ""TV"", ""Wifi"", ""Self check-in"", ""Air conditioning"", ""Smoke alarm"", ""BBQ grill"", ""Kitchen"", ""Washer""]",$369.00,2,365,2,2,365,365,2.0,365.0,,t,13,36,56,273,2025-09-27,0,0,0,58,0,0,0,,,,,,,,,,,t,1,1,0,0,
1315618870381803395,https://www.airbnb.com/rooms/1315618870381803395,20250927041735,2025-09-27,city scrape,Norm's Vineyard Retreat - Lyndoch,"Experience luxury and seclusion in the heart of the Barossa Valley!<br />Welcome to Norm's Vineyard retreat - a private, peaceful escape nestled on our historic 400 acre family estate.  Whether your planning a romantic getaway, a wine filled weekend with friends or  a special family celebration, Norm's offers the ideal blend of comfort, charm and exclusivity.  <br /><br />Entire Home - No shared spaces<br />The home is your exclusively during your stay   <br /> <br />Perfect for: Group getaways, Families or Couples",,https://a0.muscache.com/pictures/miso/Hosting-1315618870381803395/original/028b5ff5-9b7e-415b-acdc-9cd6e4a78461.jpeg,247324151,https://www.airbnb.com/users/show/247324151,Billie-Jo,2019-03-06,,"",within an hour,100%,100%,f,https://a0.muscache.com/im/pictures/user/User/original/b81c2b0d-9e21-49c1-a9b2-f59a3e593750.png?aki_policy=profile_small,https://a0.muscache.com/im/pictures/user/User/original/b81c2b0d-9e21-49c1-a9b2-f59a3e593750.png?aki_policy=profile_x_medium,,1,1,"['email', 'phone']",t,f,,Lyndoch,,-34.62641,138.91084,Farm stay,Entire home/apt,8,2.0,2 baths,4,3,"[""Coffee maker"", ""Children's playroom"", ""Ceiling fan"", ""Fire pit"", ""Heating"", ""Wifi"", ""Dishwasher"", ""Sound system"", ""Hot water"", ""First aid kit"", ""Dishes and silverware"", ""Barbecue utensils"", ""Outdoor dining area"", ""Free parking garage on premises"", ""Bed linens"", ""Patio or balcony"", ""Dryer"", ""Oven"", ""Children\u2019s dinnerware"", ""Outdoor playground"", ""Coffee"", ""Self check-in"", ""Dining table"", ""Iron"", ""Kitchen"", ""Outdoor furniture"", ""Stove"", ""Room-darkening shades"", ""Cleaning products"", ""Shower gel"", ""Extra pillows and blankets"", ""Bathtub"", ""TV"", ""Dedicated workspace"", ""Hangers"", ""Air conditioning"", ""Refrigerator"", ""Private entrance"", ""BBQ grill"", ""Washer"", ""Backyard"", ""Shampoo"", ""Fire extinguisher"", ""Cooking basics"", ""Wine glasses"", ""Essentials"", ""Smart lock"", ""Conditioner"", ""Children\u2019s books and toys"", ""Microwave"", ""Clothing storage"", ""Smoke alarm"", ""Hair dryer"", ""Body soap"", ""Toaster"", ""Breakfast""]",$691.00,2,7,2,4,1125,1125,2.2,1125.0,,t,12,20,33,186,2025-09-27,3,3,0,34,0,18,12438,2025-01-02,2025-05-04,5.0,5.0,5.0,5.0,5.0,5.0,5.0,,t,1,1,0,0,0.33
1318012957546152021,https://www.airbnb.com/rooms/1318012957546152021,20250927041735,2025-09-27,city scrape,Charming Barossa Retreat,"In the heart of the Barossa Valley stay in our cozy, well-appointed 1-bedroom retreat, perfect for a couple's getaway. Located in Nuriootpa, this property offers easy access to the region’s renowned wineries, gourmet dining, and stunning countryside.<br /><br />The bedroom features a luxurious king-size bed, a spacious walk-in wardrobe, and a private ensuite for your comfort. The sitting room includes a fold-out bed, a TV for your entertainment, and a kitchenette for preparing meals at your leisure.",,https://a0.muscache.com/pictures/hosting/Hosting-1318012957546152021/original/eb507b84-06d0-4d2e-b749-c1eadb715533.jpeg,56761717,https://www.airbnb.com/users/show/56761717,Daniel,2016-01-30,,"Clean and considerate. I love the outdoors especially skiing, cycling and climbing.",within a few hours,90%,93%,t,https://a0.muscache.com/im/pictures/user/92d2093a-6280-4cac-8278-6543021dafa9.jpg?aki_policy=profile_small,https://a0.muscache.com/im/pictures/user/92d2093a-6280-4cac-8278-6543021dafa9.jpg?aki_policy=profile_x_medium,,1,1,"['email', 'phone']",t,t,,Nuriootpa,,-34.464191692253834,138.9974536872127,Entire guesthouse,Entire home/apt,3,1.0,1 bath,1,2,"[""Lockbox"", ""Clothing storage: walk-in closet"", ""Heating"", ""Wifi"", ""Dishes and silverware"", ""40 inch HDTV"", ""Bed linens"", ""Kitchenette"", ""Self check-in"", ""Iron"", ""Room-darkening shades"", ""Shower gel"", ""Extra pillows and blankets"", ""Hangers"", ""Air conditioning"", ""Private entrance"", ""Shampoo"", ""Cooking basics"", ""Wine glasses"", ""Conditioner"", ""Microwave"", ""Smoke alarm"", ""Hair dryer"", ""Exterior security cameras on property"", ""Free parking on premises"", ""Body soap""]",$112.00,1,1125,1,1,1125,1125,1.0,1125.0,,t,25,43,67,304,2025-09-27,20,20,4,67,2,120,13440,2024-12-26,2025-09-23,4.95,4.9,5.0,4.9,4.95,5.0,4.85,,f,1,1,0,0,2.17
1324503197165462834,https://www.airbnb.com/rooms/1324503197165462834,20250927041735,2025-09-27,city scrape,Barossa Escape central Tanunda,"Enjoy a stylish experience at this centrally located guesthouse.<br />Based in the heart of Tanunda, walking distance to pubs, cafes, wine bars and wineries.  <br />Enjoy a break with all the modern facilities in this newly renovated guesthouse in Tanunda.<br /> Facilities includes 1x Queen size bed with 1x double sofa bed, making comfortable living for a couple or small family.  There is easy access with undercover parking, a fully functioning kitchen, split system air conditioner, plus stylish new bathroom.",,https://a0.muscache.com/pictures/miso/Hosting-1324503197165462834/original/f5bcbd8e-2e0c-4d1a-881e-31af422f7ddf.jpeg,273440992,https://www.airbnb.com/users/show/273440992,Jodie,2019-07-04,,"",within an hour,100%,98%,t,https://a0.muscache.com/im/pictures/user/User/original/eed1f08e-a8a3-4b22-8e40-684e94d2a910.jpeg?aki_policy=profile_small,https://a0.muscache.com/im/pictures/user/User/original/eed1f08e-a8a3-4b22-8e40-684e94d2a910.jpeg?aki_policy=profile_x_medium,,1,1,"['email', 'phone']",t,t,,Tanunda,,-34.5162739,138.969456,Entire guesthouse,Entire home/apt,4,1.0,1 bath,1,2,"[""Ceiling fan"", ""Westinghouse oven"", ""Wifi"", ""Dishwasher"", ""Coffee maker: Nespresso"", ""Hot water"", ""Induction stove"", ""First aid kit"", ""Dishes and silverware"", ""Clothing storage: wardrobe"", ""Bed linens"", ""Coffee"", ""Freezer"", ""Dining table"", ""Iron"", ""Kitchen"", ""Haier refrigerator"", ""Outdoor furniture"", ""Cleaning products"", ""Extra pillows and blankets"", ""Free parking on premises"", ""TV"", ""Heating - split type ductless system"", ""Hangers"", ""Air conditioning"", ""Private entrance"", ""Laundromat nearby"", ""Fire extinguisher"", ""Cooking basics"", ""Wine glasses"", ""Essentials"", ""Microwave"", ""Smoke alarm"", ""Hair dryer"", ""Hot water kettle"", ""Toaster""]",$174.00,1,60,1,1,60,60,1.0,60.0,,t,13,33,43,302,2025-09-27,17,17,2,43,0,102,17748,2025-03-07,2025-09-23,4.94,4.94,4.82,4.94,5.0,4.88,4.82,,f,1,1,0,0,2.49
1329987856114784625,https://www.airbnb.com/rooms/1329987856114784625,20250927041735,2025-09-27,city scrape,Barossa Vineyard Guesthouse,"Located in the heart of the Barossa Valley, this guesthouse is ideally located for winery visits. It is 6 minute walk from Tanunda. The 4-bedroom Barossa Vineyard Guesthouse accommodates up to 10 guests. You can enjoy lovely sunset and vineyard views.<br />This self-contained house boasts a large lounge area and a separate dine-in kitchen. There are several local dining options within 10 minutes' walk.<br />One of the bathrooms offers a deep, claw-foot bathtub, perfect for relaxing with a glass of wine.",,https://a0.muscache.com/pictures/miso/Hosting-1329987856114784625/original/4ec3a0b8-fa00-4f24-a60f-f41e576be55e.jpeg,659667005,https://www.airbnb.com/users/show/659667005,Barossa,2024-10-30,,"",within an hour,89%,87%,f,https://a0.muscache.com/defaults/user_pic-50x50.png?v=3,https://a0.muscache.com/defaults/user_pic-225x225.png?v=3,,2,2,"['email', 'phone']",f,t,,Tanunda,,-34.52579092268327,138.9627846033034,Entire home,Entire home/apt,10,3.0,3 baths,4,6,"[""Bed linens"", ""Indoor fireplace"", ""Outdoor dining area"", ""Free parking on premises"", ""Bathtub"", ""TV"", ""Wifi"", ""Air conditioning"", ""Smoke alarm"", ""BBQ grill"", ""Hot water"", ""Kitchen"", ""Hot water kettle"", ""Body soap"", ""Washer"", ""Fire extinguisher""]",$723.00,2,365,2,4,365,365,2.1,365.0,,t,19,40,68,323,2025-09-27,2,2,0,73,0,12,8676,2025-06-04,2025-06-14,5.0,5.0,4.5,5.0,5.0,4.5,4.5,,f,2,2,0,0,0.52
1345323595969707094,https://www.airbnb.com/rooms/1345323595969707094,20250927041735,2025-09-27,city scrape,Casa thirty-six,"Centrally located, family-friendly 3-bedroom, 1-bathroom home, perfect for a relaxing escape. Enjoy natural sunlight through French windows and a cozy window seat for your morning coffee. The home features a large outdoor backyard and a short walk takes you to Tanunda Main Street, close to award winning restaurants & wineries. Experience Tanunda with the comfort of our beautiful Airbnb.",,https://a0.muscache.com/pictures/hosting/Hosting-1345323595969707094/original/7388eaad-2c4d-4d1e-8d3f-f4b42a6befc8.jpeg,51034353,https://www.airbnb.com/users/show/51034353,Kate,2015-12-10,"Tanunda, Australia","",within an hour,100%,96%,f,https://a0.muscache.com/im/pictures/user/User/original/9c018c58-7be2-4ab6-9eea-8f363c3889bc.jpeg?aki_policy=profile_small,https://a0.muscache.com/im/pictures/user/User/original/9c018c58-7be2-4ab6-9eea-8f363c3889bc.jpeg?aki_policy=profile_x_medium,,1,1,"['email', 'phone']",t,t,,Tanunda,,-34.51911280160153,138.9596729331992,Entire home,Entire home/apt,6,1.0,1 bath,3,3,"[""Coffee maker"", ""Heating"", ""Wifi"", ""Dishwasher"", ""Hot water"", ""Dishes and silverware"", ""Barbecue utensils"", ""Outdoor dining area"", ""Bed linens"", ""Oven"", ""Self check-in"", ""Coffee"", ""Freezer"", ""Dining table"", ""Iron"", ""Kitchen"", ""Keypad"", ""Stove"", ""Room-darkening shades"", ""Shower gel"", ""Free parking on premises"", ""Carbon monoxide alarm"", ""Bathtub"", ""TV"", ""Refrigerator"", ""Hangers"", ""Air conditioning"", ""BBQ grill"", ""Washer"", ""Backyard"", ""Shampoo"", ""Cooking basics"", ""Wine glasses"", ""Conditioner"", ""Microwave"", ""Clothing storage"", ""Smoke alarm"", ""Hair dryer"", ""Hot water kettle"", ""Body soap"", ""Toaster""]",$405.00,2,365,2,3,365,365,2.1,365.0,,t,15,32,42,262,2025-09-27,9,9,2,45,0,54,21870,2025-04-13,2025-09-14,4.89,4.89,4.78,5.0,4.89,4.78,4.44,,t,1,1,0,0,1.61
1346323841393672266,https://www.airbnb.com/rooms/1346323841393672266,20250927041735,2025-09-27,city scrape,Barossa Luxe  - Tanunda Central,"Indulge in Barossa Bliss! Ideally located within walking distance to all the attractions that make Tanunda such a beloved destination. Featuring a versatile floor plan that suits your needs, this home accommodates 6 all in spacious comfortable beds with a sofa bed if needed, ideal for families or those who love to entertain.",,https://a0.muscache.com/pictures/miso/Hosting-1346323841393672266/original/9cbce2c7-70c0-4c0a-bc74-73138980d5c8.jpeg,427747809,https://www.airbnb.com/users/show/427747809,Katie,2021-10-17,,"",N/A,N/A,N/A,,https://a0.muscache.com/im/pictures/user/User/original/669aba48-25c8-46ee-af46-5a02d288c1aa.jpeg?aki_policy=profile_small,https://a0.muscache.com/im/pictures/user/User/original/669aba48-25c8-46ee-af46-5a02d288c1aa.jpeg?aki_policy=profile_x_medium,,2,3,['phone'],t,t,,Tanunda,,-34.52419551482558,138.95112368145365,Entire home,Entire home/apt,8,2.0,2 baths,3,3,"[""Ethernet connection"", ""Wifi"", ""Dishwasher"", ""EV charger"", ""Hot water"", ""Dishes and silverware"", ""Barbecue utensils"", ""Bed linens"", ""Dryer"", ""Oven"", ""Children\u2019s dinnerware"", ""Freezer"", ""Dining table"", ""Iron"", ""Kitchen"", ""Outdoor furniture"", ""Stove"", ""Central heating"", ""Room-darkening shades"", ""Cleaning products"", ""Shower gel"", ""Free parking on premises"", ""Bathtub"", ""TV"", ""Dedicated workspace"", ""Hangers"", ""Pool table"", ""Air conditioning"", ""Refrigerator"", ""Baking sheet"", ""Private entrance"", ""BBQ grill"", ""Pack \u2019n play/Travel crib - always at the listing"", ""Washer"", ""Backyard"", ""Shampoo"", ""Cooking basics"", ""Wine glasses"", ""Essentials"", ""High chair"", ""Board games"", ""Microwave"", ""Clothing storage"", ""Smoke alarm"", ""Hair dryer"", ""Hot water kettle"", ""Body soap"", ""Toaster""]",$334.00,2,365,2,4,365,365,2.2,365.0,,t,12,26,54,308,2025-09-27,22,22,2,60,0,132,44088,2025-03-01,2025-08-31,5.0,5.0,5.0,5.0,5.0,4.95,4.95,,f,1,1,0,0,3.13
1348354091270712420,https://www.airbnb.com/rooms/1348354091270712420,20250927041735,2025-09-27,city scrape,Koblenz Haus - Tanundas Newest!,"Nestled in a peaceful cul-de-sac, this charming home offers the perfect blend of tranquillity & convenience. Just minutes from the heart of town, enjoy easy access to shops, dining & amenities while savouring the peace & quiet. Koblenz Haus features spacious living areas and modern features. A private backyard retreat provides the ideal space for relaxation or entertaining. This home is perfect for those seeking comfort, style, and accessibility in the Barossa Valleys most desirable locations.",,https://a0.muscache.com/pictures/miso/Hosting-1348354091270712420/original/4110497a-c56e-4368-8031-4921ec641dcf.jpeg,676721240,https://www.airbnb.com/users/show/676721240,Katie,2025-02-03,,"",within an hour,100%,100%,f,https://a0.muscache.com/im/pictures/user/User/original/0cd8289c-0b5f-45ad-ac2a-7705b2bf985e.jpeg?aki_policy=profile_small,https://a0.muscache.com/im/pictures/user/User/original/0cd8289c-0b5f-45ad-ac2a-7705b2bf985e.jpeg?aki_policy=profile_x_medium,,1,1,"['email', 'phone']",t,f,,Tanunda,,-34.51847128437124,138.96186051740804,Entire home,Entire home/apt,6,2.0,2 baths,3,3,"[""Coffee maker"", ""Heating"", ""Wifi"", ""Dishwasher"", ""Crib"", ""Hot water"", ""First aid kit"", ""Dishes and silverware"", ""Barbecue utensils"", ""Outdoor dining area"", ""Bed linens"", ""Oven"", ""Self check-in"", ""Coffee"", ""Freezer"", ""Iron"", ""Kitchen"", ""Keypad"", ""Stove"", ""Shower gel"", ""Free parking on premises"", ""Bathtub"", ""TV"", ""Dedicated workspace"", ""Outdoor shower"", ""Hangers"", ""Air conditioning"", ""Refrigerator"", ""BBQ grill"", ""Washer"", ""Fire extinguisher"", ""Shampoo"", ""Cooking basics"", ""Wine glasses"", ""Conditioner"", ""Microwave"", ""Clothing storage"", ""Smoke alarm"", ""Hair dryer"", ""Hot water kettle"", ""Toaster""]",$365.00,2,21,2,3,21,21,2.0,21.0,,t,18,36,57,303,2025-09-27,16,16,1,60,0,96,35040,2025-04-08,2025-09-07,5.0,4.94,4.94,4.88,5.0,4.88,4.88,,f,1,1,0,0,2.77
1349652517817367502,https://www.airbnb.com/rooms/1349652517817367502,20250927041735,2025-09-27,city scrape,The Cottage,"This beautifully renovated 3-bedroom 1860's cottage in Tanunda, Barossa Valley, combines historic charm with modern luxury. It features 3 king-size bedrooms, a spa bath, and a heated outdoor spa on deck for the ultimate relaxation. Located just a short walk from Tanunda’s main street. Whether you’re visiting for the world-class wine, scenic beauty, or local culture, this cottage provides an intimate, luxurious base for your stay!",,https://a0.muscache.com/pictures/miso/Hosting-1349652517817367502/original/73a9ec89-ab2a-4f36-8383-2d3b909bb305.jpeg,78710746,https://www.airbnb.com/users/show/78710746,Emma,2016-06-19,"Tanunda, Australia","",within an hour,100%,100%,t,https://a0.muscache.com/im/pictures/user/User/original/038e5e11-fc88-4694-99de-a9962e58f446.jpeg?aki_policy=profile_small,https://a0.muscache.com/im/pictures/user/User/original/038e5e11-fc88-4694-99de-a9962e58f446.jpeg?aki_policy=profile_x_medium,,2,8,"['email', 'phone']",t,t,,Tanunda,,-34.5310373,138.9493288,Entire home,Entire home/apt,6,1.0,1 bath,3,3,"[""Private BBQ grill: gas"", ""Indoor fireplace"", ""Outdoor dining area"", ""TV"", ""Wifi"", ""Air conditioning"", ""Smoke alarm"", ""Hot tub"", ""Kitchen"", ""Free parking on premises"", ""Washer""]",$425.00,2,365,2,3,365,365,2.0,365.0,,t,9,33,53,286,2025-09-27,14,14,1,58,0,84,35700,2025-04-21,2025-09-01,5.0,4.93,5.0,5.0,5.0,4.93,4.93,,t,2,2,0,0,2.63
1354096360967481641,https://www.airbnb.com/rooms/1354096360967481641,20250927041735,2025-09-27,previous scrape,Murray cottage Tanunda.,"Escape to our newly built stone cottage in the heart of Tanunda, where heritage meets comfort. With handcrafted details and modern amenities, this retreat offers a unique experience in the Barossa Valley.<br /><br />Perfect for couples, families or small groups, its the ideal base for exploring the regions world-famous wineries and stunning landscapes.<br /><br />Inside you will find spacious living areas with fully equipped kitchen, luxurious bathroom and 2 large sized bedrooms and a mezzanine that can sleep 2",,https://a0.muscache.com/pictures/hosting/Hosting-U3RheVN1cHBseUxpc3Rpbmc6MTM1NDA5NjM2MDk2NzQ4MTY0MQ==/original/26cd4f1c-f131-468a-bfa5-c11f01f397ef.jpeg,196783231,https://www.airbnb.com/users/show/196783231,Louise,2018-06-20,"Krondorf, Australia","",within an hour,100%,100%,t,https://a0.muscache.com/im/pictures/user/51e7fd74-de62-4ca4-ab41-edd3fc028573.jpg?aki_policy=profile_small,https://a0.muscache.com/im/pictures/user/51e7fd74-de62-4ca4-ab41-edd3fc028573.jpg?aki_policy=profile_x_medium,,5,5,"['email', 'phone']",t,t,,Tanunda,,-34.52216224555949,138.96377048629822,Entire home,Entire home/apt,6,,1 bath,3,,"[""Ceiling fan"", ""Stainless steel induction stove"", ""Wifi"", ""Dishwasher"", ""Hot water"", ""First aid kit"", ""Dishes and silverware"", ""Barbecue utensils"", ""Outdoor dining area"", ""Private BBQ grill: wood-burning"", ""Bed linens"", ""Indoor fireplace"", ""Coffee"", ""Freezer"", ""Dining table"", ""Coffee maker: espresso machine"", ""Iron"", ""Kitchen"", ""Clothing storage: closet, wardrobe, and dresser"", ""Outdoor furniture"", ""Room-darkening shades"", ""Cleaning products"", ""Shower gel"", ""Free parking on premises"", ""Drying rack for clothing"", ""TV"", ""Dedicated workspace"", ""Outdoor shower"", ""Hangers"", ""Air conditioning"", ""Refrigerator"", ""Laundromat nearby"", ""Washer"", ""Shampoo"", ""Fire extinguisher"", ""Cooking basics"", ""Wine glasses"", ""Microwave"", ""Smoke alarm"", ""Hair dryer"", ""Hot water kettle"", ""Body soap"", ""Toaster""]",,2,365,2,2,365,365,2.0,365.0,,t,0,0,0,0,2025-09-27,0,0,0,0,0,0,,,,,,,,,,,,f,4,4,0,0,
1361983510007712698,https://www.airbnb.com/rooms/1361983510007712698,20250927041735,2025-09-27,city scrape,Ella's Garden: Relax in Luxury,"Nestled along the prestigious Bethany Road in Tanunda - the undisputed original heart of The Barossa Valley - Ella's Garden offers an exquisite boutique accommodation experience.<br />As the region's principle town, Tanunda serves as the cultural and social epicentre of Australia's most celebrated wine region, making our location simply unmatched.<br />Perfectly positioned in bustling Tanunda, where the Barossa finest restaurants, cellar doors and artisanal producers converge.",,https://a0.muscache.com/pictures/hosting/Hosting-U3RheVN1cHBseUxpc3Rpbmc6MTM2MTk4MzUxMDAwNzcxMjY5OA==/original/4f4af343-9116-4e74-b928-7346c8a7fa67.jpeg,196783231,https://www.airbnb.com/users/show/196783231,Louise,2018-06-20,"Krondorf, Australia","",within an hour,100%,100%,t,https://a0.muscache.com/im/pictures/user/51e7fd74-de62-4ca4-ab41-edd3fc028573.jpg?aki_policy=profile_small,https://a0.muscache.com/im/pictures/user/51e7fd74-de62-4ca4-ab41-edd3fc028573.jpg?aki_policy=profile_x_medium,,5,5,"['email', 'phone']",t,t,,Tanunda,,-34.5337929,138.9542452,Entire home,Entire home/apt,6,2.0,2 baths,3,3,"[""Ceiling fan"", ""Wifi"", ""Dishwasher"", ""Coffee maker: Nespresso"", ""Sound system"", ""Hot water"", ""Dryer \u2013 In building"", ""First aid kit"", ""Barbecue utensils"", ""Outdoor dining area"", ""Bed linens"", ""Books and reading material"", ""Oven"", ""Coffee"", ""Freezer"", ""Dining table"", ""Iron"", ""Kitchen"", ""AC - split type ductless system"", ""Outdoor furniture"", ""Stove"", ""Private backyard \u2013 Fully fenced"", ""Private BBQ grill: gas"", ""Shower gel"", ""Free carport on premises \u2013 2 spaces"", ""Blender"", ""Bathtub"", ""TV"", ""Heating - split type ductless system"", ""Hangers"", ""Refrigerator"", ""Single level home"", ""Washer"", ""Shampoo"", ""Fire extinguisher"", ""Cooking basics"", ""Wine glasses"", ""EV charger - level 2"", ""Conditioner"", ""Microwave"", ""Smoke alarm"", ""Hair dryer"", ""Hot water kettle"", ""Body soap"", ""Toaster""]",$450.00,2,365,2,7,365,365,2.1,365.0,,t,19,43,73,342,2025-09-27,2,2,0,79,0,12,5400,2025-05-25,2025-06-08,5.0,5.0,5.0,5.0,5.0,5.0,5.0,,t,4,4,0,0,0.48
1362885347375381573,https://www.airbnb.com/rooms/1362885347375381573,20250927041735,2025-09-27,city scrape,Grainge Tanunda - quality central Barossa home,"Your family and friends will be close to all attractions when you stay at this centrally located home. Enjoy all the benefits of home in a quiet neighborhood location where you will feel like a local, yet have all the treats Tanunda and the Barossa offers within easy walking distance or a short drive.<br />This newly renovated home is yours to enjoy, with features including new bathroom and kitchen, all new furnishings, secure, private outdoor area and safe off street parking for all guests.",,https://a0.muscache.com/pictures/hosting/Hosting-1362885347375381573/original/bd1c556a-22a2-4cec-a8e6-24b496b2cfa1.jpeg,89814567,https://www.airbnb.com/users/show/89814567,Graham,2016-08-14,,"",within an hour,100%,100%,f,https://a0.muscache.com/defaults/user_pic-50x50.png?v=3,https://a0.muscache.com/defaults/user_pic-225x225.png?v=3,,1,1,['phone'],f,f,,Tanunda,,-34.51731643483635,138.96333172222708,Entire home,Entire home/apt,5,1.0,1 bath,3,3,"[""Coffee maker"", ""Lockbox"", ""Ceiling fan"", ""Fire pit"", ""Heating"", ""Dishwasher"", ""Long term stays allowed"", ""Hot water"", ""Dishes and silverware"", ""Barbecue utensils"", ""Outdoor dining area"", ""Bed linens"", ""Books and reading material"", ""Free dryer \u2013 In building"", ""Oven"", ""Self check-in"", ""Coffee"", ""Freezer"", ""Dining table"", ""Iron"", ""Kitchen"", ""Outdoor furniture"", ""Stove"", ""Shower gel"", ""Free parking on premises"", ""Drying rack for clothing"", ""TV"", ""Refrigerator"", ""Hangers"", ""Air conditioning"", ""BBQ grill"", ""Single level home"", ""Washer"", ""Backyard"", ""Fire extinguisher"", ""Cooking basics"", ""Wine glasses"", ""Microwave"", ""Smoke alarm"", ""Hair dryer"", ""Hot water kettle"", ""Body soap"", ""Toaster""]",$328.00,2,365,2,3,365,365,2.0,365.0,,t,12,38,68,154,2025-09-27,8,8,1,74,0,48,15744,2025-04-19,2025-09-04,4.75,5.0,5.0,4.88,5.0,4.88,4.88,,t,1,1,0,0,1.48
1366163625923386956,https://www.airbnb.com/rooms/1366163625923386956,20250927041735,2025-09-27,city scrape,McGill Vineyard Barossa,"Welcome to our stunning property located in the heart of the Barossa Valley wine region, surrounded by picturesque vineyards and breathtaking views. This is the perfect location for a wine lover's dream vacation, with some of the most famous wineries just a short drive away.",,https://a0.muscache.com/pictures/prohost-api/Hosting-1366163625923386956/original/2001be43-b3ff-436b-8ee0-7087bd5ab5fe.jpeg,304735623,https://www.airbnb.com/users/show/304735623,Adam,2019-10-26,"Maroochydore, Australia","Hi, I’m an Airbnb host and property manager with a background in military aviation.
I spent 23 years working in military aviation, gaining extensive experience in attention to detail, reliability, and clear communication—qualities I now bring to property management and hosting. I’m committed to providing clean, comfortable, and well-maintained spaces so guests can relax and enjoy their stay with confidence.",N/A,N/A,N/A,f,https://a0.muscache.com/im/pictures/user/User/original/5a195919-ded0-4b43-a2e6-24c08ee4f201.jpeg?aki_policy=profile_small,https://a0.muscache.com/im/pictures/user/User/original/5a195919-ded0-4b43-a2e6-24c08ee4f201.jpeg?aki_policy=profile_x_medium,,9,9,"['email', 'phone']",t,t,,Penrice,,-34.48790223977701,139.03362441177825,Entire home,Entire home/apt,6,1.0,1 bath,3,3,"[""Coffee maker"", ""Heating"", ""Wifi"", ""Dishwasher"", ""Sound system"", ""Hot water"", ""First aid kit"", ""Dishes and silverware"", ""Barbecue utensils"", ""Bed linens"", ""Indoor fireplace"", ""Dryer"", ""Oven"", ""Self check-in"", ""Coffee"", ""Freezer"", ""Dining table"", ""Iron"", ""Stove"", ""Room-darkening shades"", ""Cleaning products"", ""Shower gel"", ""Extra pillows and blankets"", ""Free parking on premises"", ""TV"", ""Refrigerator"", ""Hangers"", ""Air conditioning"", ""Washer"", ""Shampoo"", ""Fire extinguisher"", ""Cooking basics"", ""Wine glasses"", ""Smart lock"", ""Conditioner"", ""Microwave"", ""Clothing storage"", ""Smoke alarm"", ""Free street parking"", ""Hair dryer"", ""Hot water kettle"", ""Body soap"", ""Toaster""]",$251.00,2,1125,2,5,2,1125,2.2,84.9,,t,14,36,63,333,2025-09-27,10,10,2,69,0,60,15060,2025-03-18,2025-09-03,4.6,4.7,4.5,4.8,5.0,4.9,4.5,,t,1,1,0,0,1.55
1380744492985437094,https://www.airbnb.com/rooms/1380744492985437094,20250927041735,2025-09-27,city scrape,Welcome to EcoCottage Retreat - Unplug & Reconnect,"Welcome to Eco-Cottage, a simple yet snug hideaway where you can fully unplug and unwind. (Yep—NO TV!).<br />This tranquil retreat is perfectly placed with easy access to the Adelaide Hills, Riverland, and Barossa. Adelaide is just a scenic 50-min drive away. The local pub and store are a short stroll.<br />The second bedroom features authentic Japanese styling, complete with natural tatami flooring.<br />Garden landscaping is in progress, inspired by permaculture principles - you may even spot a blue wren.",,https://a0.muscache.com/pictures/a6118edd-8691-4352-8528-67b95a88f5e2.jpg,105534819,https://www.airbnb.com/users/show/105534819,Ankica,2016-11-29,"Springton, Australia","I am a friendly optimist and peace-loving eco-spirit.  I work part-time in the property industry. After work, I spend a lot of time working in the garden (even more so on the garden), then there are hiking trips with my dogs, and I like to read a good non-fiction book.",within an hour,100%,93%,f,https://a0.muscache.com/im/pictures/user/05718d83-c7a3-41b5-8c64-ff54fc50bc61.jpg?aki_policy=profile_small,https://a0.muscache.com/im/pictures/user/05718d83-c7a3-41b5-8c64-ff54fc50bc61.jpg?aki_policy=profile_x_medium,,2,2,"['email', 'phone']",t,t,,Springton,,-34.70615094807899,139.0871595851677,Entire home,Entire home/apt,3,1.0,1 bath,2,2,"[""Lockbox"", ""Fire pit"", ""Heating"", ""Dishwasher"", ""EV charger - level 1"", ""Long term stays allowed"", ""Hot water"", ""First aid kit"", ""Dishes and silverware"", ""Clothing storage: wardrobe"", ""Luggage dropoff allowed"", ""Bed linens"", ""Books and reading material"", ""Oven"", ""Self check-in"", ""Coffee"", ""Iron"", ""Kitchen"", ""Outdoor furniture"", ""Stove"", ""Room-darkening shades"", ""Cleaning products"", ""Shower gel"", ""Extra pillows and blankets"", ""Bathtub"", ""Refrigerator"", ""Hangers"", ""Air conditioning"", ""Baking sheet"", ""Single level home"", ""Washer"", ""Backyard - Fully fenced"", ""Shampoo"", ""Cooking basics"", ""Wine glasses"", ""Essentials"", ""Free driveway parking on premises \u2013 2 spaces"", ""Pets allowed"", ""Conditioner"", ""Free street parking"", ""Smoke alarm"", ""Hair dryer"", ""Hot water kettle"", ""Body soap"", ""Toaster"", ""Breakfast""]",$201.00,1,1125,1,1,1125,1125,1.0,1125.0,,t,1,2,31,305,2025-09-27,6,6,0,36,0,36,7236,2025-04-13,2025-08-24,4.83,4.83,5.0,5.0,5.0,5.0,4.83,,t,2,1,1,0,1.07
1382969725107864488,https://www.airbnb.com/rooms/1382969725107864488,20250927041735,2025-09-27,city scrape,Couples Barossa Valley Getaway,"A newly built, self contained guest house, located in Lyndoch, Barossa Valley.<br />Set in a peaceful, well maintained garden setting, at the back of our property. Approx 25m behind the main house. Within walking distance of the main street, containing local restaurants, wineries, brewery, pub and shops. Within 12mins drive to Tanunda, 20mins to Nurioopta, 35mins to Angaston. <br />Special Offer - Drop off and pick up available to an event or restaurant at an extra cost of $50 within the Barossa/ Gawler.",,https://a0.muscache.com/pictures/miso/Hosting-1382969725107864488/original/f3557fe0-3baa-464b-9d3f-6848ed6a30f0.jpeg,685801571,https://www.airbnb.com/users/show/685801571,Sonya,2025-03-22,,"",within an hour,100%,98%,t,https://a0.muscache.com/im/pictures/user/User/original/98aa2c89-fa3a-428a-94f2-4991feceb186.jpeg?aki_policy=profile_small,https://a0.muscache.com/im/pictures/user/User/original/98aa2c89-fa3a-428a-94f2-4991feceb186.jpeg?aki_policy=profile_x_medium,,1,1,"['email', 'phone']",t,t,,Lyndoch,,-34.599049297780326,138.8763594656067,Entire guesthouse,Entire home/apt,2,1.0,1 bath,1,1,"[""Lockbox"", ""Heating"", ""Wifi"", ""Hot water"", ""First aid kit"", ""Dishes and silverware"", ""Clothing storage: wardrobe"", ""Bed linens"", ""Self check-in"", ""Coffee"", ""Freezer"", ""Dining table"", ""Iron"", ""Kitchen"", ""Outdoor furniture"", ""Cleaning products"", ""Free parking on premises"", ""TV"", ""Refrigerator"", ""Hangers"", ""Air conditioning"", ""Washer"", ""Fire extinguisher"", ""Shampoo"", ""Wine glasses"", ""Electric stove"", ""Board games"", ""Conditioner"", ""Microwave"", ""Smoke alarm"", ""Hair dryer"", ""Hot water kettle"", ""Toaster""]",$140.00,1,3,1,1,3,3,1.0,3.0,,t,25,40,67,336,2025-09-27,20,20,2,71,0,120,16800,2025-03-30,2025-09-17,4.8,4.9,5.0,4.9,4.95,4.85,4.9,,f,1,1,0,0,3.30
1391154860752613505,https://www.airbnb.com/rooms/1391154860752613505,20250927041735,2025-09-27,city scrape,Rosado,"Welcome to Rosado!<br /><br />Escape to a private retreat with stunning vineyard views. This funky, stylish getaway offers complete seclusion while being centrally located to world-class food and wine. Wake up to breathtaking scenery, sip local vintages  and explore renowned restaurants just minutes away. With 1.1 kilometres separating you and the nearest property, your relaxation in the peaceful and nature-filled surrounds is all but guaranteed. Make Rosado your next future escape - you deserve it!",,https://a0.muscache.com/pictures/miso/Hosting-1391154860752613505/original/960d7250-fa9f-4e03-9406-5451c539a2f2.jpeg,446286074,https://www.airbnb.com/users/show/446286074,Luke Adam,2022-02-22,,"",within a few hours,100%,88%,f,https://a0.muscache.com/im/pictures/user/User/original/4b509f71-d4c3-4b9b-9a70-4432491a4c83.jpeg?aki_policy=profile_small,https://a0.muscache.com/im/pictures/user/User/original/4b509f71-d4c3-4b9b-9a70-4432491a4c83.jpeg?aki_policy=profile_x_medium,,1,1,"['email', 'phone']",t,t,,Altona,,-34.587275107675055,138.92845101742355,Entire home,Entire home/apt,6,1.5,1.5 baths,3,3,"[""Coffee maker"", ""Lockbox"", ""Heating"", ""Wifi"", ""Sound system"", ""Hot water"", ""First aid kit"", ""Dishes and silverware"", ""Barbecue utensils"", ""Fireplace guards"", ""Bed linens"", ""Books and reading material"", ""Indoor fireplace"", ""Oven"", ""Self check-in"", ""Coffee"", ""Freezer"", ""Dining table"", ""Kitchen"", ""Game console"", ""Stove"", ""Cleaning products"", ""Shower gel"", ""Extra pillows and blankets"", ""Blender"", ""Free parking on premises"", ""Bathtub"", ""TV"", ""Refrigerator"", ""Hangers"", ""Air conditioning"", ""Baking sheet"", ""Shampoo"", ""Fire extinguisher"", ""Cooking basics"", ""Wine glasses"", ""Essentials"", ""Conditioner"", ""Microwave"", ""Clothing storage"", ""Smoke alarm"", ""Hair dryer"", ""Hot water kettle"", ""Body soap"", ""Toaster""]",$304.00,1,7,1,1,7,7,1.0,7.0,,t,15,44,71,71,2025-09-27,9,9,2,71,0,54,16416,2025-04-06,2025-09-14,5.0,4.89,4.89,5.0,5.0,5.0,5.0,,f,1,1,0,0,1.54
1391767935515028523,https://www.airbnb.com/rooms/1391767935515028523,20250927041735,2025-09-27,city scrape,"25 Young - 3 Bed, 1 Bath","Welcome to ""25 Young,"" an exquisite home nestled in the heart of the picturesque Barossa Valley. This Mediterranean-inspired retreat offers a unique fusion of luxury, comfort, and affordability. Situated just 300 meters from the charming town centre of Tanunda, our property provides the perfect base for exploring the region's world-renowned wineries, restaurants, and boutique shops.",,https://a0.muscache.com/pictures/miso/Hosting-1391767935515028523/original/c259b71d-f3b2-4319-a23b-bdc49524254f.jpeg,284401269,https://www.airbnb.com/users/show/284401269,Murphy,2019-08-10,"Tanunda, Australia","",within an hour,100%,99%,t,https://a0.muscache.com/im/pictures/user/User-284401269/original/77976a85-7e1a-411e-b229-3db8cee36e7d.jpeg?aki_policy=profile_small,https://a0.muscache.com/im/pictures/user/User-284401269/original/77976a85-7e1a-411e-b229-3db8cee36e7d.jpeg?aki_policy=profile_x_medium,,2,2,"['email', 'phone']",t,t,,Tanunda,,-34.5247233,138.9552111,Entire home,Entire home/apt,5,1.0,1 bath,3,3,"[""Heating"", ""Dishwasher"", ""Wifi"", ""Hot water"", ""Outdoor dining area"", ""Private backyard"", ""Bed linens"", ""Oven"", ""Coffee"", ""Iron"", ""Kitchen"", ""Stove"", ""TV"", ""Refrigerator"", ""Air conditioning"", ""Private entrance"", ""Cooking basics"", ""Microwave"", ""Smoke alarm"", ""Hair dryer"", ""Hot water kettle"", ""Toaster""]",$252.00,2,365,2,2,365,365,2.0,365.0,,t,14,33,55,300,2025-09-27,9,9,0,55,0,54,13608,2025-04-17,2025-08-25,4.78,5.0,4.89,4.89,4.78,5.0,4.56,,t,2,2,0,0,1.65
1393200811900172331,https://www.airbnb.com/rooms/1393200811900172331,20250927041735,2025-09-27,previous scrape,Large 3 bedroom Angaston Hilltop,"Large 3 bedroom, 1 bathroom, 1 powder room house set upon 5 acres  atop a hill in Angaston. Beautiful views over Angaston and surrounds. The house is very large with three living areas, an open plan kitchen and large undercover outdoor entertaining area. Perfect for a retreat in the Barossa Valley. This is our family home that we live in, one wing of the house will be locked.",,https://a0.muscache.com/pictures/miso/Hosting-1393200811900172331/original/7446eb90-6e84-409b-b979-0a4e7828b9c3.jpeg,338407774,https://www.airbnb.com/users/show/338407774,Sue,2020-02-23,"Los Angeles, CA","I am self employed working as a Business Broker in SA with a background in accountancy and retail having owned and operated an Australia Post outlet for 13 years.
Married and three sons all in the 20’s
Born and live in South Australia",N/A,N/A,N/A,f,https://a0.muscache.com/im/pictures/user/4ad5c5ee-2f98-4758-9922-5563a29ff4db.jpg?aki_policy=profile_small,https://a0.muscache.com/im/pictures/user/4ad5c5ee-2f98-4758-9922-5563a29ff4db.jpg?aki_policy=profile_x_medium,,1,1,"['email', 'phone']",t,t,,Moculta,,-34.49377953646755,139.05719922633858,Entire home,Entire home/apt,6,,1 bath,3,,"[""Outdoor dining area"", ""TV"", ""Piano"", ""Wifi"", ""Dedicated workspace"", ""Air conditioning"", ""Smoke alarm"", ""Kitchen"", ""Free parking on premises"", ""Washer""]",,2,7,2,2,7,7,2.0,7.0,,t,0,0,0,0,2025-09-27,0,0,0,0,0,0,,,,,,,,,,,,f,1,1,0,0,
1394891226297292848,https://www.airbnb.com/rooms/1394891226297292848,20250927041735,2025-09-27,city scrape,Flume | Krondorf Winemakers Haus,"FLUME WINE  | ‘Krondorf Winemakers Haus’<br />is nestled amongst the vines. This renovated cottage offers an escape for wine lovers & nature enthusiasts. Walking distance from famous wineries (eg Rockford, Charles Melton & more), just a short 4 minute drive to Tanunda. Featuring  2 bedrooms, a clawfoot bath, and double-head shower with a view. It combines country charm with modern comfort. Enjoy stunning sunsets, wildlife, and locally sourced breakfast, cheese & wine. Ideal for couples or families.",,https://a0.muscache.com/pictures/hosting/Hosting-1394891226297292848/original/2e957cfb-e862-4a24-a373-b44654b716e4.jpeg,586389237,https://www.airbnb.com/users/show/586389237,Janelle,2024-06-29,,Love savouring life and exploring the world as well as my own backyard..,within an hour,100%,100%,f,https://a0.muscache.com/im/pictures/user/User/original/06ca71a4-e17c-4a80-b240-fa77efd6a1d7.jpeg?aki_policy=profile_small,https://a0.muscache.com/im/pictures/user/User/original/06ca71a4-e17c-4a80-b240-fa77efd6a1d7.jpeg?aki_policy=profile_x_medium,,1,1,['phone'],t,f,,Bethany,,-34.556255134849636,138.95777743309736,Entire guesthouse,Entire home/apt,6,1.0,1 bath,2,3,"[""Free dryer \u2013 In unit"", ""Fire pit"", ""Babysitter recommendations"", ""Wifi"", ""Dishwasher"", ""Sound system"", ""Long term stays allowed"", ""Hot water"", ""Dishes and silverware"", ""Barbecue utensils"", ""Outdoor dining area"", ""Paid pack \u2019n play/travel crib - available upon request"", ""Private backyard"", ""Private patio or balcony"", ""Fisher & Paykel refrigerator"", ""Bed linens"", ""Books and reading material"", ""Coffee"", ""Freezer"", ""Dining table"", ""Iron"", ""Kitchen"", ""Outdoor furniture"", ""Pocket wifi"", ""Central heating"", ""Room-darkening shades"", ""Cleaning products"", ""Shower gel"", ""Extra pillows and blankets"", ""Free parking on premises"", ""Bathtub"", ""Drying rack for clothing"", ""TV"", ""Hangers"", ""Air conditioning"", ""Baking sheet"", ""Private entrance"", ""BBQ grill"", ""Single level home"", ""Washer"", ""Shampoo"", ""Fire extinguisher"", ""Cooking basics"", ""Wine glasses"", ""Board games"", ""Conditioner"", ""Piano"", ""Microwave"", ""Smoke alarm"", ""Hair dryer"", ""Hot water kettle"", ""Body soap"", ""Toaster"", ""Euro stainless steel electric stove"", ""Breakfast""]",$350.00,1,150,1,1,150,150,1.0,150.0,,t,16,33,58,312,2025-09-27,11,11,0,63,0,66,23100,2025-04-21,2025-08-27,5.0,5.0,5.0,5.0,4.91,5.0,4.91,,t,1,1,0,0,2.06
1397194830418358582,https://www.airbnb.com/rooms/1397194830418358582,20250927041735,2025-09-27,city scrape,Barossa’s Oldest Courtyard Trees & Historic Home,"This 170-year-old house is the first residence in Tanunda. Built by European immigrants, it was not only their home but also where they planted the first vineyards, shaping Barossa’s wine history.<br /><br />The house is small yet sturdy, with a cellar that stays warm in winter and cool in summer. The 170-year-old towering trees in the courtyard stand as silent witnesses to its long history.",,https://a0.muscache.com/pictures/hosting/Hosting-1397194830418358582/original/ccac97af-dba1-490d-a3b8-2f0a404fd3d9.jpeg,508456368,https://www.airbnb.com/users/show/508456368,Hui,2023-04-04,,"",within an hour,100%,99%,f,https://a0.muscache.com/im/pictures/user/User-508456368/original/d5d1e3b5-b1c2-4d54-b04a-9373b959389d.jpeg?aki_policy=profile_small,https://a0.muscache.com/im/pictures/user/User-508456368/original/d5d1e3b5-b1c2-4d54-b04a-9373b959389d.jpeg?aki_policy=profile_x_medium,,36,46,"['email', 'phone']",t,t,,Tanunda,,-34.52948835862501,138.94957989858912,Entire home,Entire home/apt,6,1.0,1 bath,2,3,"[""Heating"", ""Wifi"", ""Hot water"", ""Dishes and silverware"", ""Outdoor dining area"", ""Bed linens"", ""Self check-in"", ""Coffee"", ""Iron"", ""Kitchen"", ""Keypad"", ""Room-darkening shades"", ""Cleaning products"", ""Shower gel"", ""Extra pillows and blankets"", ""Free parking on premises"", ""Refrigerator"", ""Hangers"", ""Washer"", ""Shampoo"", ""Cooking basics"", ""Wine glasses"", ""Essentials"", ""Conditioner"", ""Microwave"", ""Smoke alarm"", ""Hair dryer"", ""Hot water kettle"", ""Body soap"", ""Toaster""]",$220.00,1,365,1,1,365,365,1.0,365.0,,t,23,44,64,147,2025-09-27,5,5,1,70,0,30,6600,2025-05-10,2025-09-07,4.4,4.6,4.6,4.2,4.8,4.2,4.0,,t,4,4,0,0,1.06
1406974951963374460,https://www.airbnb.com/rooms/1406974951963374460,20250927041735,2025-09-27,city scrape,Bethany Reserve Cottage,"Bethany Reserve Cottage is a beautifully restored Settler's Cottage with a sympathetic addition which retains the character and charm of the original home. <br /><br />The cottage is quiet and peaceful, surrounded by lawns, a rambling garden and ancient pepper trees. <br /><br />The perfect Location to explore the best of the Barossa or to relax in a charming cottage setting.<br /><br />Adjacent to Bethany Reserve Picnic area and walking trails (including the Heyson Trail).",,https://a0.muscache.com/pictures/miso/Hosting-1406974951963374460/original/f7a05cf4-23ce-4acd-9b91-bfdc55909bd1.jpeg,29904202,https://www.airbnb.com/users/show/29904202,Sam,2015-03-24,"Marino, Australia","",within a few hours,100%,100%,f,https://a0.muscache.com/im/pictures/user/User/original/0eb6cb49-869e-4f04-8ca3-48cad4952320.jpeg?aki_policy=profile_small,https://a0.muscache.com/im/pictures/user/User/original/0eb6cb49-869e-4f04-8ca3-48cad4952320.jpeg?aki_policy=profile_x_medium,,1,1,['phone'],t,t,,Bethany,,-34.54115,138.98257,Entire home,Entire home/apt,5,1.0,1 bath,2,3,"[""Lockbox"", ""Wifi"", ""Long term stays allowed"", ""Hot water"", ""First aid kit"", ""Dishes and silverware"", ""Barbecue utensils"", ""Outdoor dining area"", ""Private backyard"", ""Private patio or balcony"", ""Bed linens"", ""Books and reading material"", ""Indoor fireplace"", ""Free dryer \u2013 In building"", ""Oven"", ""Self check-in"", ""Coffee"", ""Freezer"", ""Dining table"", ""Kitchen"", ""Outdoor furniture"", ""Cleaning products"", ""Coffee maker: french press"", ""Free parking on premises"", ""Bathtub"", ""Drying rack for clothing"", ""Heating - split type ductless system"", ""Hangers"", ""Air conditioning"", ""Private entrance"", ""BBQ grill"", ""Washer"", ""Fire extinguisher"", ""Cooking basics"", ""HDTV"", ""Wine glasses"", ""Essentials"", ""Electric stove"", ""Microwave"", ""Clothing storage"", ""Smoke alarm"", ""Free street parking"", ""Hot water kettle"", ""Body soap"", ""Toaster""]",$220.00,2,90,2,2,90,90,2.0,90.0,,t,14,38,62,329,2025-09-27,0,0,0,64,0,0,0,,,,,,,,,,,f,1,1,0,0,
1419948998061816251,https://www.airbnb.com/rooms/1419948998061816251,20250927041735,2025-09-27,city scrape,Cozy & Ambient 3BR Retreat,"Welcome to your perfect getaway in the heart of Tanunda, SA! This newly renovated 3 bedroom, 1 bathroom and two toilets property is ideal for a maximum of 6 guests, ensuring a comfortable and unforgettable stay. \n\n** Please note that this is strictly a no party house and we do require check-in forms to be completed for the safety of guests and our property. **",,https://a0.muscache.com/pictures/miso/Hosting-1419948998061816251/original/9a1378a1-9dfd-4e96-a5dc-76b4d43e74a3.png,201943095,https://www.airbnb.com/users/show/201943095,Sebastian,2018-07-13,"Palm Cove, Australia",Urbanshore is a Real Estate company which manages holiday homes in Cairns.,within an hour,97%,97%,f,https://a0.muscache.com/im/pictures/user/d4fbd99e-016f-4347-845f-a293588591fe.jpg?aki_policy=profile_small,https://a0.muscache.com/im/pictures/user/d4fbd99e-016f-4347-845f-a293588591fe.jpg?aki_policy=profile_x_medium,,5,10,"['email', 'phone']",t,t,,Tanunda,,-34.52276,138.95499,Entire home,Entire home/apt,6,1.0,1 bath,3,4,"[""Coffee maker"", ""Lockbox"", ""Heating"", ""Wifi"", ""Dishwasher"", ""Long term stays allowed"", ""Hot water"", ""Dishes and silverware"", ""Private backyard"", ""Bed linens"", ""Patio or balcony"", ""Oven"", ""Self check-in"", ""Coffee"", ""Freezer"", ""Dining table"", ""Iron"", ""Kitchen"", ""Outdoor furniture"", ""Stove"", ""Free parking on premises"", ""Bathtub"", ""TV"", ""Refrigerator"", ""Air conditioning"", ""Private entrance"", ""BBQ grill"", ""Washer"", ""Shampoo"", ""Cooking basics"", ""Essentials"", ""Microwave"", ""Clothing storage"", ""Smoke alarm"", ""Free street parking"", ""Hair dryer"", ""Hot water kettle"", ""Body soap"", ""Toaster""]",$490.00,2,365,2,5,99,99,3.9,99.0,,t,27,52,82,355,2025-09-27,1,1,0,88,0,6,2940,2025-07-16,2025-07-16,5.0,4.0,5.0,5.0,4.0,5.0,5.0,,t,1,1,0,0,0.41
1420658511238134874,https://www.airbnb.com/rooms/1420658511238134874,20250927041735,2025-09-27,city scrape,Pirathon Apartment 1,"Our modern, contemporary 2 bedroom apartment set amidst stunning gardens and grapevines is the perfect place to relax and unwind. Comfortable, modern and light. This stylish apartment comfortably sleeps 6 people with a queen size sofa bed in the lounge room. Completely self contained with cooking facilities giving you the option to prepare your own meals or to dine out at the many restaurants the beautiful Barossa has to offer.",,https://a0.muscache.com/pictures/prohost-api/Hosting-1420658511238134874/original/406be94d-8c9f-432e-83b1-387f71e31f91.jpeg,475720395,https://www.airbnb.com/users/show/475720395,Jane,2022-08-19,,"",within an hour,78%,100%,f,https://a0.muscache.com/im/pictures/user/ecf5de97-1a80-4a51-b168-e5c816611a6c.jpg?aki_policy=profile_small,https://a0.muscache.com/im/pictures/user/ecf5de97-1a80-4a51-b168-e5c816611a6c.jpg?aki_policy=profile_x_medium,,6,8,"['email', 'phone']",t,t,,Tanunda,,-34.52326,138.96066,Entire rental unit,Entire home/apt,6,1.0,1 bath,2,2,"[""Lockbox"", ""Heating"", ""Bathtub"", ""Self check-in"", ""Air conditioning"", ""Hair dryer"", ""Iron"", ""Kitchen""]",$450.00,1,365,2,2,365,365,2.0,365.0,,t,21,44,70,325,2025-09-27,0,0,0,76,0,0,0,,,,,,,,,,,t,6,2,4,0,
1422914183002648352,https://www.airbnb.com/rooms/1422914183002648352,20250927041735,2025-09-27,city scrape,Pirathon Apartment 2,"Our modern, contemporary 1 bedroom apartment set amidst stunning gardens and grapevines is the perfect place to relax and unwind. Comfortable, modern and light. This stylish apartment comfortably sleeps 4 people with a queen size sofa bed in the lounge room. Completely self contained with cooking facilities giving you the option to prepare your own meals or to dine out at the many restaurants the beautiful Barossa has to offer.",,https://a0.muscache.com/pictures/prohost-api/Hosting-1422914183002648352/original/2d4c977f-2e10-4711-bda2-7282664a8b3f.jpeg,475720395,https://www.airbnb.com/users/show/475720395,Jane,2022-08-19,,"",within an hour,78%,100%,f,https://a0.muscache.com/im/pictures/user/ecf5de97-1a80-4a51-b168-e5c816611a6c.jpg?aki_policy=profile_small,https://a0.muscache.com/im/pictures/user/ecf5de97-1a80-4a51-b168-e5c816611a6c.jpg?aki_policy=profile_x_medium,,6,8,"['email', 'phone']",t,t,,Tanunda,,-34.52304261474175,138.96076931272935,Entire rental unit,Entire home/apt,4,1.0,1 bath,1,1,"[""Air conditioning"", ""Hair dryer"", ""Kitchen""]",$375.00,1,365,2,2,365,365,2.0,365.0,,t,21,41,68,318,2025-09-27,0,0,0,73,0,0,0,,,,,,,,,,,t,6,2,4,0,
1434619886934977065,https://www.airbnb.com/rooms/1434619886934977065,20250927041735,2025-09-27,city scrape,Villa Scalzi – 4-Bed Getaway- Free Wine,"SEPTEMBER & OCTOBER SPECIAL 15% DISCOUNT AT  RESTAURANT ENNIA CUCINA @ GODS HILL WINERY & CELLAR**<br /><br />Perfectly located near the amazing Gods Hill Winery & wonderful nature trails, this warm and well-equipped home is perfect for a relaxing escape. Situated on over 10,000m2 of land to roam and relax the home offers three bedrooms plus a bedroom/ study space, open-plan living & dining with a fireplace, and a complete kitchen. Enjoy sweeping mountain views from the outdoor dining area and relax.","Nestled in the picturesque Barossa Valley, Lyndoch is a charming town that seamlessly blends rich history with modern comforts. Just 58 km northeast of Adelaide, it offers a tranquil rural setting without sacrificing convenience. With a population of approximately 1,900 residents, Lyndoch maintains a close-knit community atmosphere, making it an ideal destination for those seeking a peaceful retreat. <br /><br />Wineries & Attractions<br />Lyndoch is renowned for its proximity to some of the Barossa Valley's most celebrated wineries. Visitors can enjoy tastings at:<br /><br />Kellermeister Wines – Famous for its mud-brick cellar door and breathtaking vineyard views.<br /><br />Chateau Yaldara – A historic winery offering a range of premium wines.<br /><br />Creed Wines, Barossa Chateau, and Schild Estate Wines – Each providing unique tasting experiences and scenic settings.<br /><br />Beyond wine, Lyndoch offers attractions such as the Lyndoch Lavender Farm, the largest of its kind in ",https://a0.muscache.com/pictures/prohost-api/Hosting-1434619886934977065/original/748a7d57-150a-4460-9ef2-3e63d50f9a9c.jpeg,12910253,https://www.airbnb.com/users/show/12910253,Ellen,2014-03-07,"Bowden, Australia","Lover of short term stays, World traveller (over 100 countries and counting) Loves food and enjoys home cooking, Dogs, Cats and interesting people.

Love to meet new people and help people enjoy their business trips or holidays",within an hour,99%,99%,f,https://a0.muscache.com/im/pictures/user/User/original/8da56998-b08f-4a08-81ce-c73a47019729.jpeg?aki_policy=profile_small,https://a0.muscache.com/im/pictures/user/User/original/8da56998-b08f-4a08-81ce-c73a47019729.jpeg?aki_policy=profile_x_medium,,88,92,"['email', 'phone']",t,t,Neighborhood highlights,Lyndoch,,-34.60628660063055,138.87513354555657,Entire home,Entire home/apt,8,1.0,1 bath,3,5,"[""Coffee maker"", ""Heating"", ""Wifi"", ""Long term stays allowed"", ""Hot water"", ""Dishes and silverware"", ""Barbecue utensils"", ""Outdoor dining area"", ""Bed linens"", ""Coffee"", ""Dining table"", ""Iron"", ""Kitchen"", ""Outdoor furniture"", ""Stove"", ""Cleaning products"", ""Shower gel"", ""Free parking on premises"", ""Drying rack for clothing"", ""TV"", ""Refrigerator"", ""Hangers"", ""Air conditioning"", ""Private entrance"", ""BBQ grill"", ""Single level home"", ""Washer"", ""Backyard"", ""Shampoo"", ""Cooking basics"", ""Wine glasses"", ""Essentials"", ""Microwave"", ""Clothing storage"", ""Hair dryer"", ""Hot water kettle"", ""Body soap""]",$279.00,2,99,1,2,99,99,2.0,99.0,,t,7,37,67,195,2025-09-27,4,4,0,70,0,24,6696,2025-06-24,2025-08-04,5.0,5.0,4.75,5.0,5.0,5.0,5.0,,f,1,1,0,0,1.25
1441018951868535612,https://www.airbnb.com/rooms/1441018951868535612,20250927041735,2025-09-27,city scrape,Barossa Hideaway: Tranquillity Among the Vines,"Spacious Barossa Getaway invites you to relax and recharge in the heart of wine country. Tucked away in a serene pocket of the Barossa Valley, this charming home offers sweeping views and easy access to the region’s celebrated wineries and vibrant dining scene. Whether you're sharing a weekend with friends or enjoying a family escape, this warm and spacious retreat is the perfect launching pad for your Barossa adventure.","Spacious Barossa Getaway is nestled in a peaceful neighbourhood, ideally positioned among some of the region’s finest wineries and dining spots. Just a short drive to Barossa Central and several renowned cellar doors, it offers the perfect base for discovering all that the Barossa Valley has to offer.",https://a0.muscache.com/pictures/prohost-api/Hosting-1441018951868535612/original/a21b2eaf-25c5-4aa7-9d2b-fac951366b5c.jpeg,427011670,https://www.airbnb.com/users/show/427011670,Emma&Amp;Roger,2021-10-12,,"Roger and I love traveling, we fell in love with Australia on our honeymoon and moved to here 10 years ago. I am an interior designer and Roger is a property manager, Airbnb has helped us feel at home traveling and now we want to share this special connection to our guests through hosting Airbnb ourselves. I hope you will like our place as much as we do :)
Looking forward to hosting you!
Emma & Roger",within an hour,100%,99%,f,https://a0.muscache.com/im/pictures/user/d51f954e-021e-4d5c-8436-6b88ccb3297c.jpg?aki_policy=profile_small,https://a0.muscache.com/im/pictures/user/d51f954e-021e-4d5c-8436-6b88ccb3297c.jpg?aki_policy=profile_x_medium,,33,62,"['email', 'phone']",t,t,Neighborhood highlights,Nuriootpa,,-34.4667638,138.9711398,Entire home,Entire home/apt,8,2.0,2 baths,3,4,"[""Lockbox"", ""Heating"", ""Wifi"", ""Dishwasher"", ""Long term stays allowed"", ""Hot water"", ""First aid kit"", ""Dishes and silverware"", ""Pool"", ""Bed linens"", ""Patio or balcony"", ""Indoor fireplace"", ""Dryer"", ""Oven"", ""Self check-in"", ""Coffee"", ""Iron"", ""Kitchen"", ""Backyard - Not fully fenced"", ""Stove"", ""Shower gel"", ""Bathtub"", ""TV"", ""Refrigerator"", ""Hangers"", ""Air conditioning"", ""Private entrance"", ""BBQ grill"", ""Washer"", ""Fire extinguisher"", ""Shampoo"", ""Cooking basics"", ""Wine glasses"", ""Essentials"", ""Microwave"", ""Clothing storage"", ""Smoke alarm"", ""Hair dryer"", ""Free parking on premises"", ""Toaster""]",$266.00,2,365,2,2,365,365,2.0,365.0,,t,22,52,77,107,2025-09-27,1,1,0,83,0,6,1596,2025-07-27,2025-07-27,5.0,4.0,5.0,5.0,4.0,5.0,4.0,,t,1,1,0,0,0.48
1446080613410283197,https://www.airbnb.com/rooms/1446080613410283197,20250927041735,2025-09-27,city scrape,Hill House Cottage,"Hill House is one of the Barossa’s most enchanting stays. Set high above Angaston, it blends heritage charm with luxury finishes, manicured gardens, and sweeping views. The cottage is the original homestead built in 1851 and is nestled cosily under the main house, offering a unique and intimate setting. Perfect for romantic getaways or peaceful escapes, the cottage offers private outdoor spaces and timeless charm. A rare Barossa stay, Hill House Cottage promises comfort, beauty, and tranquility.",,https://a0.muscache.com/pictures/hosting/Hosting-1446080613410283197/original/35394fda-f863-49f9-8b78-a104aca455a7.jpeg,559376892,https://www.airbnb.com/users/show/559376892,Sara,2024-01-30,,"",within an hour,100%,98%,t,https://a0.muscache.com/im/pictures/user/User-559376892/original/5209e603-46ef-4528-8613-c03f3a0d015d.png?aki_policy=profile_small,https://a0.muscache.com/im/pictures/user/User-559376892/original/5209e603-46ef-4528-8613-c03f3a0d015d.png?aki_policy=profile_x_medium,,3,4,"['email', 'phone']",t,t,,Angaston,,-34.50346,139.04402,Private room in guesthouse,Private room,2,1.0,1 private bath,1,1,"[""Lockbox"", ""Wifi"", ""Hot water"", ""Hot water kettle"", ""Dishes and silverware"", ""Vasse Virgin shampoo"", ""Private backyard"", ""Bed linens"", ""Books and reading material"", ""Self check-in"", ""Coffee"", ""Radiant heating"", ""Outdoor furniture"", ""Shower gel"", ""Free parking on premises"", ""Carbon monoxide alarm"", ""Private entrance"", ""Vasse Virgin conditioner"", ""Private living room"", ""Wine glasses"", ""HDTV"", ""Pets allowed"", ""Mini fridge"", ""Smoke alarm"", ""Hair dryer"", ""Coffee maker: Nespresso"", ""Body soap"", ""Toaster""]",$165.00,1,30,1,3,30,30,1.3,30.0,,t,15,29,46,91,2025-09-27,2,2,1,46,0,12,1980,2025-08-24,2025-09-21,5.0,5.0,5.0,5.0,5.0,5.0,5.0,,f,3,1,2,0,1.71
1450462788585368676,https://www.airbnb.com/rooms/1450462788585368676,20250927041735,2025-09-27,city scrape,The Hayloft 1890s Stone Cottage,"Be part of Barossa History, and stay in the renovated Hayloft built by the original Herbig family, who used to live in the nearby famous Herbig Family Tree.<br /><br />A romantic getaway for a couple (plus one sofa bed) if required. (Max three people).<br /><br />Upstairs in the Parisian bedroom there is a beautiful view over the courtyard and ponds.<br /><br />(Chromecast/wifi for streaming)<br /><br />Welcome basket provided.<br /><br />For more photos and local attractions check out @barossavalleyspringtoncottages.",,https://a0.muscache.com/pictures/miso/Hosting-1450462788585368676/original/d71a1044-28dc-4b33-938a-c934366bc3d3.jpeg,703182176,https://www.airbnb.com/users/show/703182176,Christine V,2025-06-24,,"After having lived around the world, I love the country around the Barossa, and hope you can share my beautiful gardens, the stables and hayloft.",within a few hours,80%,50%,f,https://a0.muscache.com/defaults/user_pic-50x50.png?v=3,https://a0.muscache.com/defaults/user_pic-225x225.png?v=3,,2,2,"['email', 'phone']",f,t,,Springton,,-34.70910974135937,139.08910910296623,Barn,Entire home/apt,4,1.0,1 bath,1,2,"[""Coffee maker"", ""Lockbox"", ""Fire pit"", ""Wifi"", ""Barbecue utensils"", ""Dishes and silverware"", ""First aid kit"", ""Outdoor dining area"", ""Clothing storage: wardrobe"", ""Bed linens"", ""Books and reading material"", ""Self check-in"", ""Coffee"", ""Freezer"", ""Dining table"", ""Kitchen"", ""AC - split type ductless system"", ""Private backyard \u2013 Fully fenced"", ""Extra pillows and blankets"", ""TV"", ""Baking sheet"", ""BBQ grill"", ""Hammock"", ""Fire extinguisher"", ""Cooking basics"", ""Pets allowed"", ""Crib - available upon request"", ""Free street parking"", ""Smoke alarm"", ""Free parking on premises""]",$169.00,2,365,2,2,365,365,2.0,365.0,,t,21,35,52,318,2025-09-27,1,1,0,53,0,6,1014,2025-08-03,2025-08-03,5.0,5.0,5.0,5.0,5.0,5.0,5.0,,f,2,2,0,0,0.54
1453243724492925203,https://www.airbnb.com/rooms/1453243724492925203,20250927041735,2025-09-27,city scrape,Tweedies Gully Estate Settlers Cottage Barossa,"Set in the foothills of the Barossa Ranges with magnificent views of the gum lined winter creek and vineyards surrounding hills. Sits a beautifully restored 1890's Settlers Cottage with open fires, Cellar Door / Function Space with large lawns open fires and Winery.<br /><br />Enjoy the comfort of our fully restored 1890’s Settlers Cottage with the warmth of the open fire enjoying a glass of your favourite wine, or if you prefer one of our Estate Grown and produced wines.",,https://a0.muscache.com/pictures/miso/Hosting-1453243724492925203/original/59be2195-350b-4617-a42e-52a4cdaaf7cd.jpeg,703827282,https://www.airbnb.com/users/show/703827282,Dorham,2025-06-27,,"Dorham has worked for over 28 years in all facets of the wine industry. Together with his wife, Emma, who has an eye for style and detail, they are passionate about providing an experience for guests at the Settler's Cottage on our winery, Tweedies Gully Estate Barossa.",within an hour,100%,100%,f,https://a0.muscache.com/im/pictures/user/User/original/92756018-4aa1-4db2-a82e-becabfabaaa5.jpeg?aki_policy=profile_small,https://a0.muscache.com/im/pictures/user/User/original/92756018-4aa1-4db2-a82e-becabfabaaa5.jpeg?aki_policy=profile_x_medium,,1,1,"['email', 'phone']",t,t,,Williamstown,,-34.6200632,138.9270836,Entire home,Entire home/apt,4,1.0,1 bath,2,2,"[""Lockbox"", ""Ethernet connection"", ""Wifi"", ""Dishwasher"", ""Coffee maker: Nespresso"", ""Long term stays allowed"", ""Hot water"", ""First aid kit"", ""Dishes and silverware"", ""Barbecue utensils"", ""Outdoor dining area"", ""Fireplace guards"", ""Private backyard"", ""Luggage dropoff allowed"", ""Bed linens"", ""Books and reading material"", ""Patio or balcony"", ""Indoor fireplace"", ""Oven"", ""Self check-in"", ""Coffee"", ""Pack \u2019n play/Travel crib"", ""Dining table"", ""Iron"", ""Kitchen"", ""Window guards"", ""Outdoor furniture"", ""Stove"", ""Room-darkening shades"", ""Shower gel"", ""Free parking on premises"", ""Drying rack for clothing"", ""TV"", ""Heating - split type ductless system"", ""Hangers"", ""Air conditioning"", ""Refrigerator"", ""Private entrance"", ""BBQ grill"", ""Single level home"", ""Washer"", ""Shampoo"", ""Fire extinguisher"", ""Cooking basics"", ""Wine glasses"", ""Pets allowed"", ""Board games"", ""Conditioner"", ""Microwave"", ""Clothing storage"", ""Smoke alarm"", ""Hair dryer"", ""Hot water kettle"", ""Body soap"", ""Toaster""]",$401.00,1,365,1,5,365,365,2.1,365.0,,t,22,49,76,339,2025-09-27,4,4,1,79,0,24,9624,2025-07-13,2025-08-31,5.0,5.0,5.0,5.0,5.0,5.0,5.0,,t,1,1,0,0,1.56
1455669302565633497,https://www.airbnb.com/rooms/1455669302565633497,20250927041735,2025-09-27,city scrape,"""Winterhausen"" Cottage,  Tanunda","Keep it simple at this peaceful and centrally located cottage. Well positioned and an easy walk into the township of Tanunda. Enjoy cafes, fine dining, shopping, and an ideal base to explore the Barossa. Home comprises of off street parking, 3 large bedrooms with comfy beds, well equipped country kitchen, dining room with a feature fireplace [not in use), large lounge room with Smart TV, central bathroom, 2nd toilet, outdoor entertaining area in an enclosed yard,  centrally heated and cooled.",,https://a0.muscache.com/pictures/hosting/Hosting-1455669302565633497/original/91b50933-5adf-47c7-bc54-a3f561832b43.jpeg,137581925,https://www.airbnb.com/users/show/137581925,Linda,2017-06-28,"Barossa Goldfields, Australia","",within an hour,100%,100%,f,https://a0.muscache.com/im/pictures/user/3a9779b1-db8c-4f02-b151-a53c23856e0a.jpg?aki_policy=profile_small,https://a0.muscache.com/im/pictures/user/3a9779b1-db8c-4f02-b151-a53c23856e0a.jpg?aki_policy=profile_x_medium,,1,1,"['email', 'phone', 'work_email']",t,t,,Tanunda,,-34.5276417,138.9591584,Entire home,Entire home/apt,6,1.0,1 bath,3,4,"[""Lockbox"", ""Wifi"", ""Dishwasher"", ""Coffee maker: Nespresso"", ""Hot water"", ""Induction stove"", ""Dishes and silverware"", ""Outdoor dining area"", ""Private backyard"", ""Clothing storage: closet"", ""Bed linens"", ""Free washer \u2013 In building"", ""Books and reading material"", ""Self check-in"", ""Coffee"", ""Freezer"", ""Dining table"", ""Iron"", ""Kitchen"", ""Cleaning products"", ""Shower gel"", ""Extra pillows and blankets"", ""Free carport on premises \u2013 2 spaces"", ""Drying rack for clothing"", ""TV"", ""Heating - split type ductless system"", ""Hangers"", ""Air conditioning"", ""Refrigerator"", ""Baking sheet"", ""Private entrance"", ""Laundromat nearby"", ""Shampoo"", ""Cooking basics"", ""Wine glasses"", ""Essentials"", ""Stainless steel single oven"", ""Board games"", ""Conditioner"", ""Microwave"", ""Free street parking"", ""Smoke alarm"", ""Hair dryer"", ""Exterior security cameras on property"", ""Hot water kettle"", ""Body soap"", ""Toaster""]",$221.00,1,365,2,2,365,365,2.0,365.0,,t,11,15,28,254,2025-09-27,10,10,3,28,0,60,13260,2025-07-09,2025-09-19,5.0,5.0,5.0,5.0,5.0,4.9,4.9,,f,1,1,0,0,3.70
1459813294063166272,https://www.airbnb.com/rooms/1459813294063166272,20250927041735,2025-09-27,city scrape,Welcome to Wilhelm Haus.,"Wilhelm Haus offers a welcoming place to call home during your visit to Tanunda and the Barossa Valley.<br /><br />New to Airbnb, this property offers new furnishings for comfort, amongst vintage finds for warmth and vibes.  We’re calling it vintage minimalist!<br /><br />An easy walk to shops, cafes and restaurants, and central location for touring the fabulous Barossa Valley and wineries.<br /><br />Or stay in, and enjoy the comfort of Wilhelm Haus in summer or winter.<br /><br />Reach out with any questions.  We are flexible.",,https://a0.muscache.com/pictures/hosting/Hosting-U3RheVN1cHBseUxpc3Rpbmc6MTQ1OTgxMzI5NDA2MzE2NjI3Mg==/original/779f7c20-e681-4427-afac-b3d4d7f201dc.jpeg,60698492,https://www.airbnb.com/users/show/60698492,Susi,2016-02-28,"Semaphore South, Australia","",within an hour,100%,100%,f,https://a0.muscache.com/im/pictures/user/ef1f3624-7db0-447b-beed-a2c803d3ec99.jpg?aki_policy=profile_small,https://a0.muscache.com/im/pictures/user/ef1f3624-7db0-447b-beed-a2c803d3ec99.jpg?aki_policy=profile_x_medium,,1,1,"['email', 'phone']",t,t,,Tanunda,,-34.52047967666096,138.96486696830263,Entire home,Entire home/apt,6,1.0,1 bath,3,4,"[""Coffee maker"", ""Lockbox"", ""Heating"", ""Wifi"", ""Dishwasher"", ""Sound system"", ""Long term stays allowed"", ""Hot water"", ""Dishes and silverware"", ""Outdoor dining area"", ""Bed linens"", ""Books and reading material"", ""Indoor fireplace"", ""Oven"", ""Self check-in"", ""Freezer"", ""Dining table"", ""Iron"", ""Kitchen"", ""Outdoor furniture"", ""Stove"", ""Room-darkening shades"", ""Cleaning products"", ""Free parking on premises"", ""TV"", ""Refrigerator"", ""Hangers"", ""Air conditioning"", ""Baking sheet"", ""Private entrance"", ""Single level home"", ""Washer"", ""Backyard"", ""Cooking basics"", ""Wine glasses"", ""Clothing storage"", ""Smoke alarm"", ""Free street parking"", ""Hair dryer"", ""Hot water kettle"", ""Body soap"", ""Toaster""]",$291.00,2,365,2,2,365,365,2.0,365.0,,t,16,37,67,329,2025-09-27,1,1,0,72,0,6,1746,2025-08-25,2025-08-25,5.0,5.0,5.0,5.0,5.0,5.0,5.0,,f,1,1,0,0,0.88
1466444455848293157,https://www.airbnb.com/rooms/1466444455848293157,20250927041735,2025-09-27,city scrape,Strut Ya Stuff Vineyard & Accommodation,"Welcome to your home away from home in the heart of the Barossa Valley. This two-storey country getaway is ideal for couples, families, or small groups seeking space, comfort, and a tranquil base to explore South Australia’s premier wine region. Enjoy expansive living areas, peaceful surroundings, and easy access to nearby cellar doors, cafes, and walking trails.",,https://a0.muscache.com/pictures/prohost-api/Hosting-1466444455848293157/original/d146428d-f8a1-4ea6-94e9-4c108eb41eed.jpeg,256102206,https://www.airbnb.com/users/show/256102206,Cosmo,2019-04-15,"Melbourne, Australia","Cosmo is dedicated to making your stay unforgettable with beautifully curated spaces and thoughtful touches designed for comfort and style. Whether you're here for a quick getaway or an extended stay, our goal is to provide a seamless experience from check-in to check-out.",within an hour,100%,97%,f,https://a0.muscache.com/im/pictures/user/c24516b8-ae32-48b9-8056-d98bdd50fc0a.jpg?aki_policy=profile_small,https://a0.muscache.com/im/pictures/user/c24516b8-ae32-48b9-8056-d98bdd50fc0a.jpg?aki_policy=profile_x_medium,,33,175,"['email', 'phone']",t,t,,Tanunda,,-34.5137426,138.9781749,Entire home,Entire home/apt,6,2.0,2 baths,3,3,"[""Lockbox"", ""Heating"", ""Wifi"", ""Dishwasher"", ""Long term stays allowed"", ""Hot water"", ""First aid kit"", ""Dishes and silverware"", ""Safe"", ""Bed linens"", ""Patio or balcony"", ""Dryer"", ""Oven"", ""Self check-in"", ""Coffee"", ""Dining table"", ""Iron"", ""Kitchen"", ""Stove"", ""Cleaning products"", ""Free parking on premises"", ""Carbon monoxide alarm"", ""Bathtub"", ""TV"", ""Dedicated workspace"", ""Refrigerator"", ""Air conditioning"", ""Private entrance"", ""BBQ grill"", ""Washer"", ""Backyard"", ""Shampoo"", ""Cooking basics"", ""Essentials"", ""Microwave"", ""Smoke alarm"", ""Hair dryer"", ""Hot water kettle"", ""Body soap"", ""Toaster""]",$486.00,2,90,2,4,90,90,2.4,90.0,,t,12,24,54,314,2025-09-27,4,4,1,60,0,24,11664,2025-07-30,2025-09-10,4.75,4.75,4.25,4.75,5.0,5.0,5.0,,t,1,1,0,0,2.00
1470008669799059940,https://www.airbnb.com/rooms/1470008669799059940,20250927041735,2025-09-27,city scrape,Blume Cottage 1860,"Imagine a place where time slows down, where the air is filled with the scent of eucalyptus and the distant hum of cicadas, and where every moment is designed for two. Welcome to Blume Cottage, your idyllic escape nestled in the heart of Australia's world-renowned Barossa Valley wine region.<br />Perfectly situated amidst rolling vineyards and serene landscapes, our quaint cottage offers the ultimate romantic sanctuary for couples seeking peace, privacy, and an unforgettable getaway.",,https://a0.muscache.com/pictures/hosting/Hosting-1470008669799059940/original/3f919158-c565-48bb-b1d9-b467c1f65fd3.jpeg,229175391,https://www.airbnb.com/users/show/229175391,Pratishtah,2018-12-05,"Adelaide, Australia","",within an hour,100%,100%,f,https://a0.muscache.com/im/pictures/user/User/original/738c0c12-eaeb-49f3-9584-bc47fc2f3e90.jpeg?aki_policy=profile_small,https://a0.muscache.com/im/pictures/user/User/original/738c0c12-eaeb-49f3-9584-bc47fc2f3e90.jpeg?aki_policy=profile_x_medium,,1,1,['phone'],t,f,,Stockwell,,-34.43321,139.05554,Entire home,Entire home/apt,4,1.0,1 bath,2,2,"[""Lockbox"", ""Heating"", ""Wifi"", ""Coffee maker: Nespresso"", ""Hot water"", ""First aid kit"", ""Dishes and silverware"", ""Outdoor dining area"", ""Clothing storage: wardrobe"", ""Bed linens"", ""Dryer"", ""Oven"", ""Self check-in"", ""Coffee"", ""Dining table"", ""Iron"", ""Kitchen"", ""Stove"", ""Shower gel"", ""Free parking on premises"", ""Carbon monoxide alarm"", ""TV"", ""Air conditioning"", ""BBQ grill"", ""Washer"", ""Fire extinguisher"", ""Shampoo"", ""Cooking basics"", ""Pets allowed"", ""Board games"", ""Conditioner"", ""Crib - available upon request"", ""Microwave"", ""Smoke alarm"", ""Hair dryer"", ""Hot water kettle"", ""Body soap""]",$189.00,1,365,1,3,365,365,1.0,365.0,,t,25,52,75,345,2025-09-27,0,0,0,79,0,0,0,,,,,,,,,,,f,1,1,0,0,
1473775332846603662,https://www.airbnb.com/rooms/1473775332846603662,20250927041735,2025-09-27,city scrape,The Stables 1890s Stone Cottage,"The Stables is a beautiful 1890s stone cottage, home to the early settlers of the town. Perfectly appointed with two bedrooms featuring a queen bed per room and a sofa bed to accomodate two more guests.<br /><br />Situated in the heart of the Barossa Valley, enjoy the indoor fireplace and luxurious claw foot bath to truly relax after a day exploring local wineries and attractions or stroll through our acre of sprawling gardens and fall in love with our meandering creek stretching through the property.",,https://a0.muscache.com/pictures/hosting/Hosting-1473775332846603662/original/e8fd11b0-c7e5-417b-b365-47821991e1c2.jpeg,703182176,https://www.airbnb.com/users/show/703182176,Christine V,2025-06-24,,"After having lived around the world, I love the country around the Barossa, and hope you can share my beautiful gardens, the stables and hayloft.",within a few hours,80%,50%,f,https://a0.muscache.com/defaults/user_pic-50x50.png?v=3,https://a0.muscache.com/defaults/user_pic-225x225.png?v=3,,2,2,"['email', 'phone']",f,t,,Springton,,-34.70809,139.08952,Entire home,Entire home/apt,6,1.0,1 bath,2,3,"[""Pets allowed"", ""Fire pit"", ""Indoor fireplace"", ""Outdoor dining area"", ""TV"", ""Wifi"", ""Air conditioning"", ""Smoke alarm"", ""Kitchen"", ""Free parking on premises"", ""Washer""]",$208.00,2,365,2,2,365,365,2.0,365.0,,t,19,35,52,318,2025-09-27,1,1,1,53,0,6,1248,2025-09-13,2025-09-13,5.0,5.0,5.0,5.0,5.0,5.0,5.0,,f,2,2,0,0,1
1480917521758270200,https://www.airbnb.com/rooms/1480917521758270200,20250927041735,2025-09-27,city scrape,Rural retreat | 5 min to wineries / 10 min to town,"Tucked away in the heart of the Barossa, this peaceful rural retreat offers a rare blend of seclusion and convenience. Set on 40 acres of picturesque farmland, the property is home to native wildlife, gentle rolling hills, and a flock of resident sheep. Whether you're sipping wine at world-class cellar doors just minutes away or stargazing in complete silence, this is the perfect escape for those seeking a true countryside experience—just 5 minutes to wineries and 10 minutes to town.","Krondorf is one of the Barossa’s best-kept secrets—quiet, scenic, and rich in wine country charm. Surrounded by sweeping views of the valley and only a short drive from some of the region’s top cellar doors, it’s an ideal base for wine lovers and nature seekers alike. The property itself is nestled among 40 acres of private farmland, home to kangaroos, kookaburras, echidnas, blue tongue lizards, and even the occasional snake. Guests are welcome to explore the grounds, but please keep the gate closed—our friendly sheep tend to roam!",https://a0.muscache.com/pictures/hosting/Hosting-1480917521758270200/original/2062b9d7-e920-4568-a507-e793ce9b91bb.jpeg,439331891,https://www.airbnb.com/users/show/439331891,Hao,2022-01-07,,"Roger and I love traveling, we fell in love with Australia on our honeymoon and moved to here 10 years ago. I am an interior designer and Roger is a property manager, Airbnb has helped us feel at home traveling and now we want to share this special connection to our guests through hosting Airbnb ourselves. I hope you will like our place as much as we do :)
Looking forward to hosting you!
Emma & Roger",within an hour,100%,100%,f,https://a0.muscache.com/im/pictures/user/a6294334-54ae-4dd4-abcd-09d20295dc13.jpg?aki_policy=profile_small,https://a0.muscache.com/im/pictures/user/a6294334-54ae-4dd4-abcd-09d20295dc13.jpg?aki_policy=profile_x_medium,,15,18,"['email', 'phone']",t,t,Neighborhood highlights,Bethany,,-34.5678315,138.9884604,Entire home,Entire home/apt,12,3.5,3.5 baths,5,7,"[""Heating"", ""Wifi"", ""Dishwasher"", ""Long term stays allowed"", ""Hot water"", ""First aid kit"", ""Dishes and silverware"", ""Bed linens"", ""Patio or balcony"", ""Indoor fireplace"", ""Dryer"", ""Oven"", ""Self check-in"", ""Coffee"", ""Dining table"", ""Iron"", ""Kitchen"", ""Outdoor furniture"", ""Keypad"", ""Stove"", ""Cleaning products"", ""Shower gel"", ""Extra pillows and blankets"", ""Carbon monoxide alarm"", ""Bathtub"", ""Drying rack for clothing"", ""Dedicated workspace"", ""Hangers"", ""Refrigerator"", ""Private entrance"", ""Outdoor kitchen"", ""BBQ grill"", ""Single level home"", ""Washer"", ""Backyard"", ""Shampoo"", ""Fire extinguisher"", ""Wine glasses"", ""Essentials"", ""High chair"", ""Conditioner"", ""Clothing storage"", ""Portable fans"", ""Smoke alarm"", ""Hair dryer"", ""Free street parking"", ""Free parking on premises"", ""Body soap"", ""Toaster""]",$583.00,2,365,2,2,365,365,2.0,365.0,,t,14,33,55,81,2025-09-27,0,0,0,59,0,0,0,,,,,,,,,,,t,10,10,0,0,
1484065214241484624,https://www.airbnb.com/rooms/1484065214241484624,20250927041735,2025-09-27,city scrape,Carcoola - Barossa Fringe Retreat,"Step into Carcoola - Barossa Fringe Retreat, a warm and inviting farmhouse-style haven in Greenock, where the story of a former dairy meets fresh renovations and the rolling vineyards of Barossa Valley. This fully renovated 4-bedroom solid brick home seamlessly blends rustic charm with modern comforts, ideal for families, couples or small company groups seeking a peaceful countryside escape just minutes from world-class wineries, local dining, scenic walking trails and team-building experiences.",,https://a0.muscache.com/pictures/hosting/Hosting-U3RheVN1cHBseUxpc3Rpbmc6MTQ4NDA2NTIxNDI0MTQ4NDYyNA==/original/e1fa1c2d-cdb8-4cf9-8712-46a8e5a10f36.jpeg,123672869,https://www.airbnb.com/users/show/123672869,Yehua,2017-03-31,"Unley, Australia","Born in China and living in Adelaide, South Australia. Love badminton, running and travel.",within an hour,100%,100%,t,https://a0.muscache.com/im/pictures/user/User/original/6df13466-58f4-4454-b9cd-4aa255cae4f6.jpeg?aki_policy=profile_small,https://a0.muscache.com/im/pictures/user/User/original/6df13466-58f4-4454-b9cd-4aa255cae4f6.jpeg?aki_policy=profile_x_medium,,3,4,"['email', 'phone']",t,t,,Moppa,,-34.4464401,138.9335064,Entire home,Entire home/apt,8,2.5,2.5 baths,4,5,"[""Lockbox"", ""Wifi"", ""Dishwasher"", ""Hot water"", ""First aid kit"", ""Dishes and silverware"", ""Clothing storage: wardrobe"", ""Euro electric stove"", ""Private backyard"", ""Bed linens"", ""Books and reading material"", ""Dryer"", ""Children\u2019s dinnerware"", ""Self check-in"", ""Coffee"", ""Dining table"", ""Iron"", ""Kitchen"", ""Central heating"", ""Room-darkening shades"", ""Cleaning products"", ""Shower gel"", ""Free parking on premises"", ""Bathtub"", ""Drying rack for clothing"", ""TV"", ""Hangers"", ""Air conditioning"", ""Dedicated workspace"", ""Baking sheet"", ""Single level home"", ""Pack \u2019n play/Travel crib - always at the listing"", ""Washer"", ""Hammock"", ""Shampoo"", ""Fire extinguisher"", ""Cooking basics"", ""Wine glasses"", ""Westinghouse refrigerator"", ""Board games"", ""Conditioner"", ""Microwave"", ""Smoke alarm"", ""Hair dryer"", ""Standalone high chair - always at the listing"", ""Hot water kettle"", ""Body soap"", ""Single oven""]",$310.00,2,30,2,4,30,30,3.0,30.0,,t,22,49,79,224,2025-09-27,1,1,1,79,0,6,1860,2025-09-19,2025-09-19,5.0,5.0,5.0,5.0,5.0,4.0,4.0,,t,1,1,0,0,1
1488186178152638903,https://www.airbnb.com/rooms/1488186178152638903,20250927041735,2025-09-27,city scrape,Seednest | Pool table & BBQ centre of town,"Welcome to Seednest: Your Tanunda Family Haven<br /><br />Nestled in the heart of Tanunda, Seednest is a charming retreat just a short stroll to the town’s cafes and boutiques. With Barossa’s top wineries and attractions all within a 10-minute drive, it offers the ideal blend of discovery and relaxation. Spend your days exploring the valley’s beauty, then return to a cozy haven designed for family connection and shared moments, where comfort is infused with a touch of magic.",,https://a0.muscache.com/pictures/hosting/Hosting-U3RheVN1cHBseUxpc3Rpbmc6MTQ4ODE4NjE3ODE1MjYzODkwMw==/original/36da15e3-10eb-46fe-992a-69222aca4d04.jpeg,498042037,https://www.airbnb.com/users/show/498042037,Richard,2023-01-26,"Melbourne, Australia","As a passionate host, I thrive on the joy of meeting new faces and sparking spontaneous conversations with people from all walks of life. There's something truly special about connecting with strangers and sharing stories, experiences, and laughs. I look forward to each new encounter and the unique perspectives it brings. Hosting isn't just a job for me; it's a way to make the world a little smaller, one conversation at a time.",within an hour,100%,99%,f,https://a0.muscache.com/im/pictures/user/User-498042037/original/ff3c1d2d-8494-41e0-8dcb-c8ba26381e55.jpeg?aki_policy=profile_small,https://a0.muscache.com/im/pictures/user/User-498042037/original/ff3c1d2d-8494-41e0-8dcb-c8ba26381e55.jpeg?aki_policy=profile_x_medium,,5,5,['phone'],t,t,,Tanunda,,-34.5109929,138.9713065,Entire home,Entire home/apt,10,2.0,2 baths,5,6,"[""Ethernet connection"", ""Wifi"", ""Dishwasher"", ""Coffee maker: drip coffee maker, pour-over coffee"", ""Long term stays allowed"", ""Hot water"", ""First aid kit"", ""Dishes and silverware"", ""Barbecue utensils"", ""Outdoor dining area"", ""Free parking garage on premises"", ""Books and reading material"", ""Dryer"", ""Oven"", ""Children\u2019s dinnerware"", ""Self check-in"", ""Coffee"", ""Pack \u2019n play/Travel crib"", ""Dining table"", ""Iron"", ""Kitchen"", ""Outdoor furniture"", ""Central air conditioning"", ""Children\u2019s books and toys for ages 0-2 years old, 2-5 years old, and 5-10 years old"", ""Room-darkening shades"", ""Cleaning products"", ""Shower gel"", ""Extra pillows and blankets"", ""Blender"", ""Carbon monoxide alarm"", ""Bathtub"", ""Drying rack for clothing"", ""Dedicated workspace"", ""Pool table"", ""Refrigerator"", ""Baking sheet"", ""Private entrance"", ""BBQ grill"", ""Washer"", ""Backyard"", ""Shampoo"", ""Fire extinguisher"", ""Cooking basics"", ""Wine glasses"", ""High chair"", ""Smart lock"", ""Noise decibel monitors on property"", ""Board games"", ""Bread maker"", ""Conditioner"", ""Microwave"", ""Clothing storage"", ""Smoke alarm"", ""Free street parking"", ""Hair dryer"", ""Exterior security cameras on property"", ""Hot water kettle"", ""Body soap"", ""Toaster""]",$465.00,2,30,2,2,1125,1125,2.0,1125.0,,t,19,42,72,248,2025-09-27,2,2,2,78,0,12,5580,2025-09-10,2025-09-12,5.0,5.0,5.0,5.0,5.0,5.0,5.0,,t,2,2,0,0,2
1491029894140619959,https://www.airbnb.com/rooms/1491029894140619959,20250927041735,2025-09-27,city scrape,Hill House Residence,"Welcome to Hill House, one of the Barossa Valley’s most iconic residences. Perched above Angaston, this grand estate blends timeless heritage with modern luxury. An elegant retreat ideal for families, couples, or groups. With soaring ceilings, garden views, and refined interiors, Hill House is your private gateway to the Barossa. Book now to experience this rare and remarkable stay.",,https://a0.muscache.com/pictures/hosting/Hosting-1491029894140619959/original/95ac302f-7a4a-463e-972b-f7737b0d63c9.jpeg,559376892,https://www.airbnb.com/users/show/559376892,Sara,2024-01-30,,"",within an hour,100%,98%,t,https://a0.muscache.com/im/pictures/user/User-559376892/original/5209e603-46ef-4528-8613-c03f3a0d015d.png?aki_policy=profile_small,https://a0.muscache.com/im/pictures/user/User-559376892/original/5209e603-46ef-4528-8613-c03f3a0d015d.png?aki_policy=profile_x_medium,,3,4,"['email', 'phone']",t,t,,Angaston,,-34.50397,139.04462,Private room in home,Private room,8,3.0,3 baths,3,3,"[""Fire pit"", ""Wifi"", ""Coffee maker: Nespresso"", ""Hot water"", ""First aid kit"", ""Private backyard"", ""Private patio or balcony"", ""Bed linens"", ""Indoor fireplace: wood-burning"", ""Self check-in"", ""Coffee"", ""Kitchen"", ""AC - split type ductless system"", ""Free washer"", ""Outdoor furniture"", ""Keypad"", ""Stove"", ""Private BBQ grill: gas"", ""Free driveway parking on premises"", ""Shower gel"", ""Carbon monoxide alarm"", ""Bathtub"", ""TV"", ""Heating - split type ductless system"", ""Private entrance"", ""Fire extinguisher"", ""Shampoo"", ""Cooking basics"", ""Conditioner"", ""Microwave"", ""Smoke alarm"", ""Hair dryer"", ""Hot water kettle"", ""Body soap"", ""Toaster""]",$484.00,2,30,2,4,30,30,2.0,30.0,,t,12,26,50,285,2025-09-27,0,0,0,50,0,0,0,,,,,,,,,,,t,3,1,2,0,
1496075854067712902,https://www.airbnb.com/rooms/1496075854067712902,20250927041735,2025-09-27,city scrape,Rosella Cottage,"Welcome to Rosella Cottage, a charming 1960s retreat in the heart of the Barossa. Sleeping up to six, it blends rustic character with modern comfort, featuring two queen bedrooms, a bunk, and light-filled living spaces. Relax in the private garden, sip wine by the fire pit, or explore nearby wineries, shops, and restaurants. Perfect for couples, families, or friends, Rosella Cottage offers a peaceful escape with everything you need to unwind.",,https://a0.muscache.com/pictures/hosting/Hosting-1496075854067712902/original/13a9a0b9-184f-43ec-8fac-e43b9b4bf6d8.jpeg,485865877,https://www.airbnb.com/users/show/485865877,Brenton,2022-11-01,,"",within an hour,100%,100%,f,https://a0.muscache.com/im/pictures/user/7be25f50-042a-49df-baa3-55d83eab95b2.jpg?aki_policy=profile_small,https://a0.muscache.com/im/pictures/user/7be25f50-042a-49df-baa3-55d83eab95b2.jpg?aki_policy=profile_x_medium,,2,2,"['email', 'phone']",t,t,,Tanunda,,-34.521938,138.9533463,Entire home,Entire home/apt,6,1.0,1 bath,2,6,"[""Coffee maker"", ""Fire pit"", ""Heating"", ""Wifi"", ""Dishwasher"", ""Hot water"", ""Dishes and silverware"", ""Barbecue utensils"", ""Outdoor dining area"", ""Bed linens"", ""Books and reading material"", ""Oven"", ""Coffee"", ""Freezer"", ""Dining table"", ""Kitchen"", ""Stove"", ""Shower gel"", ""Extra pillows and blankets"", ""Free parking on premises"", ""Bathtub"", ""Drying rack for clothing"", ""TV"", ""Hangers"", ""Air conditioning"", ""Refrigerator"", ""Baking sheet"", ""BBQ grill"", ""Washer"", ""Backyard"", ""Shampoo"", ""Cooking basics"", ""Wine glasses"", ""Conditioner"", ""Microwave"", ""Clothing storage"", ""Smoke alarm"", ""Free street parking"", ""Exterior security cameras on property"", ""Hot water kettle"", ""Toaster""]",$310.00,3,365,2,4,365,365,2.1,365.0,,,28,56,86,237,2025-09-27,0,0,0,92,0,0,0,,,,,,,,,,,t,1,1,0,0,
1496655420237836280,https://www.airbnb.com/rooms/1496655420237836280,20250927041735,2025-09-27,city scrape,Cozy Corner Barossa(Parties not permitted),Relax in this peaceful and stylish space.,,https://a0.muscache.com/pictures/hosting/Hosting-1496655420237836280/original/2761b4af-0c66-4289-af4f-9f4d3cefd4f2.jpeg,508456368,https://www.airbnb.com/users/show/508456368,Hui,2023-04-04,,"",within an hour,100%,99%,f,https://a0.muscache.com/im/pictures/user/User-508456368/original/d5d1e3b5-b1c2-4d54-b04a-9373b959389d.jpeg?aki_policy=profile_small,https://a0.muscache.com/im/pictures/user/User-508456368/original/d5d1e3b5-b1c2-4d54-b04a-9373b959389d.jpeg?aki_policy=profile_x_medium,,36,46,"['email', 'phone']",t,t,,Tanunda,,-34.527763752685324,138.95612322216607,Entire home,Entire home/apt,6,1.0,1 bath,3,3,"[""Wifi"", ""Hot water"", ""Bed linens"", ""Iron"", ""Kitchen"", ""Room-darkening shades"", ""Cleaning products"", ""Shower gel"", ""Extra pillows and blankets"", ""Bathtub"", ""Hangers"", ""Washer"", ""Shampoo"", ""Essentials"", ""Conditioner"", ""Clothing storage"", ""Smoke alarm"", ""Hair dryer"", ""Free parking on premises"", ""Body soap""]",$162.00,1,365,1,1,365,365,1.0,365.0,,t,24,51,81,169,2025-09-27,0,0,0,87,0,0,0,,,,,,,,,,,t,4,4,0,0,
1500459372472771979,https://www.airbnb.com/rooms/1500459372472771979,20250927041735,2025-09-27,city scrape,AUTRA Chardonnay • Sauna • Vineyard Views,"Welcome to Autra Resort Lyndoch. This cabin is our little sanctuary in the Barossa—private, comfortable, and designed with the small touches that make a stay easy. One of the highlights is the private sauna, a rare find in the valley and the perfect way to unwind after a day out or simply switch off and relax. Whether you’re here for a quiet weekend together or just to slow down for a few days, we’ve set up the cabin to offer both comfort and privacy.",,https://a0.muscache.com/pictures/hosting/Hosting-1500459372472771979/original/d35c4b5d-882b-4a3f-81f7-20f236ebd692.jpeg,703581616,https://www.airbnb.com/users/show/703581616,Shaoxiong,2025-06-25,,"",within an hour,100%,100%,f,https://a0.muscache.com/im/pictures/user/User/original/375d5776-59e9-43c6-89d4-3ef82c4961a0.jpeg?aki_policy=profile_small,https://a0.muscache.com/im/pictures/user/User/original/375d5776-59e9-43c6-89d4-3ef82c4961a0.jpeg?aki_policy=profile_x_medium,,4,4,"['email', 'phone']",t,t,,Lyndoch,,-34.59669,138.88269,Tiny home,Entire home/apt,2,1.0,1 bath,1,1,"[""Heating"", ""Long term stays allowed"", ""Hot water"", ""Induction stove"", ""First aid kit"", ""Dishes and silverware"", ""Outdoor dining area"", ""Clothing storage: wardrobe"", ""Private patio or balcony"", ""Private sauna"", ""Bed linens"", ""Books and reading material"", ""Kitchenette"", ""Self check-in"", ""Coffee"", ""Dining table"", ""Outdoor furniture"", ""Keypad"", ""Room-darkening shades"", ""Cleaning products"", ""Housekeeping available from 10:00\u202fAM to 4:00\u202fAM - available at extra cost"", ""Shower gel"", ""Free parking on premises"", ""Carbon monoxide alarm"", ""Bathtub"", ""Vineyard view"", ""Hangers"", ""Air conditioning"", ""Private entrance"", ""Fire extinguisher"", ""Shampoo"", ""Cooking basics"", ""Wine glasses"", ""Shared backyard"", ""Conditioner"", ""Microwave"", ""Mini fridge"", ""Smoke alarm"", ""Hair dryer"", ""Hot water kettle"", ""Toaster""]",$353.00,2,30,2,2,30,30,2.0,30.0,,t,23,53,81,83,2025-09-27,0,0,0,83,0,0,0,,,,,,,,,,,t,4,4,0,0,
1503315977256416498,https://www.airbnb.com/rooms/1503315977256416498,20250927041735,2025-09-27,city scrape,"Luxury Barossa Retreat with Pool, Alfresco Dining.","Kick back and relax in this calm, stylish space.",,https://a0.muscache.com/pictures/hosting/Hosting-1503315977256416498/original/a761bdb0-9b35-420c-8351-9f96f15a1543.png,387301022,https://www.airbnb.com/users/show/387301022,Caroline,2021-02-04,"Ashford, Australia","",within an hour,100%,92%,t,https://a0.muscache.com/im/pictures/user/User-387301022/original/06bbea76-c3bf-4eee-b8b9-82d9890bba39.jpeg?aki_policy=profile_small,https://a0.muscache.com/im/pictures/user/User-387301022/original/06bbea76-c3bf-4eee-b8b9-82d9890bba39.jpeg?aki_policy=profile_x_medium,,3,3,"['email', 'phone', 'work_email']",t,t,,Lyndoch,,-34.59897561615463,138.88187024742365,Entire home,Entire home/apt,6,2.0,2 baths,3,3,"[""Outdoor dining area"", ""TV"", ""Wifi"", ""Self check-in"", ""Air conditioning"", ""Smoke alarm"", ""BBQ grill"", ""Keypad"", ""Exterior security cameras on property"", ""Kitchen"", ""Free parking on premises"", ""Washer"", ""Pool""]",$665.00,2,30,2,2,30,30,2.0,30.0,,t,0,25,47,316,2025-09-27,0,0,0,51,0,0,0,,,,,,,,,,,f,1,1,0,0,
1503844883373552503,https://www.airbnb.com/rooms/1503844883373552503,20250927041735,2025-09-27,city scrape,Together at Barossa – Cozy Renovated 3BR Wine Stay,"🏡Together at Barossa 🏡 is a freshly renovated 3-bedroom home in Penrice, minutes from Angaston. Each bedroom has a queen bed. The home includes a modern bathroom and separate toilet. Enjoy a full kitchen with Espresso Coffee Machine, 55” Smart TV & Netflix, fast nbn Wi-Fi, central heating/cooling, and laundry. Family-friendly with baby cot, chair & tableware. Two onsite car spaces and a prime location near wineries, farmers market, chocolate shops & lookouts make it the perfect Barossa base.🌄",,https://a0.muscache.com/pictures/hosting/Hosting-U3RheVN1cHBseUxpc3Rpbmc6MTUwMzg0NDg4MzM3MzU1MjUwMw==/original/c7e4ba49-d605-4dfe-b2ce-2c8fad2899ed.jpeg,52211847,https://www.airbnb.com/users/show/52211847,Aiden,2015-12-25,"Victoria, Australia","This is Aiden from OZV Homes. Our OZV Homes offers exceptional short-term stays across Victoria and South Australia, combining comfort, style, and convenience. Our beautifully designed properties and personalized service ensure a memorable experience for every guest. Book with us for a welcoming and unforgettable stay!",within an hour,100%,100%,f,https://a0.muscache.com/im/pictures/user/User/original/2ce8c069-1af6-4073-9bc2-5b8d1d244847.jpeg?aki_policy=profile_small,https://a0.muscache.com/im/pictures/user/User/original/2ce8c069-1af6-4073-9bc2-5b8d1d244847.jpeg?aki_policy=profile_x_medium,,3,3,"['email', 'phone']",t,f,,Angaston,,-34.491990972405524,139.04706318650815,Entire cottage,Entire home/apt,6,1.0,1 bath,3,3,"[""Coffee maker"", ""Ceiling fan"", ""Stainless steel oven"", ""Free dryer \u2013 In unit"", ""Wifi"", ""Booster seat high chair - always at the listing"", ""Dishwasher"", ""Stainless steel electric stove"", ""Hot water"", ""Long term stays allowed"", ""First aid kit"", ""Dishes and silverware"", ""Outdoor dining area"", ""Clothing storage: closet"", ""Bed linens"", ""Books and reading material"", ""Self check-in"", ""Coffee"", ""Freezer"", ""Dining table"", ""Iron"", ""Kitchen"", ""Outdoor furniture"", ""Private backyard \u2013 Fully fenced"", ""Central heating"", ""Room-darkening shades"", ""Cleaning products"", ""Shower gel"", ""Free parking on premises"", ""Drying rack for clothing"", ""TV"", ""Refrigerator"", ""Hangers"", ""Air conditioning"", ""Private entrance"", ""Single level home"", ""Pack \u2019n play/Travel crib - always at the listing"", ""Washer"", ""Shampoo"", ""Fire extinguisher"", ""Cooking basics"", ""Wine glasses"", ""Smart lock"", ""Conditioner"", ""Microwave"", ""Free street parking"", ""Smoke alarm"", ""Hair dryer"", ""Hot water kettle"", ""Body soap"", ""Toaster""]",$194.00,2,365,2,4,365,365,2.1,365.0,,t,26,53,83,356,2025-09-27,0,0,0,89,0,0,0,,,,,,,,,,,f,1,1,0,0,
1505478199256127496,https://www.airbnb.com/rooms/1505478199256127496,20250927041735,2025-09-27,city scrape,AUTRA Merlot • Sauna • Vineyard Views,"Welcome to Autra Resort Lyndoch. This cabin is our little sanctuary in the Barossa—private, comfortable, and designed with the small touches that make a stay easy. One of the highlights is the private sauna, a rare find in the valley and the perfect way to unwind after a day out or simply switch off and relax. Whether you’re here for a quiet weekend together or just to slow down for a few days, we’ve set up the cabin to offer both comfort and privacy.",,https://a0.muscache.com/pictures/hosting/Hosting-1500459372472771979/original/fdfcedf3-5907-4cc2-af69-e1908e8ca77c.jpeg,703581616,https://www.airbnb.com/users/show/703581616,Shaoxiong,2025-06-25,,"",within an hour,100%,100%,f,https://a0.muscache.com/im/pictures/user/User/original/375d5776-59e9-43c6-89d4-3ef82c4961a0.jpeg?aki_policy=profile_small,https://a0.muscache.com/im/pictures/user/User/original/375d5776-59e9-43c6-89d4-3ef82c4961a0.jpeg?aki_policy=profile_x_medium,,4,4,"['email', 'phone']",t,t,,Lyndoch,,-34.59655205812916,138.88324572650515,Tiny home,Entire home/apt,2,1.0,1 bath,1,1,"[""Heating"", ""Sauna"", ""Long term stays allowed"", ""Hot water"", ""First aid kit"", ""Dishes and silverware"", ""Outdoor dining area"", ""Bed linens"", ""Books and reading material"", ""Patio or balcony"", ""Kitchenette"", ""Self check-in"", ""Coffee"", ""Cleaning available during stay"", ""Dining table"", ""Outdoor furniture"", ""Keypad"", ""Stove"", ""Room-darkening shades"", ""Cleaning products"", ""Shower gel"", ""Free parking on premises"", ""Carbon monoxide alarm"", ""Bathtub"", ""Hangers"", ""Air conditioning"", ""Private entrance"", ""Backyard"", ""Shampoo"", ""Cooking basics"", ""Wine glasses"", ""Conditioner"", ""Microwave"", ""Mini fridge"", ""Clothing storage"", ""Smoke alarm"", ""Hair dryer"", ""Hot water kettle"", ""Toaster""]",$298.00,2,30,2,2,30,30,2.0,30.0,,t,27,57,87,362,2025-09-27,0,0,0,93,0,0,0,,,,,,,,,,,t,4,4,0,0,
1505524471199636647,https://www.airbnb.com/rooms/1505524471199636647,20250927041735,2025-09-27,city scrape,AUTRA Grenache • Sauna • Vineyard Views,"Welcome to Autra Resort Lyndoch. This cabin is our little sanctuary in the Barossa—private, comfortable, and designed with the small touches that make a stay easy. One of the highlights is the private sauna, a rare find in the valley and the perfect way to unwind after a day out or simply switch off and relax. Whether you’re here for a quiet weekend together or just to slow down for a few days, we’ve set up the cabin to offer both comfort and privacy.",,https://a0.muscache.com/pictures/hosting/Hosting-U3RheVN1cHBseUxpc3Rpbmc6MTUwMDQ1OTM3MjQ3Mjc3MTk3OQ==/original/c5a48673-9c6f-44a7-807b-1ca1786d7e39.jpeg,703581616,https://www.airbnb.com/users/show/703581616,Shaoxiong,2025-06-25,,"",within an hour,100%,100%,f,https://a0.muscache.com/im/pictures/user/User/original/375d5776-59e9-43c6-89d4-3ef82c4961a0.jpeg?aki_policy=profile_small,https://a0.muscache.com/im/pictures/user/User/original/375d5776-59e9-43c6-89d4-3ef82c4961a0.jpeg?aki_policy=profile_x_medium,,4,4,"['email', 'phone']",t,t,,Lyndoch,,-34.59678523986012,138.88321709170782,Tiny home,Entire home/apt,2,1.0,1 bath,1,1,"[""Heating"", ""Sauna"", ""Long term stays allowed"", ""Hot water"", ""First aid kit"", ""Dishes and silverware"", ""Outdoor dining area"", ""Bed linens"", ""Books and reading material"", ""Patio or balcony"", ""Kitchenette"", ""Self check-in"", ""Coffee"", ""Cleaning available during stay"", ""Dining table"", ""Outdoor furniture"", ""Keypad"", ""Stove"", ""Room-darkening shades"", ""Cleaning products"", ""Shower gel"", ""Free parking on premises"", ""Carbon monoxide alarm"", ""Bathtub"", ""Hangers"", ""Air conditioning"", ""Private entrance"", ""Backyard"", ""Fire extinguisher"", ""Shampoo"", ""Cooking basics"", ""Wine glasses"", ""Conditioner"", ""Microwave"", ""Mini fridge"", ""Clothing storage"", ""Smoke alarm"", ""Hair dryer"", ""Hot water kettle"", ""Toaster""]",$340.00,2,30,2,2,30,30,2.0,30.0,,t,25,55,85,360,2025-09-27,0,0,0,91,0,0,0,,,,,,,,,,,t,4,4,0,0,
1505532128071752686,https://www.airbnb.com/rooms/1505532128071752686,20250927041735,2025-09-27,city scrape,AUTRA Mataro • Sauna • Vineyard Views,"Welcome to Autra Resort Lyndoch. This cabin is our little sanctuary in the Barossa—private, comfortable, and designed with the small touches that make a stay easy. One of the highlights is the private sauna, a rare find in the valley and the perfect way to unwind after a day out or simply switch off and relax. Whether you’re here for a quiet weekend together or just to slow down for a few days, we’ve set up the cabin to offer both comfort and privacy.",,https://a0.muscache.com/pictures/hosting/Hosting-U3RheVN1cHBseUxpc3Rpbmc6MTUwMDQ1OTM3MjQ3Mjc3MTk3OQ==/original/a3616000-fb3e-49e6-9633-41e6117579b7.jpeg,703581616,https://www.airbnb.com/users/show/703581616,Shaoxiong,2025-06-25,,"",within an hour,100%,100%,f,https://a0.muscache.com/im/pictures/user/User/original/375d5776-59e9-43c6-89d4-3ef82c4961a0.jpeg?aki_policy=profile_small,https://a0.muscache.com/im/pictures/user/User/original/375d5776-59e9-43c6-89d4-3ef82c4961a0.jpeg?aki_policy=profile_x_medium,,4,4,"['email', 'phone']",t,t,,Lyndoch,,-34.59485037615738,138.88268595271936,Tiny home,Entire home/apt,2,1.0,1 bath,1,1,"[""Heating"", ""Sauna"", ""Long term stays allowed"", ""Hot water"", ""First aid kit"", ""Dishes and silverware"", ""Outdoor dining area"", ""Bed linens"", ""Books and reading material"", ""Patio or balcony"", ""Kitchenette"", ""Self check-in"", ""Coffee"", ""Cleaning available during stay"", ""Dining table"", ""Outdoor furniture"", ""Keypad"", ""Stove"", ""Room-darkening shades"", ""Cleaning products"", ""Shower gel"", ""Free parking on premises"", ""Carbon monoxide alarm"", ""Bathtub"", ""Hangers"", ""Air conditioning"", ""Private entrance"", ""Backyard"", ""Fire extinguisher"", ""Shampoo"", ""Cooking basics"", ""Wine glasses"", ""Conditioner"", ""Microwave"", ""Mini fridge"", ""Clothing storage"", ""Smoke alarm"", ""Hair dryer"", ""Hot water kettle"", ""Toaster""]",$286.00,2,30,2,2,30,30,2.0,30.0,,t,27,57,87,362,2025-09-27,0,0,0,93,0,0,0,,,,,,,,,,,t,4,4,0,0,
