realSum,person_capacity,host_is_superhost,multi,biz,cleanliness_rating,guest_satisfaction_overall,bedrooms,dist,metro_dist,attr_index,day,room_type_Private room,room_type_Shared room
0.526688806428807,0.5,True,1.0,0.0,1.0,0.9875,0.3333333333333333,0.14056365988888092,0.027193243992231598,0.5592536076669965,1.0,False,False
0.22464655223625163,0.0,False,0.0,0.0,1.0,1.0,0.16666666666666666,0.29110280792389387,0.1387850281415512,0.4526344801943305,1.0,True,False
0.1763585301969256,0.0,False,1.0,0.0,0.875,0.925,0.16666666666666666,0.5464088817594144,0.25207822309917344,0.20683976497821832,1.0,True,False
0.18235264390969064,0.0,False,0.0,0.0,0.625,0.8500000000000001,0.16666666666666666,0.09923145540616196,0.11779382296072391,0.49656936150860753,1.0,True,False
0.18848903661177763,0.0,False,1.0,0.0,1.0,1.0,0.16666666666666666,0.5303805558249552,0.1116255632552829,0.24870133237748937,1.0,True,False
0.3124663484708553,0.25,False,1.0,0.0,0.875,0.8875,0.3333333333333333,0.10123050588586234,0.06714086125751877,0.6387404493943747,1.0,True,False
0.5867965415261166,1.0,False,1.0,0.0,1.0,0.9500000000000002,0.3333333333333333,0.19163240272632445,0.08606161523472618,0.6578393420373179,1.0,False,False
0.24841756378014168,0.25,False,0.0,1.0,0.875,0.8375000000000001,0.16666666666666666,0.15833667855580277,0.10217875144052543,0.3825262518126753,1.0,True,False
0.3128086388729142,0.0,True,0.0,1.0,0.875,0.8375000000000001,0.16666666666666666,0.37390499315594744,0.01825389978492413,0.2777261483660527,1.0,False,False
0.18999651059371547,0.0,False,0.0,0.0,1.0,0.9750000000000001,0.16666666666666666,0.17609502695455834,0.0661996829296801,0.3833646392101022,1.0,True,False
0.2059249243947282,0.0,True,0.0,0.0,0.875,0.9375,0.16666666666666666,0.3246676159669778,0.1267899519481721,0.39929036593790057,1.0,True,False
0.38738445376403063,0.5,False,0.0,1.0,1.0,1.0,0.16666666666666666,0.09007158976305112,0.04799047681593198,0.7324452743659382,1.0,True,False
0.367030733419052,0.5,True,0.0,1.0,1.0,0.9000000000000001,0.3333333333333333,0.3050109380043307,0.03315703871962964,0.32396006626295093,1.0,False,False
0.27519771860536413,0.0,False,0.0,0.0,1.0,0.9125000000000001,0.16666666666666666,0.4799831427201728,0.17024896504704434,0.190736173986763,1.0,True,False
0.1491384508511061,0.25,False,1.0,0.0,0.875,0.8500000000000001,0.16666666666666666,0.2669228535003975,0.049480234934343253,0.3498071256224018,1.0,True,False
0.13950588713035217,0.0,False,1.0,0.0,0.875,0.8375000000000001,0.16666666666666666,0.09243757763469433,0.06547188762048158,0.5934329591969285,1.0,True,False
0.25764137249870733,0.0,False,1.0,0.0,0.625,0.75,0.16666666666666666,0.6458008295309263,0.08068364194611385,0.1539969115147859,1.0,True,False
0.1944573559628856,0.0,False,0.0,1.0,0.625,0.75,0.16666666666666666,0.032998069732745536,0.044331582356027514,0.508422870797018,1.0,True,False
0.10062878017869592,0.0,False,1.0,0.0,0.875,0.8875,0.16666666666666666,0.43730554684061046,0.12506700215282288,0.22968630150685154,1.0,True,False
0.5670035834523143,1.0,True,0.0,1.0,1.0,1.0,0.3333333333333333,0.11554279134111593,0.04461263176917856,0.5297086702596974,1.0,False,False
0.1527327886607558,0.25,True,1.0,0.0,0.875,0.925,0.16666666666666666,0.5619174079363256,0.16716147499116954,0.18151503792494283,1.0,True,False
0.3548280280131647,0.5,False,0.0,1.0,0.75,0.7000000000000001,0.16666666666666666,0.14370998035237245,0.037647256681007296,0.45947163094411225,1.0,False,False
0.132187282972153,0.0,False,0.0,0.0,0.875,0.8,0.16666666666666666,0.4047102381257444,0.0666589471156402,0.30179234201850047,1.0,True,False
0.2114400734862546,0.0,False,0.0,1.0,0.75,0.7125,0.16666666666666666,0.4072000516932948,0.039637092077189094,0.26729518871201297,1.0,True,False
0.1491384508511061,0.0,False,0.0,0.0,1.0,0.9750000000000001,0.16666666666666666,0.26914128438961504,0.048687466093546704,0.3659370705544176,1.0,True,False
0.2045240485274159,0.0,False,1.0,0.0,0.75,0.875,0.16666666666666666,0.3164117244887163,0.08521701785925992,0.3239157334450191,1.0,True,False
0.1491384508511061,0.0,False,0.0,0.0,1.0,0.925,0.16666666666666666,0.6150549458207735,0.17337072407493348,0.16855816836017,1.0,True,False
0.17921840882110474,0.0,True,0.0,1.0,1.0,1.0,0.16666666666666666,0.2592644369603188,0.04841838802540809,0.3623315635774824,1.0,True,False
0.10950116530744503,0.0,False,1.0,0.0,0.875,0.8875,0.16666666666666666,0.43898269756921543,0.1317776185033819,0.3755146223255601,1.0,True,False
0.40194675843297467,1.0,False,0.0,1.0,1.0,0.925,0.3333333333333333,0.22628868695247065,0.07042500467541349,0.5874039693184023,1.0,False,False
0.21787913240949408,0.0,False,0.0,1.0,1.0,0.9125000000000001,0.16666666666666666,0.12733068648436413,0.02394326265980803,0.5533565608524171,1.0,True,False
0.2114400734862546,0.0,False,0.0,0.0,1.0,0.925,0.16666666666666666,0.0859796141709303,0.09421654367212139,0.5354824254616826,1.0,True,False
0.1469530428293836,0.0,False,1.0,0.0,1.0,0.9750000000000001,0.16666666666666666,0.11204155794437755,0.06373172511337233,0.6062651271967954,1.0,True,False
0.29922617658697714,0.0,False,0.0,0.0,1.0,1.0,0.16666666666666666,0.15790273083871656,0.09590781627516519,0.40434165803278743,1.0,True,False
0.19149362807169223,0.0,False,0.0,0.0,1.0,0.8500000000000001,0.16666666666666666,0.31660017922513106,0.27292978520574895,0.2862633950048803,1.0,True,False
0.22464655223625163,0.0,False,0.0,1.0,0.875,0.6625000000000001,0.16666666666666666,0.2003865113623418,0.04132986676969065,0.37305155353167785,1.0,True,False
0.38799086270142114,1.0,False,0.0,1.0,0.875,0.7875000000000001,0.3333333333333333,0.12210599905850898,0.041563202783299794,0.41688225221102093,1.0,False,False
0.43104151603444596,1.0,False,1.0,0.0,0.875,0.9375,0.5,0.4650675316327176,0.24058061426876065,0.19399100678522463,1.0,False,False
0.1379854216615023,0.0,False,1.0,0.0,1.0,0.9750000000000001,0.0,0.5430879089804898,0.10487009316168523,0.15964922965507733,1.0,True,False
0.08660377490514592,0.0,False,1.0,0.0,0.5,0.6375000000000001,0.16666666666666666,0.26537424669565235,0.04427422739046461,0.3126843751920876,1.0,True,False
0.13950588713035217,0.0,False,0.0,1.0,0.75,0.8,0.16666666666666666,0.40456519042829386,0.1031289119628999,0.3109357226782037,1.0,True,False
0.1491384508511061,0.0,False,1.0,0.0,0.625,0.65,0.16666666666666666,0.0225938458448639,0.04937593634190609,0.585635598454632,1.0,True,False
0.17921840882110474,0.0,False,1.0,0.0,1.0,0.9000000000000001,0.16666666666666666,0.08018655081193331,0.07277343336175841,0.4690789623220504,1.0,True,False
0.39747070092854775,0.0,True,1.0,0.0,1.0,0.9500000000000002,0.16666666666666666,0.2643259078422787,0.047801993323991064,0.36636030054647795,1.0,False,False
0.3933739191718918,0.25,False,1.0,0.0,0.625,0.75,0.16666666666666666,0.1268157422916569,0.06211290794618369,0.4883359736277417,1.0,True,False
0.26500494282390286,0.25,True,1.0,0.0,1.0,0.9625000000000001,0.16666666666666666,0.09780934644209413,0.09443816355290442,0.5415189079945171,1.0,True,False
0.21681908192114852,0.0,False,1.0,0.0,0.875,0.9500000000000002,0.16666666666666666,0.5763651327478916,0.03493732552385019,0.14341543147664226,1.0,True,False
0.26393754610045883,0.0,False,0.0,1.0,1.0,1.0,0.16666666666666666,0.24745246923836758,0.0789606157794819,0.558206990853293,1.0,True,False
0.25961489543201643,0.0,False,0.0,0.0,0.25,0.25,0.16666666666666666,0.670653262119916,0.18250814792946768,0.12027710725522511,1.0,True,False
0.22464655223625163,0.0,False,0.0,0.0,0.875,0.8625,0.16666666666666666,0.11624709602296966,0.05072789324194051,0.5967573908755488,1.0,True,False
0.2804185526406079,0.0,False,0.0,1.0,0.75,0.8625,0.16666666666666666,0.010300599573115871,0.03843272098762816,0.5692521701354827,1.0,True,False
0.18390301753879423,0.0,True,0.0,0.0,0.75,0.9500000000000002,0.16666666666666666,0.2017565755542099,0.09759644308840601,0.6016140049301433,1.0,True,False
0.11802640583139079,0.0,True,1.0,0.0,0.875,0.875,0.3333333333333333,0.5669025964459058,0.022289479268186682,0.21405502207758653,1.0,True,False
0.13950588713035217,0.0,False,0.0,0.0,0.875,0.8625,0.16666666666666666,0.35594202420987325,0.12428986399485045,0.4155596943381108,1.0,True,False
0.2518375857528897,0.0,True,1.0,0.0,0.875,0.9500000000000002,0.16666666666666666,0.06701636720624199,0.052681462784603963,0.473305144123499,1.0,True,False
0.19738131690723237,0.25,False,0.0,0.0,1.0,1.0,0.16666666666666666,0.38523890675418043,0.10873127752570062,0.3303008873201032,1.0,True,False
0.17921840882110474,0.0,False,0.0,0.0,0.0,0.0,0.0,0.37621603130934395,0.3427140493687999,0.25092742026021453,1.0,True,False
0.1744308782194427,0.0,False,0.0,0.0,0.875,0.8500000000000001,0.16666666666666666,0.20498717480492767,0.061105821765611475,0.3862625643201296,1.0,True,False
0.13606979892523585,0.0,False,0.0,0.0,0.875,0.9125000000000001,0.16666666666666666,0.6725232867245491,0.1229325850407039,0.14811246464946337,1.0,True,False
0.21681908192114852,0.0,True,0.0,0.0,1.0,0.9500000000000002,0.16666666666666666,0.513626387518708,0.10695183413999931,0.19171941004548843,1.0,True,False
0.20980013490382665,0.0,False,1.0,0.0,0.875,0.875,0.16666666666666666,0.171153828779397,0.03320808175353054,0.39919665550174277,1.0,True,False
0.08660377490514592,0.0,False,0.0,1.0,0.875,0.9125000000000001,0.16666666666666666,0.5781842705838686,0.24509123551194673,0.14752421537987614,1.0,True,False
0.32070147190330356,0.0,False,0.0,1.0,1.0,1.0,0.16666666666666666,0.04610736423223093,0.07779786472935497,0.665922668100394,1.0,True,False
0.14511497704022547,0.0,False,1.0,0.0,0.75,0.8125,0.16666666666666666,0.20126721353107674,0.1121203722183033,0.3865852722430094,1.0,True,False
0.25764137249870733,0.25,False,1.0,0.0,0.875,0.9000000000000001,0.16666666666666666,0.05774928769360663,0.07924706957173475,0.5613887003127864,1.0,True,False
0.17281137281862657,0.0,False,1.0,0.0,1.0,1.0,0.16666666666666666,0.18112662550738998,0.1589506315459687,0.4067059515909168,1.0,True,False
0.20026656396674725,0.0,False,1.0,0.0,1.0,0.8125,0.16666666666666666,0.14896611998145998,0.10839542717011033,0.44671511640372175,1.0,True,False
0.23071219467756687,0.0,False,0.0,1.0,0.875,0.875,0.16666666666666666,0.14746885956723993,0.10213814244721586,0.44701030068656533,1.0,True,False
0.5042287947722878,1.0,False,0.0,1.0,0.0,0.25,0.3333333333333333,0.17398229803811818,0.16299433252584705,0.5186997174915293,1.0,False,False
0.29012011082306344,0.75,False,0.0,1.0,0.75,0.8500000000000001,0.16666666666666666,0.15056518623973844,0.05683593769769618,0.39324371724048834,1.0,True,False
0.16787936553688965,0.5,False,1.0,0.0,0.75,1.0,0.3333333333333333,0.581121392107086,0.20067982243382881,0.17143810167741536,1.0,True,False
0.4364411703525718,0.75,False,0.0,1.0,0.875,0.8500000000000001,0.5,0.2961711460146066,0.2544356011629155,0.40571604813444373,1.0,False,False
0.1341371873724625,0.0,False,1.0,0.0,0.875,0.8375000000000001,0.16666666666666666,0.11136597901471082,0.11086559457335596,0.4639167825507222,1.0,True,False
0.497738988109829,0.5,True,0.0,1.0,1.0,1.0,0.3333333333333333,0.14514865761235418,0.16813517870738895,0.5337538961616226,1.0,False,False
0.23709820784555535,0.0,False,0.0,1.0,0.875,0.8500000000000001,0.16666666666666666,0.06609873055150334,0.05141160927073756,0.7028071089558257,1.0,True,False
0.1221671335128639,0.25,True,0.0,0.0,1.0,0.9625000000000001,0.16666666666666666,0.42165899869840306,0.1340645957355793,0.2646370485980254,1.0,True,False
0.42499426380472516,0.0,False,1.0,0.0,1.0,0.8500000000000001,0.0,0.09541828917534295,0.05221965766463654,0.6750368791447285,1.0,False,False
0.20842402851794806,0.0,True,0.0,0.0,1.0,0.9625000000000001,0.16666666666666666,0.25307116987820216,0.057524826005375854,0.5693406520329731,1.0,True,False
0.2045240485274159,0.0,False,0.0,1.0,0.5,0.5375000000000001,0.16666666666666666,0.5157901851374316,0.2567472836172788,0.25277728111342723,1.0,True,False
0.17921840882110474,0.0,False,1.0,0.0,1.0,0.9625000000000001,0.16666666666666666,0.18479341453071976,0.10805200673342133,0.41851594433814654,1.0,True,False
0.18999651059371547,0.0,False,0.0,0.0,1.0,1.0,0.16666666666666666,0.30664461276436855,0.03533574362205513,0.3747726687981223,1.0,True,False
0.4155966007039439,0.5,False,0.0,1.0,1.0,0.8875,0.16666666666666666,0.13173776666495385,0.1408098236110684,0.49233371265775383,1.0,False,False
0.40488052232439464,0.0,False,0.0,0.0,0.0,0.0,0.16666666666666666,0.18016106821175562,0.11857041636800753,0.38985201477167686,1.0,True,False
0.16787936553688965,0.0,False,0.0,0.0,0.875,0.8375000000000001,0.16666666666666666,0.10901727788464838,0.09051013277919456,0.503934867490528,1.0,True,False
0.16654509119764926,0.25,False,1.0,0.0,0.875,0.8875,0.16666666666666666,0.4672192910550616,0.11403577568225964,0.22681973972490121,1.0,True,False
0.3403997173291772,0.25,False,0.0,1.0,0.75,0.8500000000000001,0.16666666666666666,0.12909248045076305,0.05831032773990842,0.571189358852098,1.0,True,False
0.4335125024724086,0.5,True,0.0,0.0,1.0,0.9875,0.16666666666666666,0.36368504132594204,0.3705180294427509,0.2611643928692835,1.0,False,False
0.15058330790537056,0.0,True,1.0,0.0,1.0,0.925,0.16666666666666666,0.20608010186658857,0.03717976607473119,0.8741266950797137,1.0,True,False
0.32070147190330356,0.25,False,0.0,1.0,0.875,1.0,0.3333333333333333,0.20704783596315407,0.1128175410952701,0.43919956055929243,1.0,False,False
0.30103870614969186,0.25,False,0.0,1.0,0.875,0.8125,0.3333333333333333,0.1826264196325975,0.06716873875617181,0.39890029710963315,1.0,False,False
0.1491384508511061,0.0,False,1.0,0.0,1.0,0.9375,0.16666666666666666,0.37018152742090443,0.19774078663596537,0.3185982071144755,1.0,True,False
0.14511497704022547,0.0,False,1.0,0.0,0.875,0.8625,0.16666666666666666,0.36750206641438565,0.3309427126573484,0.25693084593766224,1.0,True,False
0.30726640843748776,0.0,False,1.0,0.0,1.0,0.8625,0.16666666666666666,0.33120647492262273,0.1440219366071096,0.3809943665222091,1.0,True,False
0.2529657686386496,0.0,False,0.0,0.0,1.0,0.8875,0.16666666666666666,0.165613065055628,0.1219904423058007,0.3768907460658426,1.0,True,False
0.44897086005547704,0.0,True,0.0,1.0,1.0,1.0,0.16666666666666666,0.04820065166470172,0.050847482661356434,0.6050382911266445,1.0,True,False
0.4261155629500567,1.0,False,1.0,0.0,0.875,0.825,0.6666666666666666,0.20458430710035652,0.09423687206052747,0.3879664532233593,1.0,False,False
0.22566928985746448,0.5,False,0.0,0.0,0.75,0.7875000000000001,0.16666666666666666,0.28284835276683556,0.08063703722167724,0.3984140889688075,1.0,True,False
0.18235264390969064,0.0,False,1.0,0.0,0.75,0.75,0.16666666666666666,0.09298323167526668,0.1513388589690214,0.5122395446588011,1.0,True,False
0.49150234099784906,1.0,False,0.0,1.0,0.875,0.8875,0.3333333333333333,0.04455800344258437,0.05872901605435624,0.629188961828814,1.0,False,False
0.1138054726374812,0.0,False,1.0,0.0,1.0,0.9625000000000001,0.16666666666666666,0.7401392470538763,0.10372042473643259,0.09543747880814646,1.0,True,False
0.30193934873318995,0.5,False,0.0,1.0,0.75,0.7250000000000001,0.3333333333333333,0.4038342778834479,0.017335477259129147,0.24965902972390297,1.0,False,False
0.21787913240949408,0.0,False,0.0,1.0,0.875,0.6625000000000001,0.16666666666666666,0.14462274011243934,0.0933075394574216,0.44925714159718155,1.0,True,False
0.47353354711844664,1.0,False,0.0,1.0,0.875,0.8625,0.3333333333333333,0.05593687650507456,0.0655589110143225,0.5810999526202427,1.0,False,False
0.33506128706017935,0.25,False,1.0,0.0,1.0,0.925,0.16666666666666666,0.10683928200966417,0.15787731289940826,0.5280908097126362,1.0,True,False
0.16654509119764926,0.0,False,0.0,1.0,1.0,0.9625000000000001,0.16666666666666666,0.5473752562693623,0.2601216246067065,0.14346192018924553,1.0,True,False
0.19738131690723237,0.0,False,1.0,0.0,0.875,0.7875000000000001,0.16666666666666666,0.1604634280722428,0.05193857006193845,0.3995905806602238,1.0,True,False
0.13021977345814928,0.0,False,0.0,1.0,1.0,0.9125000000000001,0.16666666666666666,0.19576537092369928,0.05567532358039039,0.8114679568960406,1.0,True,False
0.19738131690723237,0.0,False,0.0,0.0,0.75,0.8625,0.16666666666666666,0.10174232782032967,0.05724814923570574,0.632588559906506,1.0,True,False
0.17281137281862657,0.0,True,0.0,0.0,1.0,0.9875,0.16666666666666666,0.19459286680659496,0.027256321231717996,0.3577889966509795,1.0,True,False
0.26500494282390286,0.0,False,1.0,0.0,1.0,0.9500000000000002,0.16666666666666666,0.08581457420948224,0.0398603397513592,0.6860667472180046,1.0,True,False
0.369813054321836,0.5,False,1.0,0.0,1.0,1.0,0.16666666666666666,0.3724381761365305,0.07013644757900016,0.27149179178330884,1.0,True,False
0.39920315882380175,1.0,False,0.0,1.0,0.875,0.8375000000000001,0.3333333333333333,0.3741845255021635,0.04743912426698301,0.35127863301433715,1.0,False,False
0.22566928985746448,0.0,False,0.0,0.0,0.875,0.9375,0.16666666666666666,0.5389634352995636,0.2810060019128674,0.22677350603143598,1.0,True,False
0.09185166783053156,0.0,True,1.0,0.0,0.875,0.9375,0.16666666666666666,0.5538489134064968,0.16171418855540323,0.18518401287838526,1.0,True,False
0.1527327886607558,0.0,False,0.0,0.0,0.875,0.9000000000000001,0.16666666666666666,0.34053071683244823,0.21959314154611445,0.35108322843242745,1.0,True,False
0.5435772884544362,1.0,False,0.0,1.0,1.0,1.0,0.3333333333333333,0.5025761518232966,0.19495009952413597,0.17197177058598534,1.0,False,False
0.25319070602152516,0.0,False,0.0,1.0,0.875,0.8500000000000001,0.16666666666666666,0.2562564685485795,0.10684831555834415,0.3307527715770673,1.0,True,False
0.1988287154944829,0.0,True,1.0,0.0,1.0,0.9375,0.16666666666666666,0.5297011740741401,0.06943529184504481,0.16706200459026,1.0,True,False
0.3403997173291772,0.5,False,0.0,1.0,0.75,0.75,0.16666666666666666,0.29007809821012603,0.13999671130382238,0.45160050302410437,1.0,False,False
0.3433925415261282,0.0,False,0.0,1.0,0.875,0.675,0.0,0.1082372427311709,0.04160536419507222,0.640660595175641,1.0,False,False
0.37047030843532525,0.5,False,0.0,1.0,0.875,0.8375000000000001,0.16666666666666666,0.16299875314315868,0.16262631809296324,0.49134415412273436,1.0,True,False
0.2804185526406079,0.0,False,0.0,0.0,1.0,1.0,0.16666666666666666,0.2988342528444676,0.15224926691107454,0.44914127885138333,1.0,True,False
0.42692744451985154,0.5,False,0.0,1.0,0.875,0.8375000000000001,0.3333333333333333,0.1896764873720121,0.11551517262867293,0.5600528889274483,1.0,False,False
0.41355975999762606,0.5,True,0.0,1.0,0.875,1.0,0.16666666666666666,0.10784142513385817,0.07206143253640336,0.5171819413028524,1.0,False,False
0.24046085711394316,0.0,False,1.0,0.0,0.875,0.875,0.16666666666666666,0.15462325751799286,0.08810329009259761,0.3856130647826561,1.0,True,False
0.4219065214851244,0.5,False,0.0,1.0,1.0,0.9375,0.3333333333333333,0.09310735994176104,0.07606524972969529,0.44140906338635966,1.0,False,False
0.0,0.0,False,0.0,0.0,1.0,0.9375,0.16666666666666666,0.19981391756471326,0.09318798143649,0.42714495476874403,1.0,True,False
0.19298053037583862,0.0,True,0.0,0.0,1.0,0.9375,0.16666666666666666,0.40189985023024943,0.056621079592684045,0.30854848101352683,1.0,True,False
0.19563165245222625,0.0,False,1.0,0.0,0.875,0.8625,0.16666666666666666,0.06340584391882284,0.11458913103556571,0.5162063841606317,1.0,True,False
0.4930035271264438,0.5,False,0.0,1.0,0.875,0.9125000000000001,0.3333333333333333,0.15085563916865177,0.11231634353346164,0.41440856674007964,1.0,False,False
0.16654509119764926,0.0,False,0.0,0.0,1.0,1.0,0.0,0.5164491925515757,0.0948315981623195,0.1733333321563746,1.0,True,False
0.2474964197061459,0.0,False,0.0,1.0,1.0,0.9625000000000001,0.16666666666666666,0.2528934723072913,0.09696250080032846,0.3338089804325439,1.0,True,False
0.2344192367306569,0.0,False,0.0,1.0,0.5,0.75,0.16666666666666666,0.0710291736329612,0.09279809247407271,0.6049789378367134,1.0,True,False
0.18235264390969064,0.25,False,0.0,0.0,0.75,1.0,0.16666666666666666,0.8024156487074492,0.06335764756006845,0.07135281939780058,1.0,True,False
0.19738131690723237,0.0,False,0.0,0.0,1.0,1.0,0.16666666666666666,0.4194791605209696,0.31317995667078824,0.2214417992979021,1.0,True,False
0.378838973219615,0.25,True,0.0,0.0,1.0,1.0,0.16666666666666666,0.07365766225472084,0.046207175375268486,0.6070686822521605,1.0,False,False
0.22464655223625163,0.0,False,0.0,1.0,1.0,0.9000000000000001,0.16666666666666666,0.16561836448824613,0.043310298417846865,0.3818078188604439,1.0,True,False
0.40194675843297467,0.0,False,0.0,0.0,0.875,0.875,0.16666666666666666,0.08102083350249427,0.019689543204261094,0.6955243623370242,1.0,False,False
0.13606979892523585,0.0,False,1.0,0.0,0.875,0.8125,0.16666666666666666,0.1370044713267935,0.13188662462780804,0.4845873074053366,1.0,True,False
0.42601386474469594,1.0,False,0.0,1.0,1.0,0.925,0.5,0.33707072006843014,0.2572163807089627,0.28214695897405595,1.0,False,False
0.16654509119764926,0.0,False,0.0,1.0,0.875,0.75,0.16666666666666666,0.14899050513085763,0.07584887165629578,0.397336103078185,1.0,True,False
0.3150205166791181,0.0,False,0.0,1.0,0.75,0.6000000000000001,0.16666666666666666,0.1877105007795037,0.10736029192575706,0.44024867800727385,1.0,False,False
0.2059249243947282,0.0,False,0.0,0.0,1.0,0.9125000000000001,0.16666666666666666,0.41479540793849057,0.32034056742894246,0.2246234581175588,1.0,True,False
0.32494795039328717,0.75,False,0.0,1.0,0.75,0.7000000000000001,0.5,0.4154810466063394,0.3297195695415962,0.36204415877455354,1.0,False,False
0.27026488318664244,0.0,False,0.0,0.0,1.0,0.9750000000000001,0.16666666666666666,0.07026256644520976,0.0654268371151365,0.4721307782315527,1.0,True,False
0.08660377490514592,0.0,False,0.0,1.0,1.0,0.9375,0.16666666666666666,0.569415327532206,0.26380481875584316,0.15189864393708308,1.0,True,False
0.2086999458571831,0.25,False,1.0,0.0,1.0,1.0,0.16666666666666666,0.32330799399661747,0.17336818342685018,0.3610404838360044,1.0,True,False
0.26712417837460356,0.0,False,1.0,0.0,1.0,0.9125000000000001,0.16666666666666666,0.17754639408414852,0.005844968909996401,0.3946721079607163,1.0,True,False
0.2045240485274159,0.25,False,1.0,0.0,1.0,0.9375,0.16666666666666666,0.07472065917619368,0.04987009426430483,0.6417531998292136,1.0,True,False
0.20564546873051193,0.0,False,1.0,0.0,0.875,0.8125,0.16666666666666666,0.17169375846832063,0.12307339534030212,0.3725127339951031,1.0,True,False
0.28512922993451084,0.0,False,0.0,0.0,1.0,0.925,0.16666666666666666,0.4883238434485285,0.1724790205354808,0.18312367647297978,1.0,True,False
0.18666619388412287,0.0,False,1.0,0.0,0.75,0.7875000000000001,0.16666666666666666,0.2928236583011219,0.13965289249040488,0.456845831697158,1.0,True,False
0.31670681412378243,0.0,False,1.0,0.0,0.75,0.8,0.16666666666666666,0.06652333878043344,0.037493237789934616,0.6757875284919268,1.0,False,False
0.19738131690723237,0.0,True,1.0,0.0,0.875,0.9500000000000002,0.16666666666666666,0.2064549890398834,0.125980507643832,0.48389261942896455,1.0,True,False
0.27519771860536413,0.0,False,1.0,0.0,0.875,0.875,0.16666666666666666,0.13232477949382346,0.045472289220257145,0.5557040533321125,1.0,True,False
0.40488052232439464,0.0,True,1.0,0.0,1.0,0.925,0.16666666666666666,0.0973966312424866,0.01889062667942145,0.6196509022576302,1.0,False,False
0.19738131690723237,0.0,False,0.0,1.0,0.75,0.8125,0.16666666666666666,0.1216532902021444,0.00965465509101968,0.414050853194758,1.0,True,False
0.47556881710117016,1.0,False,1.0,0.0,1.0,1.0,0.3333333333333333,0.2087685790209861,0.09660405824922895,0.5924512695632123,1.0,False,False
0.19738131690723237,0.0,False,0.0,0.0,0.875,0.9125000000000001,0.16666666666666666,0.22617043361350397,0.05959474140909125,0.38133217145855536,1.0,True,False
0.1491384508511061,0.0,False,0.0,0.0,0.875,0.8500000000000001,0.16666666666666666,0.4517810601222556,0.09875374914635895,0.2129893915373171,1.0,True,False
0.23071219467756687,0.0,True,1.0,0.0,1.0,0.9750000000000001,0.16666666666666666,0.4242321899466849,0.059945674296363154,0.2401853823120046,1.0,True,False
0.2114400734862546,0.0,False,0.0,1.0,0.875,0.8125,0.16666666666666666,0.09878761317812867,0.07747811655928179,0.4362495146849663,1.0,True,False
0.43827584043132994,1.0,False,0.0,0.0,1.0,0.9750000000000001,0.5,0.2797168567144667,0.11404096002441297,0.48157311252712165,1.0,False,False
0.1491384508511061,0.0,False,1.0,0.0,1.0,0.9375,0.16666666666666666,0.32434254927932304,0.15137823214088703,0.3500956536821054,1.0,True,False
0.4911254230547516,0.75,False,0.0,1.0,0.875,0.8125,0.3333333333333333,0.028482998875706014,0.07614801505075651,0.5946195113209418,1.0,False,False
0.39619142062674795,0.5,False,0.0,1.0,1.0,0.8875,0.3333333333333333,0.22628634705529424,0.0704287826686013,0.5874009734603884,1.0,False,False
0.3617673850533235,0.0,False,1.0,0.0,1.0,0.9500000000000002,0.16666666666666666,0.34753075199800987,0.2053543407764341,0.28808057376822527,1.0,True,False
0.18235264390969064,0.0,False,1.0,0.0,0.875,0.9500000000000002,0.16666666666666666,0.09118023532499238,0.08711850832122084,0.45296154376653086,1.0,True,False
0.0960533426341309,0.0,False,0.0,0.0,0.875,0.8375000000000001,0.16666666666666666,0.5206543547750645,0.09145316608846535,0.18718898703096443,1.0,True,False
0.4208674744693143,0.0,False,0.0,1.0,1.0,0.9375,0.16666666666666666,0.1426283203091505,0.18202809365583633,0.5178781671752963,1.0,False,False
0.25764137249870733,0.0,True,0.0,1.0,1.0,0.9625000000000001,0.16666666666666666,0.15076522945706117,0.13302341224517725,0.49694452850931436,1.0,True,False
0.2754008499075643,0.25,False,0.0,1.0,0.75,0.825,0.16666666666666666,0.13002965062385852,0.07333185164264215,0.5462415734160901,1.0,True,False
0.2518375857528897,0.0,False,0.0,0.0,1.0,0.8875,0.16666666666666666,0.09911828329301962,0.06176745987328661,0.6484772403243426,1.0,True,False
0.33053674480278705,0.5,False,0.0,0.0,1.0,0.875,0.16666666666666666,0.09413120818979254,0.062346462055611736,0.5970878978611867,1.0,True,False
0.18999651059371547,0.0,True,1.0,0.0,1.0,0.9500000000000002,0.16666666666666666,0.5222425417872549,0.08268000107039795,0.17084934415900643,1.0,True,False
0.1854424389653112,0.0,False,1.0,0.0,0.875,0.9375,0.16666666666666666,0.4724056060815812,0.23133881943373083,0.20045977489817823,1.0,True,False
0.39908808914396154,1.0,False,0.0,1.0,0.75,0.6625000000000001,0.3333333333333333,0.18947327965551983,0.07087070677370942,0.3952304400594413,1.0,False,False
0.25961489543201643,0.0,False,0.0,0.0,1.0,1.0,0.16666666666666666,0.12483175947916246,0.0608599707527095,0.4674414740501187,1.0,False,False
0.16654509119764926,0.0,True,1.0,0.0,0.875,0.9625000000000001,0.16666666666666666,0.17149738182023685,0.14176087658686817,0.4365290461558544,1.0,True,False
0.0721303102501415,0.0,False,1.0,0.0,0.875,1.0,0.16666666666666666,0.5966127777043114,0.2392533043295453,0.13518537324353153,1.0,True,False
0.10687717191704571,0.0,False,0.0,1.0,1.0,0.9375,0.16666666666666666,0.3310130275555478,0.1584715489057761,0.3780349730891053,1.0,True,False
0.1820412411666218,0.0,False,0.0,1.0,0.875,0.8375000000000001,0.16666666666666666,0.32636256761992977,0.14130763040122282,0.3409472736535608,1.0,True,False
0.25983307656246224,0.0,False,0.0,1.0,0.875,0.9125000000000001,0.16666666666666666,0.08270428107714999,0.11858612589529187,0.5147621821818049,1.0,True,False
0.16654509119764926,0.0,False,0.0,0.0,1.0,0.9125000000000001,0.16666666666666666,0.27353405954852095,0.053999875597271596,0.36851641074021946,1.0,True,False
0.10950116530744503,0.0,False,1.0,0.0,0.75,0.8375000000000001,0.16666666666666666,0.1874686046482191,0.08032348159206781,0.40281060636930976,1.0,True,False
0.15591777176702204,0.0,False,0.0,1.0,1.0,1.0,0.16666666666666666,0.18377007837491455,0.06778471904119567,0.38908036310282346,1.0,True,False
0.19738131690723237,0.0,False,0.0,1.0,0.875,0.8125,0.16666666666666666,0.1087102853096649,0.061718195625613,0.42525378298354455,1.0,True,False
0.2804185526406079,0.0,False,1.0,0.0,0.875,1.0,0.16666666666666666,0.3744370375254001,0.024079498413910827,0.2940901997929568,1.0,True,False
0.19738131690723237,0.25,False,1.0,0.0,0.875,0.925,0.16666666666666666,0.15332646088963128,0.13887213940402146,0.491521054569249,1.0,True,False
0.3690217237538379,0.5,False,0.0,1.0,1.0,1.0,0.16666666666666666,0.34880150226139317,0.04620969235909184,0.2806580533454641,1.0,False,False
0.06371332151630571,0.0,False,0.0,0.0,1.0,0.9375,0.3333333333333333,0.38715048375819994,0.19663445784041078,0.3035966136540378,1.0,True,False
0.13021977345814928,0.0,True,0.0,0.0,1.0,0.9500000000000002,0.16666666666666666,0.08629113613653616,0.02134374012952943,0.6175755713171325,1.0,True,False
0.44897086005547704,0.5,False,0.0,1.0,1.0,0.9375,0.3333333333333333,0.15583647689670269,0.048754000816375494,0.40458543900461574,1.0,False,False
0.2518375857528897,0.0,True,1.0,0.0,0.875,0.9750000000000001,0.16666666666666666,0.07786381451374008,0.11570853164576236,0.5215674687205432,1.0,True,False
0.3478060940012787,0.0,False,0.0,0.0,1.0,0.8500000000000001,0.16666666666666666,0.1299971148752437,0.0903863085878691,0.5418355907919563,1.0,False,False
0.19738131690723237,0.0,False,0.0,1.0,1.0,1.0,0.16666666666666666,0.020986881975138854,0.063081323905906,0.5834267697438815,1.0,True,False
0.5500055196579653,0.75,False,0.0,1.0,0.875,0.7000000000000001,0.5,0.3948226395430027,0.03726462974834636,0.3141142485413322,1.0,False,False
0.29922617658697714,0.0,False,0.0,0.0,1.0,0.9875,0.16666666666666666,0.20741876979035134,0.2469982344405142,0.4099032497897972,1.0,True,False
0.2297129064457094,0.0,True,0.0,0.0,1.0,0.9750000000000001,0.16666666666666666,0.4352742135266018,0.3243214511018809,0.20731881329976454,1.0,True,False
0.18235264390969064,0.0,False,0.0,1.0,1.0,0.8875,0.16666666666666666,0.15917025611057056,0.0580856695300831,0.39320316858974946,1.0,True,False
0.46434540292873383,0.75,False,0.0,1.0,1.0,0.8500000000000001,0.3333333333333333,0.08167111208268038,0.11500583769463461,0.5024477569249621,1.0,False,False
0.39908808914396154,1.0,False,0.0,1.0,0.75,0.7125,0.3333333333333333,0.20788632752658712,0.08692571961673305,0.4199112114606345,1.0,False,False
0.2344192367306569,0.0,True,1.0,0.0,1.0,0.9500000000000002,0.16666666666666666,0.49273468806321646,0.08965327707980215,0.20158457897470994,1.0,True,False
0.13021977345814928,0.0,False,1.0,0.0,0.875,0.925,0.16666666666666666,0.3207710019878201,0.20793853325440076,0.40897254648763814,1.0,True,False
0.15591777176702204,0.0,False,1.0,0.0,0.875,0.8875,0.16666666666666666,0.5954018417283241,0.23481257992231183,0.1780393009186907,1.0,True,False
0.23709820784555535,0.0,False,1.0,0.0,0.75,0.8,0.16666666666666666,0.23705170357313765,0.01675889820689222,0.3753801480018293,1.0,True,False
0.2045240485274159,0.0,True,1.0,0.0,1.0,0.9625000000000001,0.16666666666666666,0.5237015292705556,0.09047454356911266,0.17132993320319034,1.0,True,False
0.24069907244264754,0.25,False,0.0,0.0,1.0,0.9500000000000002,0.3333333333333333,0.4190792498753172,0.15522456934162593,0.2778590731187798,1.0,True,False
0.18235264390969064,0.0,False,0.0,0.0,0.875,0.9125000000000001,0.16666666666666666,0.3480121365408838,0.2864138936001271,0.27230448172618504,1.0,True,False
0.2218090196175725,0.0,False,1.0,0.0,0.875,0.8,0.16666666666666666,0.10970654489153758,0.08908482932340353,0.5021845906093247,1.0,True,False
0.4155966007039439,1.0,False,0.0,1.0,1.0,1.0,0.5,0.34481328720737375,0.08767851122714548,0.28706956458168187,1.0,False,False
0.1379854216615023,0.0,False,0.0,0.0,0.875,0.8500000000000001,0.16666666666666666,0.20123527193276944,0.07649550806113502,0.6732216548827465,1.0,True,False
0.28512922993451084,0.0,False,0.0,1.0,1.0,0.8875,0.16666666666666666,0.07931178926803747,0.10122761920033888,0.5456534088311407,1.0,True,False
0.4234558614724916,0.75,True,0.0,0.0,1.0,0.9500000000000002,0.3333333333333333,0.37844127769810715,0.38276548053431764,0.24711878956687938,1.0,False,False
0.6829533160395883,0.5,False,0.0,1.0,0.75,0.55,0.3333333333333333,0.38879792565917065,0.026316100007575248,0.3193531263732834,1.0,False,False
0.4850043499936886,0.75,True,0.0,1.0,1.0,0.9625000000000001,0.5,0.23407367604177018,0.11140502739666294,0.5299337183215302,1.0,False,False
0.20055299870846255,0.0,False,1.0,0.0,0.875,0.8625,0.16666666666666666,0.35181624985354853,0.08208859352967826,0.28866124330145526,1.0,True,False
0.38726296921646075,1.0,False,0.0,0.0,0.875,0.7750000000000001,0.5,0.1853926401375427,0.09427445400889996,0.39482479964916073,1.0,False,False
0.22464655223625163,0.0,False,0.0,1.0,0.875,0.8375000000000001,0.16666666666666666,0.13609013328953892,0.039162453354049484,0.40069764032925437,1.0,True,False
0.544110416080705,1.0,False,0.0,1.0,1.0,1.0,0.3333333333333333,0.07780426399597759,0.009509730981470784,0.8089640510489033,1.0,False,False
0.26606713675735716,0.0,False,0.0,1.0,1.0,1.0,0.16666666666666666,0.29234186330273776,0.11730351270378372,0.3367365157204485,1.0,True,False
0.3750164055461399,0.5,False,0.0,1.0,0.75,0.75,0.16666666666666666,0.2029355314094373,0.082073833235784,0.6079214311840264,1.0,False,False
0.1763585301969256,0.0,False,0.0,0.0,0.625,0.875,0.16666666666666666,0.02546853562301386,0.07123952764655574,0.590575391339464,1.0,True,False
0.14511497704022547,0.0,False,0.0,0.0,1.0,0.9125000000000001,0.16666666666666666,0.19108995189325648,0.11980834914915862,0.36042845474542085,1.0,True,False
0.2804185526406079,0.0,False,0.0,0.0,1.0,0.9375,0.16666666666666666,0.17832552842889474,0.1713619716922734,0.5034548975991362,1.0,True,False
0.24841756378014168,0.25,False,0.0,1.0,1.0,1.0,0.16666666666666666,0.1856566606831831,0.1187448312892096,0.3636875620880762,1.0,True,False
0.10950116530744503,0.0,False,0.0,1.0,1.0,0.8375000000000001,0.16666666666666666,0.4399869890984801,0.11419729580758868,0.2170546018812094,1.0,True,False
0.242831372789175,0.0,False,1.0,0.0,1.0,1.0,0.16666666666666666,0.2505446741762785,0.04158900069231131,0.3200870405413223,1.0,True,False
0.3812257049397215,0.5,True,1.0,0.0,0.875,0.9125000000000001,0.5,0.12076832362382896,0.1425668050968131,0.4962378654271369,1.0,False,False
0.21787913240949408,0.0,False,1.0,0.0,1.0,0.9125000000000001,0.16666666666666666,0.44183433188755256,0.15533463250005558,0.3857351931691688,1.0,True,False
0.2114400734862546,0.0,False,0.0,1.0,0.875,0.825,0.16666666666666666,0.14173462482726715,0.05018325274379463,0.43651349879560253,1.0,True,False
0.08660377490514592,0.0,False,1.0,0.0,0.875,0.8500000000000001,0.16666666666666666,0.10143377702330081,0.12519134948208938,0.4564197534574208,1.0,True,False
0.22336134313758904,0.0,True,1.0,0.0,1.0,0.9375,0.16666666666666666,0.11934264245518957,0.10403566408717851,0.567835982984936,1.0,True,False
0.22464655223625163,0.0,False,0.0,1.0,1.0,0.9125000000000001,0.16666666666666666,0.18278440792626527,0.027901805390395596,0.3743494589405352,1.0,True,False
0.29922617658697714,0.0,False,0.0,0.0,0.875,0.8500000000000001,0.16666666666666666,0.08660316479929546,0.13571938010952384,0.49687904807023076,1.0,True,False
0.1744308782194427,0.25,False,0.0,0.0,1.0,0.925,0.16666666666666666,0.19387933796375584,0.07544224883384228,0.6559196344843663,1.0,True,False
0.49337721337879425,1.0,False,0.0,1.0,0.625,0.5,0.3333333333333333,0.20327678342080072,0.1780389857872557,0.48612802624679485,1.0,False,False
0.18999651059371547,0.0,False,1.0,0.0,1.0,0.9750000000000001,0.16666666666666666,0.007726993921075863,0.04187528668920813,0.5418799116127633,1.0,True,False
0.241649338240845,0.0,True,0.0,0.0,1.0,0.9000000000000001,0.16666666666666666,0.43130108413843304,0.0971987957998799,0.3037719705209898,1.0,True,False
0.22464655223625163,0.0,False,0.0,0.0,0.625,0.5875,0.16666666666666666,0.30801264032479786,0.0916330642377219,0.3388060746432302,1.0,True,False
1.0,0.0,False,0.0,1.0,0.875,0.8375000000000001,0.16666666666666666,0.5366482786796042,0.10069530273321897,0.22979227636054933,1.0,False,False
0.3684925690922315,0.0,False,0.0,0.0,1.0,0.9875,0.0,0.04074143744709385,0.06855042976729035,0.6191173981379194,1.0,True,False
0.18235264390969064,0.0,False,0.0,0.0,0.75,0.8125,0.16666666666666666,0.13712927334227062,0.06593131645621023,0.438213617724744,1.0,True,False
0.3569331355540454,0.75,False,0.0,1.0,1.0,0.7125,0.5,0.21366588224230443,0.05050770673968999,0.6759317142076027,1.0,False,False
0.28955003933830226,0.0,False,1.0,0.0,1.0,0.9625000000000001,0.16666666666666666,0.1847038353081554,0.0825396523242046,0.6848245479425805,1.0,True,False
0.5363414044763116,1.0,False,0.0,1.0,1.0,0.8625,0.5,0.2751579686326989,0.11957071665808487,0.3142344738680751,1.0,False,False
0.19738131690723237,0.0,False,0.0,0.0,1.0,0.9625000000000001,0.16666666666666666,0.35138414160516157,0.20921528250867144,0.28585837073393927,1.0,True,False
0.2086999458571831,0.0,False,1.0,0.0,1.0,1.0,0.16666666666666666,0.32890873716455626,0.16672701098945822,0.3479786590778817,1.0,True,False
0.30372954335393965,0.25,False,0.0,1.0,1.0,0.8375000000000001,0.0,0.10284646296136371,0.06361132365723551,0.6541075677245642,1.0,True,False
0.1221671335128639,0.0,False,1.0,0.0,0.75,1.0,0.16666666666666666,0.4275017737679035,0.14043204873395276,0.40829855401541804,1.0,True,False
0.14511497704022547,0.0,False,0.0,0.0,0.0,0.5,0.16666666666666666,0.03343471243905394,0.08486085786417008,0.6037722401810572,1.0,True,False
0.2929483110632348,0.0,True,0.0,1.0,1.0,0.9375,0.16666666666666666,0.3924743449951919,0.020832110673254915,0.2798764255501949,1.0,False,False
0.16654509119764926,0.0,False,1.0,0.0,0.75,0.8375000000000001,0.16666666666666666,0.11285748121441237,0.051237174371442276,0.7233512765915928,1.0,True,False
0.1491384508511061,0.0,False,0.0,0.0,1.0,1.0,0.16666666666666666,0.20590224192350098,0.2016857556465093,0.47143924004410787,1.0,True,False
0.16787936553688965,0.0,False,0.0,0.0,1.0,0.9750000000000001,0.16666666666666666,0.39420147002514094,0.3259587495367132,0.2420564537064731,1.0,True,False
0.344134369123266,0.5,False,1.0,0.0,0.875,0.8375000000000001,0.16666666666666666,0.06475504669823433,0.0970272733373922,0.5824964033767848,1.0,True,False
0.25764137249870733,0.0,True,0.0,1.0,0.875,0.9000000000000001,0.16666666666666666,0.14712944464538766,0.12633456504969992,0.5054379422743727,1.0,True,False
0.40194675843297467,1.0,False,0.0,0.0,1.0,0.9000000000000001,0.5,0.18800050711448837,0.07122634676514909,0.3956940880835771,1.0,False,False
0.18666619388412287,0.0,True,1.0,0.0,0.875,0.9500000000000002,0.16666666666666666,0.2077805079196508,0.06205955800439409,0.6561774289695317,1.0,True,False
0.15058330790537056,0.0,True,0.0,1.0,1.0,0.9625000000000001,0.16666666666666666,0.22974991339977402,0.05773485518928053,0.3813767304912523,1.0,True,False
0.39920315882380175,0.75,False,0.0,1.0,0.875,0.8125,0.3333333333333333,0.3492383362469429,0.07072225117570446,0.35747684661752355,1.0,False,False
0.22464655223625163,0.0,False,0.0,1.0,1.0,0.9375,0.16666666666666666,0.18405321891256665,0.09609738978939117,0.36616683475290945,1.0,True,False
0.2114400734862546,0.0,False,1.0,0.0,1.0,0.9125000000000001,0.16666666666666666,0.0679186287121807,0.061857703113131,0.48749009599825355,1.0,True,False
0.2733609656120751,0.0,True,0.0,0.0,1.0,0.9875,0.16666666666666666,0.3911427908731392,0.41103882390322366,0.23553705215173282,1.0,True,False
0.241649338240845,0.0,False,0.0,0.0,0.875,0.9125000000000001,0.16666666666666666,0.2456056850582344,0.07394349123259056,0.4020566468061828,1.0,True,False
0.5111512074659305,0.75,False,0.0,0.0,1.0,0.9125000000000001,0.5,0.3055433972713326,0.2575098647656355,0.40189090674137073,1.0,False,False
0.25764137249870733,0.0,True,0.0,1.0,1.0,0.9500000000000002,0.16666666666666666,0.1483519479618315,0.1236049077029178,0.5024624094435803,1.0,True,False
0.242831372789175,0.0,False,0.0,0.0,1.0,1.0,0.16666666666666666,0.3356766202442104,0.16691865355386074,0.3366692575415944,1.0,True,False
0.14363327969647732,0.0,False,0.0,0.0,0.875,0.925,0.16666666666666666,0.07919533078870722,0.10622464909868047,0.5491974210598924,1.0,True,False
0.23071219467756687,0.0,True,1.0,0.0,1.0,1.0,0.16666666666666666,0.16854223256236925,0.0722926644385648,0.40442822849069704,1.0,True,False
0.20731685231026986,0.0,False,1.0,0.0,0.875,0.8625,0.16666666666666666,0.14485924765845012,0.11566642190823936,0.4674676737026664,1.0,True,False
0.13606979892523585,0.0,False,0.0,0.0,0.875,0.9125000000000001,0.16666666666666666,0.27758253794172594,0.1671905785340128,0.40472080087347306,1.0,True,False
0.09835306947193512,0.0,False,1.0,0.0,1.0,0.875,0.16666666666666666,0.5835053528117474,0.0893557015163989,0.1386902304448434,1.0,True,False
0.1491384508511061,0.0,False,0.0,0.0,1.0,1.0,0.16666666666666666,0.45554551564873025,0.0938815811987343,0.2298364127134902,1.0,True,False
0.4108503689631494,0.5,False,0.0,1.0,0.75,0.675,0.16666666666666666,0.2203063277633679,0.19784689217356494,0.3713189289357972,1.0,False,False
0.5743357880112353,1.0,False,0.0,0.0,0.875,0.9375,0.5,0.3243946703779957,0.2680703530315499,0.2783884944096018,1.0,False,False
0.31670681412378243,0.0,False,0.0,1.0,1.0,0.9375,0.16666666666666666,0.04739181455490665,0.05435507291910298,0.6352114515679337,1.0,True,False
0.19738131690723237,0.0,False,0.0,1.0,0.875,0.825,0.16666666666666666,0.168312711822334,0.02202630199433066,0.39888885207653657,1.0,True,False
0.18235264390969064,0.0,False,0.0,0.0,1.0,0.8875,0.16666666666666666,0.12450613804029458,0.08857458713484719,0.4497494575801906,1.0,True,False
0.22464655223625163,0.75,False,1.0,0.0,1.0,0.9375,0.5,0.1837676836385605,0.020955412796440955,0.3662378544141476,1.0,True,False
0.12010660440501664,0.0,False,0.0,0.0,0.875,0.875,0.16666666666666666,0.5833812330321925,0.07048255814835004,0.1388104518505069,1.0,True,False
0.1988287154944829,0.0,False,0.0,0.0,0.875,0.8625,0.16666666666666666,0.48123476321102465,0.14506884497395012,0.20581583576547358,1.0,True,False
0.18235264390969064,0.0,False,0.0,0.0,1.0,0.8875,0.16666666666666666,0.3531614598475424,0.13707351503476894,0.43135879906517816,1.0,True,False
0.5345560832970105,1.0,False,0.0,1.0,0.875,0.9375,0.3333333333333333,0.43938141154179305,0.27465700522285746,0.20995823884661657,1.0,False,False
0.13568464533276103,0.0,False,0.0,1.0,0.875,0.75,0.16666666666666666,0.7041113080304996,0.19889964160704696,0.11031752098448999,1.0,True,False
0.29125579931123713,0.0,False,1.0,0.0,1.0,0.875,0.16666666666666666,0.06501246745080941,0.06665131652756871,0.5201310564570238,1.0,True,False
0.21387707107058385,0.0,False,0.0,1.0,0.875,0.8500000000000001,0.16666666666666666,0.13547721826728001,0.04899978596771433,0.47357037073615493,1.0,True,False
0.25983307656246224,0.0,True,1.0,0.0,1.0,0.9500000000000002,0.16666666666666666,0.24957860963089798,0.06963257515608576,0.35660722338018314,1.0,True,False
0.13950588713035217,0.0,False,1.0,0.0,1.0,0.8875,0.16666666666666666,0.2502149692478195,0.10924670811728804,0.3693764491401743,1.0,True,False
0.4795036366412492,1.0,False,0.0,1.0,0.875,0.875,0.5,0.1838360342161745,0.16841069944104214,0.4927725940830088,1.0,False,False
0.37164839339344924,0.0,False,1.0,0.0,0.875,0.8875,0.16666666666666666,0.17411587712468707,0.13985370430594107,0.41581165179694346,1.0,True,False
0.344134369123266,1.0,False,0.0,1.0,1.0,0.9000000000000001,0.3333333333333333,0.08870208958584981,0.11325211680655892,0.5893489007640011,1.0,False,False
0.313321068498971,0.0,False,1.0,0.0,0.875,0.8625,0.16666666666666666,0.105359945073001,0.021908315650802545,0.5595727763860019,1.0,False,False
0.46237428136991354,0.5,False,0.0,1.0,1.0,0.9500000000000002,0.16666666666666666,0.45638002339508305,0.22944506778204168,0.2018303315849681,1.0,False,False
0.13021977345814928,0.5,False,1.0,0.0,0.75,0.6625000000000001,0.16666666666666666,0.3456892223192411,0.08701032129950366,0.28442543243942975,1.0,True,False
0.15974835452086278,0.0,False,1.0,0.0,0.625,0.7375,0.16666666666666666,0.46869571284977596,0.07865524599149158,0.2851639382737683,1.0,True,False
0.4449049189648383,0.5,False,0.0,1.0,0.875,0.8875,0.16666666666666666,0.08113807571146706,0.11958260673850873,0.5050953076292666,1.0,False,False
0.2114400734862546,0.0,False,0.0,1.0,0.875,0.9000000000000001,0.0,0.30021529032608907,0.1095020749232391,0.2947297085226057,1.0,False,False
0.1055532308386048,0.0,False,1.0,0.0,0.5,0.5750000000000001,0.16666666666666666,0.46068444030781,0.09740346770726156,0.2984875325666223,1.0,True,False
0.4694884186519327,0.5,False,0.0,1.0,0.75,0.75,0.16666666666666666,0.2079183355672564,0.1825719677001771,0.4801860838036556,1.0,False,False
0.32494795039328717,1.0,False,0.0,1.0,0.75,0.7250000000000001,0.5,0.42261035505486566,0.04664547893956484,0.3193058567887559,1.0,False,False
0.1744308782194427,0.0,False,0.0,0.0,1.0,0.9125000000000001,0.16666666666666666,0.14826430214974026,0.09969342871604041,0.43833199157353553,1.0,True,False
0.47353354711844664,1.0,False,0.0,1.0,1.0,0.8875,0.3333333333333333,0.07685847509346957,0.10992940414624464,0.506199031613785,1.0,False,False
0.19738131690723237,0.0,True,0.0,0.0,0.875,0.9750000000000001,0.16666666666666666,0.34428919261918883,0.32336703878917744,0.27139810821062005,1.0,True,False
0.23195489532549873,0.0,False,1.0,0.0,1.0,0.9375,0.16666666666666666,0.4028758948121675,0.045766534599559136,0.25474521782166004,1.0,True,False
0.4208674744693143,0.25,False,0.0,1.0,1.0,0.9375,0.16666666666666666,0.14196757061532564,0.1780146172180348,0.5224452876508809,1.0,False,False
0.3046191557995309,0.25,False,0.0,1.0,0.875,0.8500000000000001,0.16666666666666666,0.4101187204278325,0.12673119568925703,0.45829971436940253,1.0,True,False
0.15058330790537056,0.0,False,0.0,1.0,0.875,0.8,0.16666666666666666,0.1227161429226206,0.013654801570876007,0.41183142964505404,1.0,True,False
0.19738131690723237,0.0,False,0.0,0.0,0.75,0.925,0.16666666666666666,0.10292692177289252,0.06284855670619677,0.62773090935538,1.0,True,False
0.4130205699691011,0.5,False,0.0,1.0,0.875,0.8875,0.3333333333333333,0.2262860465008371,0.07042556732674461,0.5874076552857952,1.0,False,False
0.29922617658697714,0.0,False,1.0,0.0,0.875,0.9125000000000001,0.16666666666666666,0.3190089771258573,0.26465722899795163,0.291575580629855,1.0,True,False
0.25764137249870733,0.0,False,1.0,0.0,1.0,1.0,0.16666666666666666,0.2209655342681661,0.011505482844326034,0.8110113678028701,1.0,True,False
0.13950588713035217,0.0,False,1.0,0.0,1.0,0.8125,0.16666666666666666,0.6055844490771749,0.12352153893854353,0.12753872254315524,1.0,True,False
0.03263596170236882,0.0,False,0.0,0.0,0.875,0.8875,0.16666666666666666,0.6035565075865922,0.14146408461506024,0.1289308027421221,1.0,False,True
0.4795832039115432,1.0,False,0.0,1.0,0.5,0.5,0.3333333333333333,0.2415925033142234,0.19730933161416334,0.42784353061839364,1.0,False,False
0.10062878017869592,0.0,False,0.0,0.0,1.0,0.8625,0.16666666666666666,0.45369288831093785,0.09533311074660282,0.22755826766561604,1.0,True,False
0.1491384508511061,0.0,False,0.0,1.0,0.75,0.8875,0.16666666666666666,0.22505974270389312,0.08894074310176038,0.3435312325603954,1.0,True,False
0.2344192367306569,0.0,False,0.0,1.0,1.0,0.8875,0.16666666666666666,0.0551948953987626,0.057636622722884744,0.6270209933997632,1.0,True,False
0.16654509119764926,0.0,True,1.0,0.0,1.0,0.9625000000000001,0.0,0.18144264937432142,0.030892218315591795,0.391554892932128,1.0,True,False
0.18235264390969064,0.0,False,0.0,0.0,0.875,0.9125000000000001,0.16666666666666666,0.10848022875471211,0.07368509541797134,0.6039090995778673,1.0,True,False
0.36039707916672026,0.25,False,0.0,1.0,1.0,0.8875,0.16666666666666666,0.16530848309052748,0.019898347493317776,0.42013416690102146,1.0,False,False
0.27519771860536413,0.0,False,1.0,0.0,1.0,1.0,0.16666666666666666,0.4015565099247815,0.024042720142122474,0.248626327053731,1.0,True,False
0.396773842823147,0.0,True,0.0,1.0,1.0,0.9875,0.16666666666666666,0.05876719257534353,0.06211875579484461,0.5521320826872569,1.0,True,False
0.3231614519252207,0.0,False,1.0,0.0,0.875,0.9625000000000001,0.16666666666666666,0.021328488385426208,0.057358623896855136,0.5838479772667029,1.0,True,False
0.3373652176169438,0.25,False,0.0,1.0,0.875,1.0,0.3333333333333333,0.29584835757317834,0.1709579468387987,0.4135442924968207,1.0,False,False
0.30103870614969186,0.0,True,1.0,0.0,1.0,0.9750000000000001,0.16666666666666666,0.19027441499123043,0.09128029089902763,0.41270199961426246,1.0,True,False
0.16283314549952832,0.0,False,0.0,0.0,1.0,1.0,0.16666666666666666,0.2219939665092813,0.11864774814966877,0.5332018039277269,1.0,True,False
0.29922617658697714,0.0,False,1.0,0.0,0.875,1.0,0.16666666666666666,0.23219218070414263,0.21422025830364885,0.361896417676681,1.0,True,False
0.22464655223625163,0.0,False,0.0,0.0,0.875,0.925,0.16666666666666666,0.21086270625457748,0.2158330511231675,0.45315915132941664,1.0,True,False
0.2114400734862546,0.0,False,0.0,0.0,0.875,0.925,0.16666666666666666,0.07928797271830233,0.061348148687433275,0.45637528093844404,1.0,True,False
0.26200295699119847,0.0,False,1.0,0.0,1.0,0.9125000000000001,0.16666666666666666,0.19997095831293155,0.03800704247599714,0.3881691624392223,1.0,True,False
0.19709067998233032,0.0,False,1.0,0.0,0.875,0.9125000000000001,0.16666666666666666,0.13589601377365085,0.09743085878883112,0.5365422127953845,1.0,True,False
0.10950116530744503,0.0,False,1.0,0.0,1.0,0.8875,0.16666666666666666,0.534099699570193,0.10027830736468192,0.19461233607807982,1.0,True,False
0.42601386474469594,0.5,False,1.0,0.0,0.875,0.8500000000000001,0.3333333333333333,0.31968434169662535,0.27259471119012557,0.2833320929791132,1.0,False,False
0.10062878017869592,0.0,False,0.0,1.0,0.625,0.75,0.16666666666666666,0.4739884033903505,0.07092537719646107,0.29078091978973575,1.0,True,False
0.26393754610045883,0.0,False,0.0,1.0,1.0,1.0,0.16666666666666666,0.2489949716913328,0.08105800513147594,0.5524941783460455,1.0,True,False
0.3403997173291772,0.0,False,0.0,0.0,1.0,1.0,0.16666666666666666,0.25181106196896397,0.14082538804863257,0.3227327940715867,1.0,True,False
0.5042287947722878,0.75,False,0.0,1.0,0.75,0.8500000000000001,0.3333333333333333,0.2266226144281949,0.07106127151893131,0.6181016468586629,1.0,False,False
0.3476604067009895,0.0,False,0.0,0.0,0.625,0.825,0.16666666666666666,0.5702180513303541,0.14860914659972982,0.14645003094363296,1.0,True,False
0.25764137249870733,0.0,True,0.0,1.0,1.0,0.8875,0.16666666666666666,0.12564031323859548,0.07613017233380007,0.5792111187375932,1.0,True,False
0.5743357880112353,1.0,False,0.0,1.0,0.5,0.75,0.5,0.2869219808134443,0.13241184681814622,0.30325216101461416,1.0,False,False
0.46731113806737057,1.0,False,0.0,1.0,0.875,0.25,0.5,0.35478878745243203,0.08137035643438847,0.3445952860186281,1.0,False,False
0.46237428136991354,0.5,False,0.0,1.0,0.875,0.8375000000000001,0.16666666666666666,0.45565389447546395,0.22760064341825192,0.20232067944726606,1.0,False,False
0.22464655223625163,0.0,False,1.0,0.0,1.0,0.9500000000000002,0.16666666666666666,0.11039021356823074,0.06519660787322658,0.5909201471247423,1.0,True,False
0.41782591546415626,1.0,False,0.0,1.0,0.75,0.8500000000000001,0.3333333333333333,0.27075919184129776,0.10742824519352312,0.49345073191505007,1.0,False,False
0.2045240485274159,0.5,True,0.0,0.0,1.0,0.9875,0.3333333333333333,0.14250364619728642,0.16612083317240378,0.5360417657281142,1.0,True,False
0.37719075328840235,0.5,False,1.0,0.0,0.875,0.9125000000000001,0.16666666666666666,0.06819541237119331,0.07630985910505424,0.5270796214046647,1.0,True,False
0.4270287173672399,0.75,False,0.0,1.0,0.875,0.8125,0.5,0.26607932934791334,0.048462710165588514,0.42403293502061756,1.0,False,False
0.3617673850533235,1.0,False,0.0,1.0,1.0,0.875,0.3333333333333333,0.20846383200674792,0.07389969419750775,0.6167413201560128,1.0,False,False
0.30814172754735114,0.0,False,0.0,1.0,0.875,0.875,0.16666666666666666,0.3601890390690317,0.0507987859913335,0.30154656117271594,1.0,False,False
0.1138054726374812,0.0,False,0.0,0.0,0.875,0.7875000000000001,0.16666666666666666,0.09984426092384807,0.09041079700747365,0.5564815090544002,1.0,True,False
0.38726296921646075,0.5,False,0.0,1.0,1.0,0.8625,0.3333333333333333,0.23078618161288328,0.049257127174500315,0.38660575719304613,1.0,False,False
0.2804185526406079,0.0,False,0.0,0.0,1.0,1.0,0.16666666666666666,0.12403294197448929,0.03468035489217773,0.5653991324595249,1.0,True,False
0.6268898840370659,0.75,False,0.0,1.0,0.875,0.875,0.3333333333333333,0.2866852068209082,0.030980732578246434,0.32522210548382935,1.0,False,False
0.4044317368182301,0.0,False,1.0,0.0,1.0,1.0,0.16666666666666666,0.23510652203837867,0.15774884668722275,0.3450320584938733,1.0,True,False
0.14176687734287585,0.0,False,1.0,0.0,0.625,0.6625000000000001,0.16666666666666666,0.2978249174443084,0.07978204430874733,0.34930151380683827,1.0,True,False
0.1379854216615023,0.0,False,1.0,0.0,1.0,0.9125000000000001,0.16666666666666666,0.33450547848086704,0.12300065286616066,0.3802560665345469,1.0,True,False
0.1469530428293836,0.0,True,1.0,0.0,1.0,1.0,0.16666666666666666,0.09556753421905646,0.060546742511857536,0.6505210884081305,1.0,True,False
0.15058330790537056,0.0,False,1.0,0.0,0.75,0.8,0.16666666666666666,0.23596301964401983,0.15152970045912723,0.421298345400138,1.0,True,False
0.22464655223625163,0.0,False,0.0,1.0,0.75,0.75,0.16666666666666666,0.18071492124384067,2.639304706660104e-06,0.379288261460335,1.0,True,False
0.3750164055461399,0.5,False,0.0,1.0,1.0,0.75,0.16666666666666666,0.20507871749958662,0.04956057150881867,0.7360093294928096,1.0,False,False
0.10731670418655137,0.0,False,1.0,0.0,0.875,0.8,0.16666666666666666,0.29899516253460534,0.09706422841282694,0.3924013935709949,1.0,True,False
0.49337721337879425,1.0,False,0.0,1.0,0.5,0.75,0.3333333333333333,0.26536360911143897,0.08228558474830919,0.32885691563866226,1.0,False,False
0.21787913240949408,0.0,False,1.0,0.0,1.0,0.9000000000000001,0.16666666666666666,0.15794699189686323,0.0412959434639323,0.38902236331446427,1.0,True,False
0.30831637024880354,0.0,False,0.0,1.0,1.0,0.9125000000000001,0.16666666666666666,0.06428181044882723,0.01830909630251395,0.47192100679597226,1.0,True,False
0.19738131690723237,0.0,False,0.0,1.0,1.0,0.9000000000000001,0.16666666666666666,0.15626786514827026,0.07759393793945024,0.39656523002353294,1.0,True,False
0.21787913240949408,0.0,False,1.0,0.0,0.875,0.9125000000000001,0.16666666666666666,0.14926412657114546,0.09665794489958292,0.450406430282267,1.0,True,False
0.2784253142618224,0.0,True,0.0,0.0,1.0,0.9875,0.16666666666666666,0.12618342645041852,0.03493592852098308,0.5409519239955409,1.0,True,False
0.3046191557995309,0.0,False,0.0,1.0,0.875,0.7750000000000001,0.16666666666666666,0.30838425082067644,0.160315727141851,0.384228084800462,1.0,False,False
0.18848903661177763,0.0,True,0.0,0.0,1.0,0.9125000000000001,0.16666666666666666,0.11885700060009728,0.07076681416454782,0.49140906924166217,1.0,True,False
0.2784253142618224,0.0,False,1.0,0.0,0.875,0.8875,0.16666666666666666,0.09134065853000736,0.11179282512312491,0.5208881400703544,1.0,True,False
0.3107467850440585,0.0,True,0.0,0.0,0.875,0.9500000000000002,0.16666666666666666,0.30103029708399437,0.22835035574201662,0.3076968025379807,1.0,True,False
0.22566928985746448,0.0,False,0.0,0.0,1.0,0.8875,0.16666666666666666,0.3386302412314943,0.15478069570710498,0.3285997327219703,1.0,True,False
0.1138054726374812,0.0,True,1.0,0.0,1.0,0.925,0.16666666666666666,0.20204573430654452,0.07235301867133698,0.38656913967640727,1.0,True,False
0.22464655223625163,0.0,True,1.0,0.0,1.0,0.9625000000000001,0.16666666666666666,0.530279060747458,0.08833349032487922,0.18211470803346486,1.0,True,False
0.21387707107058385,0.0,False,1.0,0.0,0.875,0.8500000000000001,0.16666666666666666,0.11643474964911797,0.045718105160905326,0.5974687950331434,1.0,True,False
0.4499756013941728,1.0,True,0.0,1.0,1.0,0.875,0.5,0.31750399139716057,0.11915229280846806,0.3341841500378173,1.0,False,False
0.16787936553688965,0.0,False,0.0,0.0,0.875,0.7750000000000001,0.16666666666666666,0.3822032250770975,0.025517031097555865,0.32823286155211195,1.0,True,False
0.21387707107058385,0.0,False,0.0,0.0,1.0,0.9750000000000001,0.16666666666666666,0.40267704536790083,0.04159666200506751,0.2707740572638775,1.0,True,False
0.2804185526406079,0.0,False,0.0,0.0,1.0,1.0,0.16666666666666666,0.11095063568121846,0.05845381314192132,0.6140909690444971,1.0,True,False
0.3476604067009895,0.0,False,0.0,0.0,1.0,1.0,0.16666666666666666,0.08373946293252559,0.1057661044995156,0.576877814263077,1.0,True,False
0.3820984792522367,0.0,False,1.0,0.0,1.0,0.9000000000000001,0.16666666666666666,0.502296800769047,0.1332392666700336,0.18021203068385172,1.0,True,False
0.2114400734862546,0.0,False,0.0,1.0,0.75,0.75,0.16666666666666666,0.047313635032966,0.03143716603885119,0.530675281953285,1.0,True,False
0.19563165245222625,0.0,False,0.0,1.0,0.75,0.7250000000000001,0.16666666666666666,0.12222875771347731,0.1995676594231763,0.5166361508469599,1.0,True,False
0.23709820784555535,0.0,False,0.0,1.0,1.0,1.0,0.16666666666666666,0.2899998686962402,0.07472968641297302,0.3596760791267646,1.0,True,False
0.344134369123266,0.0,False,0.0,1.0,0.875,0.8500000000000001,0.16666666666666666,0.09345521607129087,0.06716031349304874,0.5849405206128924,1.0,False,False
0.16654509119764926,0.25,False,0.0,1.0,1.0,0.9000000000000001,0.16666666666666666,0.1660365190086173,0.11020603619466646,0.3765947871617459,1.0,True,False
0.18235264390969064,0.5,False,0.0,1.0,0.875,0.8500000000000001,0.16666666666666666,0.18862462516289694,0.016722858764083155,0.37633375301222727,1.0,True,False
0.1527327886607558,0.25,False,0.0,1.0,0.875,0.825,0.16666666666666666,0.18596672824626764,0.01898428079932486,0.3750840316112287,1.0,True,False
0.38555503588976336,1.0,False,0.0,1.0,1.0,0.925,0.5,0.22628711612321253,0.07042469685283845,0.587407389134335,1.0,False,False
0.5758242396935754,1.0,True,0.0,1.0,0.75,1.0,0.5,0.1155438111948509,0.04460992378610042,0.5297093231808427,1.0,False,False
0.25764137249870733,0.0,True,0.0,1.0,1.0,1.0,0.16666666666666666,0.14641141434692098,0.12244966894857603,0.5068782934628495,1.0,True,False
0.3403997173291772,0.25,False,1.0,0.0,1.0,0.9000000000000001,0.16666666666666666,0.13157528567570304,0.04691958820930031,0.5601391820487669,1.0,True,False
0.21414617392390556,0.0,True,1.0,0.0,1.0,0.925,0.16666666666666666,0.26643553240234025,0.2460821586605244,0.42100524362530267,1.0,True,False
0.2804185526406079,0.0,False,0.0,0.0,1.0,0.9500000000000002,0.16666666666666666,0.2291644203001981,0.23367519578448004,0.40917134536652133,1.0,True,False
0.18848903661177763,0.0,False,1.0,0.0,1.0,0.925,0.16666666666666666,0.046915383634055244,0.06519360653014827,0.625133805449881,1.0,True,False
0.5042287947722878,0.75,False,0.0,1.0,0.5,0.5,0.3333333333333333,0.22662241155512972,0.07105175038315358,0.618125594746318,1.0,False,False
0.26521779620799124,0.0,False,0.0,0.0,0.875,0.9375,0.16666666666666666,0.08764589173745657,0.030044395594257325,0.7788202732715646,1.0,True,False
0.29922617658697714,0.0,False,0.0,0.0,0.75,0.875,0.16666666666666666,0.07321405957622104,0.08927405565249638,0.6991434421290816,1.0,True,False
0.5289838503925713,1.0,False,1.0,0.0,1.0,1.0,0.3333333333333333,0.24330190416433248,0.020973394567577054,0.3763847770183115,1.0,False,False
0.33116643272016655,0.0,False,0.0,1.0,1.0,0.8875,0.16666666666666666,0.5261690221982905,0.10901187652904591,0.1671277742204036,1.0,True,False
0.1763585301969256,0.0,False,1.0,0.0,0.875,0.875,0.16666666666666666,0.1193202125167588,0.06734582742361883,0.41546617717826617,1.0,True,False
0.4155966007039439,0.5,False,0.0,1.0,1.0,0.875,0.0,0.12478275185515268,0.13433178873534793,0.4920957481125159,1.0,False,False
0.10950116530744503,0.0,False,0.0,0.0,1.0,1.0,0.16666666666666666,0.20002177266679502,0.1089304597176533,0.3548132113349831,1.0,True,False
0.40755399787377444,1.0,False,0.0,1.0,1.0,0.9000000000000001,0.3333333333333333,0.2591892159434341,0.095037175746539,0.5196357482427456,1.0,False,False
0.27026488318664244,0.5,False,0.0,1.0,1.0,0.825,0.16666666666666666,0.16674882902892793,0.031528088724218084,0.3826911481338886,1.0,True,False
0.398511827555721,0.0,False,0.0,0.0,0.875,0.9000000000000001,0.16666666666666666,0.19897960559623484,0.08807604572585886,0.3875251402516815,1.0,False,False
0.367030733419052,0.5,True,0.0,1.0,1.0,0.875,0.3333333333333333,0.30307387756876664,0.04496484698361967,0.3301381419832701,1.0,False,False
0.25852070104109537,0.25,True,1.0,0.0,1.0,0.9625000000000001,0.16666666666666666,0.066405280225658,0.06986736705111112,0.5207117592632873,1.0,True,False
0.26178693864703384,0.0,False,1.0,0.0,0.875,0.9750000000000001,0.16666666666666666,0.19267736420240583,0.14796973959060378,0.4223668194000463,1.0,True,False
0.20564546873051193,0.0,True,0.0,0.0,1.0,0.9375,0.16666666666666666,0.0749579992962457,0.10767429558520174,0.5161139411836317,1.0,True,False
0.3684925690922315,0.0,True,0.0,0.0,1.0,0.9500000000000002,0.16666666666666666,0.10546092543812753,0.05213445275932283,0.6122926819913301,1.0,True,False
0.31569660233010144,0.25,False,1.0,0.0,1.0,0.9125000000000001,0.16666666666666666,0.12287806891568355,0.13237592220230468,0.44944923966752715,1.0,True,False
0.20980013490382665,0.0,False,1.0,0.0,0.75,0.8375000000000001,0.16666666666666666,0.07442587385585263,0.05999634879626627,0.755560080907606,1.0,True,False
0.1763585301969256,0.0,True,0.0,0.0,1.0,0.9375,0.16666666666666666,0.29343175225305734,0.21346258462272064,0.40484913251913635,1.0,True,False
0.29125579931123713,0.0,False,0.0,1.0,1.0,0.7875000000000001,0.16666666666666666,0.3608624390539469,0.15418799890742274,0.469673934876943,1.0,False,False
0.1944573559628856,0.25,False,1.0,0.0,0.875,0.925,0.16666666666666666,0.06715207391744557,0.05828447404329962,0.6351501305400011,1.0,True,False
0.37475916771974005,1.0,False,0.0,1.0,0.875,1.0,0.3333333333333333,0.18923304849388178,0.0740764770324468,0.6864452299772736,1.0,False,False
0.19149362807169223,0.0,False,0.0,1.0,1.0,1.0,0.16666666666666666,0.5372360576836128,0.2221950336230875,0.15006321716148574,1.0,True,False
0.0721303102501415,0.0,False,0.0,0.0,0.875,0.9375,0.16666666666666666,0.6205785676744123,0.19600369281753513,0.14748650045881417,1.0,True,False
0.3328887509306683,0.25,True,0.0,0.0,1.0,0.9500000000000002,0.3333333333333333,0.14932793949720044,0.07271340439701679,0.38989157886199655,1.0,False,False
0.9038968963589366,1.0,False,0.0,1.0,1.0,0.875,1.0,0.6841637246679974,0.21609083758615633,0.11442614119704131,1.0,False,False
0.1744308782194427,0.0,True,0.0,0.0,1.0,0.9625000000000001,0.16666666666666666,0.32725919562266237,0.06799614621106614,0.3024212948267493,1.0,True,False
0.2086999458571831,0.0,True,0.0,1.0,1.0,1.0,0.16666666666666666,0.08706124055708614,0.10827621102206841,0.46356908063841606,1.0,True,False
0.13021977345814928,0.0,False,1.0,0.0,0.75,0.8375000000000001,0.16666666666666666,0.1408207284706302,0.08491354902943728,0.3963311619954233,1.0,True,False
0.2086999458571831,0.0,True,0.0,0.0,0.875,0.9500000000000002,0.16666666666666666,0.22604525726013622,0.019289466405927363,0.3922462174737731,1.0,True,False
0.25764137249870733,0.0,True,0.0,1.0,1.0,0.875,0.16666666666666666,0.13451434982121055,0.10167328064154874,0.538104574412271,1.0,True,False
0.1379854216615023,0.0,False,1.0,0.0,0.875,0.875,0.16666666666666666,0.4741530325036524,0.10502390560667985,0.23091936263387636,1.0,True,False
0.32397531271596625,0.25,False,0.0,1.0,0.875,0.8125,0.16666666666666666,0.33748531355840744,0.0799857993012895,0.32912841993871433,1.0,False,False
0.18235264390969064,0.0,False,0.0,0.0,0.875,0.9625000000000001,0.16666666666666666,0.16638864166416775,0.06684472062679311,0.40526179820542496,1.0,True,False
0.24424140262222005,0.5,True,0.0,0.0,0.875,0.925,0.16666666666666666,0.10657555752381345,0.09584733592419854,0.5403944721571774,1.0,True,False
0.18235264390969064,0.0,False,0.0,0.0,1.0,1.0,0.16666666666666666,0.12880969076788376,0.10173936349671217,0.47707943441967515,1.0,True,False
0.25983307656246224,0.0,False,1.0,0.0,0.875,0.925,0.3333333333333333,0.31388665263133086,0.04984476622129556,0.3276862536651408,1.0,True,False
0.31670681412378243,0.25,False,0.0,0.0,0.875,0.75,0.3333333333333333,0.13841277547645886,0.05906986793707331,0.4754538506927264,1.0,True,False
0.2540881408954355,0.0,False,1.0,0.0,0.875,0.925,0.16666666666666666,0.031653332895801134,0.08208033005826433,0.6004380382354702,1.0,True,False
0.53206932159522,1.0,False,0.0,1.0,1.0,0.9125000000000001,0.5,0.09544744129979861,0.03696286068391577,0.6376728738328661,1.0,False,False
0.4775852542534834,1.0,True,0.0,1.0,1.0,0.9375,0.5,0.2582231941009906,0.17829259523628666,0.4141367690723343,1.0,False,False
0.22464655223625163,0.0,True,1.0,0.0,1.0,0.9375,0.16666666666666666,0.14365857423759826,0.1306042671961824,0.4261400616250781,1.0,True,False
0.13606979892523585,0.0,False,0.0,0.0,0.875,0.8,0.16666666666666666,0.31075593120728345,0.027422727226136517,0.35434251118495075,1.0,True,False
0.16654509119764926,0.0,False,1.0,0.0,0.875,0.875,0.16666666666666666,0.21632703070494955,0.09590960428171151,0.357008307077181,1.0,True,False
0.23709820784555535,0.0,False,0.0,0.0,1.0,1.0,0.3333333333333333,0.31571121791194096,0.20644647254127707,0.30235093312507466,1.0,True,False
0.26500494282390286,0.0,False,1.0,0.0,0.875,0.7750000000000001,0.16666666666666666,0.016609669499526185,0.05367344239526373,0.5765458768630483,1.0,True,False
0.29922617658697714,0.0,False,1.0,0.0,1.0,0.9625000000000001,0.16666666666666666,0.13587488961975405,0.037481377382210905,0.5655152933117424,1.0,True,False
0.2461073615309738,0.5,False,0.0,0.0,1.0,1.0,0.3333333333333333,0.15811663263182993,0.10745303748883812,0.42745241490540953,1.0,True,False
0.31670681412378243,0.0,False,0.0,0.0,1.0,0.9125000000000001,0.16666666666666666,0.11688349867328234,0.029948249006974688,0.5914879843184333,1.0,True,False
0.1055532308386048,0.0,False,1.0,0.0,0.875,0.875,0.16666666666666666,0.12338921329727605,0.034904349597716815,0.4690303629031747,1.0,True,False
0.31518973483741786,0.0,True,1.0,0.0,1.0,1.0,0.16666666666666666,0.3000618774853783,0.1829250424237575,0.41329806570293637,1.0,True,False
0.2543119233276806,0.25,False,0.0,1.0,0.75,0.7125,0.16666666666666666,0.06706984357393597,0.10149443557367421,0.5388704704795035,1.0,True,False
0.2114400734862546,0.0,False,1.0,0.0,0.875,0.8875,0.16666666666666666,0.10537137644802556,0.07502842447674261,0.6202119445916807,1.0,True,False
0.45215181595069776,0.5,False,0.0,1.0,0.25,0.5,0.16666666666666666,0.20327461514034,0.17804090972005782,0.4861283634832876,1.0,False,False
0.5042287947722878,0.75,False,0.0,1.0,0.875,0.9750000000000001,0.3333333333333333,0.22662090158508533,0.07105374656906548,0.6181246640579778,1.0,False,False
0.5742842803186293,0.75,False,0.0,1.0,1.0,0.925,0.5,0.09500196617079926,0.09620440519868691,0.49283712079146835,1.0,False,False
0.5411919238423161,0.0,False,0.0,0.0,0.75,0.75,0.16666666666666666,0.3857004783852666,0.040534577619884146,0.36726071297951823,1.0,True,False
0.1221671335128639,0.25,False,1.0,0.0,0.625,0.6625000000000001,0.0,0.26222068394674086,0.2228510578567528,0.43203714890577305,1.0,True,False
0.5013682698492755,0.0,True,0.0,1.0,1.0,0.9500000000000002,0.3333333333333333,0.11568808398143503,0.0913684803641544,0.48189581156125616,1.0,False,False
0.46731113806737057,1.0,False,0.0,1.0,0.5,0.75,0.3333333333333333,0.2680946942635551,0.06564384921822357,0.39053853382255665,1.0,False,False
0.5555770121102873,1.0,False,0.0,1.0,0.75,0.825,0.5,0.0575432101816888,0.053156696766629895,0.5198819605538727,1.0,False,False
0.2540881408954355,0.25,True,1.0,0.0,1.0,1.0,0.16666666666666666,0.2216912040837765,0.0830130301129298,0.6007764975651486,1.0,True,False
0.3365999440394677,0.0,True,0.0,1.0,1.0,0.9750000000000001,0.16666666666666666,0.3294698157990782,0.12963683256324457,0.3280758797735903,1.0,False,False
0.15766729729734064,0.0,False,1.0,0.0,0.875,0.825,0.16666666666666666,0.13717913909413235,0.19336918459835326,0.5139139095698166,1.0,True,False
0.4652818476130073,1.0,False,0.0,1.0,0.75,0.75,0.5,0.273734501470759,0.19027592756842088,0.3103622947664533,1.0,False,False
0.2440070303170766,0.0,False,0.0,1.0,0.75,0.8125,0.16666666666666666,0.06278466209459195,0.11767867923716753,0.5206079949322389,1.0,True,False
0.3617673850533235,0.5,False,0.0,1.0,0.75,0.7250000000000001,0.16666666666666666,0.1614359049848143,0.13652545685504522,0.4129449242407406,1.0,True,False
0.3439862054897177,0.25,True,0.0,1.0,1.0,0.9750000000000001,0.3333333333333333,0.009117443396600818,0.034190805887573325,0.5679092507783956,1.0,True,False
0.2114400734862546,0.0,True,0.0,0.0,1.0,0.9500000000000002,0.16666666666666666,0.04316367593965478,0.0769643480852072,0.6003569745803088,1.0,True,False
0.4224241930430631,0.5,True,1.0,0.0,0.875,0.9125000000000001,0.16666666666666666,0.4093154034541322,0.03711555575068872,0.2402398378664372,1.0,False,False
0.3476604067009895,0.0,False,0.0,0.0,1.0,1.0,0.16666666666666666,0.2853423359751954,0.061006100137709206,0.37213311905558455,1.0,True,False
0.5042287947722878,0.75,False,0.0,1.0,0.875,0.8375000000000001,0.3333333333333333,0.2266205235911065,0.07105171166212643,0.618130664502422,1.0,False,False
0.24979202012358492,0.0,False,1.0,0.0,0.875,0.8625,0.16666666666666666,0.3068808911745683,0.17216086087159352,0.42136522343019767,1.0,True,False
0.34190126719888625,0.0,False,0.0,1.0,0.625,0.4125000000000001,0.16666666666666666,0.11861723089295793,0.0654560323350573,0.5759302707253411,1.0,False,False
0.22464655223625163,0.0,False,0.0,0.0,1.0,0.875,0.16666666666666666,0.24437379648286342,0.10942736657825937,0.4792300621008849,1.0,True,False
0.1854424389653112,0.25,False,0.0,0.0,0.875,0.8625,0.16666666666666666,0.18034660907362116,0.1369545335610997,0.46306084260126035,1.0,True,False
0.1337485997922726,0.0,False,0.0,0.0,0.875,0.9000000000000001,0.16666666666666666,0.517509131999678,0.09547518862921911,0.21675427670525638,1.0,True,False
0.3303790381123609,0.0,True,1.0,0.0,1.0,0.9875,0.16666666666666666,0.1048466276293194,0.07175632805298499,0.4298119638911724,1.0,True,False
0.5091461024864415,1.0,True,0.0,0.0,0.875,0.9375,0.5,0.2729558968388137,0.1968905379497139,0.43568797744498644,1.0,False,False
0.38738445376403063,0.5,False,0.0,1.0,1.0,0.875,0.16666666666666666,0.12171064391201365,0.0895302338372729,0.560133876158617,1.0,False,False
0.009833742173792626,0.0,False,0.0,1.0,0.875,0.8875,0.16666666666666666,0.4296581950651007,0.11108359672706256,0.28025400268907563,1.0,True,False
0.4731242021091805,0.0,True,0.0,1.0,1.0,1.0,0.16666666666666666,0.05448277526139862,0.06813253951627275,0.6004736791264371,1.0,True,False
0.31670681412378243,0.0,False,0.0,0.0,1.0,0.9625000000000001,0.16666666666666666,0.05990428019676275,0.05969207634843494,0.7146171601454698,1.0,True,False
0.4486043479609062,1.0,True,0.0,1.0,0.875,0.925,0.5,0.2685360646314687,0.14395272058222355,0.460422167569418,1.0,False,False
0.22464655223625163,0.0,False,0.0,1.0,0.875,0.825,0.16666666666666666,0.20840012710354494,0.14355207954119434,0.3663076712573696,1.0,True,False
0.33100918123851397,0.0,True,1.0,0.0,1.0,0.9375,0.16666666666666666,0.14509684285144772,0.13429320399664774,0.512908150174699,1.0,True,False
0.24046085711394316,0.0,False,1.0,0.0,1.0,0.8875,0.16666666666666666,0.09796516559988458,0.10113643197442604,0.4464826049078876,1.0,True,False
0.28298280193775793,0.0,False,0.0,1.0,0.75,0.825,0.16666666666666666,0.04083858138360258,0.06679483695629176,0.5292606523511005,1.0,True,False
0.2114400734862546,0.0,True,1.0,0.0,1.0,0.9500000000000002,0.16666666666666666,0.2544955050674445,0.08613580640704616,0.5368404368822999,1.0,True,False
0.4155966007039439,0.5,False,0.0,1.0,1.0,0.9000000000000001,0.16666666666666666,0.1249949184711285,0.15931192411368073,0.50200651699352,1.0,False,False
0.16654509119764926,0.0,False,0.0,0.0,1.0,1.0,0.16666666666666666,0.11271363436649032,0.13737452151111307,0.44608135147799177,1.0,True,False
0.43104151603444596,0.5,False,0.0,1.0,0.875,0.825,0.3333333333333333,0.182424063634994,0.06717474173318237,0.39900598600428405,1.0,False,False
0.1944573559628856,0.0,False,0.0,1.0,1.0,0.9125000000000001,0.16666666666666666,0.48622079774768834,0.13257294625595017,0.18486909413288566,1.0,True,False
0.358464058554813,0.5,False,0.0,1.0,0.875,0.8125,0.3333333333333333,0.2739990594211777,0.10392566394779261,0.31803477975353656,1.0,False,False
0.2114400734862546,0.0,True,1.0,0.0,1.0,0.9625000000000001,0.16666666666666666,0.24267805939653223,0.05180152727960945,0.6111672314911656,1.0,True,False
0.22541405509279533,0.0,False,1.0,0.0,1.0,0.9500000000000002,0.16666666666666666,0.08306315255793159,0.11741705587461357,0.47315137723658873,1.0,True,False
0.25961489543201643,0.0,False,1.0,0.0,0.875,0.925,0.16666666666666666,0.08347989267836588,0.0467799120712606,0.5086867109986495,1.0,True,False
0.270472662817716,0.0,False,1.0,0.0,0.75,0.825,0.16666666666666666,0.41479969854083126,0.22113437150386928,0.23632402228459237,1.0,True,False
0.4157032772906252,1.0,False,0.0,0.0,0.875,0.9000000000000001,0.5,0.19556653461696274,0.0775784199084915,0.38879591967797444,1.0,False,False
0.10062878017869592,0.0,False,0.0,1.0,0.75,0.8,0.16666666666666666,0.5849796234460677,0.2556257440148337,0.14183192242549758,1.0,False,True
0.2463394869693064,0.0,True,1.0,0.0,0.875,0.9625000000000001,0.16666666666666666,0.12292981661652548,0.07633693384462935,0.5922957749915825,1.0,True,False
0.1491384508511061,0.0,False,0.0,0.0,0.875,1.0,0.16666666666666666,0.5705729884372587,0.15871264118125156,0.17328433238109842,1.0,True,False
0.16654509119764926,0.0,False,0.0,0.0,0.75,0.875,0.16666666666666666,0.3977190168244773,0.19616408987309714,0.29377585678294715,1.0,True,False
0.25961489543201643,0.0,False,0.0,0.0,1.0,0.9500000000000002,0.16666666666666666,0.16955976006139825,0.16258005188630173,0.4835486264647815,1.0,True,False
0.2804185526406079,0.0,False,0.0,1.0,0.875,1.0,0.16666666666666666,0.10998490193736683,0.09184004898733382,0.5970827881149463,1.0,True,False
0.18235264390969064,0.0,False,1.0,0.0,1.0,0.9375,0.0,0.2951786018056839,0.14658616533481478,0.4550553021087691,1.0,True,False
0.2086999458571831,0.0,False,0.0,0.0,1.0,0.9000000000000001,0.16666666666666666,0.2513681154794184,0.07141590171174227,0.35482561073816354,1.0,True,False
0.37488782458937375,1.0,False,1.0,0.0,1.0,0.9375,0.3333333333333333,0.26369253415891214,0.08411316710603947,0.5217251651301058,1.0,False,False
0.32720069694255216,0.5,False,0.0,1.0,1.0,0.25,0.16666666666666666,0.15651875107094165,0.19661261662085555,0.5060522540503358,1.0,True,False
0.22464655223625163,0.0,True,1.0,0.0,1.0,0.8625,0.16666666666666666,0.032999868436612026,0.0857963547936162,0.6029383374191568,1.0,True,False
0.33100918123851397,0.0,True,1.0,0.0,1.0,0.9375,0.16666666666666666,0.13301946277961132,0.13784823914705685,0.5192840475752853,1.0,True,False
0.18235264390969064,0.0,False,0.0,0.0,1.0,0.9625000000000001,0.16666666666666666,0.09632185041659223,0.030675622964073584,0.6244634610341648,1.0,True,False
0.4067776164610156,0.5,False,0.0,1.0,0.875,0.9000000000000001,0.16666666666666666,0.1729603363923085,0.10402319169154729,0.615033802640897,1.0,False,False
0.28821404423334107,0.25,False,0.0,1.0,1.0,0.875,0.16666666666666666,0.281653761198218,0.10438202209022067,0.3467184383491657,1.0,True,False
0.16043764724239173,0.0,False,0.0,0.0,0.875,1.0,0.16666666666666666,0.1508479088599888,0.07068201896365553,0.3972921808729253,1.0,True,False
0.20141005087890218,0.0,False,0.0,1.0,0.875,0.8625,0.16666666666666666,0.29810543630236164,0.11565995341869514,0.38539067402196525,1.0,True,False
0.23709820784555535,0.5,False,0.0,0.0,0.875,0.7250000000000001,0.16666666666666666,0.4876627242870049,0.11229500240744508,0.38406970565561815,1.0,True,False
0.4499756013941728,1.0,False,0.0,1.0,0.875,0.8625,0.16666666666666666,0.1707622222493473,0.1261951376600099,0.4009207050439014,1.0,True,False
0.13950588713035217,0.0,False,1.0,0.0,1.0,0.9000000000000001,0.16666666666666666,0.15794523466347693,0.04129951368878875,0.389023350213094,1.0,True,False
0.32070147190330356,0.0,True,0.0,1.0,1.0,0.9500000000000002,0.16666666666666666,0.1292476420646328,0.047540892494284476,0.49218306304331305,1.0,True,False
0.1055532308386048,0.0,False,1.0,0.0,1.0,0.9625000000000001,0.16666666666666666,0.4393898510255565,0.11299854751845043,0.24441554504712815,1.0,True,False
0.17921840882110474,0.0,False,0.0,1.0,0.75,0.825,0.16666666666666666,0.19803244953721355,0.04967149549162109,0.38080471053153664,1.0,True,False
0.2045240485274159,0.0,False,1.0,0.0,0.75,0.7750000000000001,0.16666666666666666,0.1390384873823435,0.04728057292941738,0.5328631483896002,1.0,True,False
0.05883187479760954,0.0,False,0.0,0.0,0.625,0.75,0.16666666666666666,0.27880680261766266,0.24846519938472975,0.4179080066252676,1.0,True,False
0.1744308782194427,0.0,False,1.0,0.0,0.75,0.7375,0.16666666666666666,0.09760495150704682,0.14160645237123173,0.46609043234883707,1.0,True,False
0.361903942913118,0.5,False,1.0,0.0,0.875,0.8500000000000001,0.16666666666666666,0.11848481057870792,0.04700396137678965,0.5850993360932362,1.0,True,False
0.361903942913118,0.25,False,1.0,0.0,1.0,1.0,0.16666666666666666,0.06488651695283353,0.08382807532240434,0.5925861387130851,1.0,False,False
0.13021977345814928,0.0,False,0.0,1.0,0.75,0.75,0.16666666666666666,0.16151225161180924,0.09619618782919431,0.3807283933071086,1.0,True,False
0.31670681412378243,0.0,False,0.0,0.0,1.0,1.0,0.16666666666666666,0.2753920012839328,0.2339619549852639,0.3215311151959088,1.0,True,False
0.471479089201828,0.5,False,0.0,1.0,0.5,0.6625000000000001,0.3333333333333333,0.08244982816213788,0.1162800008286082,0.5530289903429351,1.0,False,False
0.19268396044224734,0.0,True,0.0,0.0,1.0,0.9625000000000001,0.16666666666666666,0.4037988738395738,0.3403895766744267,0.2318797722497401,1.0,True,False
0.29012011082306344,1.0,False,1.0,0.0,0.75,0.7000000000000001,0.3333333333333333,0.5383981137448005,0.09219780623619578,0.22437688845342052,1.0,False,False
0.1944573559628856,0.0,False,0.0,1.0,0.75,0.7000000000000001,0.16666666666666666,0.05397217591697963,0.04651149435415224,0.49055621866144894,1.0,True,False
0.23709820784555535,0.0,False,0.0,0.0,1.0,0.9000000000000001,0.16666666666666666,0.12537996901927675,0.12139201424482768,0.5336666094575213,1.0,True,False
0.4130205699691011,0.5,True,0.0,1.0,0.875,0.9500000000000002,0.16666666666666666,0.1099628202112304,0.030731502110945365,0.4263104183430557,1.0,False,False
0.18235264390969064,0.0,False,0.0,0.0,1.0,1.0,0.16666666666666666,0.044835419622496986,0.04243388793216634,0.6009316270979663,1.0,True,False
0.23709820784555535,0.0,False,1.0,0.0,1.0,0.8875,0.16666666666666666,0.10781173697899228,0.13656650710160068,0.45707195450645055,1.0,True,False
0.25961489543201643,0.25,False,0.0,1.0,1.0,1.0,0.16666666666666666,0.3485522240672183,0.17895763789741811,0.3680668352853118,1.0,True,False
0.24841756378014168,0.5,False,0.0,1.0,0.875,0.8125,0.16666666666666666,0.16570876576492374,0.039779523790617326,0.3832371769396945,1.0,True,False
0.28821404423334107,0.25,False,0.0,1.0,1.0,1.0,0.16666666666666666,0.3628787073026311,0.3357407919708832,0.2512073810036415,1.0,True,False
0.3812257049397215,0.75,False,0.0,1.0,0.875,0.7750000000000001,0.3333333333333333,0.2265577322670364,0.032078815322746514,0.33492262470249123,1.0,False,False
0.25319070602152516,0.0,False,1.0,0.0,0.875,0.7750000000000001,0.16666666666666666,0.12975565225898342,0.0881863888422927,0.5619010313991859,1.0,True,False
0.16654509119764926,0.0,False,1.0,0.0,1.0,1.0,0.16666666666666666,0.09297899406895944,0.03720033023813537,0.6824554110927847,1.0,True,False
0.2518375857528897,0.0,True,1.0,0.0,1.0,0.9500000000000002,0.16666666666666666,0.07436134781177615,0.11396411135728778,0.519129922810478,1.0,True,False
0.53206932159522,1.0,False,0.0,1.0,0.875,0.9625000000000001,0.3333333333333333,0.0976937824914363,0.033588215230961505,0.6403609831298895,1.0,False,False
0.39908808914396154,1.0,False,0.0,1.0,0.75,1.0,0.3333333333333333,0.20216195508783794,0.1027760550721842,0.3873789716862961,1.0,False,False
0.21787913240949408,0.0,False,0.0,0.0,0.75,1.0,0.16666666666666666,0.19325603102538147,0.1915780776142563,0.42589465803188853,1.0,True,False
0.10062878017869592,0.0,False,1.0,0.0,0.625,0.75,0.16666666666666666,0.4122787746077726,0.12573782470602116,0.29082972810288865,1.0,True,False
0.5209089896404188,0.5,False,0.0,0.0,0.875,0.8875,0.3333333333333333,0.18282298695303564,0.09040983524923854,0.6561829857738501,1.0,False,False
0.19738131690723237,0.0,False,1.0,0.0,1.0,0.9125000000000001,0.16666666666666666,0.5251695790342691,0.06771195172207396,0.18611722150204946,1.0,True,False
0.23071219467756687,0.0,False,1.0,0.0,1.0,0.8375000000000001,0.16666666666666666,0.31227159595402726,0.11881403800161282,0.342994862984245,1.0,True,False
0.1959242404935334,0.0,False,0.0,0.0,1.0,0.9750000000000001,0.16666666666666666,0.3134559800091285,0.2259126054067351,0.3968947647898837,1.0,True,False
0.13021977345814928,0.0,False,0.0,0.0,0.875,0.8,0.16666666666666666,0.09409084379373747,0.024983319551308596,0.5025076473710843,1.0,True,False
0.32494795039328717,0.0,False,0.0,1.0,1.0,1.0,0.16666666666666666,0.07155303167660103,0.09176642874287255,0.506561950127171,1.0,True,False
0.4652818476130073,0.5,True,1.0,0.0,1.0,0.9625000000000001,0.16666666666666666,0.11135254644633122,0.1504770535034714,0.4512042901708937,1.0,False,False
0.1695358015156997,0.0,False,0.0,1.0,1.0,0.9125000000000001,0.16666666666666666,0.19204579308337613,0.03993789471938574,0.3703006279795378,1.0,True,False
0.12010660440501664,0.0,False,1.0,0.0,1.0,0.8500000000000001,0.16666666666666666,0.5058443925134597,0.17613586448598548,0.274637800388138,1.0,True,False
0.242831372789175,0.0,False,1.0,0.0,0.875,0.8875,0.16666666666666666,0.13234793914438597,0.04934256605680215,0.6565975737292287,1.0,True,False
0.11802640583139079,0.0,False,0.0,0.0,0.75,0.8,0.16666666666666666,0.5045767079372098,0.22852873951041858,0.2713963184223398,1.0,True,False
0.23709820784555535,0.0,False,0.0,0.0,1.0,1.0,0.16666666666666666,0.1801172530739095,0.051374160387548114,0.40360004705733576,1.0,True,False
0.4134520286673712,0.5,True,0.0,1.0,1.0,1.0,0.16666666666666666,0.11554271732880549,0.04461384392652424,0.5297068735740549,1.0,False,False
0.4609924744342516,0.5,False,0.0,1.0,1.0,0.9375,0.3333333333333333,0.053300948410097124,0.05050295458824854,0.5593109543965533,1.0,False,False
0.19738131690723237,0.0,False,0.0,1.0,0.875,0.825,0.16666666666666666,0.10811591298538763,0.0836588006656498,0.6062592989160498,1.0,True,False
0.2086999458571831,0.0,True,0.0,1.0,1.0,1.0,0.16666666666666666,0.17067313327918907,0.031022652199777533,0.41502643843594766,1.0,True,False
0.0741847234838332,0.0,False,0.0,0.0,1.0,1.0,0.16666666666666666,0.5861145746994065,0.1498827219673522,0.13819562492460236,1.0,True,False
0.1379854216615023,0.0,False,0.0,0.0,0.875,0.8625,0.16666666666666666,0.22384294479841507,0.12075629535885161,0.5020990345568661,1.0,True,False
0.19119502627069151,0.0,True,0.0,0.0,1.0,0.9875,0.16666666666666666,0.2530977113555623,0.03600049559362759,0.31872159271286016,1.0,True,False
0.47353354711844664,1.0,False,0.0,1.0,0.875,0.8125,0.3333333333333333,0.03958035530513761,0.058196922022844544,0.7611423396768937,1.0,False,False
0.4157032772906252,1.0,False,0.0,1.0,1.0,0.9375,0.5,0.3618556877121934,0.2929233116557263,0.26419150634933874,1.0,False,False
0.19738131690723237,0.0,False,0.0,1.0,0.875,0.8375000000000001,0.16666666666666666,0.1554778427477071,0.10177306522599057,0.3845512828869331,1.0,True,False
0.2114400734862546,0.5,False,0.0,1.0,0.75,0.8125,0.16666666666666666,0.5355029204219435,0.2597973432187383,0.23227503280312023,1.0,True,False
0.3601219809432269,0.0,False,0.0,1.0,1.0,0.9500000000000002,0.16666666666666666,0.20211565451916574,0.04272486159911492,0.9107602877014842,1.0,False,False
0.25961489543201643,0.0,False,0.0,1.0,1.0,0.8875,0.16666666666666666,0.2167912169600273,0.10489049729646378,0.37320934495118907,1.0,True,False
0.14176687734287585,0.0,False,1.0,0.0,1.0,1.0,0.16666666666666666,0.41111732743424034,0.08609370075518127,0.30130567004980113,1.0,True,False
0.3932557290372475,0.25,True,0.0,0.0,1.0,0.9750000000000001,0.5,0.2527792083390029,0.08035603338492517,0.31890396547769373,1.0,False,False
0.18235264390969064,0.0,False,0.0,0.0,0.875,0.925,0.16666666666666666,0.379675849114968,0.39932238764745726,0.24522954769305882,1.0,True,False
0.5823744371941394,1.0,False,0.0,1.0,0.875,0.875,0.3333333333333333,0.49966549764534623,0.18901481547338314,0.1742007038960114,1.0,False,False
0.23685602136352257,0.0,True,0.0,0.0,1.0,0.9750000000000001,0.16666666666666666,0.3587699715917609,0.07703270882768648,0.2745760433840607,1.0,True,False
0.16654509119764926,0.0,False,1.0,0.0,0.875,0.8875,0.16666666666666666,0.2064857366615959,0.06770978203463048,0.3904445527902576,1.0,True,False
0.31434232696378717,0.0,False,0.0,1.0,1.0,1.0,0.16666666666666666,0.16306923803058973,0.030222668120975682,0.38702134198329285,1.0,True,False
0.18235264390969064,0.0,False,1.0,0.0,0.875,0.7875000000000001,0.0,0.4834733055460687,0.10442315060714737,0.18739063257826238,1.0,True,False
0.3328887509306683,0.75,False,1.0,0.0,1.0,0.7875000000000001,0.3333333333333333,0.09870910996094555,0.05564042272170034,0.4343951575376297,1.0,True,False
0.35141697744329015,0.5,False,0.0,1.0,0.875,0.8500000000000001,0.16666666666666666,0.04418872438611006,0.05890025392308503,0.6284993396656873,1.0,True,False
0.406999722112778,0.5,False,1.0,0.0,1.0,0.925,0.5,0.16029398236073128,0.07858046585037302,0.4466656436402334,1.0,False,False
0.2045240485274159,0.0,False,1.0,0.0,0.75,0.7375,0.16666666666666666,0.21580539148388253,0.09047845453477492,0.34597833181813953,1.0,True,False
0.5118383672496735,0.5,False,0.0,1.0,1.0,0.8625,0.3333333333333333,0.15126246197903542,0.14954686011991422,0.5492891226362389,1.0,False,False
0.15974835452086278,0.0,False,1.0,0.0,0.75,0.75,0.16666666666666666,0.24727927224045645,0.19988901220075422,0.4480042031432996,1.0,True,False
0.47966274214053206,0.75,True,1.0,0.0,0.875,0.925,0.5,0.26336895591813825,0.18418084174017518,0.4463398175803508,1.0,False,False
0.18999651059371547,0.0,False,1.0,0.0,0.875,0.8500000000000001,0.16666666666666666,0.12927943094952918,0.07853302892825449,0.4458069678101064,1.0,True,False
0.10950116530744503,0.0,True,1.0,0.0,0.875,0.9500000000000002,0.16666666666666666,0.8699828058455723,0.160769980235577,0.040030568450993176,1.0,True,False
0.38919864151470873,1.0,False,0.0,1.0,1.0,0.8875,0.3333333333333333,0.4495036771763096,0.11666417959442074,0.28006857544882635,1.0,False,False
0.4197187713521039,0.0,False,1.0,0.0,1.0,0.8375000000000001,0.16666666666666666,0.04455859214396159,0.029724810166968936,0.5596665583336016,1.0,True,False
0.16654509119764926,0.0,False,0.0,1.0,1.0,0.9375,0.16666666666666666,0.01993786902001408,0.059694057448659556,0.5199106705707697,1.0,True,False
0.13950588713035217,0.0,False,1.0,0.0,0.875,0.8875,0.16666666666666666,0.27962136889221834,0.10074746610767216,0.4139514005349576,1.0,True,False
0.4425604725170217,0.75,False,0.0,1.0,1.0,0.875,0.3333333333333333,0.010144392237443012,0.04535760458068869,0.5357976113793737,1.0,False,False
0.3684925690922315,0.5,False,1.0,0.0,1.0,0.9500000000000002,0.16666666666666666,0.11443828363355275,0.08273989669119318,0.584067571018072,1.0,True,False
0.19738131690723237,0.0,False,0.0,0.0,1.0,0.9750000000000001,0.16666666666666666,0.18105509226313982,0.07627214786180044,0.38080008525115283,1.0,True,False
0.2344192367306569,0.25,False,0.0,1.0,1.0,0.875,0.16666666666666666,0.1287628582184742,0.03752441717253998,0.5280289308788115,1.0,True,False
0.23071219467756687,0.0,True,1.0,0.0,0.875,0.9000000000000001,0.16666666666666666,0.5253076212170211,0.08005627980270197,0.17123096715929287,1.0,True,False
0.25520476207117715,0.0,True,1.0,0.0,1.0,0.9625000000000001,0.16666666666666666,0.13485287951140687,0.13008936215072606,0.4309913382592787,1.0,True,False
0.31670681412378243,0.5,False,0.0,1.0,0.875,0.8,0.3333333333333333,0.10666520224148147,0.1251487547525335,0.4424389038976937,1.0,True,False
0.24841756378014168,0.0,False,0.0,1.0,0.875,0.8500000000000001,0.16666666666666666,0.1861660179467756,0.09022084315797527,0.36551663292741954,1.0,True,False
0.12663286180731126,0.0,False,1.0,0.0,0.875,0.8375000000000001,0.16666666666666666,0.19443150766344253,0.056465354517555744,0.3890330259648911,1.0,True,False
0.16654509119764926,0.0,False,1.0,0.0,0.75,0.8500000000000001,0.16666666666666666,0.23501926081010618,0.19568273851591825,0.3570694088014543,1.0,True,False
0.08660377490514592,0.0,False,0.0,0.0,1.0,0.875,0.16666666666666666,0.19627845052427498,0.12982055248243876,0.533108364951129,1.0,True,False
0.15766729729734064,0.0,False,0.0,1.0,0.625,0.75,0.16666666666666666,0.3630790334762321,0.06473456160268361,0.2782636496933175,1.0,True,False
0.4155966007039439,1.0,False,0.0,1.0,0.75,0.5,0.5,0.34799619224118256,0.09550280312315837,0.2868241537796927,1.0,False,False
0.38738445376403063,0.5,False,1.0,0.0,0.875,0.8875,0.3333333333333333,0.4065549761604536,0.04719956247038836,0.2528554297870602,1.0,False,False
0.1491384508511061,0.0,False,1.0,0.0,1.0,0.9500000000000002,0.16666666666666666,0.5040044985193475,0.07078943358930165,0.17510747499738732,1.0,True,False
0.3124663484708553,0.0,False,1.0,0.0,0.875,0.8125,0.16666666666666666,0.18743922182988776,0.1641987306926977,0.4002184698447211,1.0,True,False
0.19709067998233032,0.0,False,0.0,0.0,0.875,0.9500000000000002,0.16666666666666666,0.16511458884598404,0.14344482432920855,0.45329377955444183,1.0,True,False
0.1988287154944829,0.0,False,1.0,0.0,0.875,0.8500000000000001,0.16666666666666666,0.36434333535365493,0.06742277224397594,0.28303018565232896,1.0,True,False
0.1944573559628856,0.0,False,0.0,1.0,1.0,1.0,0.16666666666666666,0.15907686535967203,0.0484581944570889,0.40649963220881213,1.0,True,False
0.4694884186519327,0.5,False,0.0,1.0,0.625,0.625,0.16666666666666666,0.20327432658365036,0.1780429460751261,0.4861273050062369,1.0,False,False
0.22464655223625163,0.0,False,0.0,0.0,1.0,1.0,0.16666666666666666,0.07349183905733482,0.10211991230186165,0.5515074603810368,1.0,True,False
0.1491384508511061,0.0,False,1.0,0.0,1.0,1.0,0.16666666666666666,0.10314729412258,0.16636533486685728,0.5139632630268105,1.0,True,False
0.12420836164543314,0.0,False,0.0,1.0,1.0,1.0,0.16666666666666666,0.2610040295207374,0.12676331225749662,0.31501120313604436,1.0,True,False
0.34795168396883647,0.25,False,1.0,0.0,0.875,0.925,0.16666666666666666,0.08236886271309861,0.04994752396820866,0.506386775558753,1.0,True,False
0.03263596170236882,0.0,False,0.0,0.0,1.0,0.9125000000000001,0.16666666666666666,0.49171281519318705,0.029175865554257274,0.2558524196243239,1.0,True,False
0.3617673850533235,0.5,False,0.0,1.0,0.875,0.75,0.16666666666666666,0.18375291465861787,0.023226901266540617,0.370871879606784,1.0,False,False
0.10950116530744503,0.0,False,1.0,0.0,0.875,0.8625,0.16666666666666666,0.41768881672520936,0.12531169920896834,0.2851081472810535,1.0,True,False
0.34707668156401705,0.25,True,0.0,1.0,1.0,0.9750000000000001,0.3333333333333333,0.19109383254839513,0.1597602820702314,0.452102674128515,1.0,False,False
0.36515591927715974,0.5,False,0.0,0.0,1.0,0.9000000000000001,0.3333333333333333,0.20658908888108096,0.09443379761936797,0.3899895219337104,1.0,False,False
0.1454838325651734,0.0,False,0.0,0.0,1.0,1.0,0.16666666666666666,0.3418687755891446,0.21613954884997272,0.3506040560957935,1.0,True,False
0.24046085711394316,0.0,False,0.0,0.0,1.0,0.925,0.16666666666666666,0.2926732439485596,0.07691600288533958,0.3639337063520067,1.0,True,False
0.18697106184228562,0.0,False,1.0,0.0,0.875,0.9125000000000001,0.16666666666666666,0.4121185311905409,0.21926114079324288,0.23827769516388764,1.0,True,False
0.2804185526406079,0.0,False,1.0,0.0,1.0,1.0,0.16666666666666666,0.21879956192133035,0.11029304435219381,0.3835367455485972,1.0,True,False
0.471479089201828,0.5,False,0.0,1.0,0.75,0.8,0.16666666666666666,0.11768727927526547,0.03520722366867248,0.6708677212306486,1.0,False,False
0.25764137249870733,0.0,True,0.0,1.0,1.0,0.9375,0.16666666666666666,0.1520182322102175,0.13544666519301626,0.4941400720458191,1.0,True,False
0.19738131690723237,0.5,False,0.0,0.0,1.0,0.9500000000000002,0.16666666666666666,0.2277355962059013,0.09229079384518418,0.41300293597640403,1.0,True,False
0.18999651059371547,0.0,True,1.0,0.0,1.0,0.9375,0.16666666666666666,0.043081043862195384,0.09630364246129826,0.5656740767242103,1.0,True,False
0.4335125024724086,1.0,True,1.0,0.0,1.0,1.0,0.3333333333333333,0.37142731359928044,0.2659954282175698,0.2636419435930597,1.0,False,False
0.2114400734862546,0.0,False,1.0,0.0,1.0,1.0,0.16666666666666666,0.5324455806196812,0.11492577545408256,0.16522403192560375,1.0,True,False
0.3583253273095489,0.5,False,1.0,0.0,0.75,0.7250000000000001,0.16666666666666666,0.04357346071797938,0.054692607231114,0.7600322472819285,1.0,True,False
0.24841756378014168,0.5,False,1.0,0.0,1.0,0.875,0.3333333333333333,0.23918376274823824,0.021770317895328087,0.3292437714385825,1.0,True,False
0.28512922993451084,0.0,True,1.0,0.0,1.0,0.9750000000000001,0.16666666666666666,0.34971703412223376,0.2714352414687664,0.4086014114092382,1.0,True,False
0.21787913240949408,0.0,False,1.0,0.0,0.875,0.8625,0.16666666666666666,0.1374633852585452,0.12671594593662133,0.5231395758100339,1.0,True,False
0.5345560832970105,1.0,False,0.0,1.0,0.875,0.8125,0.3333333333333333,0.45603575131214874,0.22997971513175394,0.20202438757394492,1.0,False,False
0.2059249243947282,0.5,False,0.0,1.0,0.875,0.7125,0.16666666666666666,0.11709729495553704,0.007475511579324477,0.4168506061398276,1.0,True,False
0.25961489543201643,0.0,False,0.0,0.0,1.0,1.0,0.16666666666666666,0.9542498028738988,0.3137005168996521,0.014509291987492734,1.0,True,False
0.1491384508511061,0.0,False,0.0,0.0,1.0,0.9500000000000002,0.16666666666666666,0.5586625572935704,0.12220053296271452,0.16661370071470327,1.0,True,False
0.2114400734862546,0.0,False,1.0,0.0,1.0,0.9375,0.16666666666666666,0.07429349153194437,0.0623755458308733,0.4645087766177769,1.0,True,False
0.22439011607918624,0.0,True,1.0,0.0,0.875,0.9500000000000002,0.16666666666666666,0.19405169661255378,0.1611683990045446,0.39347250830928493,1.0,True,False
0.2086999458571831,0.0,False,0.0,1.0,0.625,0.75,0.16666666666666666,0.1347660331461151,0.0371530166417478,0.4042758593311353,1.0,True,False
0.4058869231766967,1.0,False,0.0,1.0,0.875,0.75,0.3333333333333333,0.008662078136601123,0.042520379495287565,0.549854799989713,1.0,False,False
0.19738131690723237,0.0,False,1.0,0.0,0.875,0.9125000000000001,0.16666666666666666,0.17231042637258678,0.028149161296948146,0.37916110169395756,1.0,True,False
0.25764137249870733,0.0,False,1.0,0.0,1.0,1.0,0.16666666666666666,0.3922475812909736,0.02077580605812401,0.27972409375860496,1.0,True,False
0.1221671335128639,0.75,False,1.0,0.0,0.875,0.75,0.16666666666666666,0.33774925641853926,0.0849739868785548,0.2919163142414878,1.0,True,False
0.20311410892050896,0.0,False,1.0,0.0,1.0,1.0,0.16666666666666666,0.15332625886420714,0.17852428361589723,0.5134800737683545,1.0,True,False
0.4458356805644793,0.25,True,0.0,1.0,1.0,0.9750000000000001,0.3333333333333333,0.1428662888026168,0.07944864585048637,0.5422641110905002,1.0,False,False
0.31670681412378243,0.25,False,0.0,1.0,0.875,0.8875,0.16666666666666666,0.09718336856985585,0.14603376452920547,0.5216214607430463,1.0,True,False
0.27026488318664244,0.0,False,0.0,0.0,0.875,0.75,0.0,0.2112202730309529,0.13485452551740174,0.3754652823337916,1.0,True,False
0.18999651059371547,0.0,True,1.0,0.0,1.0,0.9625000000000001,0.16666666666666666,0.27012946242340835,0.2121352130706088,0.43170087730911444,1.0,True,False
0.1744308782194427,0.0,False,0.0,0.0,0.625,0.75,0.16666666666666666,0.2534982868939979,0.1843473490147749,0.451743784871355,1.0,True,False
0.21387707107058385,0.5,False,0.0,1.0,0.875,0.8500000000000001,0.3333333333333333,0.5604256736701494,0.24625025443418652,0.13652006695386665,1.0,True,False
0.378838973219615,1.0,True,1.0,0.0,0.875,0.8625,0.3333333333333333,0.431844577242599,0.3269306264706463,0.35575783623721935,1.0,False,False
0.3617673850533235,1.0,False,0.0,1.0,0.75,0.75,0.3333333333333333,0.19528826461650933,0.07940807119382227,0.6355400611356612,1.0,False,False
0.10950116530744503,0.0,False,0.0,0.0,0.875,0.9000000000000001,0.16666666666666666,0.3533044974359049,0.07249364351472139,0.27879082548693224,1.0,True,False
0.29922617658697714,0.0,False,0.0,0.0,1.0,0.9750000000000001,0.16666666666666666,0.11674628905874422,0.030477574592483424,0.5665401007688793,1.0,True,False
0.1763585301969256,0.0,False,0.0,0.0,0.75,0.825,0.16666666666666666,0.06932507420065938,0.0799095638807134,0.5860024839929099,1.0,True,False
0.39908808914396154,1.0,False,0.0,0.0,1.0,0.925,0.3333333333333333,0.26605703379232837,0.21721160861458644,0.41603796047025576,1.0,False,False
0.2344192367306569,0.0,False,1.0,0.0,0.875,0.8500000000000001,0.16666666666666666,0.09822098797462851,0.10338007801854772,0.4474641966147104,1.0,True,False
0.4013780167220621,0.25,True,0.0,0.0,1.0,0.9500000000000002,0.3333333333333333,0.3514929495402903,0.2986004315363635,0.2690171447954537,1.0,False,False
0.24864724269350724,0.25,False,0.0,0.0,0.375,0.5375000000000001,0.16666666666666666,0.08783858600034236,0.026317398798410913,0.615790984590961,1.0,True,False
0.1545079674776736,0.0,False,1.0,0.0,0.75,0.8125,0.16666666666666666,0.2943248064141623,0.1428535032170112,0.4547375946044221,1.0,True,False
0.4155966007039439,0.5,False,0.0,1.0,1.0,0.8875,0.16666666666666666,0.12172391051346483,0.15337288762723233,0.49995478660423287,1.0,False,False
0.16654509119764926,0.0,False,1.0,0.0,0.875,0.9375,0.16666666666666666,0.18932436883073075,0.09804474237457084,0.3769067770592931,1.0,True,False
0.25764137249870733,0.0,False,1.0,0.0,1.0,0.9750000000000001,0.16666666666666666,0.03423703864182047,0.0830228482603053,0.6065615059697231,1.0,True,False
0.37164839339344924,0.0,False,1.0,0.0,0.875,0.8500000000000001,0.16666666666666666,0.1849942378995438,0.14424361068564298,0.4026551619027898,1.0,True,False
0.23709820784555535,0.0,True,1.0,0.0,1.0,0.9750000000000001,0.16666666666666666,0.14954071136840533,0.12010460999659249,0.4179996486891038,1.0,True,False
0.13021977345814928,0.0,False,0.0,0.0,0.75,0.875,0.16666666666666666,0.5742146035443729,0.17622028807669873,0.14505029632147726,1.0,True,False
0.2518375857528897,0.0,True,1.0,0.0,1.0,0.9375,0.16666666666666666,0.1250045367363804,0.07655869124122396,0.599016522934255,1.0,True,False
0.10950116530744503,0.0,True,0.0,0.0,1.0,0.9375,0.16666666666666666,0.7942204132245789,0.03255844867240636,0.07421470468993907,1.0,True,False
0.23564103507180223,0.0,False,0.0,0.0,1.0,0.9125000000000001,0.16666666666666666,0.05503621041088268,0.06823997469947746,0.5956720590205131,1.0,True,False
0.21681908192114852,0.0,False,0.0,0.0,1.0,0.9125000000000001,0.16666666666666666,0.13441538674601844,0.07677607386354583,0.46319005308583217,1.0,True,False
0.21787913240949408,0.0,True,1.0,0.0,1.0,0.9375,0.16666666666666666,0.5234823453387034,0.087899682532967,0.17162059104392546,1.0,True,False
0.23709820784555535,0.0,False,0.0,0.0,1.0,0.9500000000000002,0.16666666666666666,0.4586736962018075,0.3315529146580701,0.31350169592213684,1.0,True,False
0.1341371873724625,0.0,False,0.0,0.0,0.875,0.8875,0.16666666666666666,0.10913759739751693,0.17279177390663658,0.5050359325597988,1.0,True,False
0.1138054726374812,0.0,False,1.0,0.0,0.875,0.9000000000000001,0.16666666666666666,0.19617439148738616,0.11884253540105985,0.43656180470248684,1.0,True,False
0.3659613869023369,0.0,False,0.0,1.0,1.0,1.0,0.16666666666666666,0.07580635225979625,0.05199514292327954,0.4660324783487322,1.0,True,False
0.5195225651118524,1.0,False,0.0,1.0,0.875,0.8625,0.3333333333333333,0.22645470746461518,0.12053826186154941,0.502620565253068,1.0,False,False
0.19738131690723237,0.0,False,0.0,0.0,0.875,0.825,0.16666666666666666,0.07880582511504887,0.009983195567772565,0.8977124686174838,1.0,True,False
0.2518375857528897,0.0,True,1.0,0.0,1.0,0.9500000000000002,0.16666666666666666,0.20637378645233764,0.23213497063178903,0.4135982861579892,1.0,True,False
0.21787913240949408,0.0,False,0.0,0.0,1.0,0.925,0.16666666666666666,0.21888936208123205,0.0942853651503643,0.35904797457676696,1.0,True,False
0.2344192367306569,0.0,False,0.0,1.0,1.0,1.0,0.16666666666666666,0.05313018872334699,0.04610031425993577,0.6515782714771248,1.0,True,False
0.1854424389653112,0.0,False,1.0,0.0,1.0,0.925,0.16666666666666666,0.16783674568213755,0.05937858934403497,0.40347088533651787,1.0,True,False
0.19738131690723237,0.0,False,0.0,1.0,0.875,0.8,0.16666666666666666,0.41024589545193857,0.04096283677874368,0.2651292027310461,1.0,True,False
0.22946236675190324,0.0,True,0.0,0.0,1.0,0.9625000000000001,0.16666666666666666,0.4216809452544889,0.06178021332095803,0.30382276720525603,1.0,True,False
0.27026488318664244,0.25,False,0.0,0.0,0.875,0.8875,0.3333333333333333,0.21651840545660364,0.08083800056180215,0.6176646761571807,1.0,True,False
0.15591777176702204,0.0,True,1.0,0.0,1.0,0.925,0.16666666666666666,0.31362472755809256,0.2191765813789056,0.3970245394195002,1.0,True,False
0.1262306470342195,0.0,False,0.0,1.0,1.0,1.0,0.16666666666666666,0.182418667941762,0.01023819329129175,0.3773014531171117,1.0,True,False
0.2543119233276806,0.0,False,0.0,1.0,1.0,0.8875,0.16666666666666666,0.039218500630551795,0.0680949753033217,0.616108365683377,1.0,True,False
0.5320067875092623,1.0,False,0.0,1.0,1.0,1.0,0.5,0.08168602123955838,0.022527659302277122,0.6205347163526749,1.0,False,False
0.1744308782194427,0.0,False,1.0,0.0,1.0,0.8500000000000001,0.16666666666666666,0.15794686587409557,0.041296882534811674,0.3890220977080332,1.0,True,False
0.5185933573826379,1.0,False,1.0,0.0,1.0,0.8875,0.3333333333333333,0.12309267071027104,0.03230968641173794,0.5609889955625222,1.0,False,False
0.2086999458571831,0.0,False,1.0,0.0,1.0,0.9125000000000001,0.16666666666666666,0.09168220260854251,0.058351021882972774,0.6114392953430994,1.0,True,False
0.24841756378014168,0.25,False,0.0,1.0,1.0,0.8875,0.16666666666666666,0.1665241226770708,0.07091313323589576,0.3918863679211573,1.0,True,False
0.24864724269350724,0.5,True,1.0,0.0,1.0,0.9375,0.16666666666666666,0.3058045129084731,0.1418493743919587,0.38175202296143684,1.0,True,False
0.2543119233276806,0.0,False,1.0,0.0,0.875,0.8625,0.16666666666666666,0.06312354175486794,0.08305755719372108,0.5690636145084667,1.0,True,False
0.19738131690723237,0.0,True,0.0,0.0,1.0,0.925,0.16666666666666666,0.25976526474668943,0.18916590710641762,0.3321896396050532,1.0,True,False
0.1491384508511061,0.0,True,0.0,0.0,1.0,0.9750000000000001,0.16666666666666666,0.6319459158988406,0.15412073817589703,0.13986828394390205,1.0,True,False
0.43498175627247104,0.5,False,0.0,0.0,0.875,0.9000000000000001,0.5,0.15350837289312722,0.11466504884333069,0.4537272249861657,1.0,False,False
0.22464655223625163,0.0,False,0.0,0.0,1.0,0.9125000000000001,0.16666666666666666,0.1229891129693841,0.0717645516924873,0.5716758116825893,1.0,True,False
0.1341371873724625,0.0,False,0.0,0.0,0.875,0.8,0.16666666666666666,0.26695860626291035,0.0931317651587605,0.5116620518850925,1.0,True,False
0.20026656396674725,0.0,False,1.0,0.0,0.875,0.8625,0.16666666666666666,0.15462404799245036,0.11341187943350624,0.43793556203262773,1.0,True,False
0.15591777176702204,0.0,False,0.0,1.0,1.0,0.9500000000000002,0.16666666666666666,0.18181721297340925,0.0510546227481552,0.37177762797660674,1.0,True,False
0.14363327969647732,0.0,False,0.0,0.0,1.0,0.9125000000000001,0.16666666666666666,0.44164319889402054,0.06249163671428679,0.23991918955244063,1.0,True,False
0.07161366638602373,0.5,False,0.0,1.0,0.875,0.875,0.16666666666666666,0.08191186518040876,0.04959894737513474,0.631013929393972,1.0,False,True
0.23685602136352257,0.0,True,1.0,0.0,1.0,0.9500000000000002,0.16666666666666666,0.09637941426537805,0.07669705066864903,0.5718760850846707,1.0,True,False
0.18235264390969064,0.0,True,0.0,0.0,1.0,0.9875,0.16666666666666666,0.17243269786638657,0.07286441238236036,0.4017875059058944,1.0,True,False
0.37164839339344924,0.0,False,0.0,0.0,0.875,0.9125000000000001,0.16666666666666666,0.12323465361543369,0.07406981029991938,0.6115895591654814,1.0,True,False
0.1744308782194427,0.0,False,1.0,0.0,1.0,0.6625000000000001,0.16666666666666666,0.1569970823759753,0.16248845240157683,0.49757993113820564,1.0,True,False
0.20141005087890218,0.0,False,1.0,0.0,0.75,0.8500000000000001,0.16666666666666666,0.025341496999003437,0.06788818080989309,0.5756092670751198,1.0,True,False
0.2804185526406079,0.0,True,0.0,0.0,1.0,0.9375,0.16666666666666666,0.2375429745757654,0.11711591667472762,0.38872715029299676,1.0,True,False
0.3617673850533235,0.0,False,0.0,1.0,1.0,0.925,0.16666666666666666,0.5331469592841375,0.08206937433511752,0.17039525115070053,1.0,True,False
0.3750164055461399,0.5,False,0.0,1.0,0.875,0.8375000000000001,0.3333333333333333,0.1820853347928237,0.05024684905256713,0.39449225971342305,1.0,False,False
0.33116643272016655,0.0,False,1.0,0.0,0.875,0.875,0.16666666666666666,0.3479160016202518,0.20366227645945262,0.28847962923206416,1.0,True,False
0.19149362807169223,0.0,False,1.0,0.0,0.875,0.8375000000000001,0.16666666666666666,0.17152117911292097,0.015452981052650184,0.39668339164138056,1.0,True,False
0.08660377490514592,0.0,False,1.0,0.0,0.75,0.7875000000000001,0.16666666666666666,0.1923883147028357,0.0829614516595574,0.392283112964686,1.0,True,False
0.27026488318664244,0.0,False,0.0,1.0,0.875,0.825,0.16666666666666666,0.15377489863628518,0.104436634747028,0.3858674420622492,1.0,True,False
0.40755399787377444,0.5,True,1.0,0.0,1.0,0.9125000000000001,0.16666666666666666,0.22015205237393018,0.10077812345833823,0.39782236979214236,1.0,False,False
0.406999722112778,0.0,False,0.0,1.0,0.75,1.0,0.16666666666666666,0.0757361860102061,0.09641607520637538,0.5034802841383192,1.0,True,False
0.22464655223625163,0.0,False,0.0,0.0,1.0,1.0,0.16666666666666666,0.1321184246632548,0.020413279791634077,0.5267125814334244,1.0,True,False
0.2518375857528897,0.0,False,1.0,0.0,0.875,0.9000000000000001,0.16666666666666666,0.04611302065102835,0.05447274323705494,0.634287315854424,1.0,True,False
0.26200295699119847,0.0,False,1.0,0.0,1.0,0.9750000000000001,0.16666666666666666,0.20148832255679822,0.04353921320007115,0.3876040176163398,1.0,True,False
0.23071219467756687,0.0,False,1.0,0.0,1.0,1.0,0.16666666666666666,0.14505756280658585,0.16093719573519985,0.5399173612075985,1.0,True,False
0.3535551327957952,0.0,False,0.0,1.0,1.0,0.75,0.16666666666666666,0.16776473325691596,0.08713204357483086,0.4775207354453741,1.0,True,False
0.3476604067009895,0.0,False,0.0,0.0,1.0,1.0,0.16666666666666666,0.2644614131466691,0.01802179180047652,0.37941592627717924,1.0,True,False
0.22464655223625163,0.0,False,0.0,1.0,0.875,0.8375000000000001,0.16666666666666666,0.19140904917089405,0.07437511088107547,0.39381849982957773,1.0,True,False
0.3124663484708553,0.0,True,0.0,1.0,1.0,0.9625000000000001,0.16666666666666666,0.3624980497945807,0.03422240780623566,0.2711346796939009,1.0,False,False
0.53206932159522,0.5,False,1.0,0.0,1.0,1.0,0.3333333333333333,0.1338009032343631,0.09781284322737398,0.542865695280841,1.0,True,False
0.14511497704022547,0.0,False,0.0,0.0,0.875,0.7875000000000001,0.16666666666666666,0.07464378973217874,0.0514397939939034,0.6378337408876458,1.0,True,False
0.09185166783053156,0.0,False,1.0,0.0,0.875,0.9125000000000001,0.16666666666666666,0.4813973347926591,0.08018764883551453,0.23311423246288543,1.0,True,False
0.29922617658697714,0.25,False,0.0,0.0,0.875,0.875,0.16666666666666666,0.28915141577653664,0.07842254292397344,0.30990363844842306,1.0,True,False
0.18848903661177763,0.0,True,1.0,0.0,0.875,0.925,0.16666666666666666,0.21577752516474435,0.0761603546724058,0.3681148396468923,1.0,True,False
0.23071219467756687,0.0,True,0.0,0.0,0.875,0.9000000000000001,0.16666666666666666,0.2380981080821215,0.17687990231489403,0.4253853464166668,1.0,True,False
0.19738131690723237,0.0,False,1.0,0.0,0.875,0.8375000000000001,0.16666666666666666,0.23375763737104144,0.06426373601569176,0.3518255570443054,1.0,True,False
0.11802640583139079,0.0,False,0.0,1.0,1.0,1.0,0.16666666666666666,0.28278406205540263,0.17646829791347732,0.30360791686960686,1.0,True,False
0.13021977345814928,0.0,False,0.0,1.0,1.0,0.8375000000000001,0.16666666666666666,0.15248220588092964,0.11384813799127258,0.3872314943457118,1.0,True,False
0.22464655223625163,0.0,False,0.0,1.0,1.0,0.8500000000000001,0.16666666666666666,0.19980803154747273,0.09529076017637997,0.3663360922542416,1.0,True,False
0.3231614519252207,0.0,False,1.0,0.0,0.875,0.9625000000000001,0.16666666666666666,0.035879183680527824,0.08278296677087214,0.6101263369478871,1.0,True,False
0.10950116530744503,0.0,False,0.0,0.0,1.0,0.9125000000000001,0.16666666666666666,0.23891381865340214,0.028530192843845274,0.6564479210206497,1.0,True,False
0.3684925690922315,0.0,False,0.0,0.0,1.0,0.9500000000000002,0.16666666666666666,0.03306212220225445,0.00048439098714151124,0.5469869196401458,1.0,True,False
0.2804185526406079,0.0,True,0.0,0.0,0.875,0.9125000000000001,0.16666666666666666,0.007127101442335842,0.03967282608456062,0.5489174454167092,1.0,True,False
0.22464655223625163,0.25,False,0.0,0.0,0.875,0.9125000000000001,0.16666666666666666,0.2394035496957818,0.053319709197286326,0.5950314724507846,1.0,True,False
0.09835306947193512,0.0,False,0.0,1.0,0.75,0.8125,0.16666666666666666,0.3557354341744998,0.06849815691907572,0.3583174843348418,1.0,True,False
0.11592615864697209,0.0,False,0.0,0.0,0.875,0.8125,0.16666666666666666,0.26009538471149507,0.11678697379212533,0.358579896837925,1.0,True,False
0.2114400734862546,0.5,False,0.0,0.0,0.875,0.925,0.3333333333333333,0.36077310754968217,0.10776985412089515,0.28010534803567944,1.0,True,False
0.4652818476130073,1.0,False,0.0,1.0,0.875,0.825,0.5,0.18804388530654692,0.08856958244249738,0.4218938774657508,1.0,False,False
0.18235264390969064,0.0,False,1.0,0.0,1.0,0.9500000000000002,0.16666666666666666,0.05778364078242196,0.06631927066635467,0.49386122990402637,1.0,True,False
0.4134520286673712,0.5,True,0.0,1.0,1.0,0.875,0.16666666666666666,0.1155437699794629,0.04461068354613953,0.5297081766513025,1.0,False,False
0.43104151603444596,1.0,False,0.0,1.0,0.875,0.625,0.5,0.0902415398705767,0.042353357729865336,0.6164981657462152,1.0,False,False
0.16654509119764926,0.25,False,0.0,0.0,0.875,0.75,0.16666666666666666,0.41489029983007003,0.11055110132957846,0.30040878497255563,1.0,True,False
0.03263596170236882,0.0,True,1.0,0.0,0.875,0.9375,0.16666666666666666,0.5144100384098504,0.1268181778124221,0.18867904123693102,1.0,True,False
0.23709820784555535,0.0,False,0.0,0.0,0.875,0.9000000000000001,0.16666666666666666,0.12181932755395754,0.04713110896090129,0.8853754939835357,1.0,True,False
0.1744308782194427,0.0,False,1.0,0.0,1.0,0.9375,0.16666666666666666,0.16436855355967694,0.029350178620636783,0.38718052778323875,1.0,True,False
0.2784253142618224,0.0,False,1.0,0.0,1.0,0.9750000000000001,0.16666666666666666,0.02076416164302269,0.05076706982032774,0.5813259773230799,1.0,False,False
0.1379854216615023,0.0,False,1.0,0.0,1.0,0.9000000000000001,0.16666666666666666,0.536262934084929,0.13826449418241435,0.16382451482210558,1.0,True,False
0.497738988109829,0.5,False,1.0,0.0,1.0,1.0,0.16666666666666666,0.11769409068373933,0.029535275899218512,0.5583046100506359,1.0,False,False
0.14176687734287585,0.0,False,1.0,0.0,1.0,0.9500000000000002,0.16666666666666666,0.384787671309807,0.027605530313726454,0.2590441289960739,1.0,True,False
0.22154922054981407,0.25,False,0.0,0.0,0.75,0.8375000000000001,0.16666666666666666,0.08204581209732457,0.019094051593023326,0.8550435813179456,1.0,True,False
0.4162358783143797,1.0,False,0.0,1.0,1.0,0.9125000000000001,0.3333333333333333,0.33700061903980416,0.17397098277518053,0.3654120474306941,1.0,False,False
0.3548280280131647,0.5,False,0.0,1.0,0.75,0.6375000000000001,0.16666666666666666,0.1713982913022774,0.03242158928034095,0.41398256410255674,1.0,False,False
0.3328887509306683,0.25,False,0.0,1.0,0.875,0.9000000000000001,0.16666666666666666,0.11188677288433628,0.10008403903528422,0.590360941583812,1.0,True,False
0.3403997173291772,0.5,False,0.0,1.0,0.875,0.875,0.16666666666666666,0.12450678882187831,0.07642696383979508,0.5583282304522663,1.0,True,False
0.19738131690723237,0.0,False,0.0,1.0,1.0,0.9500000000000002,0.16666666666666666,0.10218389036315774,0.042259380158820734,0.4305887974268703,1.0,True,False
0.3686249782662153,0.5,False,0.0,0.0,0.75,0.7625,0.3333333333333333,0.35812676223474005,0.31591260718360104,0.2636351947254487,1.0,False,False
0.13021977345814928,0.0,False,0.0,1.0,0.875,0.875,0.16666666666666666,0.28487446030035524,0.1786138948855765,0.3024583876490228,1.0,True,False
0.13021977345814928,0.0,False,0.0,0.0,1.0,0.9000000000000001,0.16666666666666666,0.09470992610090453,0.1346425622771692,0.48926796664176986,1.0,True,False
0.21787913240949408,0.0,False,1.0,0.0,0.875,0.8375000000000001,0.16666666666666666,0.09975430291161315,0.04884268045597305,0.7676604472708135,1.0,True,False
0.24841756378014168,0.0,False,0.0,1.0,0.875,0.8375000000000001,0.16666666666666666,0.15529613988360097,0.07466093823037993,0.38649769443057846,1.0,True,False
0.10062878017869592,0.0,False,1.0,0.0,0.625,0.8500000000000001,0.16666666666666666,0.11046996285300513,0.05509715150518814,0.5944679117155134,1.0,True,False
0.30796694477276565,0.0,True,1.0,0.0,1.0,0.9750000000000001,0.16666666666666666,0.15595183310281469,0.13464562968408392,0.4992169759488112,1.0,True,False
0.18235264390969064,0.0,False,0.0,0.0,1.0,1.0,0.16666666666666666,0.18548958165147444,0.15836816668816872,0.40714505002239587,1.0,True,False
0.13021977345814928,0.0,False,1.0,0.0,1.0,0.9125000000000001,0.16666666666666666,0.4959885460477473,0.09412836666231773,0.17951043281789314,1.0,True,False
0.25764137249870733,0.0,True,0.0,1.0,1.0,0.9125000000000001,0.16666666666666666,0.14068725701515858,0.10738344238174209,0.5208725099143858,1.0,True,False
0.2114400734862546,0.0,False,1.0,0.0,0.875,0.8500000000000001,0.16666666666666666,0.37940705736999625,0.3161086448877867,0.2525637800309153,1.0,True,False
0.23709820784555535,0.0,False,0.0,0.0,1.0,0.875,0.16666666666666666,0.17649761979219183,0.03642900389415285,0.37603036514633725,1.0,True,False
0.17921840882110474,0.0,False,1.0,0.0,0.75,0.7750000000000001,0.16666666666666666,0.12371732307823115,0.0764881898616794,0.5964047921585869,1.0,True,False
0.2563156908030887,0.0,False,1.0,0.0,1.0,1.0,0.16666666666666666,0.4678566485773003,0.00974882298203121,0.21324585073731916,1.0,True,False
0.0741847234838332,0.0,False,1.0,0.0,0.625,0.5625,0.16666666666666666,0.45695949954475695,0.11741229271596862,0.2194250376443072,1.0,True,False
0.5224827487718152,0.5,False,0.0,1.0,1.0,0.875,0.3333333333333333,0.03478829943095724,0.07831069774136123,0.6108083924173973,1.0,False,False
0.2344192367306569,0.0,False,1.0,0.0,1.0,0.9750000000000001,0.16666666666666666,0.09414695576637569,0.08092893779301008,0.4416936510692089,1.0,True,False
0.21787913240949408,0.0,True,1.0,0.0,1.0,0.9750000000000001,0.16666666666666666,0.25373786614636934,0.09016704596094267,0.5329549173674826,1.0,True,False
0.23685602136352257,0.0,True,0.0,0.0,1.0,0.9750000000000001,0.16666666666666666,0.2869338784998057,0.027690999579065664,0.3218598085172091,1.0,True,False
0.3231614519252207,0.5,False,0.0,0.0,0.875,0.8875,0.16666666666666666,0.21676379683565286,0.0895679375708298,0.3948664711071006,1.0,False,False
0.29369633957429786,0.0,False,0.0,0.0,1.0,0.9625000000000001,0.16666666666666666,0.4153262362920905,0.044543585722252206,0.2832371571282646,1.0,True,False
0.14176687734287585,0.0,False,0.0,0.0,0.75,0.75,0.16666666666666666,0.11555623301165303,0.059884795552344446,0.42532125832137346,1.0,True,False
0.2641514441160139,0.0,False,0.0,1.0,1.0,1.0,0.16666666666666666,0.36905583919932244,0.21097885763383972,0.3578193764742357,1.0,False,False
0.38738445376403063,0.25,True,1.0,0.0,1.0,1.0,0.3333333333333333,0.24573320869542428,0.07340047182866301,0.38655340710160013,1.0,True,False
0.09372908735777552,0.0,False,1.0,0.0,0.5,0.625,0.16666666666666666,0.24976435497911528,0.12779994506989362,0.48799163991282435,1.0,True,False
0.08660377490514592,0.0,False,1.0,0.0,0.875,0.7250000000000001,0.16666666666666666,0.22947799144935618,0.015354518996668398,0.7150329620875024,1.0,True,False
0.22820532932234439,0.0,False,1.0,0.0,1.0,0.9000000000000001,0.16666666666666666,0.1070355954081909,0.12751646206489103,0.472568361928704,1.0,True,False
0.344134369123266,0.0,False,0.0,1.0,0.875,0.8,0.16666666666666666,0.12551890927552958,0.02020712113578201,0.4113496568122583,1.0,False,False
0.08221400771487952,0.0,False,0.0,0.0,0.875,0.8500000000000001,0.16666666666666666,0.5608117490584716,0.16904776948283207,0.1816510830863165,1.0,True,False
0.367030733419052,0.5,True,0.0,1.0,1.0,0.825,0.3333333333333333,0.30419071752581844,0.057951384715393565,0.3327172850459943,1.0,False,False
0.20254756886482472,0.25,False,0.0,0.0,0.75,0.825,0.16666666666666666,0.074963179556234,0.037013690707403325,0.6755901225354526,1.0,True,False
0.1491384508511061,0.0,False,0.0,1.0,1.0,0.9375,0.16666666666666666,0.3930673435192368,0.08630818999539472,0.2835164547991289,1.0,False,True
0.1491384508511061,0.0,True,1.0,0.0,1.0,0.9625000000000001,0.16666666666666666,0.3603797677384469,0.11263019736190528,0.41210137061927954,1.0,True,False
0.24841756378014168,0.0,True,0.0,1.0,1.0,0.9500000000000002,0.16666666666666666,0.06431799419801316,0.09032491492701657,0.5656684832559906,1.0,True,False
0.45448511281551773,0.75,False,0.0,0.0,0.5,0.625,0.5,0.32841389759414197,0.10033236081494927,0.31065021581656405,1.0,False,False
0.2114400734862546,0.0,False,0.0,0.0,1.0,1.0,0.16666666666666666,0.11503514522231649,0.07849411121045999,0.5839035954941467,1.0,True,False
0.13950588713035217,0.0,False,1.0,0.0,0.625,0.7000000000000001,0.16666666666666666,0.5503919852257549,0.21031072954633445,0.1452218956800151,1.0,True,False
0.17475334001106002,0.25,False,1.0,0.0,0.875,0.9125000000000001,0.16666666666666666,0.1137228835926241,0.09316121383999412,0.47102454656528825,1.0,True,False
0.08660377490514592,0.5,False,1.0,0.0,1.0,1.0,0.16666666666666666,0.6216779367394475,0.12665828013505875,0.1493408080958869,1.0,True,False
0.4466699805146094,1.0,True,1.0,0.0,1.0,1.0,0.3333333333333333,0.2891874803551911,0.1317087749897741,0.46195054484500675,1.0,False,False
0.1527327886607558,0.0,False,1.0,0.0,0.75,0.8625,0.16666666666666666,0.2011162160085259,0.10592193645531241,0.38668207164419144,1.0,True,False
0.20141005087890218,0.0,False,1.0,0.0,0.875,0.8875,0.16666666666666666,0.28206989390333737,0.11855396777213432,0.47462856969496636,1.0,True,False
0.13021977345814928,0.0,False,0.0,0.0,1.0,0.9000000000000001,0.16666666666666666,0.36984491040355605,0.09720936253338931,0.3330529812476146,1.0,True,False
0.1341371873724625,0.0,False,0.0,0.0,0.875,0.875,0.16666666666666666,0.19339854811442486,0.06039248324629649,0.36715406736437184,1.0,True,False
0.23709820784555535,0.0,False,0.0,0.0,0.875,0.75,0.16666666666666666,0.09895599581783462,0.10197005509303815,0.5281413276570175,1.0,True,False
0.2518375857528897,0.0,True,1.0,0.0,0.875,0.925,0.16666666666666666,0.13870215521307586,0.11844138248409182,0.5290296714568126,1.0,True,False
0.2543119233276806,0.0,False,0.0,1.0,0.875,0.7750000000000001,0.16666666666666666,0.07561168035015829,0.09982183258148017,0.6094683362976958,1.0,True,False
0.1988287154944829,0.0,False,1.0,0.0,1.0,0.9000000000000001,0.16666666666666666,0.4639935347627085,0.12790068437366162,0.20025282961030166,1.0,True,False
0.23071219467756687,0.5,False,0.0,1.0,1.0,1.0,0.16666666666666666,0.4306715829051326,0.14078913207632557,0.2604706571763806,1.0,True,False
0.09651523364878123,0.25,False,0.0,1.0,1.0,0.8375000000000001,0.16666666666666666,0.4527445139809243,0.11482307017325935,0.304364348806911,1.0,True,False
0.13950588713035217,0.0,False,1.0,0.0,0.875,0.8625,0.16666666666666666,0.2455767229298361,0.1198602813144103,0.3707657642506128,1.0,True,False
0.15766729729734064,0.0,False,1.0,0.0,0.75,0.825,0.16666666666666666,0.25038576627016773,0.09377702825014848,0.533139886789513,1.0,True,False
0.18999651059371547,0.0,False,1.0,0.0,0.875,0.8875,0.16666666666666666,0.2095653934807097,0.09346416639611,0.39145684403416947,1.0,True,False
0.5195887857254092,1.0,False,0.0,1.0,0.875,0.7750000000000001,0.5,0.18307767341065495,0.10337650134136239,0.4421536713141374,1.0,False,False
0.3979340380661366,0.5,True,1.0,0.0,1.0,0.9875,0.3333333333333333,0.12949088689483473,0.07533901304815692,0.5867514655967243,1.0,True,False
0.16654509119764926,0.0,False,0.0,1.0,1.0,0.9125000000000001,0.16666666666666666,0.1752469917234645,0.10597718483095266,0.6151654783916489,1.0,True,False
0.13950588713035217,0.0,False,0.0,0.0,0.75,0.825,0.16666666666666666,0.3787899870771277,0.13603215148748302,0.27256422108553835,1.0,True,False
0.2114400734862546,0.0,False,0.0,0.0,0.75,0.925,0.16666666666666666,0.1939303225246107,0.07932806329860441,0.3918781823772717,1.0,True,False
0.30656361284425115,0.0,False,0.0,1.0,0.875,0.7375,0.16666666666666666,0.11695586721429287,0.0781915319246633,0.578817094813088,1.0,False,False
0.20731685231026986,0.0,True,0.0,0.0,1.0,1.0,0.16666666666666666,0.45361293010289794,0.09834054056585946,0.28346516079563555,1.0,True,False
0.20055299870846255,0.25,False,1.0,0.0,1.0,1.0,0.16666666666666666,0.5287654305698628,0.06934953014953951,0.194750471244737,1.0,True,False
0.27519771860536413,0.0,True,1.0,0.0,1.0,0.9750000000000001,0.16666666666666666,0.31195723858944235,0.21193234532572494,0.28421680615636524,1.0,True,False
0.2059249243947282,0.0,False,0.0,1.0,1.0,1.0,0.16666666666666666,0.03307461206615828,0.08531904911519538,0.6029807887086425,1.0,True,False
0.19738131690723237,0.0,False,0.0,1.0,0.75,0.75,0.16666666666666666,0.14129310149338337,0.06042342844334767,0.4015967314565423,1.0,True,False
0.2086999458571831,0.0,False,1.0,0.0,0.875,0.8500000000000001,0.16666666666666666,0.09406917431630472,0.10643803451504182,0.5188125872887428,1.0,True,False
0.3521320294263134,0.0,False,0.0,1.0,0.875,0.8375000000000001,0.16666666666666666,0.4340597393654296,0.2317320746262372,0.22324425232426615,1.0,False,False
0.13021977345814928,0.0,False,0.0,1.0,1.0,0.8125,0.16666666666666666,0.17091980069829427,0.14111235000418623,0.4374055416390843,1.0,True,False
0.2086999458571831,0.0,False,0.0,1.0,0.875,0.8875,0.16666666666666666,0.06848398844804111,0.08828206981041622,0.605870844511277,1.0,True,False
0.3476604067009895,0.0,False,0.0,1.0,1.0,1.0,0.16666666666666666,0.10386057896830073,0.09501290860026473,0.5034421756584853,1.0,True,False
0.18235264390969064,0.0,True,1.0,0.0,1.0,0.9500000000000002,0.16666666666666666,0.28503493507476996,0.06524402355245282,0.38253280463138495,1.0,True,False
0.25961489543201643,0.0,True,0.0,1.0,1.0,0.925,0.16666666666666666,0.07124684054094628,0.07727137122307179,0.5803924124225177,1.0,True,False
0.22464655223625163,0.0,False,0.0,1.0,1.0,0.9375,0.16666666666666666,0.155637273266052,0.07153172159107661,0.38648336205510825,1.0,True,False
0.06424901584378284,0.0,False,1.0,0.0,1.0,0.9750000000000001,0.16666666666666666,0.5958717390816244,0.06444383972851835,0.1935735656849471,1.0,True,False
0.2764136758772201,0.0,False,1.0,0.0,0.875,0.875,0.16666666666666666,0.4270028818759254,0.26649124872945423,0.22510801384371693,1.0,True,False
0.2059249243947282,0.0,False,0.0,1.0,1.0,0.75,0.16666666666666666,0.03206009209517795,0.08524788365342867,0.6012935700362698,1.0,True,False
0.22820532932234439,0.0,False,1.0,0.0,1.0,0.9375,0.16666666666666666,0.12104952331987819,0.08339079416675181,0.47714249392603647,1.0,True,False
0.2543119233276806,0.25,False,0.0,1.0,0.875,1.0,0.16666666666666666,0.14874368567980728,0.10652245503756501,0.4463482266289247,1.0,True,False
0.39920315882380175,0.5,False,0.0,1.0,1.0,0.5,0.3333333333333333,0.35647476782872545,0.09277842804159872,0.284045779180349,1.0,False,False
0.23709820784555535,0.0,True,0.0,0.0,1.0,0.9750000000000001,0.16666666666666666,0.07776930199178395,0.07043019687793192,0.580883095075958,1.0,True,False
0.497738988109829,0.5,True,0.0,1.0,1.0,0.9500000000000002,0.3333333333333333,0.1383292988136187,0.1922309612357819,0.5214624044528855,1.0,False,False
0.2518375857528897,0.0,False,1.0,0.0,0.875,0.8875,0.16666666666666666,0.04574685827312544,0.05345856729946258,0.6351041415165588,1.0,True,False
0.20731685231026986,0.0,False,0.0,0.0,1.0,0.9750000000000001,0.16666666666666666,0.39312517488027654,0.3559731127325958,0.24030698833732322,1.0,True,False
0.1491384508511061,0.0,False,1.0,0.0,0.875,0.8,0.16666666666666666,0.08590591453580522,0.1349952727626954,0.49780569260205354,1.0,True,False
0.4630619129380963,0.5,True,1.0,0.0,1.0,0.9875,0.3333333333333333,0.17590735748513317,0.11835868102648926,0.5844670512399652,1.0,False,False
0.3319509925130858,0.0,True,0.0,1.0,1.0,1.0,0.16666666666666666,0.031452385385766904,0.04481203854995165,0.5083163832954498,1.0,True,False
0.260703623183438,0.0,False,1.0,0.0,1.0,0.9750000000000001,0.16666666666666666,0.04859328188577616,0.046769836989731625,0.6556728944957217,1.0,True,False
0.22310338924130446,0.0,False,1.0,0.0,0.875,0.875,0.16666666666666666,0.3892653213682444,0.01661820810839771,0.25701725485292437,1.0,True,False
0.29369633957429786,0.0,False,0.0,0.0,0.875,0.8875,0.16666666666666666,0.24645149466570024,0.03203736816296152,0.3793823135024261,1.0,False,False
0.4155966007039439,0.25,False,0.0,1.0,1.0,0.8375000000000001,0.3333333333333333,0.1425935320775572,0.17866692498108921,0.5111515749416857,1.0,False,False
0.27026488318664244,0.0,False,1.0,0.0,0.875,0.8875,0.16666666666666666,0.12866842300101244,0.08259463886615577,0.5586103170886925,1.0,True,False
0.0960533426341309,0.0,False,1.0,0.0,0.875,0.925,0.16666666666666666,0.8026990411173629,0.05471897381888438,0.06951934606774945,1.0,True,False
0.14176687734287585,0.0,False,1.0,0.0,0.75,0.825,0.16666666666666666,0.472900603271623,0.08719396665496715,0.3281326597829495,1.0,True,False
0.53206932159522,1.0,False,0.0,1.0,1.0,0.9375,0.3333333333333333,0.10433386712928473,0.05237253303488906,0.6175096282344998,1.0,False,False
0.17921840882110474,0.0,False,0.0,1.0,1.0,1.0,0.16666666666666666,0.2630222371862669,0.040247130576213395,0.3594864401945135,1.0,True,False
0.44537079669137636,0.5,False,1.0,0.0,0.875,0.925,0.16666666666666666,0.276379858860744,0.1476037826747265,0.3131960160002427,1.0,False,False
0.22464655223625163,0.25,False,1.0,0.0,0.875,0.8875,0.16666666666666666,0.21078040213772833,0.0644522428360423,0.37799078851015233,1.0,True,False
0.13606979892523585,0.0,False,0.0,0.0,1.0,1.0,0.16666666666666666,0.1956316734708744,0.09555866400688773,0.389024810602951,1.0,True,False
0.1379854216615023,0.25,False,1.0,0.0,0.875,0.8375000000000001,0.16666666666666666,0.5383788946623821,0.08928771535837156,0.18872835692043743,1.0,True,False
0.37047030843532525,0.25,True,1.0,0.0,1.0,1.0,0.3333333333333333,0.08470707424290769,0.06525807345209213,0.44929606015912027,1.0,True,False
0.12010660440501664,0.0,False,0.0,0.0,0.625,0.8,0.16666666666666666,0.5845311346135064,0.07236294731405571,0.20254100070584968,1.0,True,False
0.33116643272016655,0.0,False,0.0,1.0,1.0,0.9625000000000001,0.16666666666666666,0.5261658754034854,0.10901845983830603,0.16712839615795883,1.0,True,False
0.15974835452086278,0.0,False,0.0,0.0,1.0,0.9500000000000002,0.16666666666666666,0.19856961086690808,0.14407897900257266,0.5158512438715546,1.0,True,False
0.26500494282390286,0.0,False,1.0,0.0,1.0,1.0,0.16666666666666666,0.4129147120613778,0.038430303426745895,0.24625437491582614,1.0,True,False
0.13950588713035217,0.0,False,1.0,0.0,0.875,0.9000000000000001,0.16666666666666666,0.46012488608292307,0.08082453608726446,0.3227698996372548,1.0,True,False
0.18666619388412287,0.0,False,1.0,0.0,0.875,0.8625,0.16666666666666666,0.16971688115233374,0.031271414667829955,0.41350087950544934,1.0,True,False
0.2518375857528897,0.0,False,1.0,0.0,0.875,1.0,0.16666666666666666,0.45310954799624753,0.23284181999904202,0.20377002217979912,1.0,True,False
0.26521779620799124,0.0,True,0.0,0.0,1.0,0.9625000000000001,0.16666666666666666,0.23023275131390716,0.07724221429351139,0.34158341285174365,1.0,True,False
0.5976133518572134,1.0,False,0.0,1.0,0.75,0.7875000000000001,0.5,0.21112367777672233,0.19036060612567293,0.47369658454252783,1.0,False,False
0.19738131690723237,0.0,False,1.0,0.0,1.0,0.9000000000000001,0.16666666666666666,0.12362603054634282,0.07033957670192068,0.5628057282501517,1.0,True,False
0.5063498134453647,1.0,False,0.0,1.0,0.875,0.8625,0.3333333333333333,0.005016049542505216,0.033507111214490924,0.5562493339105516,1.0,False,False
0.08660377490514592,0.0,False,1.0,0.0,1.0,0.875,0.16666666666666666,0.5941697174078574,0.07484054393609957,0.1939499755045826,1.0,True,False
0.08660377490514592,0.0,True,1.0,0.0,0.875,0.9375,0.16666666666666666,0.3054511852331446,0.1090572850911932,0.3678919311504867,1.0,True,False
0.4630619129380963,0.75,True,0.0,1.0,1.0,0.9500000000000002,0.16666666666666666,0.1262108826952399,0.0735235713119013,0.47712959756107187,1.0,False,False
0.15766729729734064,0.0,True,0.0,0.0,1.0,0.9625000000000001,0.16666666666666666,0.41848650808147103,0.1416885327059612,0.26812039375214125,1.0,True,False
0.25764137249870733,0.0,True,0.0,1.0,1.0,1.0,0.16666666666666666,0.14865969486288155,0.12702391425144932,0.5015094345458762,1.0,True,False
0.36649671608276646,0.5,False,0.0,1.0,0.875,0.8500000000000001,0.16666666666666666,0.23407549954721232,0.11205797721993244,0.5290019322839461,1.0,False,False
0.242831372789175,0.0,False,1.0,0.0,0.75,0.65,0.16666666666666666,0.3287362759066999,0.04864590413150525,0.324859770299901,1.0,True,False
0.08660377490514592,0.0,False,0.0,0.0,1.0,0.875,0.16666666666666666,0.43463070983573526,0.12644797744654201,0.37434853381318245,1.0,True,False
0.10950116530744503,0.0,False,1.0,0.0,0.625,0.75,0.16666666666666666,0.1151402446360792,0.13627716794727898,0.43005760908664015,1.0,True,False
0.2975819093963611,0.0,False,0.0,1.0,0.875,0.8625,0.16666666666666666,0.46212378686941336,0.10023031541830303,0.3168851491546427,1.0,False,False
0.2929483110632348,0.0,False,0.0,0.0,1.0,0.9875,0.16666666666666666,0.13299893191137263,0.104657766136987,0.5348712702731493,1.0,True,False
0.20311410892050896,0.0,True,0.0,0.0,1.0,0.9875,0.16666666666666666,0.19501456329637465,0.09986446334923917,0.38977821976515004,1.0,True,False
0.1944573559628856,0.0,False,0.0,1.0,0.75,0.7750000000000001,0.16666666666666666,0.19583965257152128,0.0605276307044288,0.38349742593963776,1.0,True,False
0.24841756378014168,0.0,False,1.0,0.0,0.875,0.925,0.16666666666666666,0.002883785969805758,0.025655579508637536,0.5344770770310565,1.0,True,False
0.3996628308902873,0.5,False,0.0,1.0,0.875,0.9000000000000001,0.16666666666666666,0.18235512830028675,0.14437963328994755,0.4615485120797762,1.0,False,False
0.32879566198707366,1.0,False,1.0,0.0,1.0,1.0,0.16666666666666666,0.07914771214115597,0.034995918502472315,0.793726162332911,1.0,True,False
0.1744308782194427,0.0,False,1.0,0.0,1.0,0.9000000000000001,0.16666666666666666,0.15947174659638028,0.037642966029501845,0.3888806679557344,1.0,True,False
0.2114400734862546,0.0,False,0.0,1.0,1.0,0.925,0.16666666666666666,0.47387601860054207,0.21004470303655512,0.19147278871606388,1.0,True,False
0.3684925690922315,1.0,False,1.0,0.0,1.0,0.9125000000000001,0.3333333333333333,0.29615088085881186,0.14650497506903945,0.44718475183441697,1.0,False,False
0.2045240485274159,0.25,False,1.0,0.0,1.0,0.925,0.16666666666666666,0.5519060619195236,0.16872613378998913,0.16634833238597313,1.0,True,False
0.09835306947193512,0.0,False,1.0,0.0,1.0,0.9500000000000002,0.16666666666666666,0.1932472041756321,0.08530796285487688,0.6573307025102313,1.0,True,False
0.5238505261673335,1.0,False,0.0,1.0,0.75,0.75,0.5,0.4049333375117757,0.06129303478710522,0.2953127461822245,1.0,False,False
0.31143623952626565,0.25,False,1.0,0.0,0.875,0.9500000000000002,0.16666666666666666,0.1764274856170309,0.10752495374624353,0.3910828955503074,1.0,True,False
0.18999651059371547,0.0,False,1.0,0.0,0.5,0.75,0.16666666666666666,0.06603822381095588,0.06908121149726996,0.5146418846332832,1.0,True,False
0.29904409170358226,0.0,False,0.0,0.0,0.875,0.9000000000000001,0.16666666666666666,0.24123258280764645,0.08292735288643287,0.3260366979673279,1.0,True,False
0.5175933611579223,0.75,True,0.0,0.0,1.0,1.0,0.3333333333333333,0.24398543866577352,0.03144810553874179,0.32660396738995723,1.0,False,False
0.23071219467756687,0.0,True,0.0,0.0,1.0,0.9375,0.16666666666666666,0.28242737047751454,0.035387154464580274,0.3234032139959533,1.0,True,False
0.4698214624635936,0.75,False,0.0,1.0,1.0,1.0,0.16666666666666666,0.08399191146312332,0.09810188487872802,0.6292155431292112,1.0,True,False
0.2114400734862546,0.0,False,0.0,0.0,0.75,0.75,0.16666666666666666,0.08581039334231923,0.08182052910426275,0.4553449839468675,1.0,True,False
0.2507035317605534,0.0,False,1.0,0.0,0.75,0.875,0.16666666666666666,0.05573391488594226,0.03548650828052663,0.6659843360946416,1.0,True,False
0.18235264390969064,0.0,True,0.0,0.0,1.0,0.9875,0.16666666666666666,0.19462257790316162,0.0754219389039072,0.38575295437936163,1.0,True,False
0.45179061937710163,0.5,False,1.0,0.0,1.0,0.75,0.16666666666666666,0.3440399557219822,0.05721384735090866,0.2806541858312164,1.0,False,False
0.2804185526406079,0.0,True,0.0,0.0,1.0,0.925,0.16666666666666666,0.3043883450161099,0.14648397575075547,0.4514576283055136,1.0,True,False
0.13140240955057514,0.0,True,1.0,0.0,1.0,1.0,0.16666666666666666,0.39188622125409167,0.015853434441840532,0.3492993226878449,1.0,True,False
0.41030442485755503,0.75,False,0.0,0.0,1.0,0.9125000000000001,0.3333333333333333,0.20232491384400314,0.0805886746682215,0.35068836228673805,1.0,False,False
0.45448511281551773,0.5,False,1.0,0.0,1.0,0.9625000000000001,0.16666666666666666,0.08690904995020612,0.0732313078865176,0.4541274144793477,1.0,False,False
0.07723047886437417,0.0,False,0.0,0.0,1.0,1.0,0.16666666666666666,0.4305387734687061,0.12299254101112844,0.25592699468407054,1.0,True,False
0.5867478967794045,1.0,True,0.0,0.0,1.0,0.9875,0.5,0.21476785792594152,0.030992344336972275,0.7707299770234757,1.0,False,False
0.2114400734862546,0.0,False,1.0,0.0,1.0,0.925,0.16666666666666666,0.22092467249058131,0.1168085721801371,0.3835324722316047,1.0,True,False
0.29012011082306344,0.0,False,1.0,0.0,1.0,0.9750000000000001,0.16666666666666666,0.28267927607156673,0.13916548449456026,0.30723822681894664,1.0,True,False
0.19738131690723237,0.0,True,0.0,0.0,1.0,0.9750000000000001,0.16666666666666666,0.20464016366811646,0.04963526200908033,0.38716391274347606,1.0,True,False
0.3365999440394677,0.0,True,0.0,1.0,1.0,0.9000000000000001,0.16666666666666666,0.3332404178963478,0.11704754710200374,0.3158655674161439,1.0,False,False
0.4397134317858714,0.75,True,1.0,0.0,1.0,0.9875,0.5,0.2891281572570695,0.1786075400296759,0.30315334429488194,1.0,False,False
0.530437574682555,0.75,False,0.0,1.0,1.0,0.9125000000000001,0.3333333333333333,0.2966508567042053,0.148040013326772,0.45236641501997976,1.0,False,False
0.3365999440394677,0.5,False,0.0,1.0,0.875,0.8875,0.16666666666666666,0.3044096412006297,0.2232273246982309,0.4039708408823446,1.0,False,False
0.39908808914396154,1.0,False,0.0,1.0,0.5,1.0,0.3333333333333333,0.1799023504563172,0.05680512287070282,0.40201623354363814,1.0,False,False
0.4397134317858714,1.0,True,1.0,0.0,1.0,0.9750000000000001,0.3333333333333333,0.3593382414163256,0.1842719244432401,0.2844931215086801,1.0,False,False
0.28512922993451084,0.0,False,0.0,1.0,0.875,0.875,0.16666666666666666,0.14121672788470171,0.15843325858757296,0.5099792078254015,1.0,True,False
0.22464655223625163,0.0,False,0.0,0.0,0.625,0.7000000000000001,0.16666666666666666,0.12764487860342755,0.026546258364090046,0.6762992783405659,1.0,True,False
0.4234558614724916,1.0,False,0.0,1.0,1.0,0.925,0.5,0.2262858403915888,0.07042625493362768,0.5874067138078745,1.0,False,False
0.24841756378014168,0.0,False,0.0,1.0,1.0,0.925,0.16666666666666666,0.16663472180987096,0.07960041597864151,0.3936719274231888,1.0,True,False
0.46228817465983163,0.5,False,1.0,0.0,1.0,0.9375,0.3333333333333333,0.04944599632172754,0.05574790900884779,0.6393431668020866,1.0,False,False
0.2806168773988905,0.0,False,0.0,0.0,1.0,1.0,0.16666666666666666,0.6703778330613553,0.19164008411578912,0.12966006187888368,1.0,True,False
0.3617673850533235,0.75,False,0.0,1.0,1.0,1.0,0.16666666666666666,0.17800041176686035,0.20229603574528748,0.48689305186459975,1.0,True,False
0.16654509119764926,0.0,False,1.0,0.0,1.0,0.9125000000000001,0.16666666666666666,0.38569941222610094,0.021471342654053066,0.3239064901955917,1.0,True,False
0.32720069694255216,0.0,False,0.0,0.0,1.0,1.0,0.16666666666666666,0.0915815678320192,0.02282739754520426,0.6188843785959965,1.0,True,False
0.3590181020286799,0.0,False,0.0,0.0,1.0,0.9375,0.16666666666666666,0.2752907464356776,0.012597686857144477,0.3463061083357484,1.0,True,False
0.2518375857528897,0.0,True,1.0,0.0,0.875,0.9375,0.16666666666666666,0.026555799678068853,0.07032870906524345,0.562165675163067,1.0,True,False
0.26500494282390286,0.0,False,0.0,0.0,1.0,0.8875,0.16666666666666666,0.14537882816378955,0.05563467750444028,0.3941372220178352,1.0,True,False
0.5020151696279621,1.0,False,1.0,0.0,0.75,0.8625,0.5,0.23361660716891436,0.10260536529659907,0.3597201312117124,1.0,False,False
0.16654509119764926,0.0,False,1.0,0.0,0.75,0.8375000000000001,0.16666666666666666,0.01850617144353632,0.0595670378543403,0.5253019011819238,1.0,True,False
0.42601386474469594,0.0,False,0.0,0.0,0.875,0.875,0.16666666666666666,0.15303533926455884,0.05637447379813674,0.5144302195524206,1.0,True,False
0.30550515132656375,0.0,False,1.0,0.0,0.875,0.9125000000000001,0.16666666666666666,0.23717238007935956,0.2915510472592533,0.3738794029637498,1.0,True,False
0.344134369123266,0.0,False,0.0,1.0,0.875,0.8375000000000001,0.0,0.03415745025794478,0.0809332621814026,0.6066812657097205,1.0,False,False
0.1491384508511061,0.0,False,0.0,0.0,0.875,1.0,0.16666666666666666,0.11899426642693219,0.05233834135473231,0.4833612254847688,1.0,True,False
0.15591777176702204,0.0,False,0.0,0.0,1.0,1.0,0.16666666666666666,0.5041347198651046,0.09250986467552481,0.21614009842128334,1.0,True,False
0.29462777880068314,0.5,False,0.0,0.0,0.875,0.875,0.3333333333333333,0.3966802180274861,0.06853216583769171,0.26058945747578255,1.0,False,False
0.11550366923758582,0.0,False,0.0,0.0,1.0,0.875,0.0,0.5189171587960159,0.06765720637399304,0.21228577620027012,1.0,True,False
0.3562336901066062,0.5,False,1.0,0.0,1.0,0.9500000000000002,0.16666666666666666,0.3758216776352542,0.04479237428144591,0.2631898173991891,1.0,True,False
0.22464655223625163,0.25,False,1.0,0.0,0.875,0.8500000000000001,0.16666666666666666,0.5371136756484414,0.1584238722159234,0.16395667250484047,1.0,True,False
0.22464655223625163,0.0,False,0.0,1.0,1.0,0.875,0.16666666666666666,0.16588216661205155,0.12515849877296462,0.3767264373710466,1.0,True,False
0.35412178212339296,0.75,False,0.0,1.0,0.875,0.9125000000000001,0.16666666666666666,0.039229276254775666,0.016244964111762374,0.5368665186228678,1.0,False,False
0.2045240485274159,0.0,False,0.0,0.0,1.0,0.925,0.16666666666666666,0.11799939743195202,0.07659207283144767,0.4174658650608907,1.0,True,False
0.19298053037583862,0.0,False,0.0,0.0,1.0,0.925,0.16666666666666666,0.10692060499107707,0.08053256683018974,0.611214852142755,1.0,True,False
0.18999651059371547,0.0,False,1.0,0.0,0.875,0.9000000000000001,0.16666666666666666,0.04296971310195073,0.08194525483782512,0.6300157774578092,1.0,True,False
0.1491384508511061,0.0,False,1.0,0.0,0.875,0.8875,0.16666666666666666,0.24715677205262634,0.09919513899986541,0.37546157349512743,1.0,True,False
0.24864724269350724,0.0,False,0.0,0.0,0.875,0.9500000000000002,0.16666666666666666,0.1507621310051886,0.11112283803047143,0.3886243112726433,1.0,True,False
0.13021977345814928,0.0,False,1.0,0.0,0.625,0.8125,0.16666666666666666,0.20901336302183487,0.1276529903621076,0.4932947296054613,1.0,True,False
0.3328887509306683,0.25,False,1.0,0.0,1.0,1.0,0.16666666666666666,0.0781041219592992,0.026163417852289834,0.702469215477485,1.0,True,False
0.43585857704924724,1.0,False,0.0,1.0,0.875,0.8500000000000001,0.3333333333333333,0.20356741696579556,0.09787144672122983,0.4263713751312126,1.0,False,False
0.242831372789175,0.0,False,0.0,0.0,0.875,0.8625,0.16666666666666666,0.19640810712062343,0.05461364453468738,0.3883454693153683,1.0,True,False
0.14139167096046512,0.0,False,1.0,0.0,0.875,0.8625,0.16666666666666666,0.6964628394401772,0.164731011798851,0.11698179469571879,1.0,True,False
0.5616656064991571,1.0,False,0.0,1.0,0.875,0.8875,0.5,0.2543073066794637,0.11250169210668912,0.33272541799078814,1.0,False,False
0.242831372789175,0.0,False,0.0,1.0,0.75,0.5875,0.16666666666666666,0.07454303211681254,0.06098593349749803,0.5995560353106659,1.0,True,False
0.13021977345814928,0.0,False,1.0,0.0,0.875,0.8875,0.16666666666666666,0.5934601955989188,0.24477261842674622,0.13701227404497796,1.0,True,False
0.23685602136352257,0.25,False,0.0,1.0,0.875,0.875,0.16666666666666666,0.18660341944586883,0.032848727873643194,0.38174018901640316,1.0,True,False
0.18999651059371547,0.25,True,0.0,0.0,1.0,0.9750000000000001,0.16666666666666666,0.9003547348466198,0.16561119502321328,0.03122045030358711,1.0,True,False
0.49337721337879425,1.0,False,0.0,1.0,0.75,0.7875000000000001,0.3333333333333333,0.30713750773733955,0.17270109022197105,0.4044543765864099,1.0,False,False
0.4130205699691011,0.5,False,0.0,1.0,0.5,0.5,0.16666666666666666,0.1001211113575934,0.11226555870288855,0.44931545083340274,1.0,True,False
0.4209716023948956,0.5,False,0.0,0.0,0.875,0.825,0.3333333333333333,0.4171191710229162,0.25054072627907714,0.23249280965124464,1.0,False,False
0.33116643272016655,0.0,False,0.0,1.0,1.0,0.9625000000000001,0.16666666666666666,0.5331477159045184,0.08206843676064832,0.17039535187100596,1.0,True,False
0.3812257049397215,0.0,False,0.0,1.0,1.0,0.9875,0.16666666666666666,0.008224671284467529,0.04265376969792936,0.5381368550667553,1.0,False,False
0.21521927450523404,0.0,False,1.0,0.0,0.875,0.9000000000000001,0.16666666666666666,0.10457673016154292,0.14182373496338221,0.4628523190141629,1.0,True,False
0.38494180107597076,0.0,False,0.0,1.0,1.0,0.875,0.16666666666666666,0.29980062803692453,0.05486627526213798,0.3112704106548101,1.0,False,False
0.3124663484708553,0.0,False,0.0,0.0,0.875,0.75,0.16666666666666666,0.30106943830469807,0.06534537634029798,0.3501326556009847,1.0,True,False
0.4155966007039439,0.5,False,0.0,1.0,1.0,0.875,0.16666666666666666,0.12913321582412438,0.14548873125177658,0.49550332755876747,1.0,False,False
0.13021977345814928,0.0,False,1.0,0.0,0.875,0.8500000000000001,0.16666666666666666,0.45713969803807963,0.13616743624119737,0.34703648184216895,1.0,True,False
0.1116639460842398,0.0,False,1.0,0.0,0.875,0.8125,0.16666666666666666,0.21972325382495653,0.008248906215543327,0.8628252665335223,1.0,True,False
0.5238505261673335,1.0,False,0.0,1.0,0.25,0.5,0.5,0.40493053348321106,0.061288909701751985,0.295310137318723,1.0,False,False
0.4187743985863951,0.5,False,0.0,1.0,1.0,0.8625,0.16666666666666666,0.09824989606186493,0.06829851593076326,0.5846039790847442,1.0,False,False
0.061014917104809885,0.0,False,0.0,0.0,0.875,0.75,0.16666666666666666,0.5659006584023473,0.12645186584435186,0.1482389892407836,1.0,True,False
0.3617673850533235,1.0,False,0.0,1.0,0.75,0.75,0.3333333333333333,0.19599272368028636,0.05929988967876174,0.7467959149609644,1.0,False,False
0.3535551327957952,0.0,False,0.0,0.0,1.0,1.0,0.16666666666666666,0.4224737216498861,0.05910687769888438,0.23486784760620272,1.0,True,False
0.36448241453966534,0.75,False,0.0,1.0,0.75,0.75,0.3333333333333333,0.32800197718996366,0.12877092454471734,0.39117049800624226,1.0,False,False
0.15766729729734064,0.0,False,1.0,0.0,0.75,0.8625,0.16666666666666666,0.24380924163436898,0.08946371572348705,0.4058696388258616,1.0,True,False
0.30814172754735114,0.0,False,1.0,0.0,0.75,0.8500000000000001,0.16666666666666666,0.10252170247148631,0.08387677440743688,0.6237802583451786,1.0,True,False
0.23294397856609195,0.0,False,0.0,0.0,1.0,0.9625000000000001,0.16666666666666666,0.18909802285564284,0.16910612676442655,0.4289854996929714,1.0,True,False
0.18999651059371547,0.0,True,0.0,0.0,1.0,0.925,0.16666666666666666,0.5898011070141124,0.23921914928895652,0.13875247846087357,1.0,True,False
0.1523760109906006,0.0,True,1.0,0.0,1.0,0.925,0.16666666666666666,0.3061365040525715,0.19266467762059897,0.4081552441302745,1.0,True,False
0.2086999458571831,0.0,False,1.0,0.0,1.0,0.8875,0.16666666666666666,0.11311946343665748,0.06147024783307536,0.579413746282335,1.0,True,False
0.49150234099784906,1.0,False,0.0,1.0,0.875,0.7750000000000001,0.3333333333333333,0.03886650681028539,0.07227364734770914,0.6149792578104998,1.0,False,False
0.18999651059371547,0.0,False,1.0,0.0,1.0,0.8500000000000001,0.16666666666666666,0.10105391925187791,0.06368106911763301,0.6221338767189892,1.0,True,False
0.2045240485274159,0.75,False,0.0,1.0,0.875,0.7875000000000001,0.3333333333333333,0.5514756373566091,0.19626763389221072,0.1650255961550371,1.0,True,False
0.1988287154944829,0.0,False,1.0,0.0,1.0,0.9500000000000002,0.16666666666666666,0.021554294219020265,0.060031960070050926,0.5535303086966947,1.0,True,False
0.14176687734287585,0.0,False,1.0,0.0,1.0,0.8500000000000001,0.16666666666666666,0.4619648994460417,0.1010136105966253,0.22730362282749805,1.0,True,False
0.32879566198707366,0.25,True,1.0,0.0,1.0,1.0,0.16666666666666666,0.6827041135606468,0.5076471048152399,0.18218550969627811,1.0,True,False
0.16654509119764926,0.0,False,1.0,0.0,1.0,0.9125000000000001,0.16666666666666666,0.5612992700495669,0.13360326770377465,0.1507664885956328,1.0,True,False
0.2543119233276806,0.5,False,1.0,0.0,0.875,0.8,0.16666666666666666,0.10383470129596592,0.08522855289393749,0.6186933823837848,1.0,True,False
0.18235264390969064,0.0,False,0.0,0.0,1.0,0.9125000000000001,0.16666666666666666,0.4341170747660877,0.14979540058912194,0.2670085198386618,1.0,True,False
0.2045240485274159,0.75,False,1.0,0.0,1.0,0.8875,0.3333333333333333,0.5516721214680469,0.19968683291356704,0.16474570289779344,1.0,True,False
0.5238505261673335,1.0,False,0.0,1.0,0.625,0.75,0.5,0.4049301587877056,0.0612930212294786,0.29531005440419045,1.0,False,False
0.27026488318664244,0.0,False,0.0,1.0,1.0,1.0,0.16666666666666666,0.12916140910816815,0.1156172331890629,0.4199117077397392,1.0,True,False
0.3617673850533235,0.75,False,0.0,1.0,0.875,0.9125000000000001,0.16666666666666666,0.03595728808955931,0.010386684608120648,0.5395082569290814,1.0,False,False
0.2114400734862546,0.0,False,1.0,0.0,1.0,0.8625,0.16666666666666666,0.03784534423569569,0.07992279296155179,0.6172312254632581,1.0,True,False
0.132187282972153,0.0,False,1.0,0.0,1.0,1.0,0.16666666666666666,0.7055139825713582,0.28096561770897194,0.10603967342909204,1.0,True,False
0.39908808914396154,1.0,False,0.0,1.0,1.0,1.0,0.3333333333333333,0.11051864790623195,0.07265125034773592,0.5964989881863847,1.0,False,False
0.13950588713035217,0.0,False,1.0,0.0,1.0,0.9125000000000001,0.16666666666666666,0.353864057749768,0.340996790482707,0.2671634799211806,1.0,True,False
0.22464655223625163,0.0,False,0.0,1.0,1.0,0.75,0.16666666666666666,0.1565026583072001,0.09704008061056471,0.38394789285628184,1.0,True,False
0.32070147190330356,0.0,False,0.0,0.0,1.0,0.925,0.0,0.04128002971906812,0.06694068373024857,0.6204452491783017,1.0,True,False
0.13568464533276103,0.0,False,0.0,1.0,1.0,1.0,0.16666666666666666,0.7144757634237215,0.19309469458160047,0.10518850190464968,1.0,True,False
0.4101950717160826,0.75,True,0.0,0.0,1.0,0.9500000000000002,0.3333333333333333,0.20581941499161716,0.070345351325108,0.6342322925650719,1.0,False,False
0.39619142062674795,0.5,False,0.0,1.0,1.0,0.9375,0.16666666666666666,0.058159669043748474,0.026406385614036437,0.7012935479638478,1.0,False,False
0.10950116530744503,0.0,False,0.0,0.0,0.75,0.8125,0.16666666666666666,0.0836609785745777,0.028352211362626528,0.7251056568764258,1.0,True,False
0.1820412411666218,0.0,False,0.0,0.0,1.0,1.0,0.16666666666666666,0.16724462105774315,0.15418623192293457,0.45875522585870177,1.0,True,False
0.4208674744693143,0.25,False,0.0,1.0,1.0,0.9625000000000001,0.16666666666666666,0.1837968425702091,0.16034636026730933,0.4042386155477722,1.0,False,False
0.24841756378014168,0.0,True,1.0,0.0,1.0,1.0,0.16666666666666666,0.24913698658572245,0.08224216695658909,0.3792399788157397,1.0,True,False
0.3433925415261282,0.0,False,0.0,1.0,0.875,0.75,0.0,0.11040342308258257,0.044741008266800567,0.6135631395030638,1.0,False,False
0.1379854216615023,0.0,False,0.0,0.0,0.875,0.8500000000000001,0.16666666666666666,0.43025088739838135,0.12094689120964768,0.22679669813478465,1.0,True,False
0.26500494282390286,0.0,False,1.0,0.0,1.0,0.75,0.16666666666666666,0.03664685716913989,0.06540280753189408,0.6417958105406278,1.0,True,False
0.16317322000227386,0.0,False,1.0,0.0,1.0,0.9000000000000001,0.16666666666666666,0.33055342095557394,0.15456835736534152,0.339226843307306,1.0,True,False
0.33506128706017935,0.25,True,0.0,0.0,1.0,0.9000000000000001,0.16666666666666666,0.32173075704383136,0.08445355439639039,0.3909977310270103,1.0,False,False
0.47353354711844664,1.0,False,0.0,1.0,0.875,0.8375000000000001,0.3333333333333333,0.03964482814561185,0.032312524149487536,0.5947796793415292,1.0,False,False
0.2804185526406079,0.0,True,0.0,0.0,1.0,0.9500000000000002,0.16666666666666666,0.23150912447168656,0.012289358187486787,0.7172159644828002,1.0,True,False
0.1491384508511061,0.0,False,1.0,0.0,0.75,0.675,0.16666666666666666,0.3400839303760697,0.08598640968616329,0.28818146289819535,1.0,True,False
0.0,0.0,False,1.0,0.0,0.875,0.5,0.16666666666666666,0.4719579173464713,0.0813198434004356,0.22722061222297607,1.0,True,False
0.38616654986857035,0.5,False,1.0,0.0,0.5,0.5,0.3333333333333333,0.1434049422206124,0.10307568753551354,0.5124756692142118,1.0,False,False
0.24841756378014168,0.0,False,0.0,1.0,0.875,0.8875,0.16666666666666666,0.10263062980397182,0.03408818772153722,0.430175480670276,1.0,True,False
0.682922027462958,0.0,True,0.0,0.0,1.0,0.9875,0.16666666666666666,0.1099420615194842,0.09177345722601912,0.5574757006543092,1.0,True,False
0.44537079669137636,0.5,False,1.0,0.0,1.0,0.75,0.3333333333333333,0.37631362750508274,0.017835574732998488,0.291991724150765,1.0,True,False
0.3548280280131647,0.0,False,0.0,0.0,1.0,0.9625000000000001,0.16666666666666666,0.5833121294927298,0.29064915665592306,0.18276939318348728,1.0,True,False
0.3548280280131647,0.0,False,0.0,1.0,0.875,0.9125000000000001,0.16666666666666666,0.13044384583114924,0.026119572408754236,0.5294702870836978,1.0,True,False
0.39619142062674795,1.0,False,0.0,1.0,0.875,0.7750000000000001,0.5,0.3107517667589152,0.19582119397270006,0.392781398022912,1.0,False,False
0.18235264390969064,0.0,False,1.0,0.0,1.0,1.0,0.16666666666666666,0.09253886328708762,0.07856607853026894,0.44409609480797596,1.0,True,False
0.38726296921646075,0.5,True,0.0,1.0,1.0,1.0,0.3333333333333333,0.33541278264283886,0.11217647232208935,0.31209171220014276,1.0,False,False
0.22820532932234439,0.0,False,1.0,0.0,0.75,0.8125,0.16666666666666666,0.10034904041000098,0.08270747728598563,0.5611065663096584,1.0,True,False
0.3535551327957952,0.5,True,1.0,0.0,1.0,0.9625000000000001,0.3333333333333333,0.3370959884647477,0.07502232047209671,0.2835445353571986,1.0,False,False
0.18999651059371547,0.0,False,1.0,0.0,0.75,0.8,0.0,0.1308270313242293,0.09357400761149573,0.5510121560204595,1.0,True,False
0.2114400734862546,0.0,False,1.0,0.0,0.875,0.7250000000000001,0.16666666666666666,0.14482415348787334,0.060551453315397484,0.4670099217314285,1.0,True,False
0.23071219467756687,0.0,False,0.0,1.0,1.0,0.9625000000000001,0.16666666666666666,0.47863347844608845,0.17333907430235176,0.19166841581463,1.0,True,False
0.25764137249870733,0.0,False,0.0,1.0,0.875,0.8875,0.16666666666666666,0.04943012356138865,0.06273596138319573,0.5629160763594647,1.0,True,False
0.21787913240949408,0.0,False,0.0,0.0,1.0,0.925,0.16666666666666666,0.08247889656196479,0.04262601809202853,0.6023811757036506,1.0,True,False
0.09835306947193512,0.0,False,1.0,0.0,1.0,0.9125000000000001,0.16666666666666666,0.5628347336458215,0.16352264773759173,0.1861345818425746,1.0,True,False
0.20703917708001895,0.0,False,1.0,0.0,0.75,0.7750000000000001,0.16666666666666666,0.08671295820850453,0.10121592076741127,0.5337983044401651,1.0,True,False
0.1944573559628856,0.0,False,1.0,0.0,1.0,0.925,0.16666666666666666,0.026229722201340188,0.04876563384538375,0.5973011790708176,1.0,True,False
0.17921840882110474,0.0,False,1.0,0.0,0.75,0.8500000000000001,0.16666666666666666,0.11531480098307965,0.08584545620630225,0.5657457390906229,1.0,True,False
0.2114400734862546,0.0,False,1.0,0.0,0.875,0.8875,0.16666666666666666,0.5263306030364819,0.09247717094638584,0.16799896606559717,1.0,True,False
0.7023098727792906,1.0,True,0.0,1.0,1.0,1.0,0.5,0.27615287782565545,0.11144333777205655,0.3139129537813876,1.0,False,False
0.4047684125653369,0.5,False,0.0,1.0,1.0,1.0,0.3333333333333333,0.47808180500265857,0.033645777731458,0.2082222702455543,1.0,False,False
0.20564546873051193,0.0,False,0.0,0.0,1.0,0.925,0.16666666666666666,0.1319866701879825,0.03822209345215545,0.40356942603080914,1.0,True,False
0.13606979892523585,0.0,False,0.0,0.0,0.75,0.8375000000000001,0.16666666666666666,0.2839574260503238,0.1070137873864207,0.4087450146524778,1.0,True,False
0.25961489543201643,0.0,False,0.0,0.0,0.75,0.825,0.16666666666666666,0.08153655195460505,0.07675642829919611,0.5289124115943753,1.0,True,False
0.2543119233276806,0.0,False,0.0,1.0,0.875,0.8125,0.16666666666666666,0.08049070614017781,0.10520362083543779,0.630262115126851,1.0,True,False
0.3403997173291772,0.0,False,0.0,1.0,1.0,1.0,0.16666666666666666,0.12311369839936841,0.11677451017563424,0.5353544309884983,1.0,False,False
0.19268396044224734,0.0,True,1.0,0.0,1.0,0.8500000000000001,0.16666666666666666,0.1983688478864019,0.027575796771720253,0.3553811313606332,1.0,True,False
0.22464655223625163,0.0,True,0.0,0.0,1.0,0.9750000000000001,0.16666666666666666,0.12554249610527463,0.08770727781311438,0.5545248668025446,1.0,True,False
0.2540881408954355,0.0,False,1.0,0.0,0.875,0.9000000000000001,0.16666666666666666,0.1728131875672453,0.14583537157366783,0.4168992045370379,1.0,True,False
0.40194675843297467,0.5,False,1.0,0.0,1.0,0.9125000000000001,0.16666666666666666,0.27097299439274497,0.0989961360216231,0.3175686488330176,1.0,False,False
0.1491384508511061,0.0,True,0.0,0.0,1.0,0.9875,0.0,0.20872707642935695,0.06468804400501854,0.38584563473909594,1.0,True,False
0.15591777176702204,0.0,True,1.0,0.0,1.0,0.925,0.16666666666666666,0.5265976169063419,0.08676395167705529,0.16789258245823335,1.0,True,False
0.23709820784555535,0.0,False,0.0,0.0,1.0,1.0,0.16666666666666666,0.23686418728764347,0.2290850695294926,0.4419304859279023,1.0,True,False
0.08660377490514592,0.0,False,0.0,0.0,1.0,0.9125000000000001,0.16666666666666666,0.5415290034255337,0.15268855240495116,0.16149717250048323,1.0,True,False
0.09185166783053156,0.0,False,1.0,0.0,0.875,0.8375000000000001,0.16666666666666666,0.09670570226659127,0.13809441550408116,0.4798946359543659,1.0,True,False
0.16112476655243813,0.0,True,1.0,0.0,0.875,0.925,0.16666666666666666,0.3648970366727346,0.1385048421681494,0.462125563580535,1.0,True,False
0.25961489543201643,0.0,True,1.0,0.0,1.0,0.9750000000000001,0.16666666666666666,0.34055519743676194,0.15794627118090698,0.43344816221496685,1.0,True,False
0.27026488318664244,0.0,False,1.0,0.0,1.0,0.9625000000000001,0.16666666666666666,0.210048961635043,0.130711175672011,0.5278108705289832,1.0,True,False
0.5435772884544362,1.0,False,0.0,1.0,1.0,0.9625000000000001,0.3333333333333333,0.5141744117542147,0.17049284442643478,0.16717818695636355,1.0,False,False
0.1988287154944829,0.0,False,1.0,0.0,1.0,0.925,0.16666666666666666,0.5505674165257372,0.24651828345087012,0.20328805007290507,1.0,True,False
0.13021977345814928,0.0,False,1.0,0.0,1.0,0.9125000000000001,0.16666666666666666,0.6021411709697546,0.08043083803974439,0.12931045633849725,1.0,True,False
0.2518375857528897,0.0,False,1.0,0.0,1.0,0.9750000000000001,0.16666666666666666,0.13605857136887642,0.10419537997047713,0.5339441778717848,1.0,True,False
0.16654509119764926,0.0,False,0.0,1.0,0.75,0.675,0.16666666666666666,0.0404264033875258,0.03097213452897512,0.5014030889110381,1.0,True,False
0.25764137249870733,0.0,True,0.0,1.0,1.0,1.0,0.16666666666666666,0.1407455101670786,0.1075102416183484,0.5217077817551432,1.0,True,False
0.26606713675735716,0.0,False,1.0,0.0,1.0,1.0,0.16666666666666666,0.3516243417384423,0.20512932109658266,0.36883226150937487,1.0,True,False
0.13988435166420954,0.0,False,1.0,0.0,0.625,0.6625000000000001,0.3333333333333333,0.4683690860466066,0.08466732616106236,0.2517636323333283,1.0,True,False
0.12134525838825938,0.0,True,1.0,0.0,1.0,1.0,0.16666666666666666,0.3785025977971956,0.038423471510106055,0.34819010326974364,1.0,True,False
0.19738131690723237,0.0,False,0.0,1.0,0.75,0.5875,0.16666666666666666,0.15942052883110863,0.11564328508099121,0.38164461441609854,1.0,True,False
0.1055532308386048,0.0,False,0.0,0.0,1.0,0.9500000000000002,0.16666666666666666,0.6102950210925624,0.24716767150696853,0.16492581780717908,1.0,True,False
0.4694884186519327,0.5,False,0.0,1.0,0.875,0.75,0.16666666666666666,0.3314915969400437,0.22349094260140043,0.36325813388282624,1.0,False,False
0.09835306947193512,0.0,False,0.0,0.0,0.75,0.8375000000000001,0.16666666666666666,0.3760516642164098,0.11677070324408977,0.27806072006363114,1.0,True,False
0.36448241453966534,0.75,False,0.0,1.0,1.0,0.875,0.3333333333333333,0.3273772555717488,0.12751141506925964,0.39291095471905324,1.0,False,False
0.3476604067009895,0.0,False,0.0,0.0,0.875,0.7875000000000001,0.16666666666666666,0.4398891081183217,0.08360578594381807,0.23211431999050092,1.0,True,False
0.1944573559628856,0.5,False,0.0,1.0,0.75,0.7875000000000001,0.16666666666666666,0.5639104793834095,0.16090701309196276,0.16127193521165517,1.0,False,True
0.28821404423334107,0.0,False,0.0,1.0,1.0,1.0,0.16666666666666666,0.3532679407352123,0.3141055100438788,0.25688141762140737,1.0,True,False
0.13021977345814928,0.0,False,1.0,0.0,0.875,0.8875,0.16666666666666666,0.5831354577517314,0.23296672130589957,0.14205630847093742,1.0,True,False
0.3605344981575084,0.5,False,1.0,0.0,1.0,1.0,0.3333333333333333,0.15925468220791408,0.06297034376833205,0.3844915979155581,1.0,False,False
0.31821340496542716,0.0,True,1.0,0.0,1.0,1.0,0.16666666666666666,0.12525372031656354,0.03193245930393389,0.548446491141019,1.0,True,False
0.1491384508511061,0.0,False,0.0,0.0,1.0,0.8875,0.16666666666666666,0.2004745034319034,0.06854496055967427,0.38704129578444624,1.0,True,False
0.18999651059371547,0.0,False,1.0,0.0,1.0,0.8375000000000001,0.16666666666666666,0.11742556046017168,0.09931300225686022,0.45783730874393336,1.0,True,False
0.15974835452086278,0.0,False,1.0,0.0,1.0,0.7875000000000001,0.16666666666666666,0.16454844100171453,0.019043930561684477,0.4203070676285894,1.0,True,False
0.26606713675735716,0.0,False,1.0,0.0,0.875,0.9000000000000001,0.16666666666666666,0.1269688483170018,0.02928102432342218,0.5557967939903568,1.0,True,False
0.16654509119764926,0.0,False,0.0,0.0,1.0,0.9375,0.16666666666666666,0.36138787105997866,0.17096557690949005,0.49328873012296204,1.0,True,False
0.3684925690922315,0.0,False,1.0,0.0,0.875,0.9750000000000001,0.16666666666666666,0.2256571091430731,0.1793479682222456,0.47054008007128423,1.0,True,False
0.39920315882380175,0.75,False,0.0,1.0,0.875,0.7625,0.3333333333333333,0.3417264335476857,0.05522802016978542,0.3586135438433231,1.0,False,False
0.25764137249870733,0.0,False,0.0,1.0,1.0,0.9500000000000002,0.16666666666666666,0.13454051032240819,0.09801131372829634,0.5416838320752211,1.0,True,False
0.260703623183438,0.0,True,0.0,0.0,1.0,0.9625000000000001,0.16666666666666666,0.2086607574509682,0.1158351384973574,0.4273414184597828,1.0,True,False
0.24841756378014168,0.25,False,0.0,1.0,0.875,0.8500000000000001,0.16666666666666666,0.19141225497248401,0.10189365720266673,0.3617243215625108,1.0,True,False
0.49337721337879425,0.5,False,0.0,1.0,0.875,0.7750000000000001,0.16666666666666666,0.17589581382912467,0.1442190926556238,0.40218883489156054,1.0,False,False
0.27026488318664244,0.0,False,1.0,0.0,1.0,1.0,0.16666666666666666,0.07276571593685288,0.025861051540903825,0.7114174116398173,1.0,True,False
0.3403997173291772,0.0,False,1.0,0.0,1.0,0.75,0.16666666666666666,0.2740303336438232,0.1236338832024155,0.3146993674795373,1.0,True,False
0.2804185526406079,0.0,False,0.0,1.0,1.0,0.9500000000000002,0.16666666666666666,0.06003200193528882,0.07238652258093112,0.5674402010603041,1.0,True,False
0.26712417837460356,0.0,True,1.0,0.0,0.875,0.925,0.16666666666666666,0.12301789833974254,0.047017069241817554,1.0,1.0,True,False
0.4325274675720995,0.75,False,1.0,0.0,1.0,1.0,0.5,0.18339364961945234,0.05726387555002869,0.40144175724645614,1.0,False,False
0.19738131690723237,0.0,False,0.0,1.0,1.0,1.0,0.16666666666666666,0.1896257789960736,0.057762068567983174,0.3843378302008784,1.0,True,False
0.12420836164543314,0.0,False,1.0,0.0,0.875,0.9500000000000002,0.16666666666666666,0.562832781819864,0.16351865966029763,0.1861357481715693,1.0,True,False
0.2114400734862546,0.0,False,0.0,1.0,0.875,0.8500000000000001,0.16666666666666666,0.10419632236824301,0.08879857404532292,0.6179996273881436,1.0,True,False
0.13606979892523585,0.0,False,0.0,0.0,0.875,0.8875,0.16666666666666666,0.19757359650356185,0.11178423687482322,0.5564734695490352,1.0,True,False
0.44537079669137636,1.0,False,1.0,0.0,0.875,0.875,0.5,0.13643976253514611,0.018822090761974993,0.5304744384084354,1.0,False,False
0.09185166783053156,0.0,False,0.0,0.0,0.875,0.8500000000000001,0.16666666666666666,0.5464925404696838,0.22449394334461242,0.2046501390936042,1.0,True,False
0.37359782496261296,0.0,False,0.0,1.0,0.875,0.9375,0.16666666666666666,0.16162992582147562,0.114350175368635,0.4221272032230152,1.0,False,False
0.1491384508511061,0.0,False,1.0,0.0,0.875,0.8625,0.16666666666666666,0.14106321837786404,0.07185256030941606,0.4314407279628807,1.0,True,False
0.10950116530744503,0.0,False,0.0,0.0,0.75,0.75,0.16666666666666666,0.2007658194886779,0.13901135869618414,0.518989729139059,1.0,True,False
0.3750164055461399,0.5,False,0.0,1.0,0.875,0.875,0.16666666666666666,0.2055862714134822,0.0740771581049723,0.6235245525573172,1.0,False,False
0.29125579931123713,0.0,False,0.0,1.0,1.0,0.9375,0.16666666666666666,0.06428168044862881,0.018307664556248698,0.47192127367298675,1.0,True,False
0.22464655223625163,0.0,False,0.0,1.0,1.0,0.875,0.16666666666666666,0.23461819812250506,0.04021173271512777,0.39264372292255967,1.0,True,False
0.18999651059371547,0.0,False,1.0,0.0,0.875,0.925,0.16666666666666666,0.5021491903157235,0.1306346043845586,0.19581916543539957,1.0,True,False
0.2543119233276806,0.0,False,0.0,0.0,1.0,0.9125000000000001,0.16666666666666666,0.25608265441331735,0.19671359638777705,0.41850231016606854,1.0,True,False
0.15591777176702204,0.0,False,1.0,0.0,0.5,0.75,0.16666666666666666,0.32218132041234226,0.10004235746912125,0.31994441012207187,1.0,True,False
0.31143623952626565,0.0,False,1.0,0.0,1.0,0.9625000000000001,0.16666666666666666,0.17410478250720146,0.14268517628398486,0.4036396754648739,1.0,True,False
0.32070147190330356,0.25,False,1.0,0.0,0.625,0.7125,0.16666666666666666,0.2132048788867459,0.11405823722844415,0.42482446594228174,1.0,False,False
0.573561891374886,1.0,False,1.0,0.0,1.0,1.0,0.5,0.32365055456784436,0.08162917906047983,0.29060728664727886,1.0,False,False
0.17281137281862657,0.25,False,1.0,0.0,0.75,1.0,0.16666666666666666,0.08067947337655058,0.046965780596273314,0.6386514144544633,1.0,True,False
0.15974835452086278,0.0,False,1.0,0.0,1.0,0.8375000000000001,0.16666666666666666,0.22125122990510102,0.08318734157044705,0.38680216671393297,1.0,True,False
0.2764136758772201,0.0,True,1.0,0.0,0.875,0.9375,0.16666666666666666,0.120042352909483,0.03682384582445019,0.5258310441222576,1.0,True,False
0.4583777304799027,0.5,False,1.0,0.0,0.875,0.8500000000000001,0.5,0.12882165721093797,0.06530995099552436,0.46629019183373566,1.0,False,False
0.3365999440394677,0.5,False,0.0,1.0,0.875,0.9000000000000001,0.16666666666666666,0.01447550038463731,0.046836073864727705,0.5796827727937617,1.0,True,False
0.14511497704022547,0.0,False,0.0,0.0,0.875,0.8875,0.16666666666666666,0.23284589237638817,0.1440910585127699,0.3520536768997353,1.0,True,False
0.25983307656246224,0.25,True,0.0,0.0,1.0,0.9500000000000002,0.16666666666666666,0.5359740371528934,0.1598069627997504,0.18252507751694136,1.0,True,False
0.5455845191194862,0.0,False,0.0,0.0,1.0,1.0,0.16666666666666666,0.1959806641595125,0.11032725622754429,0.35672968598027466,1.0,True,False
0.08660377490514592,0.0,False,1.0,0.0,1.0,0.9125000000000001,0.16666666666666666,0.45481612615177996,0.09957018191902528,0.22812202078712396,1.0,True,False
0.29012011082306344,0.0,False,1.0,0.0,1.0,0.9375,0.16666666666666666,0.17824201834037245,0.15430306568702087,0.4099349768749734,1.0,True,False
0.1473188028714355,0.0,True,0.0,0.0,1.0,0.9750000000000001,0.16666666666666666,0.2925670178194353,0.0759770710058306,0.36181255141778057,1.0,True,False
0.33797550739025606,0.5,True,0.0,1.0,0.875,0.9375,0.3333333333333333,0.19207640947068907,0.07895202500755678,0.39276661213941244,1.0,False,False
0.25961489543201643,0.0,False,0.0,0.0,1.0,0.9750000000000001,0.16666666666666666,0.2825997966574371,0.12977303953193065,0.40455625761913105,1.0,True,False
0.15766729729734064,0.0,True,1.0,0.0,1.0,0.9750000000000001,0.16666666666666666,0.21622686602119248,0.07420795354145295,0.3774016606029924,1.0,True,False
0.10950116530744503,0.0,False,0.0,1.0,1.0,1.0,0.16666666666666666,0.43878050719752953,0.10771647992118215,0.2180229655704804,1.0,True,False
0.16654509119764926,0.0,False,0.0,0.0,1.0,0.8875,0.16666666666666666,0.20360858763266687,0.04739112400421103,0.3873254059799791,1.0,True,False
0.2114400734862546,0.0,False,1.0,0.0,1.0,0.8875,0.16666666666666666,0.06873569543841039,0.03379575533138992,0.6798584774611074,1.0,True,False
0.18999651059371547,0.0,False,1.0,0.0,0.875,0.8875,0.16666666666666666,0.0569246972813008,0.060507874669586174,0.6494794457203787,1.0,True,False
0.29922617658697714,0.0,False,0.0,0.0,1.0,0.925,0.16666666666666666,0.18077784108471984,0.15926315953524425,0.429054395642644,1.0,True,False
0.2540881408954355,0.0,False,0.0,1.0,1.0,1.0,0.16666666666666666,0.20591949938798476,0.1258756666381692,0.3655426693458106,1.0,True,False
0.49597522721943454,0.5,False,0.0,1.0,1.0,1.0,0.3333333333333333,0.2648926678526514,0.08241411346692717,0.5245936680760133,1.0,False,False
0.13021977345814928,0.0,False,1.0,0.0,1.0,1.0,0.16666666666666666,0.36473584846135404,0.07157489997363872,0.36755249001119084,1.0,True,False
0.46731113806737057,1.0,False,0.0,1.0,0.25,0.25,0.5,0.33746981870124626,0.06747669280031925,0.33527441284322745,1.0,False,False
0.41887953122150334,0.75,False,0.0,0.0,1.0,1.0,0.5,0.16155574853809962,0.13202711364400008,0.5691947510991451,1.0,False,False
0.2114400734862546,0.0,False,0.0,0.0,0.75,0.5,0.16666666666666666,0.13656643187179066,0.10270751237397606,0.4157715488693392,1.0,True,False
0.1763585301969256,0.0,True,1.0,0.0,0.875,0.9500000000000002,0.16666666666666666,0.35464855487024455,0.3197925046620249,0.26550152381765924,1.0,True,False
0.29922617658697714,0.5,False,0.0,1.0,0.875,0.8500000000000001,0.16666666666666666,0.1127813357944527,0.08407744864730711,0.42336547629043153,1.0,True,False
0.10950116530744503,0.0,False,0.0,0.0,0.75,0.8125,0.16666666666666666,0.3260725240101639,0.11501327526626087,0.31868648284097456,1.0,True,False
0.14511497704022547,0.25,False,0.0,1.0,0.875,0.8,0.16666666666666666,0.190739907346012,0.02224066509837055,0.3748956591731958,1.0,True,False
0.25983307656246224,0.5,True,0.0,0.0,1.0,0.9375,0.16666666666666666,0.25436223437938993,0.0014191597893029205,0.3817809990029333,1.0,True,False
1.0,0.0,False,0.0,1.0,0.875,0.8,0.16666666666666666,0.5284692127968927,0.09744488343800119,0.24423095574107867,1.0,False,False
0.3257551787117082,0.0,False,1.0,0.0,1.0,0.9625000000000001,0.16666666666666666,0.1921673323491058,0.21427814987973684,0.43047666653440664,1.0,True,False
0.344134369123266,0.0,False,0.0,1.0,0.875,0.825,0.0,0.12358312005081497,0.07388525603383007,0.6133254526727467,1.0,False,False
0.49150234099784906,1.0,False,0.0,1.0,1.0,0.875,0.3333333333333333,0.036794144264385084,0.07091064388541429,0.6085660080871755,1.0,False,False
0.17921840882110474,0.0,False,1.0,0.0,1.0,1.0,0.16666666666666666,0.037246965489096936,0.07712101238341242,0.6114825099040024,1.0,True,False
0.19119502627069151,0.0,False,1.0,0.0,0.875,0.8375000000000001,0.16666666666666666,0.06126693054687962,0.0515164711896771,0.7204861008305135,1.0,True,False
0.5471070814015672,1.0,False,0.0,1.0,0.875,0.875,0.3333333333333333,0.05056805547951945,0.07439867709290177,0.6607801240522739,1.0,False,False
0.18235264390969064,0.0,True,0.0,0.0,1.0,0.9500000000000002,0.16666666666666666,0.6583640791806475,0.21438539486150718,0.1548819772983272,1.0,True,False
0.53206932159522,1.0,False,0.0,1.0,0.875,0.8500000000000001,0.5,0.07810426265427046,0.0384623670308268,0.6079768518179816,1.0,False,False
0.19738131690723237,0.0,False,1.0,0.0,0.875,0.8875,0.16666666666666666,0.20463619101699815,0.07776743453365213,0.3830127615210639,1.0,True,False
0.13021977345814928,0.0,False,0.0,1.0,1.0,0.75,0.16666666666666666,0.16118189861204965,0.09811366564747319,0.3808857932133114,1.0,True,False
0.18235264390969064,0.0,False,0.0,0.0,1.0,0.925,0.16666666666666666,0.10326128660751104,0.08220855778992159,0.6214207976645283,1.0,True,False
0.13021977345814928,0.0,False,0.0,1.0,0.875,0.875,0.16666666666666666,0.4269507877916781,0.07380600130391383,0.22687568021899462,1.0,True,False
0.3263988153189793,0.0,False,0.0,1.0,0.625,0.5,0.16666666666666666,0.17818258617159122,0.11062223260971382,0.46036805107463197,1.0,False,False
0.3281590761255734,0.0,False,0.0,0.0,1.0,0.75,0.16666666666666666,0.16364155831871535,0.07487819601460889,0.37986780753513316,1.0,True,False
0.32879566198707366,0.0,True,1.0,0.0,0.875,0.9750000000000001,0.16666666666666666,0.3023174017461406,0.18599798802739337,0.2912416463729677,1.0,True,False
0.18999651059371547,0.0,True,0.0,0.0,1.0,0.9500000000000002,0.16666666666666666,0.2309412375014549,0.06755681924775349,0.4192120797732761,1.0,True,False
0.1491384508511061,0.0,False,1.0,0.0,0.875,0.9375,0.16666666666666666,0.1985143090963374,0.046115963181257595,0.3796739236962072,1.0,True,False
0.25764137249870733,0.0,False,1.0,0.0,1.0,0.9375,0.16666666666666666,0.37984040134438407,0.07350377140411077,0.26041017001140143,1.0,True,False
0.21787913240949408,0.0,True,1.0,0.0,1.0,0.9625000000000001,0.16666666666666666,0.0862008402104225,0.06436659380610017,0.4471507805967012,1.0,True,False
0.21252654948093908,0.0,False,1.0,0.0,0.875,0.8875,0.16666666666666666,0.10749045429197676,0.13929112413452552,0.4520096359900061,1.0,True,False
0.40353138354125606,1.0,False,0.0,0.0,1.0,1.0,0.3333333333333333,0.12154120693633012,0.10404139897025418,0.5476207497124015,1.0,False,False
0.19738131690723237,0.0,False,1.0,0.0,0.75,0.9000000000000001,0.3333333333333333,0.12777216967873326,0.10170260900946128,0.547748199305018,1.0,True,False
0.2683858972451899,0.0,False,0.0,1.0,1.0,1.0,0.16666666666666666,0.2301693085237272,0.09149716362921892,0.5674957303622972,1.0,True,False
0.4224241930430631,1.0,False,1.0,0.0,1.0,0.75,0.3333333333333333,0.1967695626162263,0.07959152486123773,0.42401324318607947,1.0,False,False
0.2045240485274159,0.0,False,1.0,0.0,0.75,0.7375,0.16666666666666666,0.14002326523632494,0.06185220331333955,0.40302586316436195,1.0,True,False
0.33116643272016655,0.0,False,0.0,1.0,1.0,0.9500000000000002,0.16666666666666666,0.5331474000014376,0.08206674902864261,0.1703962025963497,1.0,True,False
0.4209716023948956,0.5,False,1.0,0.0,1.0,1.0,0.0,0.39806173596534034,0.08587993606397394,0.26271315039772825,1.0,False,False
0.10062878017869592,0.0,False,1.0,0.0,0.875,0.9125000000000001,0.16666666666666666,0.20314739182760855,0.07624839046732229,0.38623430036767736,1.0,True,False
0.10062878017869592,0.0,False,0.0,1.0,0.75,0.8375000000000001,0.16666666666666666,0.585170928586532,0.24872046599605388,0.14149950415195378,1.0,False,True
0.30901354480187504,0.0,False,1.0,0.0,1.0,1.0,0.16666666666666666,0.26297055190047575,0.028514946329735585,0.3735057495174563,1.0,True,False
0.09372908735777552,0.0,False,0.0,1.0,0.5,0.7125,0.16666666666666666,0.1968490981670345,0.14928532332289088,0.4244231063574111,1.0,True,False
0.25764137249870733,0.0,False,1.0,0.0,0.875,0.9000000000000001,0.16666666666666666,0.07807783009291311,0.10320751231044663,0.4751386722249007,1.0,True,False
0.24841756378014168,0.0,True,0.0,1.0,1.0,1.0,0.16666666666666666,0.23580576238174708,0.01904966361500674,0.37540600037329597,1.0,True,False
0.23685602136352257,0.0,False,0.0,1.0,1.0,0.9125000000000001,0.16666666666666666,0.13627701959080749,0.20044857016370632,0.5152038418343732,1.0,True,False
0.1491384508511061,0.0,False,1.0,0.0,0.875,0.9750000000000001,0.0,0.5593392405027852,0.09780658357544635,0.15122101552582734,1.0,True,False
0.15766729729734064,0.0,False,0.0,0.0,0.875,0.75,0.0,0.5991775097982179,0.07055801272155797,0.13179919031450948,1.0,True,False
0.22464655223625163,0.0,False,0.0,0.0,0.875,0.875,0.16666666666666666,0.2861573302359635,0.2548931026838213,0.31349603423472283,1.0,True,False
0.37243025994377577,0.5,False,0.0,1.0,0.875,0.7625,0.16666666666666666,0.28085451669281813,0.08066437744441844,0.40206820086502426,1.0,False,False
0.21787913240949408,0.0,True,1.0,0.0,1.0,0.9625000000000001,0.16666666666666666,0.15087331442361085,0.08131901170561215,0.3992248130039442,1.0,True,False
0.12010660440501664,1.0,False,1.0,0.0,0.625,0.675,0.5,0.6104933972836007,0.2034882397459254,0.11760378216680811,1.0,True,False
0.22464655223625163,0.0,False,0.0,1.0,1.0,0.9375,0.16666666666666666,0.06535110751773957,0.08224196066989528,0.6086757697455245,1.0,True,False
0.1491384508511061,0.0,False,1.0,0.0,0.625,0.7750000000000001,0.16666666666666666,0.24267126158235183,0.023946526195102562,0.327109755116584,1.0,True,False
0.22464655223625163,0.0,False,0.0,1.0,0.875,0.8375000000000001,0.16666666666666666,0.3875658466285179,0.1373745933048758,0.26452962920603995,1.0,True,False
0.2086999458571831,0.0,True,0.0,1.0,1.0,1.0,0.16666666666666666,0.17153976447006844,0.033359529199416794,0.41246074367078545,1.0,True,False
0.1491384508511061,0.0,True,0.0,0.0,1.0,0.925,0.16666666666666666,0.2514184981183106,0.06089660862486818,0.5647050239335174,1.0,True,False
0.27519771860536413,0.0,True,0.0,0.0,1.0,0.9375,0.16666666666666666,0.07727194154466663,0.06386148170669702,0.5213428217307341,1.0,True,False
0.39039976328592807,0.75,False,0.0,1.0,1.0,0.925,0.3333333333333333,0.22628502895622532,0.07042531144312152,0.58740997849519,1.0,False,False
0.19738131690723237,0.0,False,0.0,1.0,1.0,0.8125,0.16666666666666666,0.12311732602421847,0.0717904269626745,0.412137372291693,1.0,True,False
0.25961489543201643,0.0,True,0.0,0.0,1.0,0.9625000000000001,0.16666666666666666,0.25259036654736666,0.06698479397755173,0.564088330138105,1.0,True,False
0.32720069694255216,0.25,False,0.0,1.0,1.0,1.0,0.16666666666666666,0.14522019490835342,0.13448165361135414,0.5127323909737198,1.0,True,False
0.29012011082306344,0.0,False,0.0,0.0,0.875,0.9375,0.16666666666666666,0.29945559312378367,0.15354049496309352,0.4406971401405675,1.0,True,False
0.241649338240845,0.5,False,1.0,0.0,1.0,0.9375,0.16666666666666666,0.14297277198110556,0.0723176106047275,0.4496720926154594,1.0,True,False
0.10062878017869592,0.0,False,0.0,1.0,0.875,0.875,0.16666666666666666,0.18843633051486552,0.07304695887348264,0.7002809397149363,1.0,True,False
0.2955552537579976,0.0,True,1.0,0.0,1.0,1.0,0.16666666666666666,0.07088959405079184,0.03305700553641153,0.7093533610295997,1.0,True,False
0.22464655223625163,0.0,False,0.0,1.0,1.0,0.8,0.16666666666666666,0.10743808828670241,0.12768483810891,0.44241821363676226,1.0,True,False
0.17921840882110474,0.0,True,1.0,0.0,1.0,0.9750000000000001,0.16666666666666666,0.1471609337612701,0.06449887892569156,0.3918825072209733,1.0,True,False
0.3128086388729142,0.0,False,1.0,0.0,0.875,1.0,0.16666666666666666,0.17757578470068014,0.1843131510122239,0.4796017077073933,1.0,True,False
0.2754008499075643,0.0,False,1.0,0.0,1.0,0.925,0.16666666666666666,0.05051744308242864,0.038349287624548194,0.5270314694682094,1.0,True,False
0.22820532932234439,0.5,True,1.0,0.0,1.0,0.925,0.16666666666666666,0.3520103071202451,0.3463620979151905,0.26535013516335937,1.0,True,False
0.23709820784555535,0.0,False,0.0,0.0,1.0,0.9375,0.16666666666666666,0.20327665842754483,0.12172695761823006,0.437965188544845,1.0,True,False
0.43104151603444596,0.5,False,0.0,1.0,0.875,0.8625,0.16666666666666666,0.30149004874495156,0.06016774744015425,0.30860078662088464,1.0,False,False
0.340248991723305,0.25,False,0.0,1.0,0.875,0.7750000000000001,0.0,0.19314686263938668,0.09829389083664614,0.4332452709343617,1.0,False,False
0.3989729586706482,0.5,False,0.0,1.0,1.0,1.0,0.3333333333333333,0.39515672639701255,0.03741963779676139,0.2873229084649689,1.0,False,False
0.22439011607918624,0.0,False,1.0,0.0,0.5,0.5,0.16666666666666666,0.0800178810884931,0.08231795067902509,0.5330731073954911,1.0,True,False
0.2849349713943329,0.0,True,1.0,0.0,1.0,0.9625000000000001,0.16666666666666666,0.34684815588592327,0.1362428349484935,0.31690701941847643,1.0,True,False
0.5533768195358059,0.5,False,0.0,0.0,0.875,1.0,0.3333333333333333,0.2051468454268641,0.06728709752492128,0.6466467269731657,1.0,False,False
0.39920315882380175,0.5,False,0.0,1.0,0.75,1.0,0.3333333333333333,0.3682087734088169,0.08381845582326793,0.272546490083603,1.0,False,False
0.2518375857528897,0.0,True,1.0,0.0,1.0,0.9750000000000001,0.16666666666666666,0.13485308102492613,0.10566295301064593,0.5353351418302856,1.0,True,False
0.22464655223625163,0.0,True,1.0,0.0,1.0,0.9375,0.16666666666666666,0.09284275013600661,0.08912144564059242,0.5267352531605254,1.0,True,False
0.2114400734862546,0.0,False,0.0,1.0,0.875,0.8625,0.16666666666666666,0.09446319938138392,0.04852911355257612,0.6916726930838939,1.0,True,False
0.21116760599135576,0.0,False,1.0,0.0,0.875,0.925,0.16666666666666666,0.10751562692486231,0.07518610750134586,0.6200458381503282,1.0,True,False
0.497738988109829,0.5,True,0.0,1.0,1.0,0.9750000000000001,0.3333333333333333,0.116465855841405,0.19142211595863964,0.5153601440154612,1.0,False,False
0.1138054726374812,0.0,False,1.0,0.0,1.0,1.0,0.16666666666666666,0.8018828693628111,0.05941301079070357,0.06969346186931102,1.0,True,False
0.39039976328592807,1.0,False,0.0,1.0,1.0,0.9500000000000002,0.3333333333333333,0.2193343396409988,0.07998018919781594,0.3432515389293722,1.0,False,False
0.39920315882380175,0.75,False,0.0,1.0,0.875,0.8125,0.3333333333333333,0.3692920576827355,0.059275163964805276,0.3597835019846485,1.0,False,False
0.3328887509306683,1.0,False,0.0,1.0,0.875,0.9000000000000001,0.3333333333333333,0.18007038170463868,0.1534780328890224,0.46718191072986515,1.0,False,False
0.08660377490514592,0.0,False,0.0,0.0,0.875,0.8125,0.16666666666666666,0.45731095208337663,0.10471814103053563,0.25858356087373724,1.0,True,False
0.16654509119764926,0.0,False,1.0,0.0,1.0,1.0,0.16666666666666666,0.2039134767029529,0.11246468296593132,0.429315352875004,1.0,True,False
0.2440070303170766,0.0,False,0.0,1.0,1.0,0.9375,0.16666666666666666,0.14197786925396785,0.19961887376522064,0.5138264014247662,1.0,True,False
0.23096130238295498,0.0,True,1.0,0.0,1.0,0.9375,0.16666666666666666,0.33706184617576246,0.15345074601461645,0.32300850718282104,1.0,True,False
0.23071219467756687,0.0,True,1.0,0.0,1.0,0.9750000000000001,0.16666666666666666,0.5138768038133322,0.10309701802696802,0.1758052322833097,1.0,True,False
0.1763585301969256,0.0,True,1.0,0.0,1.0,0.925,0.16666666666666666,0.3524810346901958,0.3150337996808859,0.26707649921030985,1.0,True,False
0.23685602136352257,0.0,True,0.0,0.0,1.0,0.9500000000000002,0.16666666666666666,0.20313934566018552,0.06648734195380979,0.6569304446486617,1.0,True,False
0.28239372456641376,0.25,False,0.0,0.0,1.0,1.0,0.16666666666666666,0.06310738191241973,0.01616906577277131,0.7100574469434635,1.0,True,False
0.1491384508511061,0.0,False,0.0,0.0,1.0,0.925,0.16666666666666666,0.7514193081814378,0.13173171040855491,0.08928619340335775,1.0,True,False
0.2086999458571831,0.0,False,1.0,0.0,0.875,0.8625,0.16666666666666666,0.10494087480513027,0.067897729441697,0.6404055922874028,1.0,True,False
0.18235264390969064,0.0,True,0.0,0.0,0.875,0.875,0.16666666666666666,0.20272013562109895,0.1611444251379537,0.44258787619741136,1.0,True,False
0.22694099873152396,0.0,False,0.0,1.0,0.625,0.7375,0.16666666666666666,0.5046874990225569,0.2927781059002613,0.25982460623214165,1.0,True,False
0.23071219467756687,0.0,False,1.0,0.0,1.0,0.75,0.16666666666666666,0.5658990090392781,0.20079303467248596,0.1578774573629509,1.0,True,False
0.2045240485274159,0.0,False,0.0,0.0,0.875,0.925,0.16666666666666666,0.20254343643976716,0.060549076920273205,0.3866655685354341,1.0,True,False
0.2574209848361456,0.0,False,1.0,0.0,1.0,1.0,0.16666666666666666,0.5718897826863649,0.23265561107127494,0.1533523697200867,1.0,True,False
0.12663286180731126,0.0,False,0.0,0.0,0.875,0.925,0.16666666666666666,0.30451380472294404,0.1480450174450438,0.43044873550207363,1.0,True,False
0.32494795039328717,0.75,False,0.0,1.0,0.625,0.5625,0.5,0.4290061077823791,0.34321228085090244,0.34875347379656363,1.0,False,False
0.3124663484708553,0.25,False,1.0,0.0,1.0,0.9750000000000001,0.3333333333333333,0.14607644975006273,0.16412352446102307,0.5346246127411438,1.0,True,False
0.4192995552929569,1.0,True,0.0,1.0,1.0,0.925,0.3333333333333333,0.12289791265309748,0.20078764585474634,0.5167350050792783,1.0,False,False
0.28821404423334107,0.5,False,1.0,0.0,0.875,0.9000000000000001,0.16666666666666666,0.2287727283322911,0.15586471142094777,0.42621089775129106,1.0,True,False
0.33751795036703236,0.5,False,0.0,1.0,0.875,0.8375000000000001,0.3333333333333333,0.3914753740089081,0.09433957596998839,0.432973096362929,1.0,True,False
0.2449430109122971,0.0,True,1.0,0.0,1.0,0.9500000000000002,0.16666666666666666,0.4206343463872512,0.05220099802299767,0.27094215516570896,1.0,True,False
0.32720069694255216,0.25,False,0.0,1.0,1.0,1.0,0.16666666666666666,0.1358597837696822,0.16188281896749235,0.512989309304918,1.0,True,False
0.3124663484708553,0.5,False,0.0,1.0,0.625,0.7625,0.3333333333333333,0.19009624860012714,0.04413982484717277,0.3905581435264307,1.0,False,False
0.1944573559628856,0.0,False,1.0,0.0,0.625,0.75,0.16666666666666666,0.5544463396644468,0.22927077892668335,0.161844229225506,1.0,True,False
0.5583656607005282,1.0,False,0.0,1.0,0.75,0.75,0.16666666666666666,0.08399044879983868,0.0981056355085175,0.6292073121447339,1.0,True,False
