realSum,person_capacity,host_is_superhost,multi,biz,cleanliness_rating,guest_satisfaction_overall,bedrooms,dist,metro_dist,attr_index,room_type_Private room,room_type_Shared room
0.4155966007039439,0.5,False,0.0,1.0,1.0,0.8875,0.16666666666666666,0.12172391051346483,0.15337288762723233,0.49995478660423287,False,False
0.19268396044224734,0.0,True,1.0,0.0,1.0,0.8500000000000001,0.16666666666666666,0.1983688478864019,0.027575796771720253,0.3553811313606332,True,False
0.18235264390969064,0.5,False,0.0,1.0,0.875,0.8500000000000001,0.16666666666666666,0.18862462516289694,0.016722858764083155,0.37633375301222727,True,False
0.36039707916672026,0.25,False,0.0,1.0,1.0,0.8875,0.16666666666666666,0.16530848309052748,0.019898347493317776,0.42013416690102146,False,False
0.22464655223625163,0.25,False,1.0,0.0,0.875,0.8875,0.16666666666666666,0.21078040213772833,0.0644522428360423,0.37799078851015233,True,False
0.3373652176169438,0.25,False,0.0,1.0,0.875,1.0,0.3333333333333333,0.29584835757317834,0.1709579468387987,0.4135442924968207,False,False
0.1527327886607558,0.25,False,0.0,1.0,0.875,0.825,0.16666666666666666,0.18596672824626764,0.01898428079932486,0.3750840316112287,True,False
0.19709067998233032,0.0,False,0.0,0.0,0.875,0.9500000000000002,0.16666666666666666,0.16511458884598404,0.14344482432920855,0.45329377955444183,True,False
0.2543119233276806,0.5,False,1.0,0.0,0.875,0.8,0.16666666666666666,0.10383470129596592,0.08522855289393749,0.6186933823837848,True,False
0.16654509119764926,0.0,False,1.0,0.0,0.875,0.8875,0.16666666666666666,0.2064857366615959,0.06770978203463048,0.3904445527902576,True,False
0.2218090196175725,0.0,False,1.0,0.0,0.875,0.8,0.16666666666666666,0.10970654489153758,0.08908482932340353,0.5021845906093247,True,False
0.21787913240949408,0.0,True,1.0,0.0,1.0,0.9750000000000001,0.16666666666666666,0.25373786614636934,0.09016704596094267,0.5329549173674826,True,False
0.37164839339344924,0.0,False,1.0,0.0,0.875,0.8875,0.16666666666666666,0.17411587712468707,0.13985370430594107,0.41581165179694346,True,False
0.27519771860536413,0.0,True,0.0,0.0,1.0,0.9375,0.16666666666666666,0.07727194154466663,0.06386148170669702,0.5213428217307341,True,False
0.14511497704022547,0.25,False,0.0,1.0,0.875,0.8,0.16666666666666666,0.190739907346012,0.02224066509837055,0.3748956591731958,True,False
0.1138054726374812,0.0,False,1.0,0.0,0.75,0.8,0.16666666666666666,0.2972685021634578,0.00931379120662755,0.32660103438316845,True,False
0.16654509119764926,0.0,False,1.0,0.0,0.75,0.8375000000000001,0.16666666666666666,0.01850617144353632,0.0595670378543403,0.5253019011819238,True,False
0.5867478967794045,1.0,True,0.0,0.0,1.0,0.9875,0.5,0.21476785792594152,0.030992344336972275,0.7707299770234757,False,False
0.4155966007039439,0.5,False,0.0,1.0,1.0,0.8875,0.16666666666666666,0.13173776666495385,0.1408098236110684,0.49233371265775383,False,False
0.3996628308902873,0.5,False,0.0,1.0,0.875,0.9000000000000001,0.16666666666666666,0.18235512830028675,0.14437963328994755,0.4615485120797762,False,False
0.10062878017869592,0.0,False,0.0,1.0,0.875,0.875,0.16666666666666666,0.18843633051486552,0.07304695887348264,0.7002809397149363,True,False
0.497738988109829,0.5,True,0.0,1.0,1.0,0.9750000000000001,0.3333333333333333,0.116465855841405,0.19142211595863964,0.5153601440154612,False,False
0.1527327886607558,0.0,False,1.0,0.0,0.75,0.8625,0.16666666666666666,0.2011162160085259,0.10592193645531241,0.38668207164419144,True,False
0.20731685231026986,0.0,False,1.0,0.0,0.875,0.8625,0.16666666666666666,0.09556772571199317,0.056762389608790945,0.6574722319106889,True,False
0.21787913240949408,0.0,False,1.0,0.0,0.875,0.9125000000000001,0.16666666666666666,0.14926412657114546,0.09665794489958292,0.450406430282267,True,False
0.25852070104109537,0.25,True,1.0,0.0,1.0,0.9625000000000001,0.16666666666666666,0.066405280225658,0.06986736705111112,0.5207117592632873,True,False
0.19298053037583862,0.0,False,0.0,0.0,1.0,0.925,0.16666666666666666,0.10692060499107707,0.08053256683018974,0.611214852142755,True,False
0.26521779620799124,0.0,False,0.0,0.0,0.875,0.9375,0.16666666666666666,0.08764589173745657,0.030044395594257325,0.7788202732715646,True,False
0.37164839339344924,0.0,False,0.0,0.0,0.875,0.9125000000000001,0.16666666666666666,0.12323465361543369,0.07406981029991938,0.6115895591654814,True,False
0.15591777176702204,0.0,False,1.0,0.0,1.0,0.8500000000000001,0.16666666666666666,0.10905463950152523,0.09299302883057364,0.5458972894814165,True,False
0.4335125024724086,0.75,False,0.0,1.0,0.875,0.8500000000000001,0.3333333333333333,0.07456916995134062,0.04160788883529785,0.664673350251034,False,False
0.15058330790537056,0.0,True,1.0,0.0,1.0,0.925,0.16666666666666666,0.20608010186658857,0.03717976607473119,0.8741266950797137,True,False
0.16654509119764926,0.0,False,1.0,0.0,1.0,0.9375,0.16666666666666666,0.10330615634265047,0.055996571090139446,0.5039595177407532,True,False
0.17921840882110474,0.0,False,0.0,1.0,0.75,0.825,0.16666666666666666,0.19803244953721355,0.04967149549162109,0.38080471053153664,True,False
0.25764137249870733,0.0,False,1.0,0.0,0.875,0.9000000000000001,0.16666666666666666,0.07807783009291311,0.10320751231044663,0.4751386722249007,True,False
0.1744308782194427,0.0,False,1.0,0.0,1.0,0.9000000000000001,0.16666666666666666,0.15947174659638028,0.037642966029501845,0.3888806679557344,True,False
0.1744308782194427,0.0,False,1.0,0.0,1.0,0.9375,0.16666666666666666,0.16436855355967694,0.029350178620636783,0.38718052778323875,True,False
0.13021977345814928,0.0,False,1.0,0.0,0.625,0.8125,0.16666666666666666,0.20901336302183487,0.1276529903621076,0.4932947296054613,True,False
0.19738131690723237,0.0,False,0.0,0.0,0.875,0.825,0.16666666666666666,0.07880582511504887,0.009983195567772565,0.8977124686174838,True,False
0.22464655223625163,0.0,False,0.0,0.0,0.875,0.925,0.16666666666666666,0.21086270625457748,0.2158330511231675,0.45315915132941664,True,False
0.15766729729734064,0.0,True,1.0,0.0,1.0,0.9750000000000001,0.16666666666666666,0.21622686602119248,0.07420795354145295,0.3774016606029924,True,False
0.15058330790537056,0.0,True,0.0,1.0,1.0,0.9625000000000001,0.16666666666666666,0.22974991339977402,0.05773485518928053,0.3813767304912523,True,False
0.5555770121102873,1.0,False,0.0,1.0,0.75,0.825,0.5,0.0575432101816888,0.053156696766629895,0.5198819605538727,False,False
0.12010660440501664,0.0,False,0.0,0.0,0.75,0.825,0.16666666666666666,0.25749295818629314,0.1114618604585093,0.32967375535431676,True,False
0.25319070602152516,0.0,False,1.0,0.0,0.875,0.9125000000000001,0.16666666666666666,0.12412717838179026,0.07668316742079308,0.5974515752539225,True,False
0.13021977345814928,0.0,False,1.0,0.0,0.75,0.8375000000000001,0.16666666666666666,0.1408207284706302,0.08491354902943728,0.3963311619954233,True,False
0.27026488318664244,0.0,False,1.0,0.0,0.875,0.8875,0.16666666666666666,0.12866842300101244,0.08259463886615577,0.5586103170886925,True,False
0.3684925690922315,0.0,True,0.0,0.0,1.0,0.9500000000000002,0.16666666666666666,0.10546092543812753,0.05213445275932283,0.6122926819913301,True,False
0.19738131690723237,0.0,False,0.0,0.0,0.75,0.8625,0.16666666666666666,0.10174232782032967,0.05724814923570574,0.632588559906506,True,False
0.5094931291282306,0.75,False,0.0,1.0,0.875,0.7750000000000001,0.3333333333333333,0.20783901765478963,0.049266374412783115,0.8122875068098856,False,False
0.4630619129380963,0.75,True,0.0,1.0,1.0,0.9500000000000002,0.16666666666666666,0.1262108826952399,0.0735235713119013,0.47712959756107187,False,False
0.2440070303170766,0.0,True,1.0,0.0,1.0,0.9375,0.16666666666666666,0.10273864739971007,0.04226528324029433,0.631900441919679,True,False
0.2440070303170766,0.0,False,0.0,1.0,0.75,0.8125,0.16666666666666666,0.06278466209459195,0.11767867923716753,0.5206079949322389,True,False
0.2086999458571831,0.0,False,1.0,0.0,1.0,0.8875,0.16666666666666666,0.11311946343665748,0.06147024783307536,0.579413746282335,True,False
0.27519771860536413,0.0,False,1.0,0.0,0.875,0.875,0.16666666666666666,0.13232477949382346,0.045472289220257145,0.5557040533321125,True,False
0.1763585301969256,0.0,True,0.0,0.0,1.0,0.9375,0.16666666666666666,0.29343175225305734,0.21346258462272064,0.40484913251913635,True,False
0.13021977345814928,0.0,True,1.0,0.0,1.0,0.9125000000000001,0.16666666666666666,0.19978856209221804,0.0808836271471372,0.3872147041576597,True,False
0.23564103507180223,0.0,False,0.0,0.0,1.0,0.9125000000000001,0.16666666666666666,0.05503621041088268,0.06823997469947746,0.5956720590205131,True,False
0.2114400734862546,0.0,False,0.0,0.0,1.0,1.0,0.16666666666666666,0.1357146378845865,0.053635009429381104,0.5446399527996919,True,False
0.22464655223625163,0.0,True,0.0,0.0,1.0,0.9375,0.16666666666666666,0.16923368095110689,0.020225731004524565,0.3977192691763711,True,False
0.16654509119764926,0.0,False,1.0,0.0,0.875,0.875,0.16666666666666666,0.21632703070494955,0.09590960428171151,0.357008307077181,True,False
0.4134520286673712,0.5,True,0.0,1.0,1.0,0.875,0.16666666666666666,0.1155437699794629,0.04461068354613953,0.5297081766513025,False,False
0.4134520286673712,0.5,True,0.0,1.0,1.0,1.0,0.16666666666666666,0.11554271732880549,0.04461384392652424,0.5297068735740549,False,False
0.5758242396935754,1.0,True,0.0,1.0,1.0,0.9000000000000001,0.5,0.11554190099823987,0.044616202351920396,0.5297060223405445,False,False
0.10950116530744503,0.0,False,0.0,0.0,0.75,0.8125,0.16666666666666666,0.3260725240101639,0.11501327526626087,0.31868648284097456,True,False
0.41030442485755503,0.5,False,1.0,0.0,1.0,0.9000000000000001,0.3333333333333333,0.11629263702580996,0.07508259110392902,0.5811679020429397,True,False
0.21787913240949408,0.0,False,1.0,0.0,1.0,0.9000000000000001,0.16666666666666666,0.15794699189686323,0.0412959434639323,0.38902236331446427,True,False
0.18999651059371547,0.0,False,1.0,0.0,1.0,0.9000000000000001,0.16666666666666666,0.1579479444333999,0.041293567289532006,0.3890220455967759,True,False
0.2114400734862546,0.0,True,0.0,0.0,1.0,0.9500000000000002,0.16666666666666666,0.04316367593965478,0.0769643480852072,0.6003569745803088,True,False
0.1744308782194427,0.0,False,1.0,0.0,1.0,0.8500000000000001,0.16666666666666666,0.15794686587409557,0.041296882534811674,0.3890220977080332,True,False
0.16654509119764926,0.0,False,0.0,0.0,1.0,0.9125000000000001,0.16666666666666666,0.014579030653101371,0.04805320559988038,0.5263092966296405,True,False
0.13950588713035217,0.0,False,1.0,0.0,1.0,0.9000000000000001,0.16666666666666666,0.15794523466347693,0.04129951368878875,0.389023350213094,True,False
0.3328887509306683,0.25,True,0.0,0.0,1.0,0.9500000000000002,0.3333333333333333,0.14932793949720044,0.07271340439701679,0.38989157886199655,False,False
0.1763585301969256,0.0,True,1.0,0.0,1.0,0.9625000000000001,0.16666666666666666,0.5090553823332878,0.12306383139762986,0.17681335244074825,True,False
0.25961489543201643,0.0,False,1.0,0.0,0.875,0.925,0.16666666666666666,0.08347989267836588,0.0467799120712606,0.5086867109986495,True,False
0.10950116530744503,0.0,False,0.0,0.0,1.0,0.9125000000000001,0.16666666666666666,0.23891381865340214,0.028530192843845274,0.6564479210206497,True,False
0.2344192367306569,0.0,True,0.0,0.0,1.0,0.9375,0.16666666666666666,0.06177992721845148,0.0622465770549348,0.6310759297263613,True,False
0.1944573559628856,0.0,False,0.0,1.0,0.75,0.7000000000000001,0.16666666666666666,0.05397217591697963,0.04651149435415224,0.49055621866144894,True,False
0.12010660440501664,0.0,False,0.0,0.0,0.875,0.925,0.16666666666666666,0.13022375204586656,0.08430400372191539,0.4699136837464546,True,False
0.2086999458571831,0.0,False,0.0,1.0,0.625,0.75,0.16666666666666666,0.1347660331461151,0.0371530166417478,0.4042758593311353,True,False
0.1854424389653112,0.25,False,0.0,0.0,0.875,0.8625,0.16666666666666666,0.18034660907362116,0.1369545335610997,0.46306084260126035,True,False
0.1944573559628856,0.0,False,0.0,1.0,0.625,0.75,0.16666666666666666,0.032998069732745536,0.044331582356027514,0.508422870797018,True,False
0.18235264390969064,0.0,False,0.0,0.0,1.0,1.0,0.16666666666666666,0.044835419622496986,0.04243388793216634,0.6009316270979663,True,False
0.19738131690723237,0.0,False,1.0,0.0,0.875,0.7875000000000001,0.16666666666666666,0.1604634280722428,0.05193857006193845,0.3995905806602238,True,False
0.23709820784555535,0.0,False,0.0,0.0,1.0,0.9000000000000001,0.16666666666666666,0.12537996901927675,0.12139201424482768,0.5336666094575213,True,False
0.1138054726374812,0.0,True,1.0,0.0,1.0,0.925,0.16666666666666666,0.20204573430654452,0.07235301867133698,0.38656913967640727,True,False
0.20980013490382665,0.0,False,1.0,0.0,0.875,0.875,0.16666666666666666,0.171153828779397,0.03320808175353054,0.39919665550174277,True,False
0.2045240485274159,0.0,False,0.0,0.0,0.875,0.925,0.16666666666666666,0.20254343643976716,0.060549076920273205,0.3866655685354341,True,False
0.18666619388412287,0.0,True,1.0,0.0,0.875,0.9500000000000002,0.16666666666666666,0.2077805079196508,0.06205955800439409,0.6561774289695317,True,False
0.23709820784555535,0.0,False,0.0,0.0,1.0,0.875,0.16666666666666666,0.17649761979219183,0.03642900389415285,0.37603036514633725,True,False
0.1854424389653112,0.0,False,1.0,0.0,1.0,0.925,0.16666666666666666,0.16783674568213755,0.05937858934403497,0.40347088533651787,True,False
0.21787913240949408,0.0,True,1.0,0.0,1.0,0.9625000000000001,0.16666666666666666,0.15087331442361085,0.08131901170561215,0.3992248130039442,True,False
0.26500494282390286,0.0,False,1.0,0.0,0.875,0.7750000000000001,0.16666666666666666,0.016609669499526185,0.05367344239526373,0.5765458768630483,True,False
0.15766729729734064,0.0,False,1.0,0.0,0.75,0.825,0.16666666666666666,0.25038576627016773,0.09377702825014848,0.533139886789513,True,False
0.32070147190330356,0.0,True,0.0,1.0,1.0,0.9500000000000002,0.16666666666666666,0.1292476420646328,0.047540892494284476,0.49218306304331305,True,False
0.26712417837460356,0.0,True,1.0,0.0,0.875,0.925,0.16666666666666666,0.12301789833974254,0.047017069241817554,1.0,True,False
0.22336134313758904,0.0,True,1.0,0.0,1.0,0.9375,0.16666666666666666,0.11934264245518957,0.10403566408717851,0.567835982984936,True,False
0.2114400734862546,0.0,True,1.0,0.0,1.0,0.9500000000000002,0.16666666666666666,0.2544955050674445,0.08613580640704616,0.5368404368822999,True,False
0.2764136758772201,0.0,True,1.0,0.0,0.875,0.9375,0.16666666666666666,0.120042352909483,0.03682384582445019,0.5258310441222576,True,False
0.2114400734862546,0.0,True,1.0,0.0,1.0,0.9625000000000001,0.16666666666666666,0.1193415240781971,0.10403373721936854,0.5678390709717465,True,False
0.39619142062674795,0.5,False,0.0,1.0,1.0,0.8875,0.3333333333333333,0.22628634705529424,0.0704287826686013,0.5874009734603884,False,False
0.13021977345814928,0.0,False,0.0,0.0,1.0,0.9375,0.16666666666666666,0.2206196690500881,0.08324432575205515,0.392272522895329,True,False
0.2114400734862546,0.0,True,1.0,0.0,1.0,0.9625000000000001,0.16666666666666666,0.24267805939653223,0.05180152727960945,0.6111672314911656,True,False
0.30814172754735114,0.0,False,1.0,0.0,0.75,0.8500000000000001,0.16666666666666666,0.10252170247148631,0.08387677440743688,0.6237802583451786,True,False
0.13021977345814928,0.0,False,0.0,0.0,0.875,0.8,0.16666666666666666,0.09409084379373747,0.024983319551308596,0.5025076473710843,True,False
0.3303790381123609,0.0,True,1.0,0.0,1.0,0.9875,0.16666666666666666,0.1048466276293194,0.07175632805298499,0.4298119638911724,True,False
0.31569660233010144,0.25,False,1.0,0.0,1.0,0.9125000000000001,0.16666666666666666,0.12287806891568355,0.13237592220230468,0.44944923966752715,True,False
0.2673349728101825,0.0,False,1.0,0.0,1.0,0.5,0.16666666666666666,0.14743023573837663,0.12193588557415302,0.4292273893758891,True,False
0.3124663484708553,0.0,True,0.0,1.0,1.0,0.9625000000000001,0.16666666666666666,0.3624980497945807,0.03422240780623566,0.2711346796939009,False,False
0.43827584043132994,1.0,False,0.0,0.0,1.0,0.9750000000000001,0.5,0.2797168567144667,0.11404096002441297,0.48157311252712165,False,False
0.5013682698492755,0.0,True,0.0,1.0,1.0,0.9500000000000002,0.3333333333333333,0.11568808398143503,0.0913684803641544,0.48189581156125616,False,False
0.3548280280131647,0.5,False,0.0,1.0,0.75,0.7000000000000001,0.16666666666666666,0.14370998035237245,0.037647256681007296,0.45947163094411225,False,False
0.22464655223625163,0.0,True,0.0,0.0,1.0,0.9750000000000001,0.16666666666666666,0.12554249610527463,0.08770727781311438,0.5545248668025446,True,False
0.497738988109829,0.5,True,0.0,1.0,1.0,1.0,0.3333333333333333,0.14514865761235418,0.16813517870738895,0.5337538961616226,False,False
0.10062878017869592,0.0,False,1.0,0.0,0.625,0.8500000000000001,0.16666666666666666,0.11046996285300513,0.05509715150518814,0.5944679117155134,True,False
0.47353354711844664,1.0,False,0.0,1.0,0.875,0.8125,0.3333333333333333,0.058266805225399926,0.08514716760763245,0.6035547168931541,False,False
0.22820532932234439,0.0,False,1.0,0.0,1.0,0.9375,0.16666666666666666,0.12104952331987819,0.08339079416675181,0.47714249392603647,True,False
0.4067776164610156,0.5,False,0.0,1.0,0.875,0.9000000000000001,0.16666666666666666,0.1729603363923085,0.10402319169154729,0.615033802640897,False,False
0.3601219809432269,0.0,False,0.0,1.0,1.0,0.9500000000000002,0.16666666666666666,0.20211565451916574,0.04272486159911492,0.9107602877014842,False,False
0.497738988109829,0.5,True,0.0,1.0,1.0,0.9500000000000002,0.3333333333333333,0.1383292988136187,0.1922309612357819,0.5214624044528855,False,False
0.37475916771974005,1.0,False,0.0,1.0,0.875,1.0,0.3333333333333333,0.18923304849388178,0.0740764770324468,0.6864452299772736,False,False
0.4192995552929569,1.0,True,0.0,1.0,1.0,0.925,0.3333333333333333,0.12289791265309748,0.20078764585474634,0.5167350050792783,False,False
0.21787913240949408,0.0,False,0.0,0.0,1.0,0.925,0.16666666666666666,0.08247889656196479,0.04262601809202853,0.6023811757036506,True,False
0.29922617658697714,0.75,True,1.0,0.0,1.0,0.9875,0.3333333333333333,0.0900511670541691,0.030505317074370694,0.6179795571864126,True,False
0.39039976328592807,0.75,False,0.0,1.0,1.0,0.9125000000000001,0.3333333333333333,0.22628736762878263,0.07042220644803285,0.5874116914604364,False,False
0.5195225651118524,1.0,False,0.0,1.0,0.875,0.8625,0.3333333333333333,0.22645470746461518,0.12053826186154941,0.502620565253068,False,False
0.1820412411666218,0.0,False,0.0,1.0,0.875,0.8375000000000001,0.16666666666666666,0.32636256761992977,0.14130763040122282,0.3409472736535608,True,False
0.2114400734862546,0.0,False,1.0,0.0,1.0,0.925,0.16666666666666666,0.22092467249058131,0.1168085721801371,0.3835324722316047,True,False
0.17281137281862657,0.0,False,1.0,0.0,0.75,0.7000000000000001,0.16666666666666666,0.17909037414123205,0.09333368661193583,0.3692573933227472,True,False
0.4850043499936886,0.75,True,0.0,1.0,1.0,0.9625000000000001,0.5,0.23407367604177018,0.11140502739666294,0.5299337183215302,False,False
0.2086999458571831,0.0,False,1.0,0.0,0.875,0.8625,0.16666666666666666,0.10494087480513027,0.067897729441697,0.6404055922874028,True,False
0.2086999458571831,0.0,False,1.0,0.0,1.0,0.9125000000000001,0.16666666666666666,0.09168220260854251,0.058351021882972774,0.6114392953430994,True,False
0.22464655223625163,0.0,False,0.0,0.0,1.0,0.875,0.16666666666666666,0.24437379648286342,0.10942736657825937,0.4792300621008849,True,False
0.18999651059371547,0.0,True,1.0,0.0,1.0,0.9625000000000001,0.16666666666666666,0.27012946242340835,0.2121352130706088,0.43170087730911444,True,False
0.33797550739025606,0.5,True,0.0,1.0,0.875,0.9375,0.3333333333333333,0.19207640947068907,0.07895202500755678,0.39276661213941244,False,False
0.13021977345814928,0.0,False,0.0,0.0,1.0,1.0,0.16666666666666666,0.2365626248815007,0.05691712377929086,0.3486480648732615,True,False
0.19709067998233032,0.0,False,1.0,0.0,0.875,0.9125000000000001,0.16666666666666666,0.13589601377365085,0.09743085878883112,0.5365422127953845,True,False
0.34190126719888625,0.0,False,0.0,1.0,0.625,0.4125000000000001,0.16666666666666666,0.11861723089295793,0.0654560323350573,0.5759302707253411,False,False
0.4449049189648383,0.5,False,0.0,1.0,0.875,0.8875,0.16666666666666666,0.08113807571146706,0.11958260673850873,0.5050953076292666,False,False
0.47353354711844664,1.0,False,0.0,1.0,1.0,0.8875,0.3333333333333333,0.07685847509346957,0.10992940414624464,0.506199031613785,False,False
0.46434540292873383,0.75,False,0.0,1.0,1.0,0.8500000000000001,0.3333333333333333,0.08167111208268038,0.11500583769463461,0.5024477569249621,False,False
0.46434540292873383,0.75,False,0.0,1.0,1.0,0.9125000000000001,0.3333333333333333,0.08043588007947022,0.11283563625749096,0.503079205038444,False,False
0.471479089201828,0.5,False,0.0,1.0,0.75,0.8,0.16666666666666666,0.11768727927526547,0.03520722366867248,0.6708677212306486,False,False
0.39619142062674795,1.0,False,0.0,1.0,0.875,0.7750000000000001,0.5,0.3107517667589152,0.19582119397270006,0.392781398022912,False,False
0.4425604725170217,0.75,False,0.0,1.0,1.0,0.875,0.3333333333333333,0.010144392237443012,0.04535760458068869,0.5357976113793737,False,False
0.47353354711844664,1.0,False,0.0,1.0,0.875,0.8125,0.3333333333333333,0.03958035530513761,0.058196922022844544,0.7611423396768937,False,False
0.47353354711844664,1.0,False,0.0,1.0,0.875,0.8375000000000001,0.3333333333333333,0.03964482814561185,0.032312524149487536,0.5947796793415292,False,False
0.47353354711844664,1.0,False,0.0,1.0,0.875,0.8625,0.3333333333333333,0.05593687650507456,0.0655589110143225,0.5810999526202427,False,False
0.4058869231766967,1.0,False,0.0,1.0,0.875,0.75,0.3333333333333333,0.008662078136601123,0.042520379495287565,0.549854799989713,False,False
0.5063498134453647,1.0,False,0.0,1.0,0.875,0.8625,0.3333333333333333,0.005016049542505216,0.033507111214490924,0.5562493339105516,False,False
0.39619142062674795,0.5,False,0.0,1.0,1.0,0.9375,0.16666666666666666,0.058159669043748474,0.026406385614036437,0.7012935479638478,False,False
0.49150234099784906,1.0,False,0.0,1.0,0.875,0.7750000000000001,0.3333333333333333,0.03886650681028539,0.07227364734770914,0.6149792578104998,False,False
0.4187743985863951,0.5,False,0.0,1.0,1.0,0.8625,0.16666666666666666,0.09824989606186493,0.06829851593076326,0.5846039790847442,False,False
0.30656361284425115,0.0,False,0.0,1.0,0.875,0.7375,0.16666666666666666,0.11695586721429287,0.0781915319246633,0.578817094813088,False,False
0.18235264390969064,0.0,True,0.0,0.0,1.0,0.9875,0.16666666666666666,0.19462257790316162,0.0754219389039072,0.38575295437936163,True,False
0.26500494282390286,0.0,False,1.0,0.0,1.0,0.9500000000000002,0.16666666666666666,0.08581457420948224,0.0398603397513592,0.6860667472180046,True,False
0.29922617658697714,0.0,False,0.0,0.0,0.875,0.8500000000000001,0.16666666666666666,0.08660316479929546,0.13571938010952384,0.49687904807023076,True,False
0.26500494282390286,0.0,False,0.0,0.0,1.0,0.8875,0.16666666666666666,0.14537882816378955,0.05563467750444028,0.3941372220178352,True,False
0.2804185526406079,0.0,False,0.0,0.0,1.0,0.9375,0.16666666666666666,0.17832552842889474,0.1713619716922734,0.5034548975991362,True,False
0.22820532932234439,0.0,False,1.0,0.0,1.0,0.9000000000000001,0.16666666666666666,0.1070355954081909,0.12751646206489103,0.472568361928704,True,False
0.21521927450523404,0.0,False,1.0,0.0,0.875,0.9000000000000001,0.16666666666666666,0.10457673016154292,0.14182373496338221,0.4628523190141629,True,False
0.21252654948093908,0.0,False,1.0,0.0,0.875,0.8875,0.16666666666666666,0.10749045429197676,0.13929112413452552,0.4520096359900061,True,False
0.12783507098354285,0.0,False,0.0,0.0,0.875,0.7750000000000001,0.16666666666666666,0.13323182428077007,0.10158736319278282,0.539967440673756,True,False
0.4234558614724916,1.0,False,0.0,1.0,1.0,0.9375,0.3333333333333333,0.22628528952294513,0.07042462720175742,0.5874108153842785,False,False
0.18235264390969064,0.0,True,0.0,0.0,1.0,0.9875,0.16666666666666666,0.17243269786638657,0.07286441238236036,0.4017875059058944,True,False
0.31670681412378243,0.0,False,0.0,0.0,1.0,0.9625000000000001,0.16666666666666666,0.05990428019676275,0.05969207634843494,0.7146171601454698,True,False
0.29012011082306344,0.0,False,0.0,0.0,0.875,0.9375,0.16666666666666666,0.29945559312378367,0.15354049496309352,0.4406971401405675,True,False
0.4795036366412492,1.0,False,0.0,1.0,0.875,0.875,0.5,0.1838360342161745,0.16841069944104214,0.4927725940830088,False,False
0.16283314549952832,0.0,False,0.0,1.0,0.75,0.8125,0.16666666666666666,0.22976764860420926,0.04864871487520234,0.38745691121816495,True,False
0.19149362807169223,0.0,False,1.0,0.0,0.875,0.8375000000000001,0.16666666666666666,0.17152117911292097,0.015452981052650184,0.39668339164138056,True,False
0.13021977345814928,0.0,True,0.0,0.0,1.0,0.9500000000000002,0.16666666666666666,0.08629113613653616,0.02134374012952943,0.6175755713171325,True,False
0.344134369123266,1.0,False,0.0,1.0,1.0,0.9000000000000001,0.3333333333333333,0.08870208958584981,0.11325211680655892,0.5893489007640011,False,False
0.1138054726374812,0.0,False,1.0,0.0,0.875,0.9000000000000001,0.16666666666666666,0.19617439148738616,0.11884253540105985,0.43656180470248684,True,False
0.1988287154944829,0.0,False,0.0,0.0,0.875,0.8500000000000001,0.16666666666666666,0.08691847580421534,0.0010061389221122938,0.6442037125289468,True,False
0.42499426380472516,0.0,False,1.0,0.0,1.0,0.8500000000000001,0.0,0.09541828917534295,0.05221965766463654,0.6750368791447285,False,False
0.4348841136070195,0.5,False,1.0,0.0,1.0,0.9375,0.0,0.08205399405981509,0.043703194243824434,0.6820929105277735,False,False
0.22464655223625163,0.25,False,0.0,0.0,0.875,0.9125000000000001,0.16666666666666666,0.2394035496957818,0.053319709197286326,0.5950314724507846,True,False
0.12663286180731126,0.0,False,1.0,0.0,0.875,0.8375000000000001,0.16666666666666666,0.19443150766344253,0.056465354517555744,0.3890330259648911,True,False
0.3569331355540454,0.75,False,0.0,1.0,1.0,0.7125,0.5,0.21366588224230443,0.05050770673968999,0.6759317142076027,False,False
0.3403997173291772,0.5,False,0.0,1.0,0.75,0.75,0.16666666666666666,0.29007809821012603,0.13999671130382238,0.45160050302410437,False,False
0.4234558614724916,1.0,False,0.0,1.0,1.0,0.925,0.5,0.2262858403915888,0.07042625493362768,0.5874067138078745,False,False
0.22946236675190324,0.0,True,0.0,0.0,1.0,0.9625000000000001,0.16666666666666666,0.4216809452544889,0.06178021332095803,0.30382276720525603,True,False
0.5742842803186293,0.75,False,0.0,1.0,1.0,0.925,0.5,0.09500196617079926,0.09620440519868691,0.49283712079146835,False,False
0.24979202012358492,0.0,False,1.0,0.0,0.875,0.8625,0.16666666666666666,0.3068808911745683,0.17216086087159352,0.42136522343019767,True,False
0.18235264390969064,0.0,False,0.0,0.0,1.0,0.9375,0.16666666666666666,0.28044249104354885,0.03690241978414062,0.3272570828219157,True,False
0.4449049189648383,0.5,False,0.0,1.0,1.0,0.925,0.16666666666666666,0.06212615808417983,0.06842852652637363,0.5128734083468718,False,False
0.682922027462958,0.0,True,0.0,0.0,1.0,0.9875,0.16666666666666666,0.1099420615194842,0.09177345722601912,0.5574757006543092,True,False
0.49150234099784906,1.0,False,0.0,1.0,1.0,0.875,0.3333333333333333,0.036794144264385084,0.07091064388541429,0.6085660080871755,False,False
0.49150234099784906,1.0,False,0.0,1.0,0.875,0.8875,0.3333333333333333,0.04455800344258437,0.05872901605435624,0.629188961828814,False,False
0.340248991723305,0.25,False,0.0,1.0,0.875,0.7750000000000001,0.0,0.19314686263938668,0.09829389083664614,0.4332452709343617,False,False
0.530437574682555,0.75,False,0.0,1.0,1.0,0.9125000000000001,0.3333333333333333,0.2966508567042053,0.148040013326772,0.45236641501997976,False,False
0.4162358783143797,1.0,False,0.0,1.0,1.0,0.9125000000000001,0.3333333333333333,0.33700061903980416,0.17397098277518053,0.3654120474306941,False,False
0.2045240485274159,0.0,False,1.0,0.0,0.75,0.825,0.16666666666666666,0.007388404524687003,0.031224785046606605,0.5454382177427102,True,False
0.20141005087890218,0.0,False,1.0,0.0,0.75,0.8500000000000001,0.16666666666666666,0.025341496999003437,0.06788818080989309,0.5756092670751198,True,False
0.31670681412378243,0.0,False,0.0,0.0,1.0,0.9125000000000001,0.16666666666666666,0.11688349867328234,0.029948249006974688,0.5914879843184333,True,False
0.3812257049397215,0.5,True,1.0,0.0,0.875,0.9125000000000001,0.5,0.12076832362382896,0.1425668050968131,0.4962378654271369,False,False
0.1491384508511061,0.25,False,1.0,0.0,0.875,0.8500000000000001,0.16666666666666666,0.2669228535003975,0.049480234934343253,0.3498071256224018,True,False
0.22820532932234439,0.0,False,1.0,0.0,0.75,0.8125,0.16666666666666666,0.10034904041000098,0.08270747728598563,0.5611065663096584,True,False
0.18235264390969064,0.0,False,0.0,0.0,0.75,0.7875000000000001,0.16666666666666666,0.031812082898573596,0.06026756369541734,0.6194125724291824,True,False
0.23685602136352257,0.0,True,1.0,0.0,1.0,0.9375,0.16666666666666666,0.19849966551882178,0.22904866752193181,0.4217768631285579,True,False
0.1473188028714355,0.0,True,0.0,0.0,1.0,0.9750000000000001,0.16666666666666666,0.2925670178194353,0.0759770710058306,0.36181255141778057,True,False
0.21787913240949408,0.0,True,1.0,0.0,1.0,0.9625000000000001,0.16666666666666666,0.0862008402104225,0.06436659380610017,0.4471507805967012,True,False
0.20703917708001895,0.0,False,1.0,0.0,0.75,0.7750000000000001,0.16666666666666666,0.08671295820850453,0.10121592076741127,0.5337983044401651,True,False
0.132187282972153,0.0,False,1.0,0.0,0.875,0.8625,0.16666666666666666,0.20036487400361497,0.04600041086070637,0.3875280800540588,True,False
0.15766729729734064,0.0,False,1.0,0.0,0.875,0.825,0.16666666666666666,0.13717913909413235,0.19336918459835326,0.5139139095698166,True,False
0.09372908735777552,0.0,False,0.0,1.0,0.5,0.7125,0.16666666666666666,0.1968490981670345,0.14928532332289088,0.4244231063574111,True,False
0.37359782496261296,0.0,False,0.0,1.0,0.875,0.9375,0.16666666666666666,0.16162992582147562,0.114350175368635,0.4221272032230152,False,False
0.1988287154944829,0.0,False,1.0,0.0,1.0,0.9500000000000002,0.16666666666666666,0.021554294219020265,0.060031960070050926,0.5535303086966947,True,False
0.16654509119764926,0.25,False,1.0,0.0,0.75,0.8500000000000001,0.16666666666666666,0.2720086373860308,0.14656806442718953,0.46160961283326696,True,False
0.29922617658697714,0.0,False,0.0,0.0,1.0,0.9875,0.16666666666666666,0.20741876979035134,0.2469982344405142,0.4099032497897972,True,False
0.30103870614969186,0.25,False,0.0,1.0,0.875,0.8125,0.3333333333333333,0.1826264196325975,0.06716873875617181,0.39890029710963315,False,False
0.2784253142618224,0.0,True,0.0,0.0,1.0,0.9875,0.16666666666666666,0.12618342645041852,0.03493592852098308,0.5409519239955409,True,False
0.2114400734862546,0.0,False,1.0,0.0,1.0,0.9375,0.16666666666666666,0.07429349153194437,0.0623755458308733,0.4645087766177769,True,False
0.1944573559628856,0.25,False,1.0,0.0,0.875,0.925,0.16666666666666666,0.06715207391744557,0.05828447404329962,0.6351501305400011,True,False
0.14511497704022547,0.0,False,1.0,0.0,0.875,0.8625,0.16666666666666666,0.36750206641438565,0.3309427126573484,0.25693084593766224,True,False
0.18848903661177763,0.0,False,1.0,0.0,1.0,0.925,0.16666666666666666,0.046915383634055244,0.06519360653014827,0.625133805449881,True,False
0.19119502627069151,0.0,False,1.0,0.0,0.875,0.8375000000000001,0.16666666666666666,0.06126693054687962,0.0515164711896771,0.7204861008305135,True,False
0.2543119233276806,0.0,False,0.0,1.0,0.875,0.7750000000000001,0.16666666666666666,0.07561168035015829,0.09982183258148017,0.6094683362976958,True,False
0.32879566198707366,0.25,False,0.0,1.0,0.875,0.825,0.16666666666666666,0.06035384850750214,0.0889008470812731,0.5467970276403986,True,False
0.2543119233276806,0.0,False,0.0,1.0,0.875,0.8125,0.16666666666666666,0.08049070614017781,0.10520362083543779,0.630262115126851,True,False
0.29462777880068314,0.5,False,0.0,1.0,0.875,0.7625,0.16666666666666666,0.09169302923340109,0.10035244010484039,0.5373310714774253,True,False
0.1341371873724625,0.0,False,1.0,0.0,0.875,0.8375000000000001,0.16666666666666666,0.11136597901471082,0.11086559457335596,0.4639167825507222,True,False
0.30103870614969186,0.0,True,1.0,0.0,1.0,0.9750000000000001,0.16666666666666666,0.19027441499123043,0.09128029089902763,0.41270199961426246,True,False
0.19119502627069151,0.0,True,0.0,0.0,1.0,0.9875,0.16666666666666666,0.2530977113555623,0.03600049559362759,0.31872159271286016,True,False
0.4208674744693143,0.25,False,0.0,1.0,1.0,0.9375,0.16666666666666666,0.14196757061532564,0.1780146172180348,0.5224452876508809,False,False
0.2045240485274159,0.0,False,0.0,0.0,1.0,0.925,0.16666666666666666,0.11799939743195202,0.07659207283144767,0.4174658650608907,True,False
0.21787913240949408,0.0,False,1.0,0.0,0.875,0.8625,0.16666666666666666,0.1374633852585452,0.12671594593662133,0.5231395758100339,True,False
0.15058330790537056,0.0,False,1.0,0.0,0.75,0.8,0.16666666666666666,0.23596301964401983,0.15152970045912723,0.421298345400138,True,False
0.2059249243947282,0.5,False,0.0,1.0,0.875,0.7125,0.16666666666666666,0.11709729495553704,0.007475511579324477,0.4168506061398276,True,False
0.24864724269350724,0.0,False,0.0,0.0,0.875,0.9500000000000002,0.16666666666666666,0.1507621310051886,0.11112283803047143,0.3886243112726433,True,False
0.16654509119764926,0.0,False,0.0,0.0,1.0,0.8875,0.16666666666666666,0.20360858763266687,0.04739112400421103,0.3873254059799791,True,False
0.18999651059371547,0.0,True,1.0,0.0,1.0,0.9500000000000002,0.16666666666666666,0.04036710863438607,0.07683166067951487,0.598807167473403,True,False
0.18999651059371547,0.0,True,1.0,0.0,1.0,0.9375,0.16666666666666666,0.043081043862195384,0.09630364246129826,0.5656740767242103,True,False
0.367030733419052,0.5,True,0.0,1.0,1.0,0.9000000000000001,0.3333333333333333,0.3050109380043307,0.03315703871962964,0.32396006626295093,False,False
0.26200295699119847,0.0,False,1.0,0.0,1.0,0.9750000000000001,0.16666666666666666,0.20148832255679822,0.04353921320007115,0.3876040176163398,True,False
0.37488782458937375,1.0,False,1.0,0.0,1.0,0.9375,0.3333333333333333,0.26369253415891214,0.08411316710603947,0.5217251651301058,False,False
0.13021977345814928,0.0,False,1.0,0.0,0.875,0.8875,0.16666666666666666,0.18899935756603556,0.12284268214379684,0.3611769426771876,True,False
0.1491384508511061,0.0,False,1.0,0.0,0.875,0.875,0.16666666666666666,0.23592485255314458,0.09291278860783739,0.5387304725791597,True,False
0.1379854216615023,0.0,False,0.0,0.0,0.875,0.8625,0.16666666666666666,0.22384294479841507,0.12075629535885161,0.5020990345568661,True,False
0.1854424389653112,0.0,False,0.0,0.0,0.875,0.925,0.16666666666666666,0.07879405702551218,0.09170311214053185,0.5502817635160806,True,False
0.31670681412378243,0.0,False,0.0,0.0,0.875,0.925,0.16666666666666666,0.028233666652081487,0.05958338000807407,0.5159058152720899,True,False
0.1491384508511061,0.0,True,0.0,0.0,1.0,0.925,0.16666666666666666,0.2514184981183106,0.06089660862486818,0.5647050239335174,True,False
0.26200295699119847,0.0,False,1.0,0.0,1.0,0.9125000000000001,0.16666666666666666,0.19997095831293155,0.03800704247599714,0.3881691624392223,True,False
0.40194675843297467,0.0,False,0.0,0.0,0.875,0.875,0.16666666666666666,0.08102083350249427,0.019689543204261094,0.6955243623370242,False,False
0.23709820784555535,0.0,True,0.0,0.0,1.0,0.9500000000000002,0.16666666666666666,0.16126564412973932,0.1637545693577131,0.4934020575117364,True,False
0.23071219467756687,0.0,True,0.0,0.0,1.0,0.9375,0.16666666666666666,0.28242737047751454,0.035387154464580274,0.3234032139959533,True,False
0.17921840882110474,0.0,False,1.0,0.0,0.75,0.8500000000000001,0.16666666666666666,0.11531480098307965,0.08584545620630225,0.5657457390906229,True,False
0.18999651059371547,0.0,False,1.0,0.0,0.875,0.875,0.16666666666666666,0.037626686811103385,0.07341061760549845,0.6265173715729402,True,False
0.4486043479609062,1.0,True,0.0,1.0,0.875,0.925,0.5,0.2685360646314687,0.14395272058222355,0.460422167569418,False,False
0.20141005087890218,0.0,False,0.0,1.0,0.875,0.8625,0.16666666666666666,0.29810543630236164,0.11565995341869514,0.38539067402196525,True,False
0.3932557290372475,0.25,True,0.0,0.0,1.0,0.9750000000000001,0.5,0.2527792083390029,0.08035603338492517,0.31890396547769373,False,False
0.5320067875092623,1.0,False,0.0,1.0,1.0,1.0,0.5,0.08168602123955838,0.022527659302277122,0.6205347163526749,False,False
0.21116760599135576,0.0,False,1.0,0.0,0.875,0.925,0.16666666666666666,0.10751562692486231,0.07518610750134586,0.6200458381503282,True,False
0.3617673850533235,0.75,False,0.0,1.0,0.875,0.9125000000000001,0.16666666666666666,0.03595728808955931,0.010386684608120648,0.5395082569290814,False,False
0.2804185526406079,0.0,False,0.0,1.0,0.75,0.8625,0.16666666666666666,0.010300599573115871,0.03843272098762816,0.5692521701354827,True,False
0.35141697744329015,0.5,False,0.0,1.0,0.875,0.8500000000000001,0.16666666666666666,0.04418872438611006,0.05890025392308503,0.6284993396656873,True,False
0.367030733419052,0.5,True,0.0,1.0,1.0,0.875,0.3333333333333333,0.30307387756876664,0.04496484698361967,0.3301381419832701,False,False
0.367030733419052,0.5,True,0.0,1.0,1.0,0.825,0.3333333333333333,0.30419071752581844,0.057951384715393565,0.3327172850459943,False,False
0.34707668156401705,0.25,True,0.0,1.0,1.0,0.9750000000000001,0.3333333333333333,0.19109383254839513,0.1597602820702314,0.452102674128515,False,False
0.23709820784555535,0.0,True,0.0,0.0,1.0,0.925,0.16666666666666666,0.19548431631407673,0.20931167672688733,0.4243768438625093,True,False
0.313321068498971,0.0,False,1.0,0.0,0.875,0.8625,0.16666666666666666,0.105359945073001,0.021908315650802545,0.5595727763860019,False,False
0.19563165245222625,0.0,False,0.0,1.0,0.75,0.8,0.16666666666666666,0.09305221964469022,0.14820262291664257,0.514248194675003,True,False
0.4101950717160826,0.75,True,0.0,0.0,1.0,0.9500000000000002,0.3333333333333333,0.20581941499161716,0.070345351325108,0.6342322925650719,False,False
0.37047030843532525,0.25,True,1.0,0.0,1.0,1.0,0.3333333333333333,0.08470707424290769,0.06525807345209213,0.44929606015912027,True,False
0.3231614519252207,0.0,False,1.0,0.0,0.875,0.9625000000000001,0.16666666666666666,0.035879183680527824,0.08278296677087214,0.6101263369478871,True,False
0.14511497704022547,0.0,False,1.0,0.0,0.75,0.8125,0.16666666666666666,0.20126721353107674,0.1121203722183033,0.3865852722430094,True,False
0.4208674744693143,0.0,False,0.0,1.0,1.0,0.9375,0.16666666666666666,0.1426283203091505,0.18202809365583633,0.5178781671752963,False,False
0.22464655223625163,0.0,True,1.0,0.0,1.0,0.8625,0.16666666666666666,0.032999868436612026,0.0857963547936162,0.6029383374191568,True,False
0.3319509925130858,0.0,True,0.0,1.0,1.0,1.0,0.16666666666666666,0.031452385385766904,0.04481203854995165,0.5083163832954498,True,False
0.1491384508511061,0.0,False,1.0,0.0,0.875,0.9375,0.16666666666666666,0.1985143090963374,0.046115963181257595,0.3796739236962072,True,False
0.3319509925130858,0.0,True,0.0,1.0,1.0,0.9750000000000001,0.16666666666666666,0.03145527998693723,0.04480624043258267,0.5083134347469553,True,False
0.4155966007039439,0.5,False,0.0,1.0,1.0,0.925,0.3333333333333333,0.2640598910790585,0.09470913483653247,0.43879990230916954,False,False
0.21387707107058385,0.0,False,1.0,0.0,0.875,0.8500000000000001,0.16666666666666666,0.11643474964911797,0.045718105160905326,0.5974687950331434,True,False
0.19563165245222625,0.0,False,0.0,1.0,0.75,0.7250000000000001,0.16666666666666666,0.12222875771347731,0.1995676594231763,0.5166361508469599,True,False
0.1469530428293836,0.0,False,0.0,1.0,0.75,0.7875000000000001,0.16666666666666666,0.13110930707640475,0.06268840306509639,0.44938967234375227,True,False
0.47556881710117016,1.0,False,1.0,0.0,0.875,0.9000000000000001,0.3333333333333333,0.220486230881775,0.1137064439634982,0.5426361454029274,False,False
0.3328887509306683,1.0,False,0.0,1.0,0.875,0.9000000000000001,0.3333333333333333,0.18007038170463868,0.1534780328890224,0.46718191072986515,False,False
0.4727140867262335,0.5,False,0.0,1.0,1.0,0.8125,0.16666666666666666,0.19058356988610387,0.07335363336080716,0.7213205426143809,False,False
0.23709820784555535,0.0,False,0.0,0.0,0.875,0.9000000000000001,0.16666666666666666,0.12181932755395754,0.04713110896090129,0.8853754939835357,True,False
0.18999651059371547,0.0,False,1.0,0.0,0.75,0.8,0.0,0.1308270313242293,0.09357400761149573,0.5510121560204595,True,False
0.1055532308386048,0.0,False,1.0,0.0,0.875,0.875,0.16666666666666666,0.12338921329727605,0.034904349597716815,0.4690303629031747,True,False
0.4609924744342516,0.5,False,0.0,1.0,1.0,0.9375,0.3333333333333333,0.053300948410097124,0.05050295458824854,0.5593109543965533,False,False
0.1379854216615023,0.0,False,0.0,0.0,0.875,0.8500000000000001,0.16666666666666666,0.20123527193276944,0.07649550806113502,0.6732216548827465,True,False
0.22464655223625163,0.0,False,0.0,1.0,1.0,0.875,0.16666666666666666,0.16588216661205155,0.12515849877296462,0.3767264373710466,True,False
0.3231614519252207,0.5,False,0.0,0.0,0.875,0.8875,0.16666666666666666,0.21676379683565286,0.0895679375708298,0.3948664711071006,False,False
0.16787936553688965,0.0,False,0.0,0.0,0.875,0.8375000000000001,0.16666666666666666,0.10901727788464838,0.09051013277919456,0.503934867490528,True,False
0.16654509119764926,0.0,True,1.0,0.0,0.875,0.9625000000000001,0.16666666666666666,0.17149738182023685,0.14176087658686817,0.4365290461558544,True,False
0.25764137249870733,0.25,False,1.0,0.0,0.875,0.9000000000000001,0.16666666666666666,0.05774928769360663,0.07924706957173475,0.5613887003127864,True,False
0.18999651059371547,0.0,False,1.0,0.0,0.875,0.8875,0.16666666666666666,0.0569246972813008,0.060507874669586174,0.6494794457203787,True,False
0.28121077101185155,0.0,False,1.0,0.0,0.875,0.9125000000000001,0.16666666666666666,0.0404005739638707,0.06668322558956503,0.618760072867562,True,False
0.25764137249870733,0.0,True,0.0,1.0,1.0,0.9500000000000002,0.16666666666666666,0.1483519479618315,0.1236049077029178,0.5024624094435803,True,False
0.28512922993451084,0.0,False,0.0,1.0,1.0,0.8875,0.16666666666666666,0.07931178926803747,0.10122761920033888,0.5456534088311407,True,False
0.16654509119764926,0.0,False,0.0,0.0,1.0,0.9125000000000001,0.16666666666666666,0.27353405954852095,0.053999875597271596,0.36851641074021946,True,False
0.2114400734862546,0.0,False,1.0,0.0,0.875,0.7250000000000001,0.16666666666666666,0.14482415348787334,0.060551453315397484,0.4670099217314285,True,False
0.344134369123266,0.5,False,1.0,0.0,0.875,0.8375000000000001,0.16666666666666666,0.06475504669823433,0.0970272733373922,0.5824964033767848,True,False
0.18235264390969064,0.0,False,0.0,0.0,1.0,0.925,0.16666666666666666,0.10326128660751104,0.08220855778992159,0.6214207976645283,True,False
0.2754008499075643,0.25,False,0.0,1.0,0.75,0.825,0.16666666666666666,0.13002965062385852,0.07333185164264215,0.5462415734160901,True,False
0.22464655223625163,0.25,False,0.0,0.0,0.875,0.9000000000000001,0.16666666666666666,0.08573868252461114,0.04031869445553485,0.6633857760931174,True,False
0.241649338240845,0.25,False,0.0,0.0,0.75,0.825,0.16666666666666666,0.08506484134726147,0.08455237926697863,0.5611408016941848,True,False
0.4130205699691011,0.5,False,0.0,1.0,0.875,0.8875,0.3333333333333333,0.2262860465008371,0.07042556732674461,0.5874076552857952,False,False
0.24841756378014168,0.25,False,0.0,1.0,1.0,0.8875,0.16666666666666666,0.1665241226770708,0.07091313323589576,0.3918863679211573,True,False
0.24841756378014168,0.0,False,0.0,1.0,1.0,0.925,0.16666666666666666,0.16663472180987096,0.07960041597864151,0.3936719274231888,True,False
0.2463394869693064,0.0,True,1.0,0.0,0.875,0.9625000000000001,0.16666666666666666,0.12292981661652548,0.07633693384462935,0.5922957749915825,True,False
0.3328887509306683,0.5,True,1.0,0.0,1.0,0.875,0.3333333333333333,0.2865422568938823,0.026618109407592808,0.3413235120002527,False,False
0.26521779620799124,0.0,True,0.0,0.0,1.0,0.9625000000000001,0.16666666666666666,0.23023275131390716,0.07724221429351139,0.34158341285174365,True,False
0.33100918123851397,0.0,True,1.0,0.0,1.0,0.9375,0.16666666666666666,0.13301946277961132,0.13784823914705685,0.5192840475752853,True,False
0.37475916771974005,0.25,True,1.0,0.0,1.0,1.0,0.16666666666666666,0.13008038603994648,0.14179642368194076,0.5201163345154216,True,False
0.22464655223625163,0.0,False,0.0,1.0,0.875,0.825,0.16666666666666666,0.20840012710354494,0.14355207954119434,0.3663076712573696,True,False
0.26712417837460356,0.0,False,1.0,0.0,1.0,0.9125000000000001,0.16666666666666666,0.17754639408414852,0.005844968909996401,0.3946721079607163,True,False
0.27026488318664244,0.25,False,0.0,1.0,0.875,0.9125000000000001,0.16666666666666666,0.10779386590100681,0.08183342481563574,0.6084901517370158,True,False
0.40194675843297467,1.0,False,0.0,1.0,1.0,0.925,0.3333333333333333,0.22628868695247065,0.07042500467541349,0.5874039693184023,False,False
0.38555503588976336,1.0,False,0.0,1.0,1.0,0.925,0.5,0.22628711612321253,0.07042469685283845,0.587407389134335,False,False
0.19738131690723237,0.0,False,0.0,0.0,0.875,0.9125000000000001,0.16666666666666666,0.22617043361350397,0.05959474140909125,0.38133217145855536,True,False
0.19738131690723237,0.0,False,1.0,0.0,1.0,0.9000000000000001,0.16666666666666666,0.12362603054634282,0.07033957670192068,0.5628057282501517,True,False
0.41782591546415626,1.0,False,0.0,1.0,0.75,0.8500000000000001,0.3333333333333333,0.27075919184129776,0.10742824519352312,0.49345073191505007,False,False
0.39039976328592807,0.75,False,0.0,1.0,1.0,0.925,0.3333333333333333,0.22628502895622532,0.07042531144312152,0.58740997849519,False,False
0.16654509119764926,0.0,False,0.0,0.0,1.0,0.9125000000000001,0.16666666666666666,0.05341280752065933,0.09930791168764162,0.5550520377726573,True,False
0.2518375857528897,0.0,False,1.0,0.0,1.0,0.9750000000000001,0.16666666666666666,0.13605857136887642,0.10419537997047713,0.5339441778717848,True,False
0.21387707107058385,0.0,False,0.0,1.0,0.875,0.8500000000000001,0.16666666666666666,0.13547721826728001,0.04899978596771433,0.47357037073615493,True,False
0.37719075328840235,0.5,False,1.0,0.0,0.875,0.9125000000000001,0.16666666666666666,0.06819541237119331,0.07630985910505424,0.5270796214046647,True,False
0.24841756378014168,0.0,False,1.0,0.0,0.875,0.925,0.16666666666666666,0.002883785969805758,0.025655579508637536,0.5344770770310565,True,False
0.3231614519252207,0.0,False,1.0,0.0,0.875,0.9625000000000001,0.16666666666666666,0.021328488385426208,0.057358623896855136,0.5838479772667029,True,False
0.18390301753879423,0.0,True,0.0,0.0,0.75,0.9500000000000002,0.16666666666666666,0.2017565755542099,0.09759644308840601,0.6016140049301433,True,False
0.20055299870846255,0.0,False,1.0,0.0,0.875,0.8625,0.16666666666666666,0.35181624985354853,0.08208859352967826,0.28866124330145526,True,False
0.29922617658697714,0.0,False,1.0,0.0,0.875,0.875,0.16666666666666666,0.14439945970080723,0.1150213422754235,0.5116390443754368,True,False
0.19738131690723237,0.0,False,0.0,0.0,0.75,0.925,0.16666666666666666,0.10292692177289252,0.06284855670619677,0.62773090935538,True,False
0.2543119233276806,0.0,False,1.0,0.0,0.875,0.8625,0.16666666666666666,0.06312354175486794,0.08305755719372108,0.5690636145084667,True,False
0.25983307656246224,0.0,False,0.0,1.0,0.875,0.9125000000000001,0.16666666666666666,0.08270428107714999,0.11858612589529187,0.5147621821818049,True,False
0.29125579931123713,0.0,False,1.0,0.0,1.0,0.875,0.16666666666666666,0.06501246745080941,0.06665131652756871,0.5201310564570238,True,False
0.34795168396883647,0.25,False,1.0,0.0,0.875,0.925,0.16666666666666666,0.08236886271309861,0.04994752396820866,0.506386775558753,True,False
0.12663286180731126,0.0,False,0.0,0.0,0.875,0.925,0.16666666666666666,0.30451380472294404,0.1480450174450438,0.43044873550207363,True,False
0.30726640843748776,0.0,True,0.0,0.0,1.0,0.9750000000000001,0.16666666666666666,0.0666247778982986,0.0409047587764427,0.6471015519541439,True,False
0.19738131690723237,0.0,False,1.0,0.0,0.625,0.825,0.16666666666666666,0.26725953970985705,0.0881712445254685,0.5159359899073579,True,False
0.18235264390969064,0.0,False,0.0,0.0,1.0,0.8875,0.16666666666666666,0.12450613804029458,0.08857458713484719,0.4497494575801906,True,False
0.28298280193775793,0.0,False,0.0,1.0,0.75,0.825,0.16666666666666666,0.04083858138360258,0.06679483695629176,0.5292606523511005,True,False
0.20254756886482472,0.25,False,0.0,0.0,0.75,0.825,0.16666666666666666,0.074963179556234,0.037013690707403325,0.6755901225354526,True,False
0.26178693864703384,0.0,False,1.0,0.0,0.875,0.9750000000000001,0.16666666666666666,0.19267736420240583,0.14796973959060378,0.4223668194000463,True,False
0.19738131690723237,0.0,False,1.0,0.0,0.875,0.8875,0.16666666666666666,0.20463619101699815,0.07776743453365213,0.3830127615210639,True,False
0.07161366638602373,0.5,False,0.0,1.0,0.875,0.875,0.16666666666666666,0.08191186518040876,0.04959894737513474,0.631013929393972,False,True
0.18235264390969064,0.25,True,1.0,0.0,1.0,0.9875,0.16666666666666666,0.23640431551063068,0.15121754594362674,0.3450314050675274,True,False
0.1341371873724625,0.0,False,0.0,0.0,0.875,0.875,0.16666666666666666,0.19339854811442486,0.06039248324629649,0.36715406736437184,True,False
0.22464655223625163,0.0,False,0.0,0.0,1.0,0.9125000000000001,0.16666666666666666,0.1229891129693841,0.0717645516924873,0.5716758116825893,True,False
0.2804185526406079,0.25,False,0.0,0.0,1.0,0.9375,0.16666666666666666,0.17683172730314417,0.11671433299677901,0.4647914887102098,True,False
0.23685602136352257,0.0,True,0.0,0.0,1.0,0.9500000000000002,0.16666666666666666,0.20313934566018552,0.06648734195380979,0.6569304446486617,True,False
0.1341371873724625,0.0,False,0.0,0.0,0.875,0.8125,0.16666666666666666,0.029795463983371604,0.07897767366284102,0.5969665296576812,True,False
0.32070147190330356,0.0,False,0.0,0.0,1.0,0.925,0.0,0.04128002971906812,0.06694068373024857,0.6204452491783017,True,False
0.19563165245222625,0.0,False,1.0,0.0,0.875,0.8625,0.16666666666666666,0.06340584391882284,0.11458913103556571,0.5162063841606317,True,False
0.24864724269350724,0.25,False,0.0,0.0,0.375,0.5375000000000001,0.16666666666666666,0.08783858600034236,0.026317398798410913,0.615790984590961,True,False
0.23071219467756687,0.0,True,1.0,0.0,1.0,1.0,0.16666666666666666,0.16854223256236925,0.0722926644385648,0.40442822849069704,True,False
0.20980013490382665,0.0,False,1.0,0.0,0.75,0.8375000000000001,0.16666666666666666,0.07442587385585263,0.05999634879626627,0.755560080907606,True,False
0.21681908192114852,0.0,False,1.0,0.0,0.75,0.8625,0.16666666666666666,0.08532559180192364,0.04880328873243818,0.8406116799175116,True,False
0.1341371873724625,0.0,False,0.0,1.0,0.875,0.875,0.16666666666666666,0.1796805475957888,0.03920095745338828,0.3916113248333286,True,False
0.18999651059371547,0.0,False,1.0,0.0,1.0,1.0,0.16666666666666666,0.03568104392235001,0.07904043079436371,0.6122477403183211,True,False
0.23685602136352257,0.0,False,0.0,0.0,0.875,0.925,0.3333333333333333,0.15403045410758598,0.14215418078960543,0.5574783403768713,True,False
0.4012640900408567,0.75,False,1.0,0.0,1.0,0.9500000000000002,0.3333333333333333,0.06058281590636275,0.06493951408119886,0.6802219276601029,False,False
0.19738131690723237,0.25,False,1.0,0.0,0.875,0.925,0.16666666666666666,0.15332646088963128,0.13887213940402146,0.491521054569249,True,False
0.20141005087890218,0.0,False,1.0,0.0,0.875,0.8875,0.16666666666666666,0.28206989390333737,0.11855396777213432,0.47462856969496636,True,False
0.22464655223625163,0.0,False,0.0,0.0,1.0,1.0,0.16666666666666666,0.07349183905733482,0.10211991230186165,0.5515074603810368,True,False
0.20026656396674725,0.0,False,1.0,0.0,1.0,0.8125,0.16666666666666666,0.14896611998145998,0.10839542717011033,0.44671511640372175,True,False
0.2543119233276806,0.25,False,0.0,1.0,0.75,0.7125,0.16666666666666666,0.06706984357393597,0.10149443557367421,0.5388704704795035,True,False
0.25764137249870733,0.0,False,1.0,0.0,1.0,0.9750000000000001,0.16666666666666666,0.03423703864182047,0.0830228482603053,0.6065615059697231,True,False
0.19738131690723237,0.0,False,0.0,1.0,1.0,0.9125000000000001,0.16666666666666666,0.06689335641166416,0.09103704806476114,0.5739266719811744,True,False
0.344134369123266,0.0,False,0.0,1.0,0.875,0.8500000000000001,0.16666666666666666,0.09345521607129087,0.06716031349304874,0.5849405206128924,False,False
0.24046085711394316,0.0,False,1.0,0.0,0.875,0.875,0.16666666666666666,0.15462325751799286,0.08810329009259761,0.3856130647826561,True,False
0.20026656396674725,0.0,False,1.0,0.0,0.875,0.8625,0.16666666666666666,0.15462404799245036,0.11341187943350624,0.43793556203262773,True,False
0.32070147190330356,0.0,False,0.0,1.0,1.0,1.0,0.16666666666666666,0.04610736423223093,0.07779786472935497,0.665922668100394,True,False
0.2378231565258787,0.25,False,0.0,1.0,1.0,0.9750000000000001,0.16666666666666666,0.07810157025521033,0.04805056217527886,0.45892630018846936,True,False
0.05044498468457159,0.0,False,0.0,0.0,0.875,0.8625,0.16666666666666666,0.19922588714251402,0.040351888488241665,0.3538892800558133,True,False
0.29922617658697714,0.0,False,0.0,0.0,1.0,0.9750000000000001,0.16666666666666666,0.11674628905874422,0.030477574592483424,0.5665401007688793,True,False
0.4630619129380963,0.5,True,1.0,0.0,1.0,0.9875,0.3333333333333333,0.17590735748513317,0.11835868102648926,0.5844670512399652,False,False
0.19738131690723237,0.0,True,1.0,0.0,0.875,0.9500000000000002,0.16666666666666666,0.2064549890398834,0.125980507643832,0.48389261942896455,True,False
0.40194675843297467,0.0,False,0.0,0.0,0.875,0.7750000000000001,0.16666666666666666,0.09068974961086368,0.0472624242374234,0.7232667650659796,False,False
0.24046085711394316,0.0,False,0.0,0.0,1.0,0.925,0.16666666666666666,0.2926732439485596,0.07691600288533958,0.3639337063520067,True,False
0.19738131690723237,0.0,False,0.0,1.0,0.875,0.8375000000000001,0.16666666666666666,0.1554778427477071,0.10177306522599057,0.3845512828869331,True,False
0.24841756378014168,0.5,False,0.0,1.0,0.875,0.8,0.16666666666666666,0.18029118218692144,0.027822318856059444,0.392001780114287,True,False
0.19738131690723237,0.0,False,0.0,1.0,0.875,0.825,0.16666666666666666,0.168312711822334,0.02202630199433066,0.39888885207653657,True,False
0.22464655223625163,0.0,False,1.0,0.0,1.0,0.9500000000000002,0.16666666666666666,0.11039021356823074,0.06519660787322658,0.5909201471247423,True,False
0.25961489543201643,0.0,False,0.0,0.0,1.0,1.0,0.16666666666666666,0.12483175947916246,0.0608599707527095,0.4674414740501187,False,False
0.2114400734862546,0.0,False,1.0,0.0,1.0,0.8875,0.16666666666666666,0.06873569543841039,0.03379575533138992,0.6798584774611074,True,False
0.344134369123266,0.0,False,0.0,1.0,0.875,0.825,0.0,0.12358312005081497,0.07388525603383007,0.6133254526727467,False,False
0.15415408668750807,0.0,False,1.0,0.0,0.875,0.9000000000000001,0.16666666666666666,0.2462786539942652,0.1118720078339701,0.5151440999332062,True,False
0.2628648953679048,0.5,False,1.0,0.0,0.875,0.9375,0.16666666666666666,0.12927058348090145,0.040385365857426976,0.554701672910358,True,False
0.07723047886437417,0.0,False,0.0,0.0,0.75,0.8500000000000001,0.16666666666666666,0.25702822882588267,0.011881205892881806,0.384704184772068,True,False
0.3124663484708553,0.25,False,1.0,0.0,0.875,0.8875,0.3333333333333333,0.10123050588586234,0.06714086125751877,0.6387404493943747,True,False
0.20564546873051193,0.0,False,0.0,0.0,1.0,0.925,0.16666666666666666,0.1319866701879825,0.03822209345215545,0.40356942603080914,True,False
0.2440070303170766,0.0,False,0.0,1.0,1.0,0.9375,0.16666666666666666,0.14197786925396785,0.19961887376522064,0.5138264014247662,True,False
0.1545079674776736,0.0,False,1.0,0.0,0.75,0.8125,0.16666666666666666,0.2943248064141623,0.1428535032170112,0.4547375946044221,True,False
0.25961489543201643,0.0,True,0.0,0.0,1.0,0.9625000000000001,0.16666666666666666,0.25259036654736666,0.06698479397755173,0.564088330138105,True,False
0.2086999458571831,0.0,False,0.0,0.0,1.0,0.9000000000000001,0.16666666666666666,0.2513681154794184,0.07141590171174227,0.35482561073816354,True,False
0.5118383672496735,0.5,False,0.0,1.0,1.0,0.8625,0.3333333333333333,0.15126246197903542,0.14954686011991422,0.5492891226362389,False,False
0.28955003933830226,0.0,False,1.0,0.0,1.0,0.9625000000000001,0.16666666666666666,0.1847038353081554,0.0825396523242046,0.6848245479425805,True,False
0.2540881408954355,0.0,False,0.0,1.0,1.0,1.0,0.16666666666666666,0.20591949938798476,0.1258756666381692,0.3655426693458106,True,False
0.1491384508511061,0.0,False,1.0,0.0,0.875,0.8625,0.16666666666666666,0.14106321837786404,0.07185256030941606,0.4314407279628807,True,False
0.30831637024880354,0.0,False,0.0,1.0,1.0,0.9125000000000001,0.16666666666666666,0.06428181044882723,0.01830909630251395,0.47192100679597226,True,False
0.3601219809432269,0.25,False,0.0,1.0,1.0,0.9375,0.16666666666666666,0.06428341329357193,0.01831080888753539,0.47191929610625816,True,False
0.2804185526406079,0.0,True,0.0,0.0,0.875,0.9125000000000001,0.16666666666666666,0.007127101442335842,0.03967282608456062,0.5489174454167092,True,False
0.23685602136352257,0.0,True,0.0,0.0,1.0,0.9750000000000001,0.16666666666666666,0.2869338784998057,0.027690999579065664,0.3218598085172091,True,False
0.29125579931123713,0.0,False,0.0,1.0,1.0,0.9375,0.16666666666666666,0.06428168044862881,0.018307664556248698,0.47192127367298675,True,False
0.18666619388412287,0.0,False,1.0,0.0,0.75,0.7875000000000001,0.16666666666666666,0.2928236583011219,0.13965289249040488,0.456845831697158,True,False
0.20311410892050896,0.0,True,0.0,0.0,1.0,0.9875,0.16666666666666666,0.19501456329637465,0.09986446334923917,0.38977821976515004,True,False
0.25764137249870733,0.0,False,0.0,1.0,0.875,0.8875,0.16666666666666666,0.04943012356138865,0.06273596138319573,0.5629160763594647,True,False
0.19738131690723237,0.0,False,1.0,0.0,0.75,0.9000000000000001,0.3333333333333333,0.12777216967873326,0.10170260900946128,0.547748199305018,True,False
0.2804185526406079,0.0,True,0.0,0.0,1.0,0.9500000000000002,0.16666666666666666,0.23150912447168656,0.012289358187486787,0.7172159644828002,True,False
0.18999651059371547,0.0,False,1.0,0.0,1.0,0.8500000000000001,0.16666666666666666,0.10105391925187791,0.06368106911763301,0.6221338767189892,True,False
0.5209089896404188,0.5,False,0.0,0.0,0.875,0.8875,0.3333333333333333,0.18282298695303564,0.09040983524923854,0.6561829857738501,False,False
0.17921840882110474,0.0,False,1.0,0.0,1.0,0.9625000000000001,0.16666666666666666,0.18479341453071976,0.10805200673342133,0.41851594433814654,True,False
0.3365999440394677,0.5,False,0.0,1.0,0.875,0.9000000000000001,0.16666666666666666,0.01447550038463731,0.046836073864727705,0.5796827727937617,True,False
0.09835306947193512,0.0,False,1.0,0.0,1.0,0.9500000000000002,0.16666666666666666,0.1932472041756321,0.08530796285487688,0.6573307025102313,True,False
0.10950116530744503,0.0,False,0.0,0.0,0.875,0.9000000000000001,0.16666666666666666,0.3533044974359049,0.07249364351472139,0.27879082548693224,True,False
0.15058330790537056,0.0,False,0.0,1.0,0.875,0.8,0.16666666666666666,0.1227161429226206,0.013654801570876007,0.41183142964505404,True,False
0.08660377490514592,0.0,False,1.0,0.0,0.875,0.8500000000000001,0.16666666666666666,0.10143377702330081,0.12519134948208938,0.4564197534574208,True,False
0.22464655223625163,0.0,False,0.0,0.0,0.875,0.9500000000000002,0.16666666666666666,0.30079159578870196,0.09253766337157705,0.2948877391778304,True,False
0.13021977345814928,0.0,False,0.0,0.0,1.0,0.9000000000000001,0.16666666666666666,0.09470992610090453,0.1346425622771692,0.48926796664176986,True,False
0.26500494282390286,0.5,False,0.0,1.0,0.75,0.75,0.16666666666666666,0.02432765276080936,0.06605449692482022,0.581384573644572,True,False
0.2543119233276806,0.0,False,0.0,1.0,1.0,0.8875,0.16666666666666666,0.039218500630551795,0.0680949753033217,0.616108365683377,True,False
0.26500494282390286,0.0,False,1.0,0.0,0.75,0.625,0.16666666666666666,0.049527990768762326,0.057792337299309514,0.6210398163815132,True,False
0.39920315882380175,0.5,False,1.0,0.0,1.0,0.9500000000000002,0.3333333333333333,0.13082166051593022,0.07850143377012798,0.41390831220475,False,False
0.30796694477276565,0.0,True,1.0,0.0,1.0,0.9750000000000001,0.16666666666666666,0.15595183310281469,0.13464562968408392,0.4992169759488112,True,False
0.29922617658697714,0.0,False,0.0,0.0,1.0,0.925,0.16666666666666666,0.18077784108471984,0.15926315953524425,0.429054395642644,True,False
0.1744308782194427,0.25,False,0.0,0.0,1.0,0.925,0.16666666666666666,0.19387933796375584,0.07544224883384228,0.6559196344843663,True,False
0.1469530428293836,0.0,False,0.0,1.0,0.75,0.8125,0.16666666666666666,0.1061763152288235,0.06732176597608315,0.6365164519124267,True,False
0.23685602136352257,0.0,True,1.0,0.0,1.0,0.9500000000000002,0.16666666666666666,0.09637941426537805,0.07669705066864903,0.5718760850846707,True,False
0.07161366638602373,0.5,False,0.0,1.0,0.875,0.8625,0.16666666666666666,0.06812113172330213,0.013295464411958235,0.7350119808356159,False,True
0.31670681412378243,0.0,False,1.0,0.0,0.75,0.8,0.16666666666666666,0.06652333878043344,0.037493237789934616,0.6757875284919268,False,False
0.1138054726374812,0.0,False,0.0,0.0,0.875,0.7875000000000001,0.16666666666666666,0.09984426092384807,0.09041079700747365,0.5564815090544002,True,False
0.33506128706017935,0.25,False,1.0,0.0,1.0,0.925,0.16666666666666666,0.10683928200966417,0.15787731289940826,0.5280908097126362,True,False
0.4219065214851244,0.5,False,0.0,1.0,1.0,0.9375,0.3333333333333333,0.09310735994176104,0.07606524972969529,0.44140906338635966,False,False
0.336446566301552,0.0,False,1.0,0.0,1.0,0.9125000000000001,0.16666666666666666,0.17462855814024483,0.1010087559638442,0.6281750022906825,True,False
0.34925763506311946,0.0,False,1.0,0.0,1.0,0.875,0.16666666666666666,0.19136980611417279,0.0692481790927082,0.7047734667527403,True,False
0.1491384508511061,0.0,True,0.0,0.0,1.0,0.925,0.16666666666666666,0.26327248300798045,0.14542092703179993,0.40762144925138033,True,False
0.20564546873051193,0.0,False,1.0,0.0,0.875,0.8125,0.16666666666666666,0.17169375846832063,0.12307339534030212,0.3725127339951031,True,False
0.23709820784555535,0.0,False,0.0,0.0,0.875,0.75,0.16666666666666666,0.09895599581783462,0.10197005509303815,0.5281413276570175,True,False
0.2114400734862546,0.0,False,0.0,0.0,1.0,0.925,0.16666666666666666,0.0859796141709303,0.09421654367212139,0.5354824254616826,True,False
0.22050691587333648,0.0,False,1.0,0.0,0.875,0.7750000000000001,0.16666666666666666,0.09978243831805181,0.14073096895888676,0.46301469520370087,True,False
0.22541405509279533,0.0,False,1.0,0.0,1.0,0.9500000000000002,0.16666666666666666,0.08306315255793159,0.11741705587461357,0.47315137723658873,True,False
0.27026488318664244,0.0,False,0.0,0.0,1.0,0.9750000000000001,0.16666666666666666,0.07026256644520976,0.0654268371151365,0.4721307782315527,True,False
0.25319070602152516,0.0,False,1.0,0.0,0.875,0.7750000000000001,0.16666666666666666,0.12975565225898342,0.0881863888422927,0.5619010313991859,True,False
0.18999651059371547,0.0,False,1.0,0.0,0.875,0.9000000000000001,0.16666666666666666,0.04296971310195073,0.08194525483782512,0.6300157774578092,True,False
0.30656361284425115,0.0,False,0.0,1.0,0.625,0.625,0.16666666666666666,0.10516903504827745,0.08365653525554152,0.6141377086423063,False,False
0.1491384508511061,0.0,False,0.0,1.0,1.0,0.875,0.16666666666666666,0.28067518665186003,0.13766451102204333,0.4627258004914234,True,False
0.3583253273095489,0.5,False,1.0,0.0,0.75,0.7250000000000001,0.16666666666666666,0.04357346071797938,0.054692607231114,0.7600322472819285,True,False
0.09185166783053156,0.0,False,1.0,0.0,0.875,0.8375000000000001,0.16666666666666666,0.09670570226659127,0.13809441550408116,0.4798946359543659,True,False
0.2045240485274159,0.5,True,0.0,0.0,1.0,0.9875,0.3333333333333333,0.14250364619728642,0.16612083317240378,0.5360417657281142,True,False
0.15974835452086278,0.0,False,0.0,0.0,1.0,0.9500000000000002,0.16666666666666666,0.19856961086690808,0.14407897900257266,0.5158512438715546,True,False
0.3684925690922315,0.0,False,0.0,0.0,1.0,0.9500000000000002,0.16666666666666666,0.03306212220225445,0.00048439098714151124,0.5469869196401458,True,False
0.361903942913118,0.5,False,1.0,0.0,0.875,0.8500000000000001,0.16666666666666666,0.11848481057870792,0.04700396137678965,0.5850993360932362,True,False
0.33100918123851397,0.0,True,1.0,0.0,1.0,0.9375,0.16666666666666666,0.14509684285144772,0.13429320399664774,0.512908150174699,True,False
0.3684925690922315,0.0,False,0.0,0.0,1.0,0.9875,0.0,0.04074143744709385,0.06855042976729035,0.6191173981379194,True,False
0.1744308782194427,0.0,False,1.0,0.0,0.75,0.7375,0.16666666666666666,0.09760495150704682,0.14160645237123173,0.46609043234883707,True,False
0.31434232696378717,0.0,False,0.0,1.0,1.0,1.0,0.16666666666666666,0.16306923803058973,0.030222668120975682,0.38702134198329285,True,False
0.3659613869023369,0.0,False,0.0,1.0,1.0,1.0,0.16666666666666666,0.07580635225979625,0.05199514292327954,0.4660324783487322,True,False
0.3403997173291772,0.25,False,0.0,1.0,0.75,0.8500000000000001,0.16666666666666666,0.12909248045076305,0.05831032773990842,0.571189358852098,True,False
0.27026488318664244,0.0,False,0.0,1.0,1.0,1.0,0.16666666666666666,0.12916140910816815,0.1156172331890629,0.4199117077397392,True,False
0.27026488318664244,0.5,False,0.0,1.0,1.0,1.0,0.16666666666666666,0.20125867731826133,0.08671455469863382,0.36358871564380557,True,False
0.22464655223625163,0.0,False,0.0,1.0,1.0,0.8500000000000001,0.16666666666666666,0.19980803154747273,0.09529076017637997,0.3663360922542416,True,False
0.3281590761255734,0.0,False,0.0,0.0,1.0,0.75,0.16666666666666666,0.16364155831871535,0.07487819601460889,0.37986780753513316,True,False
0.3328887509306683,0.25,False,0.0,1.0,0.875,0.9000000000000001,0.16666666666666666,0.11188677288433628,0.10008403903528422,0.590360941583812,True,False
0.23709820784555535,0.0,False,1.0,0.0,1.0,0.8875,0.16666666666666666,0.10781173697899228,0.13656650710160068,0.45707195450645055,True,False
0.31670681412378243,0.0,False,0.0,1.0,1.0,0.9375,0.16666666666666666,0.04739181455490665,0.05435507291910298,0.6352114515679337,True,False
0.39039976328592807,1.0,False,0.0,1.0,1.0,0.9500000000000002,0.3333333333333333,0.2193343396409988,0.07998018919781594,0.3432515389293722,False,False
0.4197187713521039,0.0,False,1.0,0.0,1.0,0.8375000000000001,0.16666666666666666,0.04455859214396159,0.029724810166968936,0.5596665583336016,True,False
0.33053674480278705,0.5,False,0.0,0.0,1.0,0.875,0.16666666666666666,0.09413120818979254,0.062346462055611736,0.5970878978611867,True,False
0.21787913240949408,0.25,True,1.0,0.0,1.0,0.9500000000000002,0.3333333333333333,0.1925784699368363,0.04142084673862511,0.38109691436952975,True,False
0.24841756378014168,0.0,False,0.0,1.0,0.875,0.8875,0.16666666666666666,0.10263062980397182,0.03408818772153722,0.430175480670276,True,False
0.20842402851794806,0.0,True,0.0,0.0,1.0,0.9625000000000001,0.16666666666666666,0.25307116987820216,0.057524826005375854,0.5693406520329731,True,False
0.2540881408954355,0.0,False,1.0,0.0,0.875,0.925,0.16666666666666666,0.031653332895801134,0.08208033005826433,0.6004380382354702,True,False
0.3124663484708553,0.25,False,1.0,0.0,1.0,0.9750000000000001,0.3333333333333333,0.14607644975006273,0.16412352446102307,0.5346246127411438,True,False
0.396773842823147,0.0,True,0.0,1.0,1.0,0.9875,0.16666666666666666,0.05876719257534353,0.06211875579484461,0.5521320826872569,True,False
0.2425954782507257,0.0,False,0.0,0.0,1.0,0.9000000000000001,0.16666666666666666,0.09312131912073449,0.05619684093011701,0.6585423894446427,True,False
0.242831372789175,0.0,False,0.0,0.0,0.875,0.8625,0.16666666666666666,0.19640810712062343,0.05461364453468738,0.3883454693153683,True,False
0.10950116530744503,0.0,False,1.0,0.0,0.625,0.75,0.16666666666666666,0.1151402446360792,0.13627716794727898,0.43005760908664015,True,False
0.2804185526406079,0.0,False,0.0,0.0,1.0,1.0,0.16666666666666666,0.2988342528444676,0.15224926691107454,0.44914127885138333,True,False
0.10950116530744503,0.0,False,0.0,0.0,0.75,0.8125,0.16666666666666666,0.0836609785745777,0.028352211362626528,0.7251056568764258,True,False
0.2518375857528897,0.0,True,1.0,0.0,0.875,0.925,0.16666666666666666,0.13870215521307586,0.11844138248409182,0.5290296714568126,True,False
0.2518375857528897,0.0,True,1.0,0.0,1.0,0.9750000000000001,0.16666666666666666,0.13485308102492613,0.10566295301064593,0.5353351418302856,True,False
0.2518375857528897,0.0,True,1.0,0.0,1.0,0.9375,0.16666666666666666,0.1250045367363804,0.07655869124122396,0.599016522934255,True,False
0.2518375857528897,0.0,True,1.0,0.0,0.875,0.9375,0.16666666666666666,0.026555799678068853,0.07032870906524345,0.562165675163067,True,False
0.18999651059371547,0.0,False,1.0,0.0,1.0,0.9750000000000001,0.16666666666666666,0.007726993921075863,0.04187528668920813,0.5418799116127633,True,False
0.44897086005547704,0.0,True,0.0,1.0,1.0,1.0,0.16666666666666666,0.04820065166470172,0.050847482661356434,0.6050382911266445,True,False
0.441615585780185,0.0,True,0.0,1.0,1.0,1.0,0.16666666666666666,0.045405821333034585,0.056219136089215055,0.6998585999937355,True,False
0.4731242021091805,0.0,True,0.0,1.0,1.0,1.0,0.16666666666666666,0.05448277526139862,0.06813253951627275,0.6004736791264371,True,False
0.39920315882380175,0.0,True,0.0,1.0,1.0,1.0,0.16666666666666666,0.047417895034454025,0.05846688964135196,0.662356736254385,True,False
0.28298280193775793,0.0,False,1.0,0.0,1.0,0.75,0.16666666666666666,0.18937910690263743,0.19666018532665752,0.4857325017254388,True,False
0.1379854216615023,0.0,False,1.0,0.0,1.0,0.9375,0.16666666666666666,0.30913126984757816,0.09317115014011693,0.346566370623445,True,False
0.2804185526406079,0.0,False,0.0,1.0,1.0,0.9500000000000002,0.16666666666666666,0.06003200193528882,0.07238652258093112,0.5674402010603041,True,False
0.340248991723305,0.25,True,0.0,1.0,1.0,0.9375,0.16666666666666666,0.030216889706564855,0.07807510885222924,0.5888396565248328,True,False
0.39747070092854775,0.0,True,1.0,0.0,1.0,0.9500000000000002,0.16666666666666666,0.2643259078422787,0.047801993323991064,0.36636030054647795,False,False
0.13021977345814928,0.0,False,0.0,1.0,1.0,0.8125,0.16666666666666666,0.17091980069829427,0.14111235000418623,0.4374055416390843,True,False
0.26500494282390286,0.0,False,1.0,0.0,1.0,0.75,0.16666666666666666,0.03664685716913989,0.06540280753189408,0.6417958105406278,True,False
0.2507035317605534,0.0,False,1.0,0.0,0.75,0.875,0.16666666666666666,0.05573391488594226,0.03548650828052663,0.6659843360946416,True,False
0.1491384508511061,0.0,False,1.0,0.0,0.625,0.65,0.16666666666666666,0.0225938458448639,0.04937593634190609,0.585635598454632,True,False
0.27026488318664244,0.0,False,0.0,1.0,0.875,0.825,0.16666666666666666,0.15377489863628518,0.104436634747028,0.3858674420622492,True,False
0.3257551787117082,0.0,False,1.0,0.0,1.0,0.9625000000000001,0.16666666666666666,0.1921673323491058,0.21427814987973684,0.43047666653440664,True,False
0.22464655223625163,0.0,False,0.0,0.0,0.875,0.8625,0.16666666666666666,0.11624709602296966,0.05072789324194051,0.5967573908755488,True,False
0.24841756378014168,0.25,False,0.0,1.0,0.875,0.8375000000000001,0.16666666666666666,0.15833667855580277,0.10217875144052543,0.3825262518126753,True,False
0.15591777176702204,0.0,False,0.0,1.0,1.0,0.9500000000000002,0.16666666666666666,0.18181721297340925,0.0510546227481552,0.37177762797660674,True,False
0.46228817465983163,0.5,False,1.0,0.0,1.0,0.9375,0.3333333333333333,0.04944599632172754,0.05574790900884779,0.6393431668020866,False,False
0.38309167408753375,0.5,False,1.0,0.0,1.0,0.75,0.0,0.05951105549635613,0.05378436823245912,0.6754085737390092,False,False
0.2344192367306569,0.0,False,1.0,0.0,1.0,0.9750000000000001,0.16666666666666666,0.09414695576637569,0.08092893779301008,0.4416936510692089,True,False
0.43498175627247104,0.5,False,0.0,0.0,0.875,0.9000000000000001,0.5,0.15350837289312722,0.11466504884333069,0.4537272249861657,False,False
0.31754509461645475,0.0,True,0.0,0.0,1.0,0.925,0.16666666666666666,0.10514789491803947,0.06959404598954524,0.6050943411412384,True,False
0.3684925690922315,0.5,False,1.0,0.0,1.0,0.9500000000000002,0.16666666666666666,0.11443828363355275,0.08273989669119318,0.584067571018072,True,False
0.14511497704022547,0.0,False,0.0,0.0,0.875,0.8875,0.16666666666666666,0.23284589237638817,0.1440910585127699,0.3520536768997353,True,False
0.2344192367306569,0.0,False,0.0,1.0,1.0,0.8875,0.16666666666666666,0.0551948953987626,0.057636622722884744,0.6270209933997632,True,False
0.2344192367306569,0.0,False,1.0,0.0,0.875,0.8500000000000001,0.16666666666666666,0.09822098797462851,0.10338007801854772,0.4474641966147104,True,False
0.2114400734862546,0.0,False,0.0,1.0,0.75,0.75,0.16666666666666666,0.047313635032966,0.03143716603885119,0.530675281953285,True,False
0.2114400734862546,0.0,False,0.0,1.0,0.875,0.8500000000000001,0.16666666666666666,0.03879146871336216,0.028616416796230566,0.5305957546636917,True,False
0.1763585301969256,0.0,False,0.0,0.0,0.75,0.825,0.16666666666666666,0.06932507420065938,0.0799095638807134,0.5860024839929099,True,False
0.23685602136352257,0.0,False,0.0,1.0,1.0,0.9125000000000001,0.16666666666666666,0.13627701959080749,0.20044857016370632,0.5152038418343732,True,False
0.3617673850533235,1.0,False,0.0,1.0,0.75,0.75,0.3333333333333333,0.19599272368028636,0.05929988967876174,0.7467959149609644,False,False
0.5533768195358059,0.5,False,0.0,0.0,0.875,1.0,0.3333333333333333,0.2051468454268641,0.06728709752492128,0.6466467269731657,False,False
0.1944573559628856,0.0,False,0.0,1.0,0.75,0.7750000000000001,0.16666666666666666,0.19583965257152128,0.0605276307044288,0.38349742593963776,True,False
0.25961489543201643,0.0,True,0.0,1.0,1.0,0.925,0.16666666666666666,0.07124684054094628,0.07727137122307179,0.5803924124225177,True,False
0.44057145634586703,1.0,False,1.0,0.0,1.0,0.8375000000000001,0.3333333333333333,0.08332368641032628,0.08040568458716277,0.4671451812076777,False,False
0.24864724269350724,0.0,False,0.0,1.0,1.0,0.9625000000000001,0.16666666666666666,0.13464969449571318,0.0622557170164758,0.40113833692470613,True,False
0.24841756378014168,0.0,True,0.0,1.0,1.0,0.9500000000000002,0.16666666666666666,0.06431799419801316,0.09032491492701657,0.5656684832559906,True,False
0.1744308782194427,0.0,False,1.0,0.0,1.0,0.6625000000000001,0.16666666666666666,0.1569970823759753,0.16248845240157683,0.49757993113820564,True,False
0.32720069694255216,0.0,False,0.0,0.0,1.0,1.0,0.16666666666666666,0.0915815678320192,0.02282739754520426,0.6188843785959965,True,False
0.2518375857528897,0.0,True,1.0,0.0,1.0,0.9625000000000001,0.16666666666666666,0.1935917851849922,0.21797605453627122,0.42806265250302533,True,False
0.2114400734862546,0.0,False,1.0,0.0,0.875,0.8875,0.16666666666666666,0.10537137644802556,0.07502842447674261,0.6202119445916807,True,False
0.29922617658697714,0.5,False,0.0,1.0,0.875,0.8500000000000001,0.16666666666666666,0.1127813357944527,0.08407744864730711,0.42336547629043153,True,False
0.4466699805146094,1.0,True,1.0,0.0,1.0,1.0,0.3333333333333333,0.2891874803551911,0.1317087749897741,0.46195054484500675,False,False
0.25764137249870733,0.0,True,0.0,1.0,1.0,0.9875,0.16666666666666666,0.13057197642359472,0.0921611883443437,0.5535144061194939,True,False
0.25764137249870733,0.0,True,0.0,1.0,1.0,0.875,0.16666666666666666,0.13451434982121055,0.10167328064154874,0.538104574412271,True,False
0.25764137249870733,0.0,False,0.0,1.0,1.0,0.9500000000000002,0.16666666666666666,0.13454051032240819,0.09801131372829634,0.5416838320752211,True,False
0.25764137249870733,0.0,True,0.0,1.0,1.0,0.9375,0.16666666666666666,0.1520182322102175,0.13544666519301626,0.4941400720458191,True,False
0.27519771860536413,0.25,False,0.0,1.0,1.0,0.925,0.16666666666666666,0.10959303155341316,0.12358202049233694,0.4338380417132104,True,False
0.19738131690723237,0.0,False,0.0,1.0,0.875,0.8125,0.16666666666666666,0.1087102853096649,0.061718195625613,0.42525378298354455,True,False
0.3319509925130858,0.25,False,0.0,1.0,1.0,0.9750000000000001,0.16666666666666666,0.18723655511978568,0.10264785844682976,0.4386376073098408,False,False
0.2518375857528897,0.0,True,1.0,0.0,1.0,0.9875,0.16666666666666666,0.2048202878121481,0.2404999704010652,0.4140684408644517,True,False
0.2518375857528897,0.0,True,1.0,0.0,1.0,0.9500000000000002,0.16666666666666666,0.20637378645233764,0.23213497063178903,0.4135982861579892,True,False
0.24841756378014168,0.5,False,1.0,0.0,1.0,0.875,0.3333333333333333,0.23918376274823824,0.021770317895328087,0.3292437714385825,True,False
0.2114400734862546,0.0,False,0.0,0.0,1.0,1.0,0.16666666666666666,0.2278097954623276,0.11345795149663589,0.40631442814105134,True,False
0.18235264390969064,0.0,False,0.0,0.0,1.0,1.0,0.16666666666666666,0.12880969076788376,0.10173936349671217,0.47707943441967515,True,False
0.242831372789175,0.0,True,1.0,0.0,1.0,0.9375,0.16666666666666666,0.12984606249959293,0.04742388970919866,0.47289506720331786,True,False
0.21787913240949408,0.0,True,0.0,0.0,1.0,0.9875,0.16666666666666666,0.11715499982700191,0.08104145844609012,0.5814291385231933,True,False
0.2784253142618224,0.0,False,1.0,0.0,0.875,0.8875,0.16666666666666666,0.09134065853000736,0.11179282512312491,0.5208881400703544,True,False
0.31143623952626565,0.25,False,1.0,0.0,0.875,0.9500000000000002,0.16666666666666666,0.1764274856170309,0.10752495374624353,0.3910828955503074,True,False
0.2784253142618224,0.0,False,1.0,0.0,0.875,0.8500000000000001,0.16666666666666666,0.0903891878533812,0.12708618083105408,0.491363310282958,True,False
0.24841756378014168,0.0,False,0.0,1.0,0.875,0.8500000000000001,0.16666666666666666,0.1861660179467756,0.09022084315797527,0.36551663292741954,True,False
0.24841756378014168,0.25,False,0.0,1.0,0.875,0.8500000000000001,0.16666666666666666,0.19141225497248401,0.10189365720266673,0.3617243215625108,True,False
0.38738445376403063,0.5,False,0.0,1.0,1.0,0.875,0.16666666666666666,0.12171064391201365,0.0895302338372729,0.560133876158617,False,False
0.2114400734862546,0.0,False,0.0,0.0,0.875,0.925,0.16666666666666666,0.07928797271830233,0.061348148687433275,0.45637528093844404,True,False
0.17921840882110474,0.0,False,1.0,0.0,1.0,0.9000000000000001,0.16666666666666666,0.08018655081193331,0.07277343336175841,0.4690789623220504,True,False
0.23709820784555535,0.0,False,0.0,1.0,0.875,0.875,0.16666666666666666,0.07042661677698765,0.06936307813278055,0.6003392640291425,True,False
0.3439862054897177,0.25,True,0.0,1.0,1.0,0.9750000000000001,0.3333333333333333,0.009117443396600818,0.034190805887573325,0.5679092507783956,True,False
0.344134369123266,0.0,False,0.0,1.0,0.875,0.8375000000000001,0.0,0.03415745025794478,0.0809332621814026,0.6066812657097205,False,False
0.16283314549952832,0.0,False,0.0,0.0,1.0,1.0,0.16666666666666666,0.2219939665092813,0.11864774814966877,0.5332018039277269,True,False
0.29922617658697714,0.0,False,0.0,0.0,1.0,1.0,0.16666666666666666,0.15790273083871656,0.09590781627516519,0.40434165803278743,True,False
0.2114400734862546,0.0,False,0.0,1.0,0.875,0.9000000000000001,0.0,0.30021529032608907,0.1095020749232391,0.2947297085226057,False,False
0.3433925415261282,0.0,False,0.0,1.0,0.875,0.75,0.0,0.11040342308258257,0.044741008266800567,0.6135631395030638,False,False
0.3433925415261282,0.0,False,0.0,1.0,0.75,0.6875,0.0,0.11336972476937432,0.05091576936350531,0.6569404702513388,False,False
0.3433925415261282,0.0,False,0.0,1.0,0.875,0.675,0.0,0.1082372427311709,0.04160536419507222,0.640660595175641,False,False
0.38726296921646075,0.5,False,0.0,1.0,1.0,0.8625,0.3333333333333333,0.23078618161288328,0.049257127174500315,0.38660575719304613,False,False
0.42692744451985154,0.5,False,0.0,1.0,0.875,0.8375000000000001,0.3333333333333333,0.1896764873720121,0.11551517262867293,0.5600528889274483,False,False
0.31670681412378243,0.25,False,0.0,1.0,0.875,0.8875,0.16666666666666666,0.09718336856985585,0.14603376452920547,0.5216214607430463,True,False
0.18999651059371547,0.0,False,1.0,0.0,1.0,0.8375000000000001,0.16666666666666666,0.11742556046017168,0.09931300225686022,0.45783730874393336,True,False
0.18999651059371547,0.0,False,1.0,0.0,0.875,0.8500000000000001,0.16666666666666666,0.12927943094952918,0.07853302892825449,0.4458069678101064,True,False
0.1744308782194427,0.0,False,0.0,0.0,1.0,0.9125000000000001,0.16666666666666666,0.14826430214974026,0.09969342871604041,0.43833199157353553,True,False
0.2086999458571831,0.0,False,0.0,1.0,0.875,0.8875,0.16666666666666666,0.06848398844804111,0.08828206981041622,0.605870844511277,True,False
0.4275343768400476,0.5,False,0.0,0.0,1.0,0.9125000000000001,0.3333333333333333,0.062077132572613034,0.06047683351774818,0.5220059772388645,True,False
0.25983307656246224,0.5,False,0.0,1.0,0.875,1.0,0.16666666666666666,0.09820827379970062,0.09805871778868323,0.44371826937553727,True,False
0.2754008499075643,0.0,False,1.0,0.0,1.0,0.925,0.16666666666666666,0.05051744308242864,0.038349287624548194,0.5270314694682094,True,False
0.19738131690723237,0.0,False,0.0,1.0,1.0,1.0,0.16666666666666666,0.1896257789960736,0.057762068567983174,0.3843378302008784,True,False
0.1491384508511061,0.0,False,1.0,0.0,0.625,0.7750000000000001,0.16666666666666666,0.24267126158235183,0.023946526195102562,0.327109755116584,True,False
0.2045240485274159,0.0,False,1.0,0.0,0.75,0.7375,0.16666666666666666,0.14002326523632494,0.06185220331333955,0.40302586316436195,True,False
0.23709820784555535,0.0,False,1.0,0.0,1.0,0.9625000000000001,0.16666666666666666,0.11543318022671105,0.05720725819165204,0.8872285116084457,True,False
0.2518375857528897,0.0,False,0.0,0.0,1.0,0.8875,0.16666666666666666,0.09911828329301962,0.06176745987328661,0.6484772403243426,True,False
0.53206932159522,0.5,False,1.0,0.0,1.0,1.0,0.3333333333333333,0.1338009032343631,0.09781284322737398,0.542865695280841,True,False
0.45448511281551773,0.5,False,1.0,0.0,1.0,0.9625000000000001,0.16666666666666666,0.08690904995020612,0.0732313078865176,0.4541274144793477,False,False
0.10062878017869592,0.0,False,0.0,1.0,1.0,1.0,0.16666666666666666,0.19679581414192354,0.05343729717384997,0.8407681363899915,True,False
0.20731685231026986,0.0,False,1.0,0.0,0.875,0.8625,0.16666666666666666,0.14485924765845012,0.11566642190823936,0.4674676737026664,True,False
0.20564546873051193,0.0,True,0.0,0.0,1.0,0.9375,0.16666666666666666,0.0749579992962457,0.10767429558520174,0.5161139411836317,True,False
0.1491384508511061,0.0,False,0.0,1.0,0.75,0.8875,0.16666666666666666,0.22505974270389312,0.08894074310176038,0.3435312325603954,True,False
0.08660377490514592,0.0,True,1.0,0.0,0.875,0.9375,0.16666666666666666,0.3054511852331446,0.1090572850911932,0.3678919311504867,True,False
0.25983307656246224,0.0,False,1.0,0.0,0.875,0.9125000000000001,0.16666666666666666,0.11973408131447406,0.03587881056695399,0.5820500725191793,True,False
0.1469530428293836,0.0,False,1.0,0.0,1.0,0.9750000000000001,0.16666666666666666,0.11204155794437755,0.06373172511337233,0.6062651271967954,True,False
0.26606713675735716,0.0,False,1.0,0.0,0.875,0.9000000000000001,0.16666666666666666,0.1269688483170018,0.02928102432342218,0.5557967939903568,True,False
0.3141724492380934,0.25,False,0.0,0.0,1.0,0.9125000000000001,0.16666666666666666,0.19342167882914757,0.1108667207563268,0.3752308465570142,True,False
0.19738131690723237,0.0,False,0.0,1.0,1.0,0.9000000000000001,0.16666666666666666,0.15626786514827026,0.07759393793945024,0.39656523002353294,True,False
0.19738131690723237,0.0,False,0.0,1.0,0.75,0.75,0.16666666666666666,0.14129310149338337,0.06042342844334767,0.4015967314565423,True,False
0.25764137249870733,0.0,True,0.0,1.0,1.0,0.8875,0.16666666666666666,0.12564031323859548,0.07613017233380007,0.5792111187375932,True,False
0.1744308782194427,0.0,False,1.0,0.0,0.875,0.8875,0.16666666666666666,0.20358852189090063,0.10357258446860129,0.35269340976983865,True,False
0.25764137249870733,0.0,True,0.0,1.0,0.875,0.9000000000000001,0.16666666666666666,0.14712944464538766,0.12633456504969992,0.5054379422743727,True,False
0.27026488318664244,0.0,False,0.0,0.0,1.0,0.9750000000000001,0.16666666666666666,0.1060303410483919,0.07795660430784684,0.5836846644459723,True,False
0.2114400734862546,0.0,False,0.0,1.0,0.875,0.8125,0.16666666666666666,0.09878761317812867,0.07747811655928179,0.4362495146849663,True,False
0.23294397856609195,0.0,False,0.0,0.0,1.0,0.9625000000000001,0.16666666666666666,0.18909802285564284,0.16910612676442655,0.4289854996929714,True,False
0.406999722112778,0.0,False,0.0,1.0,0.75,1.0,0.16666666666666666,0.0757361860102061,0.09641607520637538,0.5034802841383192,True,False
0.10950116530744503,0.0,False,1.0,0.0,0.75,0.8375000000000001,0.16666666666666666,0.1874686046482191,0.08032348159206781,0.40281060636930976,True,False
0.1491384508511061,0.0,False,1.0,0.0,1.0,0.875,0.16666666666666666,0.19275076557702672,0.17472003262109573,0.39733066940608364,True,False
0.1988287154944829,0.0,False,1.0,0.0,1.0,0.8500000000000001,0.16666666666666666,0.2048051449845098,0.1070270764760367,0.3525779200440433,True,False
0.32070147190330356,0.25,False,0.0,1.0,0.875,1.0,0.3333333333333333,0.20704783596315407,0.1128175410952701,0.43919956055929243,False,False
0.49597522721943454,0.5,False,0.0,1.0,1.0,1.0,0.3333333333333333,0.2648926678526514,0.08241411346692717,0.5245936680760133,False,False
0.2045240485274159,0.0,False,1.0,0.0,0.75,0.7375,0.16666666666666666,0.21580539148388253,0.09047845453477492,0.34597833181813953,True,False
0.2804185526406079,0.0,False,0.0,0.0,1.0,1.0,0.16666666666666666,0.12403294197448929,0.03468035489217773,0.5653991324595249,True,False
0.18235264390969064,0.0,False,1.0,0.0,1.0,0.9500000000000002,0.16666666666666666,0.05778364078242196,0.06631927066635467,0.49386122990402637,True,False
0.19738131690723237,0.0,False,0.0,1.0,0.875,0.8125,0.16666666666666666,0.13141575629460703,0.030781674663515744,0.40676882004955317,True,False
0.19738131690723237,0.0,False,0.0,1.0,0.75,0.8125,0.16666666666666666,0.1216532902021444,0.00965465509101968,0.414050853194758,True,False
0.2518375857528897,0.0,True,1.0,0.0,0.875,0.9500000000000002,0.16666666666666666,0.06701636720624199,0.052681462784603963,0.473305144123499,True,False
0.2114400734862546,0.0,False,0.0,1.0,0.875,0.825,0.16666666666666666,0.14173462482726715,0.05018325274379463,0.43651349879560253,True,False
0.19738131690723237,0.0,False,0.0,1.0,1.0,0.8125,0.16666666666666666,0.12311732602421847,0.0717904269626745,0.412137372291693,True,False
0.16654509119764926,0.0,False,1.0,0.0,1.0,0.9500000000000002,0.16666666666666666,0.06911350085427106,0.04301949107518486,0.6801151065824844,True,False
0.2518375857528897,0.0,True,1.0,0.0,0.875,0.9125000000000001,0.16666666666666666,0.056627897809017336,0.02110735823579485,0.4814749926622899,True,False
0.31670681412378243,0.25,False,0.0,0.0,0.875,0.75,0.3333333333333333,0.13841277547645886,0.05906986793707331,0.4754538506927264,True,False
0.25764137249870733,0.0,True,0.0,1.0,1.0,0.9125000000000001,0.16666666666666666,0.14068725701515858,0.10738344238174209,0.5208725099143858,True,False
0.16654509119764926,0.0,True,1.0,0.0,1.0,0.9625000000000001,0.0,0.18144264937432142,0.030892218315591795,0.391554892932128,True,False
0.22464655223625163,0.0,False,0.0,0.0,0.625,0.7000000000000001,0.16666666666666666,0.12764487860342755,0.026546258364090046,0.6762992783405659,True,False
0.3548280280131647,0.25,False,0.0,1.0,1.0,1.0,0.16666666666666666,0.12105597364913652,0.033322552567157215,0.5771324427726603,True,False
0.3548280280131647,0.0,False,0.0,1.0,0.875,0.9125000000000001,0.16666666666666666,0.13044384583114924,0.026119572408754236,0.5294702870836978,True,False
0.32494795039328717,0.0,False,0.0,1.0,1.0,1.0,0.16666666666666666,0.07155303167660103,0.09176642874287255,0.506561950127171,True,False
0.378838973219615,0.25,True,0.0,0.0,1.0,1.0,0.16666666666666666,0.07365766225472084,0.046207175375268486,0.6070686822521605,False,False
0.47556881710117016,1.0,False,1.0,0.0,1.0,1.0,0.3333333333333333,0.2087685790209861,0.09660405824922895,0.5924512695632123,False,False
0.32070147190330356,0.25,False,1.0,0.0,0.625,0.7125,0.16666666666666666,0.2132048788867459,0.11405823722844415,0.42482446594228174,False,False
0.32879566198707366,0.5,False,0.0,1.0,1.0,0.75,0.16666666666666666,0.022181521951100156,0.06357043534673883,0.5855796192546636,True,False
0.23709820784555535,0.0,False,0.0,1.0,0.875,0.8500000000000001,0.16666666666666666,0.06609873055150334,0.05141160927073756,0.7028071089558257,True,False
0.22464655223625163,0.0,False,0.0,1.0,0.875,0.8375000000000001,0.16666666666666666,0.13609013328953892,0.039162453354049484,0.40069764032925437,True,False
0.24841756378014168,0.0,False,0.0,1.0,0.875,0.8375000000000001,0.16666666666666666,0.15529613988360097,0.07466093823037993,0.38649769443057846,True,False
0.24841756378014168,0.25,False,0.0,1.0,1.0,1.0,0.16666666666666666,0.1856566606831831,0.1187448312892096,0.3636875620880762,True,False
0.22464655223625163,0.0,False,0.0,1.0,1.0,0.9375,0.16666666666666666,0.18405321891256665,0.09609738978939117,0.36616683475290945,True,False
0.12134525838825938,0.0,True,1.0,0.0,1.0,0.925,0.16666666666666666,0.38145936925352936,0.03513386192168239,0.3553583591216902,True,False
0.22464655223625163,0.0,False,0.0,1.0,0.875,0.7875000000000001,0.16666666666666666,0.1701452727804143,0.10016412464189711,0.3745616420353768,True,False
0.24841756378014168,0.0,False,0.0,1.0,1.0,0.9125000000000001,0.16666666666666666,0.1816231740861439,0.09377587131498798,0.367733382681958,True,False
0.16654509119764926,0.25,False,0.0,1.0,1.0,0.9000000000000001,0.16666666666666666,0.1660365190086173,0.11020603619466646,0.3765947871617459,True,False
0.22464655223625163,0.0,False,0.0,1.0,1.0,0.75,0.16666666666666666,0.1565026583072001,0.09704008061056471,0.38394789285628184,True,False
0.27026488318664244,0.5,False,0.0,1.0,1.0,0.825,0.16666666666666666,0.16674882902892793,0.031528088724218084,0.3826911481338886,True,False
0.13140240955057514,0.0,True,1.0,0.0,1.0,1.0,0.16666666666666666,0.39188622125409167,0.015853434441840532,0.3492993226878449,True,False
0.22464655223625163,0.0,False,0.0,1.0,1.0,0.9125000000000001,0.16666666666666666,0.18278440792626527,0.027901805390395596,0.3743494589405352,True,False
0.12134525838825938,0.0,True,1.0,0.0,1.0,1.0,0.16666666666666666,0.3785025977971956,0.038423471510106055,0.34819010326974364,True,False
0.1744308782194427,0.0,False,1.0,0.0,1.0,0.9625000000000001,0.16666666666666666,0.15253918468741332,0.10039646382823371,0.43463748212868647,True,False
0.14176687734287585,0.0,True,1.0,0.0,0.875,0.875,0.16666666666666666,0.19369558060223693,0.11181643338759702,0.3596454530530171,True,False
0.2804185526406079,0.0,False,0.0,0.0,1.0,1.0,0.16666666666666666,0.11095063568121846,0.05845381314192132,0.6140909690444971,True,False
0.29462777880068314,0.0,False,0.0,0.0,1.0,0.9625000000000001,0.16666666666666666,0.07417878451007534,0.09953326555558586,0.5416077136354054,True,False
0.19738131690723237,0.0,False,0.0,1.0,0.75,0.5875,0.16666666666666666,0.15942052883110863,0.11564328508099121,0.38164461441609854,True,False
0.22464655223625163,0.0,False,0.0,1.0,1.0,0.9375,0.16666666666666666,0.155637273266052,0.07153172159107661,0.38648336205510825,True,False
0.16654509119764926,0.0,False,0.0,0.0,0.75,0.7750000000000001,0.16666666666666666,0.11934812305582036,0.07247262829729148,0.5733513775736836,True,False
0.1491384508511061,0.0,False,1.0,0.0,0.875,0.8,0.16666666666666666,0.08590591453580522,0.1349952727626954,0.49780569260205354,True,False
0.21787913240949408,0.0,False,0.0,1.0,1.0,0.9125000000000001,0.16666666666666666,0.12733068648436413,0.02394326265980803,0.5533565608524171,True,False
0.21681908192114852,0.0,False,0.0,0.0,1.0,0.9125000000000001,0.16666666666666666,0.13441538674601844,0.07677607386354583,0.46319005308583217,True,False
0.1763585301969256,0.0,False,1.0,0.0,0.875,0.875,0.16666666666666666,0.1193202125167588,0.06734582742361883,0.41546617717826617,True,False
0.23685602136352257,0.25,False,0.0,1.0,0.875,0.875,0.16666666666666666,0.18660341944586883,0.032848727873643194,0.38174018901640316,True,False
0.1820412411666218,0.0,False,0.0,0.0,1.0,1.0,0.16666666666666666,0.16724462105774315,0.15418623192293457,0.45875522585870177,True,False
0.3403997173291772,0.0,False,0.0,1.0,1.0,1.0,0.16666666666666666,0.12311369839936841,0.11677451017563424,0.5353544309884983,False,False
0.31143623952626565,0.0,False,1.0,0.0,1.0,0.9625000000000001,0.16666666666666666,0.17410478250720146,0.14268517628398486,0.4036396754648739,True,False
0.2518375857528897,0.0,True,1.0,0.0,0.875,0.9750000000000001,0.16666666666666666,0.07786381451374008,0.11570853164576236,0.5215674687205432,True,False
0.2518375857528897,0.0,True,1.0,0.0,1.0,0.9500000000000002,0.16666666666666666,0.07436134781177615,0.11396411135728778,0.519129922810478,True,False
0.31821340496542716,0.0,True,1.0,0.0,1.0,1.0,0.16666666666666666,0.12525372031656354,0.03193245930393389,0.548446491141019,True,False
0.2955552537579976,0.0,True,1.0,0.0,1.0,1.0,0.16666666666666666,0.07088959405079184,0.03305700553641153,0.7093533610295997,True,False
0.41887953122150334,0.75,False,0.0,0.0,1.0,1.0,0.5,0.16155574853809962,0.13202711364400008,0.5691947510991451,False,False
0.16654509119764926,0.0,False,0.0,1.0,0.75,0.675,0.16666666666666666,0.0404264033875258,0.03097213452897512,0.5014030889110381,True,False
0.30372954335393965,0.25,False,0.0,1.0,1.0,0.8375000000000001,0.0,0.10284646296136371,0.06361132365723551,0.6541075677245642,True,False
0.29012011082306344,0.75,False,0.0,1.0,0.75,0.8500000000000001,0.16666666666666666,0.15056518623973844,0.05683593769769618,0.39324371724048834,True,False
0.2543119233276806,0.0,False,0.0,1.0,1.0,1.0,0.16666666666666666,0.12337643940415925,0.03311919041346176,0.5582599114977487,True,False
0.1341371873724625,0.0,False,0.0,0.0,0.875,0.8875,0.16666666666666666,0.10913759739751693,0.17279177390663658,0.5050359325597988,True,False
0.2929483110632348,0.0,False,0.0,0.0,1.0,0.9875,0.16666666666666666,0.13299893191137263,0.104657766136987,0.5348712702731493,True,False
0.23685602136352257,0.0,False,0.0,0.0,0.875,0.9000000000000001,0.16666666666666666,0.1828518989468586,0.19476665961276649,0.4419661542452684,True,False
0.260703623183438,0.0,False,1.0,0.0,1.0,0.9750000000000001,0.16666666666666666,0.04859328188577616,0.046769836989731625,0.6556728944957217,True,False
0.2518375857528897,0.0,False,1.0,0.0,0.875,0.8875,0.16666666666666666,0.04574685827312544,0.05345856729946258,0.6351041415165588,True,False
0.2518375857528897,0.0,False,1.0,0.0,0.875,0.9000000000000001,0.16666666666666666,0.04611302065102835,0.05447274323705494,0.634287315854424,True,False
0.1491384508511061,0.0,False,0.0,0.0,0.875,1.0,0.16666666666666666,0.11899426642693219,0.05233834135473231,0.4833612254847688,True,False
0.38616654986857035,0.5,False,1.0,0.0,0.5,0.5,0.3333333333333333,0.1434049422206124,0.10307568753551354,0.5124756692142118,False,False
0.18235264390969064,0.0,False,0.0,1.0,1.0,0.8875,0.16666666666666666,0.15917025611057056,0.0580856695300831,0.39320316858974946,True,False
0.16654509119764926,0.0,False,0.0,1.0,0.875,0.75,0.16666666666666666,0.14899050513085763,0.07584887165629578,0.397336103078185,True,False
0.2784253142618224,0.0,False,1.0,0.0,1.0,0.9750000000000001,0.16666666666666666,0.02076416164302269,0.05076706982032774,0.5813259773230799,False,False
0.27026488318664244,0.0,False,1.0,0.0,1.0,0.9625000000000001,0.16666666666666666,0.210048961635043,0.130711175672011,0.5278108705289832,True,False
0.242831372789175,0.0,False,0.0,1.0,0.875,0.925,0.16666666666666666,0.07262834439077805,0.0988078255718959,0.5645987461469895,True,False
0.3403997173291772,0.25,False,1.0,0.0,1.0,0.9000000000000001,0.16666666666666666,0.13157528567570304,0.04691958820930031,0.5601391820487669,True,False
0.29922617658697714,0.0,False,1.0,0.0,1.0,0.9625000000000001,0.16666666666666666,0.13587488961975405,0.037481377382210905,0.5655152933117424,True,False
0.1944573559628856,0.0,False,0.0,1.0,1.0,1.0,0.16666666666666666,0.15907686535967203,0.0484581944570889,0.40649963220881213,True,False
0.3478060940012787,0.0,False,0.0,0.0,1.0,0.8500000000000001,0.16666666666666666,0.1299971148752437,0.0903863085878691,0.5418355907919563,False,False
0.14511497704022547,0.0,False,0.0,0.0,1.0,0.9125000000000001,0.16666666666666666,0.19108995189325648,0.11980834914915862,0.36042845474542085,True,False
0.1469530428293836,0.0,True,1.0,0.0,1.0,1.0,0.16666666666666666,0.09556753421905646,0.060546742511857536,0.6505210884081305,True,False
0.20311410892050896,0.0,False,1.0,0.0,1.0,1.0,0.16666666666666666,0.15332625886420714,0.17852428361589723,0.5134800737683545,True,False
0.13950588713035217,0.0,False,1.0,0.0,0.625,0.9125000000000001,0.16666666666666666,0.16059300654847034,0.16439341240038738,0.5234389052187971,True,False
0.16043764724239173,0.0,False,0.0,0.0,0.875,1.0,0.16666666666666666,0.1508479088599888,0.07068201896365553,0.3972921808729253,True,False
0.3933739191718918,0.25,False,1.0,0.0,0.625,0.75,0.16666666666666666,0.1268157422916569,0.06211290794618369,0.4883359736277417,True,False
0.3403997173291772,0.5,False,0.0,1.0,0.875,0.875,0.16666666666666666,0.12450678882187831,0.07642696383979508,0.5583282304522663,True,False
0.24841756378014168,0.5,False,0.0,1.0,0.875,0.8125,0.16666666666666666,0.16570876576492374,0.039779523790617326,0.3832371769396945,True,False
0.22464655223625163,0.0,False,0.0,1.0,1.0,0.9000000000000001,0.16666666666666666,0.16561836448824613,0.043310298417846865,0.3818078188604439,True,False
0.22464655223625163,0.0,False,0.0,1.0,0.875,1.0,0.16666666666666666,0.19254271722398938,0.10030685478655478,0.36131673512961204,True,False
0.18235264390969064,0.0,False,0.0,1.0,0.875,0.8,0.3333333333333333,0.151120908306352,0.06262501513456178,0.40602719555497924,True,False
0.14511497704022547,0.0,False,0.0,0.0,0.0,0.5,0.16666666666666666,0.03343471243905394,0.08486085786417008,0.6037722401810572,True,False
0.15974835452086278,0.0,False,1.0,0.0,1.0,0.7875000000000001,0.16666666666666666,0.16454844100171453,0.019043930561684477,0.4203070676285894,True,False
0.35141697744329015,0.5,False,1.0,0.0,1.0,1.0,0.16666666666666666,0.2363048911649182,0.03218858268237293,0.6687873812368026,False,False
0.15974835452086278,0.0,False,1.0,0.0,1.0,0.8375000000000001,0.16666666666666666,0.22125122990510102,0.08318734157044705,0.38680216671393297,True,False
0.32879566198707366,1.0,False,1.0,0.0,1.0,1.0,0.16666666666666666,0.07914771214115597,0.034995918502472315,0.793726162332911,True,False
0.41030442485755503,0.75,False,0.0,0.0,1.0,0.9125000000000001,0.3333333333333333,0.20232491384400314,0.0805886746682215,0.35068836228673805,False,False
0.23709820784555535,0.0,False,0.0,0.0,1.0,0.9375,0.16666666666666666,0.20327665842754483,0.12172695761823006,0.437965188544845,True,False
0.242831372789175,0.0,False,0.0,1.0,0.75,0.5875,0.16666666666666666,0.07454303211681254,0.06098593349749803,0.5995560353106659,True,False
0.1695358015156997,0.0,False,0.0,1.0,1.0,0.9125000000000001,0.16666666666666666,0.19204579308337613,0.03993789471938574,0.3703006279795378,True,False
0.09372908735777552,0.0,False,1.0,0.0,0.5,0.625,0.16666666666666666,0.24976435497911528,0.12779994506989362,0.48799163991282435,True,False
0.14176687734287585,0.0,False,0.0,0.0,0.75,0.75,0.16666666666666666,0.11555623301165303,0.059884795552344446,0.42532125832137346,True,False
0.10950116530744503,0.0,False,0.0,0.0,1.0,1.0,0.16666666666666666,0.20002177266679502,0.1089304597176533,0.3548132113349831,True,False
0.22464655223625163,0.0,False,0.0,0.0,0.625,0.5875,0.16666666666666666,0.30801264032479786,0.0916330642377219,0.3388060746432302,True,False
0.5611190740850739,0.5,False,0.0,1.0,1.0,1.0,0.5,0.10530074957000146,0.12156387975355666,0.49426131230735515,False,False
0.3328887509306683,0.0,False,0.0,1.0,1.0,0.9750000000000001,0.16666666666666666,0.11153257620067744,0.08668856122436122,0.5922947557574749,False,False
0.31518973483741786,0.0,True,1.0,0.0,1.0,1.0,0.16666666666666666,0.3000618774853783,0.1829250424237575,0.41329806570293637,True,False
0.16654509119764926,0.0,False,0.0,1.0,1.0,0.9125000000000001,0.16666666666666666,0.1752469917234645,0.10597718483095266,0.6151654783916489,True,False
0.08660377490514592,0.0,False,0.0,0.0,1.0,0.875,0.16666666666666666,0.19627845052427498,0.12982055248243876,0.533108364951129,True,False
0.2540881408954355,0.0,False,1.0,0.0,0.875,0.9000000000000001,0.16666666666666666,0.1728131875672453,0.14583537157366783,0.4168992045370379,True,False
0.22439011607918624,0.0,False,1.0,0.0,0.5,0.5,0.16666666666666666,0.0800178810884931,0.08231795067902509,0.5330731073954911,True,False
0.45448511281551773,0.75,False,0.0,0.0,1.0,0.9625000000000001,0.5,0.07829785411972749,0.09492420902120188,0.5423005865434811,False,False
0.1944573559628856,0.0,False,1.0,0.0,0.25,0.5,0.16666666666666666,0.20133461472554884,0.12832947604156847,0.47178664722403574,True,False
0.2683858972451899,0.0,False,0.0,1.0,1.0,1.0,0.16666666666666666,0.2301693085237272,0.09149716362921892,0.5674957303622972,True,False
0.2086999458571831,0.0,False,1.0,0.0,0.875,0.8500000000000001,0.16666666666666666,0.09406917431630472,0.10643803451504182,0.5188125872887428,True,False
0.2086999458571831,0.0,False,1.0,0.0,0.875,0.925,0.16666666666666666,0.029824468563137096,0.0216335644881051,0.5518390929917534,True,False
0.2344192367306569,0.0,False,0.0,1.0,0.5,0.75,0.16666666666666666,0.0710291736329612,0.09279809247407271,0.6049789378367134,True,False
0.1763585301969256,0.0,False,0.0,0.0,0.625,0.875,0.16666666666666666,0.02546853562301386,0.07123952764655574,0.590575391339464,True,False
0.2114400734862546,0.0,False,1.0,0.0,1.0,0.9125000000000001,0.16666666666666666,0.0679186287121807,0.061857703113131,0.48749009599825355,True,False
0.3328887509306683,0.75,False,1.0,0.0,1.0,0.7875000000000001,0.3333333333333333,0.09870910996094555,0.05564042272170034,0.4343951575376297,True,False
0.25764137249870733,0.0,True,0.0,1.0,1.0,1.0,0.16666666666666666,0.1407455101670786,0.1075102416183484,0.5217077817551432,True,False
0.25764137249870733,0.0,True,0.0,1.0,1.0,1.0,0.16666666666666666,0.14641141434692098,0.12244966894857603,0.5068782934628495,True,False
0.18235264390969064,0.0,False,1.0,0.0,1.0,0.925,0.16666666666666666,0.024756658002421144,0.06745228480728781,0.5862789273707036,True,False
0.14363327969647732,0.0,False,0.0,0.0,0.875,0.925,0.16666666666666666,0.07919533078870722,0.10622464909868047,0.5491974210598924,True,False
0.2344192367306569,0.0,False,0.0,1.0,1.0,1.0,0.16666666666666666,0.05313018872334699,0.04610031425993577,0.6515782714771248,True,False
0.21787913240949408,0.0,False,0.0,0.0,1.0,1.0,0.16666666666666666,0.204454194718124,0.08400910731694065,0.38642394897098353,True,False
0.3454633280865168,0.5,False,0.0,0.0,1.0,0.925,0.3333333333333333,0.17038661885485948,0.0323807346779585,0.4168749978095987,False,False
0.13021977345814928,0.0,False,0.0,1.0,0.75,0.75,0.16666666666666666,0.16151225161180924,0.09619618782919431,0.3807283933071086,True,False
0.13021977345814928,0.0,False,0.0,1.0,1.0,0.8375000000000001,0.16666666666666666,0.15248220588092964,0.11384813799127258,0.3872314943457118,True,False
0.18235264390969064,0.0,False,1.0,0.0,0.875,0.9500000000000002,0.16666666666666666,0.09118023532499238,0.08711850832122084,0.45296154376653086,True,False
0.13021977345814928,0.0,False,0.0,1.0,1.0,0.75,0.16666666666666666,0.16118189861204965,0.09811366564747319,0.3808857932133114,True,False
0.13021977345814928,0.0,False,0.0,1.0,1.0,0.9125000000000001,0.16666666666666666,0.19576537092369928,0.05567532358039039,0.8114679568960406,True,False
0.1491384508511061,0.0,False,1.0,0.0,0.875,0.9500000000000002,0.16666666666666666,0.11008094500041832,0.10858096434090692,0.4404918707621275,True,False
0.13021977345814928,0.0,False,0.0,1.0,1.0,0.875,0.16666666666666666,0.18607652200713254,0.07577428785222674,0.7084886399386523,True,False
0.16654509119764926,0.0,False,0.0,1.0,1.0,0.9375,0.16666666666666666,0.01993786902001408,0.059694057448659556,0.5199106705707697,True,False
0.26393754610045883,0.0,False,0.0,1.0,1.0,1.0,0.16666666666666666,0.2489949716913328,0.08105800513147594,0.5524941783460455,True,False
0.17281137281862657,0.25,False,1.0,0.0,0.75,1.0,0.16666666666666666,0.08067947337655058,0.046965780596273314,0.6386514144544633,True,False
0.25764137249870733,0.0,True,0.0,1.0,1.0,1.0,0.16666666666666666,0.14865969486288155,0.12702391425144932,0.5015094345458762,True,False
0.25764137249870733,0.0,True,0.0,1.0,1.0,0.9625000000000001,0.16666666666666666,0.15076522945706117,0.13302341224517725,0.49694452850931436,True,False
0.13021977345814928,0.0,False,0.0,1.0,0.875,0.875,0.16666666666666666,0.28487446030035524,0.1786138948855765,0.3024583876490228,True,False
0.40353138354125606,1.0,False,0.0,0.0,1.0,1.0,0.3333333333333333,0.12154120693633012,0.10404139897025418,0.5476207497124015,False,False
0.26393754610045883,0.0,False,0.0,1.0,1.0,1.0,0.16666666666666666,0.24745246923836758,0.0789606157794819,0.558206990853293,True,False
0.31670681412378243,0.5,False,0.0,1.0,0.875,0.8,0.3333333333333333,0.10666520224148147,0.1251487547525335,0.4424389038976937,True,False
0.23071219467756687,0.0,False,1.0,0.0,1.0,1.0,0.16666666666666666,0.14505756280658585,0.16093719573519985,0.5399173612075985,True,False
0.18235264390969064,0.0,False,1.0,0.0,1.0,0.9375,0.0,0.2951786018056839,0.14658616533481478,0.4550553021087691,True,False
0.11802640583139079,0.0,False,0.0,1.0,1.0,1.0,0.16666666666666666,0.28278406205540263,0.17646829791347732,0.30360791686960686,True,False
0.12420836164543314,0.0,False,0.0,1.0,1.0,1.0,0.16666666666666666,0.2610040295207374,0.12676331225749662,0.31501120313604436,True,False
0.23709820784555535,0.0,False,1.0,0.0,0.75,0.8,0.16666666666666666,0.23705170357313765,0.01675889820689222,0.3753801480018293,True,False
0.16654509119764926,0.0,False,0.0,0.0,1.0,1.0,0.16666666666666666,0.11271363436649032,0.13737452151111307,0.44608135147799177,True,False
0.22154922054981407,0.25,False,0.0,0.0,0.75,0.8375000000000001,0.16666666666666666,0.08204581209732457,0.019094051593023326,0.8550435813179456,True,False
0.2344192367306569,0.25,False,0.0,1.0,1.0,0.875,0.16666666666666666,0.1287628582184742,0.03752441717253998,0.5280289308788115,True,False
0.2543119233276806,0.25,False,0.0,1.0,0.875,1.0,0.16666666666666666,0.14874368567980728,0.10652245503756501,0.4463482266289247,True,False
0.4911254230547516,0.75,False,0.0,1.0,0.875,0.8125,0.3333333333333333,0.028482998875706014,0.07614801505075651,0.5946195113209418,False,False
0.2114400734862546,0.0,False,0.0,1.0,0.875,0.8500000000000001,0.16666666666666666,0.10419632236824301,0.08879857404532292,0.6179996273881436,True,False
0.21787913240949408,0.0,False,0.0,1.0,0.875,0.6625000000000001,0.16666666666666666,0.14462274011243934,0.0933075394574216,0.44925714159718155,True,False
0.544110416080705,1.0,False,0.0,1.0,1.0,1.0,0.3333333333333333,0.07780426399597759,0.009509730981470784,0.8089640510489033,False,False
0.23071219467756687,0.0,False,0.0,1.0,0.875,0.875,0.16666666666666666,0.14746885956723993,0.10213814244721586,0.44701030068656533,True,False
0.2540881408954355,0.25,True,1.0,0.0,1.0,1.0,0.16666666666666666,0.2216912040837765,0.0830130301129298,0.6007764975651486,True,False
0.2114400734862546,0.0,False,0.0,1.0,0.875,0.8625,0.16666666666666666,0.09446319938138392,0.04852911355257612,0.6916726930838939,True,False
0.27026488318664244,0.0,False,1.0,0.0,1.0,1.0,0.16666666666666666,0.07276571593685288,0.025861051540903825,0.7114174116398173,True,False
0.3328887509306683,0.25,False,1.0,0.0,1.0,1.0,0.16666666666666666,0.0781041219592992,0.026163417852289834,0.702469215477485,True,False
0.22464655223625163,0.0,False,0.0,0.0,1.0,1.0,0.16666666666666666,0.1321184246632548,0.020413279791634077,0.5267125814334244,True,False
0.18235264390969064,0.0,False,1.0,0.0,1.0,1.0,0.16666666666666666,0.09253886328708762,0.07856607853026894,0.44409609480797596,True,False
0.1055532308386048,0.0,False,0.0,0.0,0.375,0.625,0.16666666666666666,0.055154581344177986,0.04540560934933291,0.6540356095633268,True,False
0.5224827487718152,0.5,False,0.0,1.0,1.0,0.875,0.3333333333333333,0.03478829943095724,0.07831069774136123,0.6108083924173973,False,False
0.38738445376403063,0.5,False,0.0,1.0,1.0,1.0,0.16666666666666666,0.09007158976305112,0.04799047681593198,0.7324452743659382,True,False
0.2461073615309738,0.5,False,0.0,0.0,1.0,1.0,0.3333333333333333,0.15811663263182993,0.10745303748883812,0.42745241490540953,True,False
0.1744308782194427,0.0,False,0.0,0.0,0.875,0.9375,0.16666666666666666,0.07595684902608289,0.11548483896190355,0.5096501667861382,True,False
0.22464655223625163,0.0,False,0.0,1.0,0.875,0.6625000000000001,0.16666666666666666,0.2003865113623418,0.04132986676969065,0.37305155353167785,True,False
0.18999651059371547,0.0,False,1.0,0.0,0.5,0.75,0.16666666666666666,0.06603822381095588,0.06908121149726996,0.5146418846332832,True,False
0.19149362807169223,0.0,False,0.0,1.0,1.0,0.9500000000000002,0.16666666666666666,0.09863743714983828,0.045543431799593664,0.4341308400955346,True,False
0.19738131690723237,0.0,False,0.0,1.0,1.0,0.9500000000000002,0.16666666666666666,0.10218389036315774,0.042259380158820734,0.4305887974268703,True,False
0.17475334001106002,0.25,False,1.0,0.0,0.875,0.9125000000000001,0.16666666666666666,0.1137228835926241,0.09316121383999412,0.47102454656528825,True,False
0.2804185526406079,0.0,False,0.0,1.0,0.875,1.0,0.16666666666666666,0.10998490193736683,0.09184004898733382,0.5970827881149463,True,False
0.17921840882110474,0.0,False,1.0,0.0,1.0,1.0,0.16666666666666666,0.037246965489096936,0.07712101238341242,0.6114825099040024,True,False
0.3328887509306683,0.5,False,0.0,1.0,1.0,1.0,0.16666666666666666,0.0962883083929091,0.0705190513641803,0.6450634812991347,True,False
0.22464655223625163,0.0,False,0.0,1.0,0.75,0.75,0.16666666666666666,0.18071492124384067,2.639304706660104e-06,0.379288261460335,True,False
0.22464655223625163,0.0,False,0.0,1.0,1.0,0.875,0.16666666666666666,0.23461819812250506,0.04021173271512777,0.39264372292255967,True,False
0.19738131690723237,0.0,False,0.0,1.0,0.875,0.8625,0.16666666666666666,0.10479512802383624,0.0703911260373515,0.6197454176101052,True,False
0.2114400734862546,0.0,False,0.0,0.0,1.0,1.0,0.16666666666666666,0.11503514522231649,0.07849411121045999,0.5839035954941467,True,False
0.28239372456641376,0.25,False,0.0,0.0,1.0,1.0,0.16666666666666666,0.06310738191241973,0.01616906577277131,0.7100574469434635,True,False
0.16654509119764926,0.0,False,1.0,0.0,1.0,1.0,0.16666666666666666,0.09297899406895944,0.03720033023813537,0.6824554110927847,True,False
0.361903942913118,0.25,False,1.0,0.0,1.0,1.0,0.16666666666666666,0.06488651695283353,0.08382807532240434,0.5925861387130851,False,False
0.18235264390969064,0.0,False,0.0,0.0,0.625,0.8500000000000001,0.16666666666666666,0.09923145540616196,0.11779382296072391,0.49656936150860753,True,False
0.17921840882110474,0.0,False,0.0,1.0,1.0,1.0,0.16666666666666666,0.2630222371862669,0.040247130576213395,0.3594864401945135,True,False
0.2086999458571831,0.0,True,0.0,1.0,1.0,1.0,0.16666666666666666,0.08706124055708614,0.10827621102206841,0.46356908063841606,True,False
0.24841756378014168,0.0,True,0.0,1.0,1.0,1.0,0.16666666666666666,0.23580576238174708,0.01904966361500674,0.37540600037329597,True,False
0.2086999458571831,0.0,True,0.0,1.0,1.0,1.0,0.16666666666666666,0.17153976447006844,0.033359529199416794,0.41246074367078545,True,False
0.17921840882110474,0.0,True,0.0,1.0,1.0,1.0,0.16666666666666666,0.2592644369603188,0.04841838802540809,0.3623315635774824,True,False
0.2086999458571831,0.0,True,0.0,1.0,1.0,1.0,0.16666666666666666,0.17067313327918907,0.031022652199777533,0.41502643843594766,True,False
0.29012011082306344,0.0,False,1.0,0.0,1.0,0.9375,0.16666666666666666,0.17824201834037245,0.15430306568702087,0.4099349768749734,True,False
0.16654509119764926,0.0,False,0.0,1.0,1.0,0.75,0.16666666666666666,0.19331550269757702,0.07722893094149123,0.38806236689964746,True,False
0.15591777176702204,0.0,False,0.0,1.0,1.0,1.0,0.16666666666666666,0.18377007837491455,0.06778471904119567,0.38908036310282346,True,False
0.22464655223625163,0.0,False,0.0,0.0,1.0,1.0,0.16666666666666666,0.29110280792389387,0.1387850281415512,0.4526344801943305,True,False
0.1491384508511061,0.0,False,1.0,0.0,1.0,1.0,0.16666666666666666,0.10314729412258,0.16636533486685728,0.5139632630268105,True,False
0.2114400734862546,0.0,False,0.0,0.0,0.75,0.75,0.16666666666666666,0.08581039334231923,0.08182052910426275,0.4553449839468675,True,False
0.18235264390969064,0.0,False,1.0,0.0,0.75,0.75,0.16666666666666666,0.09298323167526668,0.1513388589690214,0.5122395446588011,True,False
0.1262306470342195,0.0,False,0.0,1.0,1.0,1.0,0.16666666666666666,0.182418667941762,0.01023819329129175,0.3773014531171117,True,False
0.2059249243947282,0.0,False,0.0,1.0,1.0,1.0,0.16666666666666666,0.030036430121019118,0.07855959327669576,0.5964266510179805,True,False
0.19738131690723237,0.0,False,0.0,1.0,1.0,1.0,0.16666666666666666,0.020986881975138854,0.063081323905906,0.5834267697438815,True,False
0.2059249243947282,0.0,False,0.0,1.0,1.0,1.0,0.16666666666666666,0.03307461206615828,0.08531904911519538,0.6029807887086425,True,False
0.2059249243947282,0.0,False,0.0,1.0,1.0,0.75,0.16666666666666666,0.03206009209517795,0.08524788365342867,0.6012935700362698,True,False
0.5471070814015672,1.0,False,0.0,1.0,0.875,0.875,0.3333333333333333,0.05056805547951945,0.07439867709290177,0.6607801240522739,False,False
0.340248991723305,0.25,False,1.0,0.0,1.0,1.0,0.16666666666666666,0.07802000860748948,0.10993769858539679,0.5048352504971529,True,False
0.25764137249870733,0.0,False,1.0,0.0,1.0,1.0,0.16666666666666666,0.2209655342681661,0.011505482844326034,0.8110113678028701,True,False
0.10950116530744503,0.0,False,0.0,0.0,0.75,0.75,0.16666666666666666,0.2007658194886779,0.13901135869618414,0.518989729139059,True,False
0.3605344981575084,0.5,False,1.0,0.0,1.0,1.0,0.3333333333333333,0.15925468220791408,0.06297034376833205,0.3844915979155581,False,False
0.22464655223625163,0.0,False,0.0,1.0,0.875,0.9125000000000001,0.16666666666666666,0.09612951750985481,0.07708932467411672,0.6599684652253652,True,False
0.35412178212339296,0.75,False,0.0,1.0,0.875,0.9125000000000001,0.16666666666666666,0.039229276254775666,0.016244964111762374,0.5368665186228678,False,False
0.18235264390969064,0.0,False,0.0,0.0,0.75,0.8125,0.16666666666666666,0.13712927334227062,0.06593131645621023,0.438213617724744,True,False
0.2045240485274159,0.0,False,1.0,0.0,0.75,0.7750000000000001,0.16666666666666666,0.1390384873823435,0.04728057292941738,0.5328631483896002,True,False
0.3812257049397215,0.0,False,0.0,1.0,1.0,0.9875,0.16666666666666666,0.008224671284467529,0.04265376969792936,0.5381368550667553,False,False
0.18235264390969064,0.0,True,1.0,0.0,1.0,0.9500000000000002,0.16666666666666666,0.28503493507476996,0.06524402355245282,0.38253280463138495,True,False
0.24046085711394316,0.0,False,1.0,0.0,1.0,0.8875,0.16666666666666666,0.09796516559988458,0.10113643197442604,0.4464826049078876,True,False
0.5185933573826379,1.0,False,1.0,0.0,1.0,0.8875,0.3333333333333333,0.12309267071027104,0.03230968641173794,0.5609889955625222,False,False
0.4583777304799027,0.5,False,1.0,0.0,0.875,0.8500000000000001,0.5,0.12882165721093797,0.06530995099552436,0.46629019183373566,False,False
0.23096130238295498,0.0,True,1.0,0.0,1.0,0.9375,0.16666666666666666,0.33706184617576246,0.15345074601461645,0.32300850718282104,True,False
0.5020869289844107,0.75,True,0.0,1.0,1.0,0.9375,0.5,0.12292219545143741,0.04135577678095614,0.8942156084587123,False,False
0.4155966007039439,0.5,False,0.0,1.0,1.0,0.875,0.0,0.12478275185515268,0.13433178873534793,0.4920957481125159,False,False
0.13021977345814928,0.0,False,1.0,0.0,1.0,0.825,0.16666666666666666,0.22579142039027483,0.009328399818988281,0.7592797934344016,True,False
0.5042287947722878,0.75,False,0.0,1.0,0.75,0.8500000000000001,0.3333333333333333,0.2266226144281949,0.07106127151893131,0.6181016468586629,False,False
0.5042287947722878,0.75,False,0.0,1.0,0.875,0.8375000000000001,0.3333333333333333,0.2266205235911065,0.07105171166212643,0.618130664502422,False,False
0.5042287947722878,0.75,False,0.0,1.0,1.0,0.75,0.3333333333333333,0.22662271897419303,0.07105066411014498,0.6181274561550745,False,False
0.5042287947722878,0.75,False,0.0,1.0,0.5,0.5,0.3333333333333333,0.22662241155512972,0.07105175038315358,0.618125594746318,False,False
0.5042287947722878,0.75,False,0.0,1.0,1.0,0.8500000000000001,0.3333333333333333,0.22661968270840355,0.07104712610227973,0.6181441582762881,False,False
0.19738131690723237,0.0,False,1.0,0.0,0.875,0.9125000000000001,0.16666666666666666,0.17231042637258678,0.028149161296948146,0.37916110169395756,True,False
0.18999651059371547,0.0,True,0.0,0.0,1.0,0.9500000000000002,0.16666666666666666,0.2309412375014549,0.06755681924775349,0.4192120797732761,True,False
0.3750164055461399,1.0,False,0.0,1.0,1.0,1.0,0.3333333333333333,0.19139904057120288,0.09330910190568192,0.6031047995009244,False,False
0.4155966007039439,0.5,False,0.0,1.0,1.0,0.9000000000000001,0.16666666666666666,0.1249949184711285,0.15931192411368073,0.50200651699352,False,False
0.2380642711450397,0.0,False,1.0,0.0,1.0,1.0,0.16666666666666666,0.24208360130276194,0.036889663525873646,0.632824282690313,True,False
0.18235264390969064,0.0,False,0.0,0.0,0.875,0.9125000000000001,0.16666666666666666,0.10848022875471211,0.07368509541797134,0.6039090995778673,True,False
0.40488052232439464,0.0,True,1.0,0.0,1.0,0.925,0.16666666666666666,0.0973966312424866,0.01889062667942145,0.6196509022576302,False,False
0.4155966007039439,0.5,False,0.0,1.0,1.0,0.875,0.16666666666666666,0.12913321582412438,0.14548873125177658,0.49550332755876747,False,False
0.29369633957429786,0.0,False,0.0,0.0,0.875,0.8875,0.16666666666666666,0.24645149466570024,0.03203736816296152,0.3793823135024261,False,False
0.3617673850533235,1.0,False,0.0,1.0,0.75,0.75,0.3333333333333333,0.19528826461650933,0.07940807119382227,0.6355400611356612,False,False
0.3750164055461399,0.5,False,0.0,1.0,0.75,0.75,0.16666666666666666,0.2029355314094373,0.082073833235784,0.6079214311840264,False,False
0.21787913240949408,0.0,False,1.0,0.0,0.875,0.8375000000000001,0.16666666666666666,0.09975430291161315,0.04884268045597305,0.7676604472708135,True,False
0.242831372789175,0.0,False,1.0,0.0,0.875,0.8875,0.16666666666666666,0.13234793914438597,0.04934256605680215,0.6565975737292287,True,False
0.3684925690922315,1.0,False,1.0,0.0,1.0,0.9125000000000001,0.3333333333333333,0.29615088085881186,0.14650497506903945,0.44718475183441697,False,False
0.23709820784555535,0.0,True,1.0,0.0,1.0,0.9750000000000001,0.16666666666666666,0.14954071136840533,0.12010460999659249,0.4179996486891038,True,False
0.3150205166791181,0.5,True,0.0,0.0,1.0,0.9625000000000001,0.16666666666666666,0.17040575748971423,0.08053312844673735,0.3915831746163605,False,False
0.23709820784555535,0.0,True,0.0,0.0,1.0,0.9750000000000001,0.16666666666666666,0.07776930199178395,0.07043019687793192,0.580883095075958,True,False
0.17921840882110474,0.0,True,1.0,0.0,1.0,0.9750000000000001,0.16666666666666666,0.1471609337612701,0.06449887892569156,0.3918825072209733,True,False
0.1341371873724625,0.0,False,0.0,0.0,0.875,0.8,0.16666666666666666,0.26695860626291035,0.0931317651587605,0.5116620518850925,True,False
0.36649671608276646,0.5,False,0.0,1.0,0.875,0.8500000000000001,0.16666666666666666,0.23407549954721232,0.11205797721993244,0.5290019322839461,False,False
0.22464655223625163,0.0,False,1.0,0.0,0.875,0.9000000000000001,0.16666666666666666,0.03158412564355492,0.04785317300131611,0.6263441482294603,True,False
0.1944573559628856,0.0,False,1.0,0.0,1.0,0.925,0.16666666666666666,0.026229722201340188,0.04876563384538375,0.5973011790708176,True,False
0.22464655223625163,0.0,True,1.0,0.0,1.0,0.9375,0.16666666666666666,0.14365857423759826,0.1306042671961824,0.4261400616250781,True,False
0.18666619388412287,0.0,False,1.0,0.0,0.875,0.8625,0.16666666666666666,0.16971688115233374,0.031271414667829955,0.41350087950544934,True,False
0.2045240485274159,0.25,False,1.0,0.0,1.0,0.9375,0.16666666666666666,0.07472065917619368,0.04987009426430483,0.6417531998292136,True,False
0.1744308782194427,0.0,True,0.0,0.0,1.0,0.9625000000000001,0.16666666666666666,0.32725919562266237,0.06799614621106614,0.3024212948267493,True,False
0.241649338240845,0.5,False,1.0,0.0,1.0,0.9375,0.16666666666666666,0.14297277198110556,0.0723176106047275,0.4496720926154594,True,False
0.18848903661177763,0.0,True,0.0,0.0,1.0,0.9125000000000001,0.16666666666666666,0.11885700060009728,0.07076681416454782,0.49140906924166217,True,False
0.24841756378014168,0.0,False,1.0,0.0,0.875,0.9125000000000001,0.16666666666666666,0.06842944421165459,0.08371655360257557,0.5407278987134414,True,False
0.18235264390969064,0.0,False,0.0,0.0,0.875,0.8875,0.16666666666666666,0.18207383312614162,0.18376761604887398,0.43949140449891577,True,False
0.13950588713035217,0.0,False,1.0,0.0,0.875,0.8375000000000001,0.16666666666666666,0.09243757763469433,0.06547188762048158,0.5934329591969285,True,False
0.26500494282390286,0.25,True,1.0,0.0,1.0,0.9625000000000001,0.16666666666666666,0.09780934644209413,0.09443816355290442,0.5415189079945171,True,False
0.23926585870601202,0.0,False,1.0,0.0,0.875,0.8875,0.16666666666666666,0.0871441916387223,0.10372139432592499,0.5304273820054497,True,False
0.16654509119764926,0.0,False,1.0,0.0,0.75,0.8375000000000001,0.16666666666666666,0.11285748121441237,0.051237174371442276,0.7233512765915928,True,False
0.17921840882110474,0.0,False,1.0,0.0,0.75,0.7750000000000001,0.16666666666666666,0.12371732307823115,0.0764881898616794,0.5964047921585869,True,False
0.18235264390969064,0.0,False,0.0,0.0,1.0,0.9625000000000001,0.16666666666666666,0.09632185041659223,0.030675622964073584,0.6244634610341648,True,False
0.19738131690723237,0.0,False,1.0,0.0,0.875,0.8375000000000001,0.16666666666666666,0.23375763737104144,0.06426373601569176,0.3518255570443054,True,False
0.08660377490514592,0.0,False,1.0,0.0,0.875,0.7250000000000001,0.16666666666666666,0.22947799144935618,0.015354518996668398,0.7150329620875024,True,False
0.19738131690723237,0.0,False,0.0,1.0,0.875,0.825,0.16666666666666666,0.10811591298538763,0.0836588006656498,0.6062592989160498,True,False
0.2804185526406079,0.0,True,0.0,0.0,1.0,0.925,0.16666666666666666,0.3043883450161099,0.14648397575075547,0.4514576283055136,True,False
0.25961489543201643,0.0,False,0.0,0.0,0.75,0.825,0.16666666666666666,0.08153655195460505,0.07675642829919611,0.5289124115943753,True,False
0.24424140262222005,0.5,True,0.0,0.0,0.875,0.925,0.16666666666666666,0.10657555752381345,0.09584733592419854,0.5403944721571774,True,False
0.22464655223625163,0.0,True,1.0,0.0,1.0,0.9375,0.16666666666666666,0.09284275013600661,0.08912144564059242,0.5267352531605254,True,False
0.21787913240949408,0.0,False,0.0,0.0,1.0,0.925,0.16666666666666666,0.21888936208123205,0.0942853651503643,0.35904797457676696,True,False
0.2045240485274159,0.0,False,1.0,0.0,0.875,0.8875,0.16666666666666666,0.03919598544121772,0.049517143295598746,0.741598961233982,True,False
0.22154922054981407,0.0,True,1.0,0.0,1.0,0.9750000000000001,0.16666666666666666,0.11934134458349567,0.10403477284101167,0.5678395082125698,True,False
0.3124663484708553,0.5,False,0.0,1.0,0.625,0.7625,0.3333333333333333,0.19009624860012714,0.04413982484717277,0.3905581435264307,False,False
0.4155966007039439,0.5,False,0.0,1.0,0.875,0.9000000000000001,0.0,0.1255646978785748,0.17104767056706732,0.5064518843404693,False,False
0.29012011082306344,0.0,False,0.0,0.0,1.0,0.925,0.16666666666666666,0.12292995068201669,0.027875318182215447,0.41120116380454763,True,False
0.13606979892523585,0.0,False,0.0,0.0,0.875,0.8875,0.16666666666666666,0.19757359650356185,0.11178423687482322,0.5564734695490352,True,False
0.5042287947722878,0.75,False,0.0,1.0,0.875,0.9750000000000001,0.3333333333333333,0.22662090158508533,0.07105374656906548,0.6181246640579778,False,False
0.3617673850533235,1.0,False,0.0,1.0,1.0,0.875,0.3333333333333333,0.20846383200674792,0.07389969419750775,0.6167413201560128,False,False
0.4155966007039439,0.25,False,0.0,1.0,1.0,0.8375000000000001,0.3333333333333333,0.1425935320775572,0.17866692498108921,0.5111515749416857,False,False
0.13606979892523585,0.0,False,1.0,0.0,0.875,0.8125,0.16666666666666666,0.1370044713267935,0.13188662462780804,0.4845873074053366,True,False
0.25520476207117715,0.0,True,1.0,0.0,1.0,0.9625000000000001,0.16666666666666666,0.13485287951140687,0.13008936215072606,0.4309913382592787,True,False
0.39908808914396154,1.0,False,0.0,1.0,1.0,0.75,0.5,0.13323690651220818,0.1285734523149252,0.4854870606250046,False,False
0.3750164055461399,0.5,False,0.0,1.0,0.875,0.875,0.16666666666666666,0.2055862714134822,0.0740771581049723,0.6235245525573172,False,False
0.18235264390969064,0.0,True,0.0,0.0,0.875,0.875,0.16666666666666666,0.20272013562109895,0.1611444251379537,0.44258787619741136,True,False
0.43104151603444596,1.0,False,0.0,1.0,0.875,0.625,0.5,0.0902415398705767,0.042353357729865336,0.6164981657462152,False,False
0.2529657686386496,0.0,False,0.0,0.0,1.0,0.8875,0.16666666666666666,0.165613065055628,0.1219904423058007,0.3768907460658426,True,False
0.3750164055461399,0.5,False,0.0,1.0,1.0,0.75,0.16666666666666666,0.20507871749958662,0.04956057150881867,0.7360093294928096,False,False
0.27026488318664244,0.25,False,0.0,0.0,0.875,0.8875,0.3333333333333333,0.21651840545660364,0.08083800056180215,0.6176646761571807,True,False
0.53206932159522,1.0,False,0.0,1.0,1.0,0.9375,0.3333333333333333,0.10433386712928473,0.05237253303488906,0.6175096282344998,False,False
0.1116639460842398,0.0,False,1.0,0.0,0.875,0.8125,0.16666666666666666,0.21972325382495653,0.008248906215543327,0.8628252665335223,True,False
0.53206932159522,1.0,False,0.0,1.0,0.875,0.8500000000000001,0.5,0.07810426265427046,0.0384623670308268,0.6079768518179816,False,False
0.53206932159522,1.0,False,0.0,1.0,1.0,0.9125000000000001,0.5,0.09544744129979861,0.03696286068391577,0.6376728738328661,False,False
0.39908808914396154,1.0,False,0.0,1.0,1.0,1.0,0.3333333333333333,0.11051864790623195,0.07265125034773592,0.5964989881863847,False,False
0.41355975999762606,0.5,True,0.0,1.0,0.875,1.0,0.16666666666666666,0.10784142513385817,0.07206143253640336,0.5171819413028524,False,False
0.406999722112778,0.5,False,1.0,0.0,1.0,0.925,0.5,0.16029398236073128,0.07858046585037302,0.4466656436402334,False,False
0.3535551327957952,0.5,True,1.0,0.0,1.0,0.9625000000000001,0.3333333333333333,0.3370959884647477,0.07502232047209671,0.2835445353571986,False,False
0.18848903661177763,0.0,True,1.0,0.0,0.875,0.925,0.16666666666666666,0.21577752516474435,0.0761603546724058,0.3681148396468923,True,False
0.22439011607918624,0.0,True,1.0,0.0,0.875,0.9500000000000002,0.16666666666666666,0.19405169661255378,0.1611683990045446,0.39347250830928493,True,False
0.4652818476130073,1.0,False,0.0,1.0,0.75,0.75,0.5,0.273734501470759,0.19027592756842088,0.3103622947664533,False,False
0.22464655223625163,0.75,False,1.0,0.0,1.0,0.9375,0.5,0.1837676836385605,0.020955412796440955,0.3662378544141476,True,False
0.53206932159522,1.0,False,0.0,1.0,0.875,0.9625000000000001,0.3333333333333333,0.0976937824914363,0.033588215230961505,0.6403609831298895,False,False
0.5867965415261166,1.0,False,1.0,0.0,1.0,0.9500000000000002,0.3333333333333333,0.19163240272632445,0.08606161523472618,0.6578393420373179,False,False
0.14511497704022547,0.0,False,0.0,0.0,0.875,0.7875000000000001,0.16666666666666666,0.07464378973217874,0.0514397939939034,0.6378337408876458,True,False
0.44537079669137636,1.0,False,1.0,0.0,0.875,0.875,0.5,0.13643976253514611,0.018822090761974993,0.5304744384084354,False,False
0.38799086270142114,1.0,False,0.0,1.0,0.875,0.7875000000000001,0.3333333333333333,0.12210599905850898,0.041563202783299794,0.41688225221102093,False,False
0.40755399787377444,1.0,False,0.0,1.0,1.0,0.9000000000000001,0.3333333333333333,0.2591892159434341,0.095037175746539,0.5196357482427456,False,False
0.37164839339344924,0.0,False,1.0,0.0,0.875,0.8500000000000001,0.16666666666666666,0.1849942378995438,0.14424361068564298,0.4026551619027898,True,False
0.344134369123266,0.0,False,0.0,1.0,0.875,0.8,0.16666666666666666,0.12551890927552958,0.02020712113578201,0.4113496568122583,False,False
0.2114400734862546,0.0,False,1.0,0.0,1.0,0.8625,0.16666666666666666,0.03784534423569569,0.07992279296155179,0.6172312254632581,True,False
0.22464655223625163,0.0,False,0.0,1.0,1.0,0.9375,0.16666666666666666,0.06535110751773957,0.08224196066989528,0.6086757697455245,True,False
0.4652818476130073,0.5,True,1.0,0.0,1.0,0.9625000000000001,0.16666666666666666,0.11135254644633122,0.1504770535034714,0.4512042901708937,False,False
0.31434232696378717,0.0,False,0.0,1.0,1.0,0.9375,0.16666666666666666,0.04083991436311299,0.06680280241582374,0.5292618372481095,True,False
0.479185076722371,0.5,False,0.0,1.0,1.0,0.9500000000000002,0.3333333333333333,0.26576786821429266,0.09252328574051377,0.5107039872530121,False,False
0.4130205699691011,0.5,True,0.0,1.0,0.875,0.9500000000000002,0.16666666666666666,0.1099628202112304,0.030731502110945365,0.4263104183430557,False,False
0.2114400734862546,0.0,False,0.0,1.0,1.0,0.925,0.16666666666666666,0.47387601860054207,0.21004470303655512,0.19147278871606388,True,False
0.1944573559628856,0.0,False,0.0,1.0,1.0,0.9125000000000001,0.16666666666666666,0.48622079774768834,0.13257294625595017,0.18486909413288566,True,False
0.22310338924130446,0.0,False,0.0,1.0,0.875,0.8875,0.16666666666666666,0.5037236834398487,0.15475088392245284,0.17332892817813494,True,False
0.41782591546415626,0.75,False,0.0,1.0,0.875,0.9000000000000001,0.3333333333333333,0.2759787663552544,0.06865400200060742,0.4297732495226487,False,False
0.4270287173672399,0.75,False,0.0,1.0,0.875,0.8125,0.5,0.26607932934791334,0.048462710165588514,0.42403293502061756,False,False
0.38919864151470873,1.0,False,0.0,1.0,1.0,0.8875,0.3333333333333333,0.4495036771763096,0.11666417959442074,0.28006857544882635,False,False
0.1221671335128639,0.25,False,0.0,0.0,0.75,0.8375000000000001,0.16666666666666666,0.27484531538961876,0.04557300685898745,0.3787629854118959,True,False
0.1744308782194427,0.0,False,0.0,0.0,0.875,0.8500000000000001,0.16666666666666666,0.20498717480492767,0.061105821765611475,0.3862625643201296,True,False
0.44897086005547704,0.5,False,0.0,1.0,1.0,0.9375,0.3333333333333333,0.15583647689670269,0.048754000816375494,0.40458543900461574,False,False
0.1988287154944829,0.0,False,1.0,0.0,1.0,0.9000000000000001,0.16666666666666666,0.4639935347627085,0.12790068437366162,0.20025282961030166,True,False
0.08660377490514592,0.0,False,1.0,0.0,0.75,0.7875000000000001,0.16666666666666666,0.1923883147028357,0.0829614516595574,0.392283112964686,True,False
0.5238505261673335,1.0,False,0.0,1.0,0.25,0.5,0.5,0.40493053348321106,0.061288909701751985,0.295310137318723,False,False
0.16654509119764926,0.0,False,1.0,0.0,1.0,0.925,0.16666666666666666,0.4452395487054699,0.11822779450525475,0.21542592505649805,True,False
0.1055532308386048,0.0,False,1.0,0.0,1.0,0.9625000000000001,0.16666666666666666,0.4393898510255565,0.11299854751845043,0.24441554504712815,True,False
0.3403997173291772,0.5,True,0.0,0.0,1.0,0.9625000000000001,0.3333333333333333,0.4477384161018078,0.07030819206128444,0.2185240485343487,False,False
0.398511827555721,0.0,False,0.0,0.0,0.875,0.9000000000000001,0.16666666666666666,0.19897960559623484,0.08807604572585886,0.3875251402516815,False,False
0.3548280280131647,0.5,False,0.0,1.0,0.75,0.75,0.16666666666666666,0.14348141416378002,0.021003580892983268,0.4453007613736757,False,False
0.3548280280131647,0.5,False,0.0,1.0,0.75,0.6375000000000001,0.16666666666666666,0.1713982913022774,0.03242158928034095,0.41398256410255674,False,False
0.5238505261673335,1.0,False,0.0,1.0,0.75,0.75,0.5,0.4049333375117757,0.06129303478710522,0.2953127461822245,False,False
0.3100551423290715,0.5,False,0.0,1.0,1.0,0.9000000000000001,0.16666666666666666,0.39482947864418266,0.046329795584244576,0.25889532800409576,False,False
0.29012011082306344,0.0,False,0.0,0.0,1.0,1.0,0.16666666666666666,0.4639590701588453,0.11208030055447607,0.20113446314943006,True,False
0.19149362807169223,0.0,False,1.0,0.0,1.0,0.9125000000000001,0.16666666666666666,0.22300368701722878,0.11672384403605753,0.3837343915819349,True,False
0.3476604067009895,0.0,False,0.0,0.0,1.0,1.0,0.16666666666666666,0.2853423359751954,0.061006100137709206,0.37213311905558455,True,False
0.270472662817716,0.25,False,0.0,0.0,0.875,0.8375000000000001,0.16666666666666666,0.38814604101528827,0.028765197506374497,0.28399505579808193,True,False
0.1491384508511061,0.0,False,0.0,0.0,0.875,0.8500000000000001,0.16666666666666666,0.4517810601222556,0.09875374914635895,0.2129893915373171,True,False
0.19738131690723237,0.0,True,0.0,0.0,1.0,0.9750000000000001,0.16666666666666666,0.20464016366811646,0.04963526200908033,0.38716391274347606,True,False
0.1379854216615023,0.0,False,0.0,0.0,0.875,0.8500000000000001,0.16666666666666666,0.43025088739838135,0.12094689120964768,0.22679669813478465,True,False
0.08660377490514592,0.0,False,1.0,0.0,1.0,0.9125000000000001,0.16666666666666666,0.45481612615177996,0.09957018191902528,0.22812202078712396,True,False
0.18235264390969064,0.0,True,1.0,0.0,1.0,1.0,0.5,0.4207187262739904,0.06658513097784738,0.2467041590680843,True,False
0.1988287154944829,0.0,False,1.0,0.0,0.875,0.8500000000000001,0.16666666666666666,0.36434333535365493,0.06742277224397594,0.28303018565232896,True,False
0.18235264390969064,0.0,False,0.0,0.0,0.875,0.9625000000000001,0.16666666666666666,0.16638864166416775,0.06684472062679311,0.40526179820542496,True,False
0.21387707107058385,0.5,False,0.0,1.0,0.875,0.8500000000000001,0.3333333333333333,0.5604256736701494,0.24625025443418652,0.13652006695386665,True,False
0.22464655223625163,0.0,False,0.0,1.0,0.875,0.8375000000000001,0.16666666666666666,0.19140904917089405,0.07437511088107547,0.39381849982957773,True,False
0.22310338924130446,0.0,False,1.0,0.0,0.875,0.875,0.16666666666666666,0.3892653213682444,0.01661820810839771,0.25701725485292437,True,False
0.16654509119764926,0.25,False,1.0,0.0,0.875,0.8875,0.16666666666666666,0.4672192910550616,0.11403577568225964,0.22681973972490121,True,False
0.1379854216615023,0.0,False,1.0,0.0,0.875,0.875,0.16666666666666666,0.4741530325036524,0.10502390560667985,0.23091936263387636,True,False
0.19149362807169223,0.0,False,0.0,1.0,1.0,1.0,0.16666666666666666,0.5372360576836128,0.2221950336230875,0.15006321716148574,True,False
0.40194675843297467,1.0,False,0.0,0.0,1.0,0.9000000000000001,0.5,0.18800050711448837,0.07122634676514909,0.3956940880835771,False,False
0.10062878017869592,0.0,False,0.0,0.0,1.0,0.8625,0.16666666666666666,0.45369288831093785,0.09533311074660282,0.22755826766561604,True,False
0.23195489532549873,0.0,False,1.0,0.0,1.0,0.9375,0.16666666666666666,0.4028758948121675,0.045766534599559136,0.25474521782166004,True,False
0.3812257049397215,0.0,True,0.0,1.0,1.0,1.0,0.16666666666666666,0.48892392342318164,0.0351092254482142,0.25410122399827495,True,False
0.0960533426341309,0.0,False,0.0,0.0,1.0,0.925,0.16666666666666666,0.4534222063573822,0.13733271862934032,0.24021904262059146,True,False
0.38738445376403063,0.5,False,1.0,0.0,0.875,0.8875,0.3333333333333333,0.4065549761604536,0.04719956247038836,0.2528554297870602,False,False
0.3750164055461399,0.5,False,0.0,1.0,0.875,0.8375000000000001,0.3333333333333333,0.1820853347928237,0.05024684905256713,0.39449225971342305,False,False
0.43104151603444596,0.5,False,0.0,1.0,0.875,0.825,0.3333333333333333,0.182424063634994,0.06717474173318237,0.39900598600428405,False,False
0.09185166783053156,0.0,False,1.0,0.0,0.875,0.9125000000000001,0.16666666666666666,0.4813973347926591,0.08018764883551453,0.23311423246288543,True,False
0.3012191326960939,0.0,False,0.0,0.0,1.0,0.9750000000000001,0.16666666666666666,0.18919169293623528,0.086029378971566,0.3934709142810171,True,False
0.36515591927715974,0.5,False,0.0,0.0,1.0,0.9000000000000001,0.3333333333333333,0.20658908888108096,0.09443379761936797,0.3899895219337104,False,False
0.2804185526406079,0.0,False,0.0,0.0,1.0,1.0,0.16666666666666666,0.3593863103525665,0.06473617691310941,0.28219121523254764,True,False
0.1491384508511061,0.0,True,0.0,0.0,1.0,0.9875,0.0,0.20872707642935695,0.06468804400501854,0.38584563473909594,True,False
0.18235264390969064,0.0,False,1.0,0.0,0.875,0.7875000000000001,0.0,0.4834733055460687,0.10442315060714737,0.18739063257826238,True,False
0.40755399787377444,0.5,True,1.0,0.0,1.0,0.9125000000000001,0.16666666666666666,0.22015205237393018,0.10077812345833823,0.39782236979214236,False,False
0.1491384508511061,0.0,False,1.0,0.0,0.75,0.675,0.16666666666666666,0.3400839303760697,0.08598640968616329,0.28818146289819535,True,False
0.08660377490514592,0.0,False,0.0,0.0,0.875,0.8125,0.16666666666666666,0.45731095208337663,0.10471814103053563,0.25858356087373724,True,False
0.38494180107597076,0.0,False,0.0,1.0,1.0,0.875,0.16666666666666666,0.29980062803692453,0.05486627526213798,0.3112704106548101,False,False
0.43104151603444596,0.5,False,0.0,1.0,0.875,0.8625,0.16666666666666666,0.30149004874495156,0.06016774744015425,0.30860078662088464,False,False
0.22464655223625163,0.0,False,1.0,0.0,1.0,1.0,0.16666666666666666,0.37787421866106574,0.09559685038501792,0.2622062749145735,True,False
0.3562336901066062,0.5,False,1.0,0.0,1.0,0.9500000000000002,0.16666666666666666,0.3758216776352542,0.04479237428144591,0.2631898173991891,True,False
0.573561891374886,1.0,False,1.0,0.0,1.0,1.0,0.5,0.32365055456784436,0.08162917906047983,0.29060728664727886,False,False
0.45179061937710163,0.5,False,1.0,0.0,1.0,0.75,0.16666666666666666,0.3440399557219822,0.05721384735090866,0.2806541858312164,False,False
0.13021977345814928,0.5,False,1.0,0.0,0.75,0.6625000000000001,0.16666666666666666,0.3456892223192411,0.08701032129950366,0.28442543243942975,True,False
0.23685602136352257,0.0,True,0.0,0.0,1.0,0.9750000000000001,0.16666666666666666,0.3587699715917609,0.07703270882768648,0.2745760433840607,True,False
0.30814172754735114,0.5,False,1.0,0.0,1.0,0.9375,0.3333333333333333,0.35151950812736393,0.04704790494515888,0.27740348916532076,False,False
0.6268898840370659,0.75,False,0.0,1.0,0.875,0.875,0.3333333333333333,0.2866852068209082,0.030980732578246434,0.32522210548382935,False,False
0.4224241930430631,0.5,True,1.0,0.0,0.875,0.9125000000000001,0.16666666666666666,0.4093154034541322,0.03711555575068872,0.2402398378664372,False,False
0.2804185526406079,0.0,False,0.0,1.0,1.0,0.9500000000000002,0.16666666666666666,0.20252768577396474,0.0701408133038155,0.3864745189484178,True,False
0.38726296921646075,1.0,False,0.0,1.0,0.875,0.75,0.5,0.19160497766637125,0.08717657676749925,0.3908094989609894,False,False
0.13021977345814928,0.0,False,1.0,0.0,1.0,0.9125000000000001,0.16666666666666666,0.4959885460477473,0.09412836666231773,0.17951043281789314,True,False
0.1491384508511061,0.0,False,1.0,0.0,1.0,0.9500000000000002,0.16666666666666666,0.5040044985193475,0.07078943358930165,0.17510747499738732,True,False
0.2975819093963611,0.0,False,0.0,1.0,0.875,0.8625,0.16666666666666666,0.46212378686941336,0.10023031541830303,0.3168851491546427,False,False
0.13988435166420954,0.0,False,1.0,0.0,0.625,0.6625000000000001,0.3333333333333333,0.4683690860466066,0.08466732616106236,0.2517636323333283,True,False
0.2929483110632348,0.0,True,0.0,1.0,1.0,0.9375,0.16666666666666666,0.3924743449951919,0.020832110673254915,0.2798764255501949,False,False
0.16654509119764926,0.0,False,0.0,1.0,1.0,0.9625000000000001,0.16666666666666666,0.5473752562693623,0.2601216246067065,0.14346192018924553,True,False
0.3989729586706482,0.5,False,0.0,1.0,1.0,1.0,0.3333333333333333,0.39515672639701255,0.03741963779676139,0.2873229084649689,False,False
0.25764137249870733,0.0,False,1.0,0.0,1.0,1.0,0.16666666666666666,0.3922475812909736,0.02077580605812401,0.27972409375860496,True,False
0.14176687734287585,0.0,False,1.0,0.0,1.0,0.9500000000000002,0.16666666666666666,0.384787671309807,0.027605530313726454,0.2590441289960739,True,False
0.39908808914396154,1.0,False,0.0,1.0,0.75,1.0,0.3333333333333333,0.20216195508783794,0.1027760550721842,0.3873789716862961,False,False
0.10950116530744503,0.0,False,0.0,0.0,0.875,0.9000000000000001,0.16666666666666666,0.35791423489139107,0.03904795199869627,0.28020227380092777,True,False
0.3365999440394677,0.0,True,0.0,1.0,1.0,0.9000000000000001,0.16666666666666666,0.3332404178963478,0.11704754710200374,0.3158655674161439,False,False
0.38726296921646075,0.5,True,0.0,1.0,1.0,1.0,0.3333333333333333,0.33541278264283886,0.11217647232208935,0.31209171220014276,False,False
0.27519771860536413,0.25,False,1.0,0.0,1.0,0.8500000000000001,0.16666666666666666,0.30100552685696064,0.09930782047754813,0.36332616947519925,True,False
0.10062878017869592,0.25,False,0.0,0.0,0.75,0.8125,0.16666666666666666,0.45464605685688103,0.138052992537193,0.23853232964698745,True,False
0.2045240485274159,0.0,False,1.0,0.0,0.75,0.875,0.16666666666666666,0.3164117244887163,0.08521701785925992,0.3239157334450191,True,False
0.1221671335128639,0.75,False,1.0,0.0,0.875,0.75,0.16666666666666666,0.33774925641853926,0.0849739868785548,0.2919163142414878,True,False
0.08660377490514592,0.0,False,1.0,0.0,0.5,0.6375000000000001,0.16666666666666666,0.26537424669565235,0.04427422739046461,0.3126843751920876,True,False
0.3365999440394677,0.0,True,0.0,1.0,1.0,0.9750000000000001,0.16666666666666666,0.3294698157990782,0.12963683256324457,0.3280758797735903,False,False
0.4499756013941728,1.0,True,0.0,1.0,1.0,0.875,0.5,0.31750399139716057,0.11915229280846806,0.3341841500378173,False,False
0.3128086388729142,0.0,True,0.0,1.0,0.875,0.8375000000000001,0.16666666666666666,0.37390499315594744,0.01825389978492413,0.2777261483660527,False,False
0.15974835452086278,0.0,False,1.0,0.0,0.625,0.7375,0.16666666666666666,0.46869571284977596,0.07865524599149158,0.2851639382737683,True,False
0.14176687734287585,0.0,False,1.0,0.0,0.75,0.825,0.16666666666666666,0.472900603271623,0.08719396665496715,0.3281326597829495,True,False
0.39908808914396154,1.0,False,0.0,1.0,0.5,1.0,0.3333333333333333,0.1799023504563172,0.05680512287070282,0.40201623354363814,False,False
0.24864724269350724,0.0,False,0.0,0.0,0.875,0.9500000000000002,0.16666666666666666,0.18600813792242665,0.0646734088282722,0.40072095784144457,True,False
0.23071219467756687,0.0,True,1.0,0.0,1.0,0.9750000000000001,0.16666666666666666,0.4242321899466849,0.059945674296363154,0.2401853823120046,True,False
0.25764137249870733,0.0,False,1.0,0.0,1.0,0.9375,0.16666666666666666,0.37984040134438407,0.07350377140411077,0.26041017001140143,True,False
0.2114400734862546,0.0,False,0.0,0.0,0.75,0.925,0.16666666666666666,0.1939303225246107,0.07932806329860441,0.3918781823772717,True,False
0.40386945209612535,0.25,False,0.0,1.0,0.875,0.6625000000000001,0.3333333333333333,0.19230091623755183,0.07867387660434787,0.3952040216684982,False,False
0.2804185526406079,0.0,False,1.0,0.0,1.0,1.0,0.16666666666666666,0.21879956192133035,0.11029304435219381,0.3835367455485972,True,False
0.2804185526406079,0.0,False,1.0,0.0,1.0,1.0,0.16666666666666666,0.2185724850187333,0.1146184767354718,0.38343079789276624,True,False
0.40386945209612535,0.5,False,0.0,1.0,1.0,0.9500000000000002,0.3333333333333333,0.18729035341537884,0.08489030912704988,0.40397573164828704,False,False
0.27519771860536413,0.0,False,1.0,0.0,1.0,1.0,0.16666666666666666,0.4015565099247815,0.024042720142122474,0.248626327053731,True,False
0.26500494282390286,0.0,False,1.0,0.0,1.0,1.0,0.16666666666666666,0.4129147120613778,0.038430303426745895,0.24625437491582614,True,False
0.13606979892523585,0.0,False,0.0,0.0,1.0,1.0,0.16666666666666666,0.1956316734708744,0.09555866400688773,0.389024810602951,True,False
0.23709820784555535,0.0,False,0.0,0.0,1.0,1.0,0.16666666666666666,0.1801172530739095,0.051374160387548114,0.40360004705733576,True,False
0.4261155629500567,1.0,False,1.0,0.0,0.875,0.825,0.6666666666666666,0.20458430710035652,0.09423687206052747,0.3879664532233593,False,False
0.23071219467756687,0.0,False,1.0,0.0,1.0,0.8375000000000001,0.16666666666666666,0.31227159595402726,0.11881403800161282,0.342994862984245,True,False
0.29922617658697714,0.25,False,1.0,0.0,0.875,0.925,0.16666666666666666,0.26986267498435496,0.040213480242364284,0.3900622975971435,True,False
0.18999651059371547,0.0,False,1.0,0.0,0.875,0.8875,0.16666666666666666,0.2095653934807097,0.09346416639611,0.39145684403416947,True,False
0.30193934873318995,0.5,False,0.0,1.0,0.75,0.7250000000000001,0.3333333333333333,0.4038342778834479,0.017335477259129147,0.24965902972390297,False,False
0.10062878017869592,0.0,False,0.0,1.0,0.625,0.75,0.16666666666666666,0.4739884033903505,0.07092537719646107,0.29078091978973575,True,False
0.09651523364878123,0.25,False,0.0,1.0,1.0,0.8375000000000001,0.16666666666666666,0.4527445139809243,0.11482307017325935,0.304364348806911,True,False
0.1491384508511061,0.0,False,0.0,0.0,1.0,0.8875,0.16666666666666666,0.2004745034319034,0.06854496055967427,0.38704129578444624,True,False
0.15766729729734064,0.0,False,0.0,1.0,0.625,0.75,0.16666666666666666,0.3630790334762321,0.06473456160268361,0.2782636496933175,True,False
0.18235264390969064,0.0,False,0.0,0.0,1.0,0.9125000000000001,0.16666666666666666,0.4341170747660877,0.14979540058912194,0.2670085198386618,True,False
0.45448511281551773,0.75,False,0.0,0.0,0.5,0.625,0.5,0.32841389759414197,0.10033236081494927,0.31065021581656405,False,False
0.13021977345814928,0.0,False,0.0,1.0,0.875,0.875,0.16666666666666666,0.4269507877916781,0.07380600130391383,0.22687568021899462,True,False
0.10950116530744503,0.0,False,0.0,1.0,1.0,1.0,0.16666666666666666,0.43878050719752953,0.10771647992118215,0.2180229655704804,True,False
0.10950116530744503,0.0,False,0.0,1.0,1.0,0.8375000000000001,0.16666666666666666,0.4399869890984801,0.11419729580758868,0.2170546018812094,True,False
0.29462777880068314,0.5,False,0.0,0.0,0.875,0.875,0.3333333333333333,0.3966802180274861,0.06853216583769171,0.26058945747578255,False,False
0.4325274675720995,0.75,False,1.0,0.0,1.0,1.0,0.5,0.18339364961945234,0.05726387555002869,0.40144175724645614,False,False
0.4209716023948956,0.5,False,1.0,0.0,1.0,1.0,0.0,0.39806173596534034,0.08587993606397394,0.26271315039772825,False,False
0.4157032772906252,1.0,False,0.0,0.0,0.875,0.9000000000000001,0.5,0.19556653461696274,0.0775784199084915,0.38879591967797444,False,False
0.39908808914396154,1.0,False,0.0,1.0,0.75,0.6625000000000001,0.3333333333333333,0.18947327965551983,0.07087070677370942,0.3952304400594413,False,False
0.17921840882110474,0.0,False,1.0,0.0,0.875,0.9000000000000001,0.16666666666666666,0.37481470363005026,0.031904095348237946,0.26977702796458214,True,False
0.10062878017869592,0.0,False,1.0,0.0,0.875,0.9125000000000001,0.16666666666666666,0.20314739182760855,0.07624839046732229,0.38623430036767736,True,False
0.3690217237538379,0.5,False,0.0,1.0,1.0,1.0,0.16666666666666666,0.34880150226139317,0.04620969235909184,0.2806580533454641,False,False
0.14176687734287585,0.0,False,1.0,0.0,0.625,0.6625000000000001,0.16666666666666666,0.2978249174443084,0.07978204430874733,0.34930151380683827,True,False
0.15591777176702204,0.0,False,1.0,0.0,0.5,0.75,0.16666666666666666,0.32218132041234226,0.10004235746912125,0.31994441012207187,True,False
0.23685602136352257,0.0,False,1.0,0.0,0.875,0.8625,0.16666666666666666,0.4234561909504187,0.08454522214956915,0.23017193467662667,True,False
0.1055532308386048,0.0,False,1.0,0.0,0.5,0.5750000000000001,0.16666666666666666,0.46068444030781,0.09740346770726156,0.2984875325666223,True,False
0.23071219467756687,0.0,False,0.0,0.0,1.0,0.9125000000000001,0.16666666666666666,0.4800442155787876,0.13504901676971953,0.18889900729310583,True,False
0.38726296921646075,1.0,False,0.0,0.0,0.875,0.7750000000000001,0.5,0.1853926401375427,0.09427445400889996,0.39482479964916073,False,False
0.2804185526406079,0.0,True,0.0,0.0,1.0,0.9375,0.16666666666666666,0.2375429745757654,0.11711591667472762,0.38872715029299676,True,False
0.5862608511491946,0.5,True,0.0,0.0,1.0,0.9875,0.3333333333333333,0.38618405868223094,0.039338009592746574,0.25671912665820873,False,False
0.16654509119764926,0.0,False,1.0,0.0,0.875,0.9375,0.16666666666666666,0.18932436883073075,0.09804474237457084,0.3769067770592931,True,False
0.10731670418655137,0.0,False,1.0,0.0,0.875,0.8,0.16666666666666666,0.29899516253460534,0.09706422841282694,0.3924013935709949,True,False
0.21681908192114852,0.0,True,0.0,0.0,1.0,0.9500000000000002,0.16666666666666666,0.513626387518708,0.10695183413999931,0.19171941004548843,True,False
0.09185166783053156,0.0,False,0.0,0.0,0.875,0.8500000000000001,0.16666666666666666,0.5464925404696838,0.22449394334461242,0.2046501390936042,True,False
0.1491384508511061,0.0,True,1.0,0.0,1.0,0.9625000000000001,0.16666666666666666,0.3603797677384469,0.11263019736190528,0.41210137061927954,True,False
0.2344192367306569,0.0,True,1.0,0.0,1.0,0.9500000000000002,0.16666666666666666,0.49273468806321646,0.08965327707980215,0.20158457897470994,True,False
0.3150205166791181,0.0,False,0.0,1.0,0.75,0.6000000000000001,0.16666666666666666,0.1877105007795037,0.10736029192575706,0.44024867800727385,False,False
0.09835306947193512,0.0,False,0.0,1.0,0.75,0.8125,0.16666666666666666,0.3557354341744998,0.06849815691907572,0.3583174843348418,True,False
0.32397531271596625,0.25,False,0.0,1.0,0.875,0.8125,0.16666666666666666,0.33748531355840744,0.0799857993012895,0.32912841993871433,False,False
0.28821404423334107,0.5,False,1.0,0.0,0.875,0.9000000000000001,0.16666666666666666,0.2287727283322911,0.15586471142094777,0.42621089775129106,True,False
0.43585857704924724,1.0,False,0.0,1.0,0.875,0.8500000000000001,0.3333333333333333,0.20356741696579556,0.09787144672122983,0.4263713751312126,False,False
0.13950588713035217,0.0,False,0.0,0.0,0.875,0.8625,0.16666666666666666,0.35594202420987325,0.12428986399485045,0.4155596943381108,True,False
0.2059249243947282,0.25,True,0.0,0.0,1.0,0.9750000000000001,0.16666666666666666,0.7299388498206726,0.5935708805330941,0.101964411812006,True,False
0.26500494282390286,0.0,True,1.0,0.0,1.0,0.9875,0.16666666666666666,0.4036288044990837,0.0381432293814461,0.2731603060802974,True,False
0.15591777176702204,0.0,True,1.0,0.0,1.0,0.925,0.16666666666666666,0.31362472755809256,0.2191765813789056,0.3970245394195002,True,False
0.29922617658697714,0.25,False,0.0,0.0,0.875,0.875,0.16666666666666666,0.28915141577653664,0.07842254292397344,0.30990363844842306,True,False
0.25961489543201643,0.0,False,0.0,0.0,1.0,0.9750000000000001,0.16666666666666666,0.2825997966574371,0.12977303953193065,0.40455625761913105,True,False
0.40488052232439464,0.0,False,0.0,0.0,0.0,0.0,0.16666666666666666,0.18016106821175562,0.11857041636800753,0.38985201477167686,True,False
0.5758242396935754,1.0,True,0.0,1.0,0.75,1.0,0.5,0.1155438111948509,0.04460992378610042,0.5297093231808427,False,False
0.5670035834523143,1.0,True,0.0,1.0,1.0,1.0,0.3333333333333333,0.11554279134111593,0.04461263176917856,0.5297086702596974,False,False
0.5042287947722878,0.75,False,0.0,1.0,0.875,0.8875,0.3333333333333333,0.40492969888832325,0.06129013492911325,0.2953095006722972,False,False
0.5455845191194862,0.0,False,0.0,0.0,1.0,1.0,0.16666666666666666,0.1959806641595125,0.11032725622754429,0.35672968598027466,True,False
0.06263796601946647,0.0,False,0.0,0.0,0.875,0.7875000000000001,0.16666666666666666,0.47614105210197094,0.3285693917091423,0.28989677866651076,True,False
0.29125579931123713,0.0,False,0.0,1.0,1.0,0.7875000000000001,0.16666666666666666,0.3608624390539469,0.15418799890742274,0.469673934876943,False,False
0.260703623183438,0.0,True,0.0,0.0,1.0,0.9625000000000001,0.16666666666666666,0.2086607574509682,0.1158351384973574,0.4273414184597828,True,False
0.5238505261673335,1.0,False,0.0,1.0,0.625,0.75,0.5,0.4049301587877056,0.0612930212294786,0.29531005440419045,False,False
0.24517637926293945,0.0,False,1.0,0.0,1.0,0.9125000000000001,0.16666666666666666,0.21610706745819325,0.09628090789577352,0.34654103736655073,True,False
0.29904409170358226,0.0,False,0.0,0.0,0.875,0.9000000000000001,0.16666666666666666,0.24123258280764645,0.08292735288643287,0.3260366979673279,True,False
0.5411919238423161,0.0,False,0.0,0.0,0.75,0.75,0.16666666666666666,0.3857004783852666,0.040534577619884146,0.36726071297951823,True,False
1.0,0.0,False,0.0,1.0,0.875,0.8,0.16666666666666666,0.5284692127968927,0.09744488343800119,0.24423095574107867,False,False
1.0,0.0,False,0.0,1.0,0.875,0.8375000000000001,0.16666666666666666,0.5366482786796042,0.10069530273321897,0.22979227636054933,False,False
0.29369633957429786,0.0,False,0.0,0.0,1.0,0.9625000000000001,0.16666666666666666,0.4153262362920905,0.044543585722252206,0.2832371571282646,True,False
0.49337721337879425,1.0,False,0.0,1.0,0.5,0.75,0.3333333333333333,0.26536360911143897,0.08228558474830919,0.32885691563866226,False,False
0.3476604067009895,0.0,False,0.0,0.0,1.0,1.0,0.16666666666666666,0.08373946293252559,0.1057661044995156,0.576877814263077,True,False
0.3590181020286799,0.0,False,0.0,0.0,1.0,0.9375,0.16666666666666666,0.2752907464356776,0.012597686857144477,0.3463061083357484,True,False
0.5195887857254092,1.0,False,0.0,1.0,0.875,0.7750000000000001,0.5,0.18307767341065495,0.10337650134136239,0.4421536713141374,False,False
0.25983307656246224,0.25,True,0.0,0.0,1.0,0.9500000000000002,0.16666666666666666,0.5359740371528934,0.1598069627997504,0.18252507751694136,True,False
0.42601386474469594,0.0,False,0.0,0.0,0.875,0.875,0.16666666666666666,0.15303533926455884,0.05637447379813674,0.5144302195524206,True,False
0.13606979892523585,0.0,False,0.0,0.0,0.875,0.8,0.16666666666666666,0.31075593120728345,0.027422727226136517,0.35434251118495075,True,False
0.4652818476130073,1.0,False,0.0,1.0,0.875,0.825,0.5,0.18804388530654692,0.08856958244249738,0.4218938774657508,False,False
0.16283314549952832,0.0,False,1.0,0.0,0.75,0.7875000000000001,0.16666666666666666,0.3660191484364805,0.06691035085079414,0.34366463852242957,True,False
0.18235264390969064,0.0,True,0.0,0.0,1.0,0.9500000000000002,0.16666666666666666,0.6583640791806475,0.21438539486150718,0.1548819772983272,True,False
0.13950588713035217,0.0,False,1.0,0.0,0.875,0.9000000000000001,0.16666666666666666,0.46012488608292307,0.08082453608726446,0.3227698996372548,True,False
0.08466367595266744,0.0,False,1.0,0.0,0.875,0.8875,0.16666666666666666,0.5058477168085819,0.1761316784659937,0.27463383907286576,True,False
0.4930035271264438,0.5,False,0.0,1.0,0.875,0.9125000000000001,0.3333333333333333,0.15085563916865177,0.11231634353346164,0.41440856674007964,False,False
0.12010660440501664,0.0,False,1.0,0.0,1.0,0.8500000000000001,0.16666666666666666,0.5058443925134597,0.17613586448598548,0.274637800388138,True,False
0.39920315882380175,0.5,False,0.0,1.0,1.0,0.5,0.3333333333333333,0.35647476782872545,0.09277842804159872,0.284045779180349,False,False
0.39920315882380175,0.5,False,0.0,1.0,0.75,1.0,0.3333333333333333,0.3682087734088169,0.08381845582326793,0.272546490083603,False,False
0.4155966007039439,1.0,False,0.0,1.0,1.0,1.0,0.5,0.34481328720737375,0.08767851122714548,0.28706956458168187,False,False
0.4155966007039439,1.0,False,0.0,1.0,0.75,0.5,0.5,0.34799619224118256,0.09550280312315837,0.2868241537796927,False,False
0.46731113806737057,1.0,False,0.0,1.0,0.875,0.25,0.5,0.35478878745243203,0.08137035643438847,0.3445952860186281,False,False
0.46731113806737057,1.0,False,0.0,1.0,0.25,0.25,0.5,0.33746981870124626,0.06747669280031925,0.33527441284322745,False,False
0.25520476207117715,0.5,True,0.0,0.0,1.0,0.9625000000000001,0.3333333333333333,0.38813213694865834,0.05572189747766983,0.2736012793058513,True,False
0.23709820784555535,0.0,False,0.0,0.0,1.0,0.9500000000000002,0.16666666666666666,0.4586736962018075,0.3315529146580701,0.31350169592213684,True,False
0.13606979892523585,0.0,False,0.0,0.0,0.875,0.9125000000000001,0.16666666666666666,0.6725232867245491,0.1229325850407039,0.14811246464946337,True,False
0.03263596170236882,0.0,False,0.0,0.0,1.0,0.9125000000000001,0.16666666666666666,0.49171281519318705,0.029175865554257274,0.2558524196243239,True,False
0.2114400734862546,0.5,False,0.0,0.0,0.875,0.925,0.3333333333333333,0.36077310754968217,0.10776985412089515,0.28010534803567944,True,False
0.3979340380661366,0.5,True,1.0,0.0,1.0,0.9875,0.3333333333333333,0.12949088689483473,0.07533901304815692,0.5867514655967243,True,False
0.5273287469411633,1.0,False,0.0,1.0,1.0,0.9125000000000001,0.3333333333333333,0.18542422679867968,0.14080934999482805,0.38942703566787396,False,False
0.3046191557995309,0.25,False,0.0,1.0,0.875,0.8500000000000001,0.16666666666666666,0.4101187204278325,0.12673119568925703,0.45829971436940253,True,False
0.33751795036703236,0.5,False,0.0,1.0,0.875,0.8375000000000001,0.3333333333333333,0.3914753740089081,0.09433957596998839,0.432973096362929,True,False
0.13950588713035217,0.0,False,0.0,1.0,0.75,0.8,0.16666666666666666,0.40456519042829386,0.1031289119628999,0.3109357226782037,True,False
0.16787936553688965,0.5,False,1.0,0.0,1.0,0.9000000000000001,0.16666666666666666,0.4754051069901151,0.10240059433337888,0.23062457429767758,True,False
0.16787936553688965,0.0,False,0.0,0.0,0.875,0.7750000000000001,0.16666666666666666,0.3822032250770975,0.025517031097555865,0.32823286155211195,True,False
0.20731685231026986,0.0,True,0.0,0.0,1.0,1.0,0.16666666666666666,0.45361293010289794,0.09834054056585946,0.28346516079563555,True,False
0.2474964197061459,1.0,False,1.0,0.0,1.0,0.9375,0.3333333333333333,0.40423023249093515,0.03699051892207465,0.27681406009712073,True,False
0.1491384508511061,0.0,False,0.0,0.0,0.875,0.8500000000000001,0.16666666666666666,0.3200977355313033,0.10693958749402252,0.28671131364769065,True,False
0.2862911586480613,0.0,False,0.0,1.0,0.75,0.7875000000000001,0.5,0.39307582358141474,0.07337764199389783,0.40252642807789596,True,False
0.27233381791101985,0.0,False,0.0,1.0,0.875,0.9125000000000001,0.16666666666666666,0.39200124001571773,0.09879058194601699,0.4405736305369994,True,False
0.30901354480187504,0.0,False,1.0,0.0,1.0,1.0,0.16666666666666666,0.26297055190047575,0.028514946329735585,0.3735057495174563,True,False
0.2957402760016318,0.0,False,1.0,0.0,0.875,0.8500000000000001,0.16666666666666666,0.27442246666521775,0.05320327244966803,0.3830330588772757,False,False
0.3403997173291772,0.0,False,0.0,0.0,1.0,1.0,0.16666666666666666,0.25181106196896397,0.14082538804863257,0.3227327940715867,True,False
0.358464058554813,0.5,False,0.0,1.0,0.875,0.8125,0.3333333333333333,0.2739990594211777,0.10392566394779261,0.31803477975353656,False,False
0.241649338240845,0.0,False,0.0,0.0,0.875,0.9125000000000001,0.16666666666666666,0.2456056850582344,0.07394349123259056,0.4020566468061828,True,False
0.16654509119764926,0.0,False,0.0,0.0,1.0,0.9375,0.16666666666666666,0.36138787105997866,0.17096557690949005,0.49328873012296204,True,False
0.18235264390969064,0.0,False,0.0,0.0,1.0,0.8875,0.16666666666666666,0.3531614598475424,0.13707351503476894,0.43135879906517816,True,False
0.13021977345814928,0.0,False,1.0,0.0,0.875,0.8875,0.16666666666666666,0.5113394190886247,0.185759138129395,0.26723569984391404,True,False
0.242831372789175,0.0,False,1.0,0.0,1.0,1.0,0.16666666666666666,0.2505446741762785,0.04158900069231131,0.3200870405413223,True,False
0.3812257049397215,0.75,False,0.0,1.0,0.875,0.7750000000000001,0.3333333333333333,0.2265577322670364,0.032078815322746514,0.33492262470249123,False,False
0.40420699699971496,1.0,False,0.0,1.0,0.875,0.75,0.3333333333333333,0.1990203558247596,0.1302239841849684,0.43646368498962884,False,False
0.242831372789175,0.0,False,1.0,0.0,0.75,0.65,0.16666666666666666,0.3287362759066999,0.04864590413150525,0.324859770299901,True,False
0.24841756378014168,0.0,False,0.0,1.0,0.875,0.75,0.16666666666666666,0.20177803280418005,0.09904382479780818,0.36503388197685016,True,False
0.27026488318664244,0.25,False,0.0,1.0,1.0,0.8625,0.16666666666666666,0.19739273370919702,0.14494412500891252,0.3778218270912552,True,False
0.29922617658697714,0.0,False,0.0,0.0,0.75,0.875,0.16666666666666666,0.07321405957622104,0.08927405565249638,0.6991434421290816,True,False
0.3476604067009895,0.0,False,0.0,1.0,1.0,1.0,0.16666666666666666,0.10386057896830073,0.09501290860026473,0.5034421756584853,True,False
0.4044317368182301,0.0,False,1.0,0.0,1.0,1.0,0.16666666666666666,0.23510652203837867,0.15774884668722275,0.3450320584938733,True,False
0.369813054321836,0.5,False,1.0,0.0,1.0,1.0,0.16666666666666666,0.3724381761365305,0.07013644757900016,0.27149179178330884,True,False
0.32879566198707366,0.25,True,1.0,0.0,1.0,1.0,0.16666666666666666,0.6827041135606468,0.5076471048152399,0.18218550969627811,True,False
0.22694099873152396,0.0,False,0.0,1.0,0.625,0.7375,0.16666666666666666,0.5046874990225569,0.2927781059002613,0.25982460623214165,True,False
0.27026488318664244,0.0,False,0.0,1.0,0.875,1.0,0.16666666666666666,0.2242664758119641,0.16901455255843068,0.3561722797154667,True,False
0.497738988109829,0.5,False,1.0,0.0,1.0,1.0,0.16666666666666666,0.11769409068373933,0.029535275899218512,0.5583046100506359,False,False
0.5583656607005282,1.0,False,0.0,1.0,0.75,0.75,0.16666666666666666,0.08399044879983868,0.0981056355085175,0.6292073121447339,True,False
0.4698214624635936,0.75,False,0.0,1.0,1.0,1.0,0.16666666666666666,0.08399191146312332,0.09810188487872802,0.6292155431292112,True,False
0.13021977345814928,0.0,False,1.0,0.0,0.875,0.925,0.16666666666666666,0.3207710019878201,0.20793853325440076,0.40897254648763814,True,False
0.4224241930430631,1.0,False,1.0,0.0,1.0,0.75,0.3333333333333333,0.1967695626162263,0.07959152486123773,0.42401324318607947,False,False
0.2449430109122971,0.0,True,1.0,0.0,1.0,0.9500000000000002,0.16666666666666666,0.4206343463872512,0.05220099802299767,0.27094215516570896,True,False
0.23709820784555535,0.5,False,0.0,0.0,0.875,0.7250000000000001,0.16666666666666666,0.4876627242870049,0.11229500240744508,0.38406970565561815,True,False
0.2114400734862546,0.25,False,0.0,0.0,0.875,0.8875,0.16666666666666666,0.49870058658744937,0.10960280202413482,0.3308738186234246,True,False
0.11802640583139079,0.0,True,1.0,0.0,0.875,0.875,0.3333333333333333,0.5669025964459058,0.022289479268186682,0.21405502207758653,True,False
0.13606979892523585,0.0,False,0.0,0.0,0.875,0.9125000000000001,0.16666666666666666,0.27758253794172594,0.1671905785340128,0.40472080087347306,True,False
0.3535551327957952,0.0,False,0.0,0.0,1.0,1.0,0.16666666666666666,0.4224737216498861,0.05910687769888438,0.23486784760620272,True,False
0.16112476655243813,0.0,True,1.0,0.0,0.875,0.925,0.16666666666666666,0.3648970366727346,0.1385048421681494,0.462125563580535,True,False
0.19738131690723237,0.0,False,0.0,0.0,1.0,0.9750000000000001,0.16666666666666666,0.18105509226313982,0.07627214786180044,0.38080008525115283,True,False
0.46731113806737057,1.0,False,0.0,1.0,0.5,0.75,0.3333333333333333,0.2680946942635551,0.06564384921822357,0.39053853382255665,False,False
0.3365999440394677,0.5,False,0.0,1.0,0.875,0.8875,0.16666666666666666,0.3044096412006297,0.2232273246982309,0.4039708408823446,False,False
0.39908808914396154,1.0,False,0.0,1.0,0.875,0.7875000000000001,0.3333333333333333,0.1879986574326271,0.12690525889240292,0.4457640840779076,False,False
0.39908808914396154,1.0,False,0.0,1.0,0.75,0.7125,0.3333333333333333,0.20788632752658712,0.08692571961673305,0.4199112114606345,False,False
0.08660377490514592,0.5,False,1.0,0.0,1.0,1.0,0.16666666666666666,0.6216779367394475,0.12665828013505875,0.1493408080958869,True,False
0.1523760109906006,0.0,True,1.0,0.0,1.0,0.925,0.16666666666666666,0.3061365040525715,0.19266467762059897,0.4081552441302745,True,False
0.3535551327957952,0.0,False,0.0,1.0,1.0,0.75,0.16666666666666666,0.16776473325691596,0.08713204357483086,0.4775207354453741,True,False
0.2860979335843904,0.0,False,1.0,0.0,0.875,0.8875,0.16666666666666666,0.17514367976897102,0.1451204795308371,0.4022006076020419,True,False
0.2804185526406079,0.0,False,1.0,0.0,0.875,1.0,0.16666666666666666,0.3744370375254001,0.024079498413910827,0.2940901997929568,True,False
0.44537079669137636,0.5,False,1.0,0.0,1.0,0.75,0.3333333333333333,0.37631362750508274,0.017835574732998488,0.291991724150765,True,False
0.08660377490514592,0.0,False,1.0,0.0,1.0,0.875,0.16666666666666666,0.5941697174078574,0.07484054393609957,0.1939499755045826,True,False
0.1491384508511061,0.0,False,0.0,0.0,1.0,1.0,0.16666666666666666,0.45554551564873025,0.0938815811987343,0.2298364127134902,True,False
0.06424901584378284,0.0,False,1.0,0.0,1.0,0.9750000000000001,0.16666666666666666,0.5958717390816244,0.06444383972851835,0.1935735656849471,True,False
0.4209716023948956,0.0,True,1.0,0.0,1.0,1.0,0.16666666666666666,0.28053163614361626,0.03931661866396202,0.3245298788453608,False,False
0.2114400734862546,0.0,False,0.0,0.0,0.75,0.5,0.16666666666666666,0.13656643187179066,0.10270751237397606,0.4157715488693392,True,False
0.4047684125653369,0.5,False,0.0,1.0,1.0,1.0,0.3333333333333333,0.47808180500265857,0.033645777731458,0.2082222702455543,False,False
0.22464655223625163,0.0,False,0.0,1.0,1.0,0.8,0.16666666666666666,0.10743808828670241,0.12768483810891,0.44241821363676226,True,False
0.24841756378014168,0.0,False,1.0,0.0,0.875,0.625,0.16666666666666666,0.08871974251802005,0.10171984006313728,0.5503012857869456,True,False
0.17281137281862657,0.0,True,0.0,0.0,1.0,0.9875,0.16666666666666666,0.19459286680659496,0.027256321231717996,0.3577889966509795,True,False
0.32494795039328717,0.0,False,1.0,0.0,1.0,1.0,0.16666666666666666,0.06339296809593628,0.09560665763174332,0.5412466860251848,True,False
0.4130205699691011,0.5,False,0.0,1.0,0.5,0.5,0.16666666666666666,0.1001211113575934,0.11226555870288855,0.44931545083340274,True,False
0.5289838503925713,1.0,False,1.0,0.0,1.0,1.0,0.3333333333333333,0.24330190416433248,0.020973394567577054,0.3763847770183115,False,False
0.10062878017869592,0.0,False,1.0,0.0,0.625,0.75,0.16666666666666666,0.4122787746077726,0.12573782470602116,0.29082972810288865,True,False
0.16654509119764926,0.25,False,0.0,0.0,0.875,0.75,0.16666666666666666,0.41489029983007003,0.11055110132957846,0.30040878497255563,True,False
0.13021977345814928,0.0,False,1.0,0.0,1.0,1.0,0.16666666666666666,0.36473584846135404,0.07157489997363872,0.36755249001119084,True,False
0.05271323775415826,0.0,False,0.0,0.0,0.875,0.8375000000000001,0.0,0.5020512529744195,0.19623221122080803,0.27800235391328987,True,False
0.25961489543201643,0.25,False,0.0,1.0,1.0,1.0,0.16666666666666666,0.3485522240672183,0.17895763789741811,0.3680668352853118,True,False
0.14176687734287585,0.0,False,1.0,0.0,1.0,1.0,0.16666666666666666,0.41111732743424034,0.08609370075518127,0.30130567004980113,True,False
0.08660377490514592,0.0,False,0.0,0.0,1.0,0.875,0.16666666666666666,0.43463070983573526,0.12644797744654201,0.37434853381318245,True,False
0.29012011082306344,1.0,False,1.0,0.0,0.75,0.7000000000000001,0.3333333333333333,0.5383981137448005,0.09219780623619578,0.22437688845342052,False,False
0.25961489543201643,0.0,False,0.0,1.0,1.0,0.8875,0.16666666666666666,0.2167912169600273,0.10489049729646378,0.37320934495118907,True,False
0.5042287947722878,1.0,False,0.0,1.0,0.75,0.75,0.3333333333333333,0.3716171041118697,0.025536760201114086,0.29089042053470227,False,False
0.3617673850533235,0.5,False,0.0,1.0,1.0,0.875,0.16666666666666666,0.16493938459715318,0.04123716591587683,0.3841506913907442,False,False
0.33506128706017935,0.25,True,0.0,0.0,1.0,0.9000000000000001,0.16666666666666666,0.32173075704383136,0.08445355439639039,0.3909977310270103,False,False
0.47230319806450194,1.0,False,0.0,0.0,0.875,0.8500000000000001,0.5,0.09330547127226337,0.12721211705521834,0.4983161267695744,False,False
0.30814172754735114,0.0,False,0.0,1.0,0.875,0.875,0.16666666666666666,0.3601890390690317,0.0507987859913335,0.30154656117271594,False,False
0.25983307656246224,0.0,False,1.0,0.0,1.0,0.9875,0.16666666666666666,0.23784692360872234,0.06225593600753678,0.3645839105542037,True,False
0.39920315882380175,0.75,False,0.0,1.0,0.875,0.8125,0.3333333333333333,0.3492383362469429,0.07072225117570446,0.35747684661752355,False,False
0.1221671335128639,0.0,False,1.0,0.0,0.75,1.0,0.16666666666666666,0.4275017737679035,0.14043204873395276,0.40829855401541804,True,False
0.32494795039328717,1.0,False,0.0,1.0,0.75,0.7250000000000001,0.5,0.42261035505486566,0.04664547893956484,0.3193058567887559,False,False
0.25983307656246224,0.0,False,1.0,0.0,0.875,0.925,0.3333333333333333,0.31388665263133086,0.04984476622129556,0.3276862536651408,True,False
0.19738131690723237,0.5,False,0.0,0.0,1.0,0.9500000000000002,0.16666666666666666,0.2277355962059013,0.09229079384518418,0.41300293597640403,True,False
0.25983307656246224,0.5,True,0.0,0.0,1.0,0.9375,0.16666666666666666,0.25436223437938993,0.0014191597893029205,0.3817809990029333,True,False
0.39039976328592807,0.5,False,0.0,1.0,1.0,1.0,0.0,0.21122556058064584,0.14900369797654428,0.3645024413002642,False,False
0.39920315882380175,1.0,False,0.0,1.0,0.875,0.8375000000000001,0.3333333333333333,0.3741845255021635,0.04743912426698301,0.35127863301433715,False,False
0.39920315882380175,0.75,False,0.0,1.0,0.875,0.7625,0.3333333333333333,0.3417264335476857,0.05522802016978542,0.3586135438433231,False,False
0.39920315882380175,0.75,False,0.0,1.0,0.875,0.8125,0.3333333333333333,0.3692920576827355,0.059275163964805276,0.3597835019846485,False,False
0.471479089201828,0.5,False,0.0,1.0,0.5,0.6625000000000001,0.3333333333333333,0.08244982816213788,0.1162800008286082,0.5530289903429351,False,False
0.3124663484708553,0.0,False,0.0,0.0,0.875,0.75,0.16666666666666666,0.30106943830469807,0.06534537634029798,0.3501326556009847,True,False
0.2563156908030887,0.0,False,1.0,0.0,1.0,1.0,0.16666666666666666,0.4678566485773003,0.00974882298203121,0.21324585073731916,True,False
0.22566928985746448,0.0,False,0.0,0.0,0.875,0.9375,0.16666666666666666,0.5389634352995636,0.2810060019128674,0.22677350603143598,True,False
0.4499756013941728,1.0,False,0.0,1.0,0.875,0.8625,0.16666666666666666,0.1707622222493473,0.1261951376600099,0.4009207050439014,True,False
0.3617673850533235,0.5,False,0.0,1.0,0.75,0.7250000000000001,0.16666666666666666,0.1614359049848143,0.13652545685504522,0.4129449242407406,True,False
0.3617673850533235,0.5,False,0.0,1.0,0.875,0.75,0.16666666666666666,0.18375291465861787,0.023226901266540617,0.370871879606784,False,False
0.5042287947722878,0.75,False,0.0,1.0,0.75,0.6625000000000001,0.3333333333333333,0.4049318338082201,0.0612948244853185,0.2953115751640394,False,False
0.241649338240845,0.0,True,0.0,0.0,1.0,0.9000000000000001,0.16666666666666666,0.43130108413843304,0.0971987957998799,0.3037719705209898,True,False
0.49337721337879425,0.5,False,0.0,1.0,0.875,0.7750000000000001,0.16666666666666666,0.17589581382912467,0.1442190926556238,0.40218883489156054,False,False
0.5020151696279621,1.0,False,1.0,0.0,0.75,0.8625,0.5,0.23361660716891436,0.10260536529659907,0.3597201312117124,False,False
0.25983307656246224,0.0,True,1.0,0.0,1.0,0.9500000000000002,0.16666666666666666,0.24957860963089798,0.06963257515608576,0.35660722338018314,True,False
0.18999651059371547,0.0,False,0.0,0.0,1.0,0.9750000000000001,0.16666666666666666,0.17609502695455834,0.0661996829296801,0.3833646392101022,True,False
0.4458356805644793,0.25,True,0.0,1.0,1.0,0.9750000000000001,0.3333333333333333,0.1428662888026168,0.07944864585048637,0.5422641110905002,False,False
0.5175933611579223,0.75,True,0.0,0.0,1.0,1.0,0.3333333333333333,0.24398543866577352,0.03144810553874179,0.32660396738995723,False,False
0.526688806428807,0.5,True,1.0,0.0,1.0,0.9875,0.3333333333333333,0.14056365988888092,0.027193243992231598,0.5592536076669965,False,False
0.549947927088006,1.0,False,0.0,1.0,1.0,0.9750000000000001,0.5,0.19314844238770795,0.09829013593037536,0.4332429269102438,False,False
0.3046191557995309,0.0,False,0.0,1.0,0.875,0.7750000000000001,0.16666666666666666,0.30838425082067644,0.160315727141851,0.384228084800462,False,False
0.4694884186519327,0.5,False,0.0,1.0,0.625,0.625,0.16666666666666666,0.20327432658365036,0.1780429460751261,0.4861273050062369,False,False
0.4694884186519327,0.5,False,0.0,1.0,1.0,0.9500000000000002,0.16666666666666666,0.20327579422687542,0.17804060191091625,0.48612772245694225,False,False
0.1491384508511061,0.0,False,1.0,0.0,1.0,0.9375,0.16666666666666666,0.32434254927932304,0.15137823214088703,0.3500956536821054,True,False
0.5091461024864415,1.0,True,0.0,0.0,0.875,0.9375,0.5,0.2729558968388137,0.1968905379497139,0.43568797744498644,False,False
0.09835306947193512,0.0,False,1.0,0.0,1.0,0.9125000000000001,0.16666666666666666,0.5628347336458215,0.16352264773759173,0.1861345818425746,True,False
0.1527327886607558,0.25,True,1.0,0.0,0.875,0.925,0.16666666666666666,0.5619174079363256,0.16716147499116954,0.18151503792494283,True,False
0.1776342231555602,0.5,True,1.0,0.0,0.75,0.8500000000000001,0.16666666666666666,0.5629379105555575,0.16234703358269367,0.18205768423021174,True,False
0.09185166783053156,0.0,True,1.0,0.0,0.875,0.9375,0.16666666666666666,0.5538489134064968,0.16171418855540323,0.18518401287838526,True,False
0.10687717191704571,0.0,False,0.0,1.0,1.0,0.9375,0.16666666666666666,0.3310130275555478,0.1584715489057761,0.3780349730891053,True,False
0.10950116530744503,0.0,True,1.0,0.0,1.0,0.9375,0.16666666666666666,0.5730992337073918,0.18244110138804254,0.17630987702261813,True,False
0.22464655223625163,0.0,False,0.0,0.0,1.0,0.9625000000000001,0.16666666666666666,0.29087432229394655,0.2484791300376418,0.41221040176442925,True,False
0.13950588713035217,0.0,False,0.0,0.0,1.0,0.925,0.16666666666666666,0.4738363681119851,0.03816271208021227,0.23182405782009408,True,False
0.16654509119764926,0.0,False,1.0,0.0,1.0,1.0,0.16666666666666666,0.2039134767029529,0.11246468296593132,0.429315352875004,True,False
0.1221671335128639,0.25,True,0.0,0.0,1.0,0.9625000000000001,0.16666666666666666,0.42165899869840306,0.1340645957355793,0.2646370485980254,True,False
0.49337721337879425,1.0,False,0.0,1.0,0.625,0.5,0.3333333333333333,0.20327678342080072,0.1780389857872557,0.48612802624679485,False,False
0.49337721337879425,1.0,False,0.0,1.0,0.75,0.7875000000000001,0.3333333333333333,0.30713750773733955,0.17270109022197105,0.4044543765864099,False,False
0.1454838325651734,0.0,False,0.0,0.0,1.0,1.0,0.16666666666666666,0.3418687755891446,0.21613954884997272,0.3506040560957935,True,False
0.18999651059371547,0.0,False,0.0,0.0,1.0,1.0,0.16666666666666666,0.30664461276436855,0.03533574362205513,0.3747726687981223,True,False
0.0,0.0,False,0.0,0.0,1.0,0.9375,0.16666666666666666,0.19981391756471326,0.09318798143649,0.42714495476874403,True,False
0.1491384508511061,0.0,False,1.0,0.0,1.0,0.9375,0.16666666666666666,0.37018152742090443,0.19774078663596537,0.3185982071144755,True,False
0.18235264390969064,0.0,False,0.0,0.0,0.875,0.8625,0.16666666666666666,0.5882870316560821,0.2597067896095462,0.17643425651392275,True,False
0.3548280280131647,0.0,False,0.0,0.0,1.0,0.9625000000000001,0.16666666666666666,0.5833121294927298,0.29064915665592306,0.18276939318348728,True,False
0.15974835452086278,0.0,False,1.0,0.0,0.75,0.75,0.16666666666666666,0.24727927224045645,0.19988901220075422,0.4480042031432996,True,False
0.39908808914396154,1.0,False,0.0,0.0,1.0,0.925,0.3333333333333333,0.26605703379232837,0.21721160861458644,0.41603796047025576,False,False
0.05883187479760954,0.0,False,0.0,0.0,0.625,0.75,0.16666666666666666,0.27880680261766266,0.24846519938472975,0.4179080066252676,True,False
0.12010660440501664,0.0,False,0.0,0.0,0.625,0.8,0.16666666666666666,0.5845311346135064,0.07236294731405571,0.20254100070584968,True,False
0.10950116530744503,0.0,False,1.0,0.0,0.875,0.8875,0.16666666666666666,0.43898269756921543,0.1317776185033819,0.3755146223255601,True,False
0.21414617392390556,0.0,True,1.0,0.0,1.0,0.925,0.16666666666666666,0.26643553240234025,0.2460821586605244,0.42100524362530267,True,False
0.10950116530744503,0.0,False,1.0,0.0,1.0,0.8875,0.16666666666666666,0.534099699570193,0.10027830736468192,0.19461233607807982,True,False
0.29922617658697714,0.5,True,0.0,0.0,1.0,0.9750000000000001,0.3333333333333333,0.4348637341437647,0.11323273210603542,0.2776011624676027,True,False
0.15591777176702204,0.0,False,1.0,0.0,0.875,0.8875,0.16666666666666666,0.5954018417283241,0.23481257992231183,0.1780393009186907,True,False
0.08221400771487952,0.0,False,0.0,0.0,0.875,0.8500000000000001,0.16666666666666666,0.5608117490584716,0.16904776948283207,0.1816510830863165,True,False
0.1763585301969256,0.0,False,1.0,0.0,0.875,0.925,0.16666666666666666,0.5464088817594144,0.25207822309917344,0.20683976497821832,True,False
0.24864724269350724,0.5,True,1.0,0.0,1.0,0.9375,0.16666666666666666,0.3058045129084731,0.1418493743919587,0.38175202296143684,True,False
0.1959242404935334,0.0,False,0.0,0.0,1.0,0.9750000000000001,0.16666666666666666,0.3134559800091285,0.2259126054067351,0.3968947647898837,True,False
0.32494795039328717,0.75,False,0.0,1.0,0.625,0.5625,0.5,0.4290061077823791,0.34321228085090244,0.34875347379656363,False,False
0.32494795039328717,0.75,False,0.0,1.0,0.75,0.7000000000000001,0.5,0.4154810466063394,0.3297195695415962,0.36204415877455354,False,False
0.132187282972153,0.0,False,1.0,0.0,0.875,0.8625,0.3333333333333333,0.2429196024402451,0.22310545492561729,0.43351108784448544,True,False
0.2543119233276806,0.0,False,0.0,0.0,1.0,0.9125000000000001,0.16666666666666666,0.25608265441331735,0.19671359638777705,0.41850231016606854,True,False
0.30726640843748776,0.0,False,1.0,0.0,1.0,0.8625,0.16666666666666666,0.33120647492262273,0.1440219366071096,0.3809943665222091,True,False
0.19298053037583862,0.0,True,0.0,0.0,1.0,0.9375,0.16666666666666666,0.40189985023024943,0.056621079592684045,0.30854848101352683,True,False
0.1221671335128639,0.25,False,1.0,0.0,0.625,0.6625000000000001,0.0,0.26222068394674086,0.2228510578567528,0.43203714890577305,True,False
0.15766729729734064,0.0,True,0.0,0.0,1.0,0.9625000000000001,0.16666666666666666,0.41848650808147103,0.1416885327059612,0.26812039375214125,True,False
0.47966274214053206,0.75,True,1.0,0.0,0.875,0.925,0.5,0.26336895591813825,0.18418084174017518,0.4463398175803508,False,False
0.28512922993451084,0.0,True,1.0,0.0,1.0,0.9750000000000001,0.16666666666666666,0.34971703412223376,0.2714352414687664,0.4086014114092382,True,False
0.4694884186519327,0.5,False,0.0,1.0,0.875,0.75,0.16666666666666666,0.3314915969400437,0.22349094260140043,0.36325813388282624,False,False
0.4795832039115432,1.0,False,0.0,1.0,0.5,0.5,0.3333333333333333,0.2415925033142234,0.19730933161416334,0.42784353061839364,False,False
0.36448241453966534,0.75,False,0.0,1.0,0.75,0.75,0.3333333333333333,0.32800197718996366,0.12877092454471734,0.39117049800624226,False,False
0.24069907244264754,0.25,False,0.0,0.0,1.0,0.9500000000000002,0.3333333333333333,0.4190792498753172,0.15522456934162593,0.2778590731187798,True,False
0.2059249243947282,0.0,True,0.0,0.0,0.875,0.9375,0.16666666666666666,0.3246676159669778,0.1267899519481721,0.39929036593790057,True,False
0.061014917104809885,0.0,True,0.0,0.0,1.0,0.9000000000000001,0.16666666666666666,0.6315609654128735,0.260356434688672,0.1489076607409403,True,False
0.36448241453966534,0.75,False,0.0,1.0,1.0,0.875,0.3333333333333333,0.3273772555717488,0.12751141506925964,0.39291095471905324,False,False
0.18848903661177763,0.0,False,1.0,0.0,1.0,1.0,0.16666666666666666,0.5303805558249552,0.1116255632552829,0.24870133237748937,True,False
0.25961489543201643,0.0,True,1.0,0.0,1.0,0.9750000000000001,0.16666666666666666,0.34055519743676194,0.15794627118090698,0.43344816221496685,True,False
0.1988287154944829,0.0,False,1.0,0.0,1.0,0.925,0.16666666666666666,0.5505674165257372,0.24651828345087012,0.20328805007290507,True,False
0.1337485997922726,0.0,False,0.0,0.0,0.875,0.9000000000000001,0.16666666666666666,0.517509131999678,0.09547518862921911,0.21675427670525638,True,False
0.22464655223625163,0.0,False,0.0,0.0,1.0,1.0,0.16666666666666666,0.49992250780337505,0.025102438521813084,0.21193976712600282,True,False
0.13021977345814928,0.0,False,0.0,0.0,0.875,0.9875,0.16666666666666666,0.30227555096141623,0.1335787524904178,0.3995868548483501,True,False
0.16787936553688965,0.5,False,1.0,0.0,0.75,1.0,0.3333333333333333,0.581121392107086,0.20067982243382881,0.17143810167741536,True,False
0.19738131690723237,0.25,False,0.0,0.0,1.0,1.0,0.16666666666666666,0.38523890675418043,0.10873127752570062,0.3303008873201032,True,False
0.1379854216615023,0.0,False,1.0,0.0,1.0,0.9125000000000001,0.16666666666666666,0.33450547848086704,0.12300065286616066,0.3802560665345469,True,False
0.12420836164543314,0.0,False,1.0,0.0,0.875,0.9500000000000002,0.16666666666666666,0.562832781819864,0.16351865966029763,0.1861357481715693,True,False
0.06371332151630571,0.0,False,0.0,0.0,1.0,0.9375,0.3333333333333333,0.38715048375819994,0.19663445784041078,0.3035966136540378,True,False
0.3684925690922315,0.0,False,1.0,0.0,0.875,0.9750000000000001,0.16666666666666666,0.2256571091430731,0.1793479682222456,0.47054008007128423,True,False
0.3128086388729142,0.0,False,1.0,0.0,0.875,1.0,0.16666666666666666,0.17757578470068014,0.1843131510122239,0.4796017077073933,True,False
0.2975819093963611,0.0,False,1.0,0.0,0.875,1.0,0.16666666666666666,0.17481577164305648,0.18302590302512395,0.4826900546212156,True,False
0.25961489543201643,0.0,False,0.0,0.0,1.0,0.9500000000000002,0.16666666666666666,0.16955976006139825,0.16258005188630173,0.4835486264647815,True,False
0.5976133518572134,1.0,False,0.0,1.0,0.75,0.7875000000000001,0.5,0.21112367777672233,0.19036060612567293,0.47369658454252783,False,False
0.10950116530744503,0.0,False,1.0,0.0,0.875,0.8625,0.16666666666666666,0.41768881672520936,0.12531169920896834,0.2851081472810535,True,False
0.15591777176702204,0.0,False,0.0,0.0,1.0,1.0,0.16666666666666666,0.5041347198651046,0.09250986467552481,0.21614009842128334,True,False
0.3476604067009895,0.0,False,0.0,0.0,1.0,1.0,0.16666666666666666,0.2644614131466691,0.01802179180047652,0.37941592627717924,True,False
0.2114400734862546,0.5,False,0.0,1.0,0.75,0.8125,0.16666666666666666,0.5355029204219435,0.2597973432187383,0.23227503280312023,True,False
0.3263988153189793,0.0,False,0.0,1.0,0.625,0.5,0.16666666666666666,0.17818258617159122,0.11062223260971382,0.46036805107463197,False,False
0.2641514441160139,0.0,False,0.0,1.0,1.0,1.0,0.16666666666666666,0.36905583919932244,0.21097885763383972,0.3578193764742357,False,False
0.11802640583139079,0.0,False,0.0,0.0,0.75,0.8,0.16666666666666666,0.5045767079372098,0.22852873951041858,0.2713963184223398,True,False
0.4715616404746189,1.0,False,0.0,1.0,0.75,0.25,0.3333333333333333,0.38879755159910695,0.026315337394158794,0.3193535208405587,False,False
0.260703623183438,0.0,False,1.0,0.0,1.0,1.0,0.16666666666666666,0.28517942558043075,0.18486974246299534,0.4043189964806586,True,False
0.1491384508511061,0.0,False,0.0,0.0,1.0,1.0,0.16666666666666666,0.20590224192350098,0.2016857556465093,0.47143924004410787,True,False
0.4694884186519327,0.5,False,0.0,1.0,0.75,0.75,0.16666666666666666,0.2079183355672564,0.1825719677001771,0.4801860838036556,False,False
0.26606713675735716,0.0,False,1.0,0.0,1.0,1.0,0.16666666666666666,0.3516243417384423,0.20512932109658266,0.36883226150937487,True,False
0.16654509119764926,0.0,False,1.0,0.0,1.0,0.9125000000000001,0.16666666666666666,0.38569941222610094,0.021471342654053066,0.3239064901955917,True,False
0.2543119233276806,0.0,False,1.0,0.0,0.75,0.75,0.16666666666666666,0.3714480404297709,0.2037292250448364,0.35453428326500225,True,False
0.4364411703525718,0.75,False,0.0,1.0,0.875,0.8500000000000001,0.5,0.2961711460146066,0.2544356011629155,0.40571604813444373,False,False
0.23071219467756687,0.5,False,0.0,1.0,1.0,1.0,0.16666666666666666,0.4306715829051326,0.14078913207632557,0.2604706571763806,True,False
0.21787913240949408,0.0,False,1.0,0.0,1.0,0.9125000000000001,0.16666666666666666,0.44183433188755256,0.15533463250005558,0.3857351931691688,True,False
0.2086999458571831,0.0,False,1.0,0.0,1.0,1.0,0.16666666666666666,0.32890873716455626,0.16672701098945822,0.3479786590778817,True,False
0.2086999458571831,0.25,False,1.0,0.0,1.0,1.0,0.16666666666666666,0.32330799399661747,0.17336818342685018,0.3610404838360044,True,False
0.2045240485274159,0.0,False,0.0,1.0,0.5,0.5375000000000001,0.16666666666666666,0.5157901851374316,0.2567472836172788,0.25277728111342723,True,False
0.23709820784555535,0.0,False,0.0,0.0,1.0,1.0,0.16666666666666666,0.23686418728764347,0.2290850695294926,0.4419304859279023,True,False
0.32720069694255216,0.5,False,0.0,1.0,1.0,0.25,0.16666666666666666,0.15651875107094165,0.19661261662085555,0.5060522540503358,True,False
0.37047030843532525,0.5,False,0.0,1.0,0.875,0.8375000000000001,0.16666666666666666,0.16299875314315868,0.16262631809296324,0.49134415412273436,True,False
0.32720069694255216,0.25,False,0.0,1.0,1.0,1.0,0.16666666666666666,0.1358597837696822,0.16188281896749235,0.512989309304918,True,False
0.32720069694255216,0.25,False,0.0,1.0,0.875,0.75,0.16666666666666666,0.13959329311756805,0.15799544301507598,0.5110434600242131,True,False
0.35141697744329015,0.25,False,0.0,1.0,1.0,1.0,0.16666666666666666,0.16637775097750307,0.166008269413366,0.4880977083407314,True,False
0.32720069694255216,0.25,False,0.0,1.0,1.0,1.0,0.16666666666666666,0.14522019490835342,0.13448165361135414,0.5127323909737198,True,False
0.28512922993451084,0.0,False,0.0,1.0,0.875,0.875,0.16666666666666666,0.14121672788470171,0.15843325858757296,0.5099792078254015,True,False
0.30726640843748776,0.0,False,0.0,1.0,1.0,1.0,0.16666666666666666,0.14514688120251107,0.13478094728430398,0.5125818085106124,True,False
0.4588157056734584,0.0,False,0.0,1.0,1.0,1.0,0.3333333333333333,0.4977713255804565,0.17493922593983607,0.2853995091733901,False,False
0.25961489543201643,0.0,False,0.0,1.0,1.0,1.0,0.16666666666666666,0.3300073177840399,0.19552582084698128,0.3835276950912383,True,False
0.1744308782194427,0.0,False,0.0,0.0,0.625,0.75,0.16666666666666666,0.2534982868939979,0.1843473490147749,0.451743784871355,True,False
0.3617673850533235,0.75,False,0.0,1.0,1.0,1.0,0.16666666666666666,0.17800041176686035,0.20229603574528748,0.48689305186459975,True,False
0.11550366923758582,0.0,False,0.0,0.0,1.0,0.875,0.0,0.5189171587960159,0.06765720637399304,0.21228577620027012,True,False
0.15766729729734064,0.0,False,1.0,0.0,0.75,0.8625,0.16666666666666666,0.24380924163436898,0.08946371572348705,0.4058696388258616,True,False
0.1055532308386048,0.0,False,0.0,0.0,1.0,0.9500000000000002,0.16666666666666666,0.6102950210925624,0.24716767150696853,0.16492581780717908,True,False
0.25764137249870733,0.0,False,1.0,0.0,0.625,0.75,0.16666666666666666,0.6458008295309263,0.08068364194611385,0.1539969115147859,True,False
0.45215181595069776,0.5,False,0.0,1.0,0.25,0.5,0.16666666666666666,0.20327461514034,0.17804090972005782,0.4861283634832876,False,False
0.5111512074659305,0.75,False,0.0,0.0,1.0,0.9125000000000001,0.5,0.3055433972713326,0.2575098647656355,0.40189090674137073,False,False
0.16654509119764926,0.0,False,0.0,0.0,0.75,0.875,0.16666666666666666,0.3977190168244773,0.19616408987309714,0.29377585678294715,True,False
0.2086999458571831,0.0,True,0.0,0.0,0.875,0.9500000000000002,0.16666666666666666,0.22604525726013622,0.019289466405927363,0.3922462174737731,True,False
0.23071219467756687,0.0,True,0.0,0.0,0.875,0.9000000000000001,0.16666666666666666,0.2380981080821215,0.17687990231489403,0.4253853464166668,True,False
0.1491384508511061,0.0,False,0.0,0.0,1.0,0.925,0.16666666666666666,0.6150549458207735,0.17337072407493348,0.16855816836017,True,False
0.1491384508511061,0.0,False,0.0,0.0,1.0,0.9750000000000001,0.16666666666666666,0.26914128438961504,0.048687466093546704,0.3659370705544176,True,False
0.5500055196579653,0.75,False,0.0,1.0,0.875,0.7000000000000001,0.5,0.3948226395430027,0.03726462974834636,0.3141142485413322,False,False
0.6829533160395883,0.5,False,0.0,1.0,0.75,0.55,0.3333333333333333,0.38879792565917065,0.026316100007575248,0.3193531263732834,False,False
0.1527327886607558,0.0,False,0.0,0.0,0.875,0.9000000000000001,0.16666666666666666,0.34053071683244823,0.21959314154611445,0.35108322843242745,True,False
0.13021977345814928,0.0,False,1.0,0.0,0.875,0.8500000000000001,0.16666666666666666,0.45713969803807963,0.13616743624119737,0.34703648184216895,True,False
0.13021977345814928,0.0,False,0.0,0.0,1.0,0.9000000000000001,0.16666666666666666,0.36984491040355605,0.09720936253338931,0.3330529812476146,True,False
0.378838973219615,1.0,True,1.0,0.0,0.875,0.8625,0.3333333333333333,0.431844577242599,0.3269306264706463,0.35575783623721935,False,False
0.03263596170236882,0.0,False,0.0,0.0,0.75,0.825,0.16666666666666666,0.5034209349028301,0.19423963998067434,0.2763946271236313,True,False
0.009833742173792626,0.0,False,0.0,1.0,0.875,0.8875,0.16666666666666666,0.4296581950651007,0.11108359672706256,0.28025400268907563,True,False
0.5042287947722878,1.0,False,0.0,1.0,0.0,0.25,0.3333333333333333,0.17398229803811818,0.16299433252584705,0.5186997174915293,False,False
0.132187282972153,0.0,False,0.0,0.0,0.875,0.8,0.16666666666666666,0.4047102381257444,0.0666589471156402,0.30179234201850047,True,False
0.4775852542534834,1.0,True,0.0,1.0,1.0,0.9375,0.5,0.2582231941009906,0.17829259523628666,0.4141367690723343,False,False
0.14139167096046512,0.0,False,1.0,0.0,0.875,0.8625,0.16666666666666666,0.6964628394401772,0.164731011798851,0.11698179469571879,True,False
0.25961489543201643,0.0,False,0.0,0.0,1.0,1.0,0.16666666666666666,0.9542498028738988,0.3137005168996521,0.014509291987492734,True,False
0.10950116530744503,0.0,True,0.0,0.0,1.0,0.9375,0.16666666666666666,0.7942204132245789,0.03255844867240636,0.07421470468993907,True,False
0.1138054726374812,0.0,False,1.0,0.0,1.0,0.9625000000000001,0.16666666666666666,0.7401392470538763,0.10372042473643259,0.09543747880814646,True,False
0.16486567718832734,0.0,False,0.0,0.0,0.875,0.9500000000000002,0.3333333333333333,0.9297832687023354,0.22683767259280788,0.020548156071999557,True,False
0.0721303102501415,0.0,False,0.0,0.0,0.875,0.9375,0.16666666666666666,0.6205785676744123,0.19600369281753513,0.14748650045881417,True,False
0.1491384508511061,0.0,False,0.0,0.0,1.0,0.925,0.16666666666666666,0.7514193081814378,0.13173171040855491,0.08928619340335775,True,False
0.13568464533276103,0.0,False,0.0,1.0,0.875,0.75,0.16666666666666666,0.7041113080304996,0.19889964160704696,0.11031752098448999,True,False
0.13568464533276103,0.0,False,0.0,1.0,1.0,1.0,0.16666666666666666,0.7144757634237215,0.19309469458160047,0.10518850190464968,True,False
0.10950116530744503,0.0,True,1.0,0.0,0.875,0.9500000000000002,0.16666666666666666,0.8699828058455723,0.160769980235577,0.040030568450993176,True,False
0.04466885854335578,0.0,False,0.0,0.0,0.875,0.7750000000000001,0.16666666666666666,0.999998869803039,0.4140339574415766,3.6173156603425127e-07,True,False
0.1138054726374812,0.0,False,1.0,0.0,1.0,1.0,0.16666666666666666,0.8018828693628111,0.05941301079070357,0.06969346186931102,True,False
0.0960533426341309,0.0,False,1.0,0.0,0.875,0.925,0.16666666666666666,0.8026990411173629,0.05471897381888438,0.06951934606774945,True,False
0.2806168773988905,0.0,False,0.0,0.0,1.0,1.0,0.16666666666666666,0.6703778330613553,0.19164008411578912,0.12966006187888368,True,False
0.18235264390969064,0.25,False,0.0,0.0,0.75,1.0,0.16666666666666666,0.8024156487074492,0.06335764756006845,0.07135281939780058,True,False
0.1491384508511061,0.0,False,0.0,0.0,0.875,1.0,0.16666666666666666,0.5705729884372587,0.15871264118125156,0.17328433238109842,True,False
0.18999651059371547,0.25,True,0.0,0.0,1.0,0.9750000000000001,0.16666666666666666,0.9003547348466198,0.16561119502321328,0.03122045030358711,True,False
0.23926585870601202,0.0,False,0.0,0.0,1.0,1.0,0.16666666666666666,0.6319205083163567,0.14557754781218754,0.13956929134014961,True,False
0.1469530428293836,0.0,False,0.0,0.0,0.75,0.875,0.16666666666666666,0.5824140379346965,0.18843107153997188,0.15158338470112231,True,False
0.1491384508511061,0.0,False,0.0,0.0,1.0,0.9500000000000002,0.16666666666666666,0.5586625572935704,0.12220053296271452,0.16661370071470327,True,False
0.13061469904311618,0.0,False,0.0,0.0,0.875,0.875,0.16666666666666666,0.5876166340408152,0.2020506176649355,0.1453053590923461,True,False
0.20055299870846255,0.25,False,1.0,0.0,1.0,1.0,0.16666666666666666,0.5287654305698628,0.06934953014953951,0.194750471244737,True,False
0.9038968963589366,1.0,False,0.0,1.0,1.0,0.875,1.0,0.6841637246679974,0.21609083758615633,0.11442614119704131,False,False
0.1379854216615023,0.25,False,1.0,0.0,0.875,0.8375000000000001,0.16666666666666666,0.5383788946623821,0.08928771535837156,0.18872835692043743,True,False
0.1491384508511061,0.0,True,0.0,0.0,1.0,0.9750000000000001,0.16666666666666666,0.6319459158988406,0.15412073817589703,0.13986828394390205,True,False
0.19738131690723237,0.0,False,1.0,0.0,1.0,0.9125000000000001,0.16666666666666666,0.5251695790342691,0.06771195172207396,0.18611722150204946,True,False
0.25961489543201643,0.0,False,0.0,0.0,0.25,0.25,0.16666666666666666,0.670653262119916,0.18250814792946768,0.12027710725522511,True,False
0.2045240485274159,0.25,False,0.0,1.0,1.0,0.925,0.16666666666666666,0.565795627066105,0.17729467275269448,0.1593443917690236,True,False
0.1944573559628856,0.5,False,0.0,1.0,0.75,0.7875000000000001,0.16666666666666666,0.5639104793834095,0.16090701309196276,0.16127193521165517,False,True
0.3617673850533235,0.25,False,0.0,0.0,0.75,0.7875000000000001,0.16666666666666666,0.5614110263689048,0.15307417723971234,0.16291776732790164,False,False
0.132187282972153,0.0,False,1.0,0.0,1.0,1.0,0.16666666666666666,0.7055139825713582,0.28096561770897194,0.10603967342909204,True,False
0.19738131690723237,0.0,True,0.0,0.0,0.875,0.9750000000000001,0.16666666666666666,0.34428919261918883,0.32336703878917744,0.27139810821062005,True,False
0.11592615864697209,0.0,False,0.0,0.0,0.875,0.8125,0.16666666666666666,0.26009538471149507,0.11678697379212533,0.358579896837925,True,False
0.1379854216615023,0.0,False,1.0,0.0,1.0,0.9625000000000001,0.16666666666666666,0.2998081908246124,0.08939093625334397,0.3695052008744013,True,False
0.28512922993451084,0.0,False,0.0,0.0,1.0,0.925,0.16666666666666666,0.4883238434485285,0.1724790205354808,0.18312367647297978,True,False
0.1988287154944829,0.0,False,0.0,0.0,0.875,0.8625,0.16666666666666666,0.48123476321102465,0.14506884497395012,0.20581583576547358,True,False
0.18697106184228562,0.0,False,1.0,0.0,0.875,0.9125000000000001,0.16666666666666666,0.4121185311905409,0.21926114079324288,0.23827769516388764,True,False
0.12010660440501664,1.0,False,1.0,0.0,0.625,0.675,0.5,0.6104933972836007,0.2034882397459254,0.11760378216680811,True,False
0.13950588713035217,0.0,False,1.0,0.0,0.625,0.7000000000000001,0.16666666666666666,0.5503919852257549,0.21031072954633445,0.1452218956800151,True,False
0.15591777176702204,0.0,True,1.0,0.0,1.0,0.925,0.16666666666666666,0.5265976169063419,0.08676395167705529,0.16789258245823335,True,False
0.16654509119764926,0.0,False,1.0,0.0,1.0,0.9125000000000001,0.16666666666666666,0.5612992700495669,0.13360326770377465,0.1507664885956328,True,False
0.1763585301969256,0.0,True,1.0,0.0,0.875,0.9500000000000002,0.16666666666666666,0.35464855487024455,0.3197925046620249,0.26550152381765924,True,False
0.22464655223625163,0.0,False,0.0,1.0,1.0,0.8625,0.16666666666666666,0.42791887342674384,0.12038880729666651,0.2360229814129653,True,False
0.22464655223625163,0.0,False,0.0,1.0,0.875,0.8375000000000001,0.16666666666666666,0.3875658466285179,0.1373745933048758,0.26452962920603995,True,False
0.13606979892523585,0.0,False,0.0,0.0,0.75,0.8375000000000001,0.16666666666666666,0.2839574260503238,0.1070137873864207,0.4087450146524778,True,False
0.3476604067009895,0.0,False,0.0,0.0,0.875,0.7875000000000001,0.16666666666666666,0.4398891081183217,0.08360578594381807,0.23211431999050092,True,False
0.22464655223625163,0.0,False,0.0,1.0,0.875,0.8625,0.16666666666666666,0.39958967459783074,0.1371999218016229,0.25471998379859584,True,False
0.22566928985746448,0.0,False,0.0,0.0,1.0,0.8875,0.16666666666666666,0.3386302412314943,0.15478069570710498,0.3285997327219703,True,False
0.2463394869693064,0.25,False,0.0,1.0,0.875,0.825,0.16666666666666666,0.39694556254876606,0.044814091110035405,0.27494972136948514,True,False
0.19268396044224734,0.0,True,0.0,0.0,1.0,0.9625000000000001,0.16666666666666666,0.4037988738395738,0.3403895766744267,0.2318797722497401,True,False
0.18999651059371547,0.0,True,0.0,0.0,1.0,0.925,0.16666666666666666,0.5898011070141124,0.23921914928895652,0.13875247846087357,True,False
0.19738131690723237,0.0,False,0.0,0.0,1.0,1.0,0.16666666666666666,0.4194791605209696,0.31317995667078824,0.2214417992979021,True,False
0.3521320294263134,0.0,False,0.0,1.0,0.875,0.8375000000000001,0.16666666666666666,0.4340597393654296,0.2317320746262372,0.22324425232426615,False,False
0.13021977345814928,0.0,False,1.0,0.0,1.0,0.9125000000000001,0.16666666666666666,0.6021411709697546,0.08043083803974439,0.12931045633849725,True,False
0.4013780167220621,0.25,True,0.0,0.0,1.0,0.9500000000000002,0.3333333333333333,0.3514929495402903,0.2986004315363635,0.2690171447954537,False,False
0.5823744371941394,1.0,False,0.0,1.0,0.875,0.875,0.3333333333333333,0.49966549764534623,0.18901481547338314,0.1742007038960114,False,False
0.12010660440501664,0.0,False,0.0,0.0,0.875,0.875,0.16666666666666666,0.5833812330321925,0.07048255814835004,0.1388104518505069,True,False
0.21787913240949408,0.0,True,1.0,0.0,1.0,0.9375,0.16666666666666666,0.5234823453387034,0.087899682532967,0.17162059104392546,True,False
0.2045240485274159,0.0,True,1.0,0.0,1.0,0.9625000000000001,0.16666666666666666,0.5237015292705556,0.09047454356911266,0.17132993320319034,True,False
0.0741847234838332,0.0,False,0.0,0.0,1.0,1.0,0.16666666666666666,0.5861145746994065,0.1498827219673522,0.13819562492460236,True,False
0.2045240485274159,0.0,True,1.0,0.0,1.0,0.9500000000000002,0.16666666666666666,0.4948625805285322,0.14038257363249412,0.18274371400049216,True,False
0.2297129064457094,0.0,True,0.0,0.0,1.0,0.9750000000000001,0.16666666666666666,0.4352742135266018,0.3243214511018809,0.20731881329976454,True,False
0.2764136758772201,0.0,False,1.0,0.0,0.875,0.875,0.16666666666666666,0.4270028818759254,0.26649124872945423,0.22510801384371693,True,False
0.1988287154944829,0.0,True,1.0,0.0,1.0,0.9375,0.16666666666666666,0.5297011740741401,0.06943529184504481,0.16706200459026,True,False
0.37243025994377577,0.5,False,0.0,1.0,0.875,0.7625,0.16666666666666666,0.28085451669281813,0.08066437744441844,0.40206820086502426,False,False
0.270472662817716,0.0,False,1.0,0.0,0.75,0.825,0.16666666666666666,0.41479969854083126,0.22113437150386928,0.23632402228459237,True,False
0.13950588713035217,0.0,False,0.0,0.0,0.75,0.825,0.16666666666666666,0.3787899870771277,0.13603215148748302,0.27256422108553835,True,False
0.19738131690723237,0.0,False,0.0,0.0,1.0,0.9625000000000001,0.16666666666666666,0.35138414160516157,0.20921528250867144,0.28585837073393927,True,False
0.2045240485274159,0.75,False,1.0,0.0,1.0,0.8875,0.3333333333333333,0.5516721214680469,0.19968683291356704,0.16474570289779344,True,False
0.2045240485274159,0.25,False,1.0,0.0,1.0,0.925,0.16666666666666666,0.5519060619195236,0.16872613378998913,0.16634833238597313,True,False
0.23071219467756687,0.0,False,1.0,0.0,1.0,0.75,0.16666666666666666,0.5658990090392781,0.20079303467248596,0.1578774573629509,True,False
0.18235264390969064,0.0,False,0.0,0.0,0.875,0.9125000000000001,0.16666666666666666,0.3480121365408838,0.2864138936001271,0.27230448172618504,True,False
0.1055532308386048,0.0,False,0.0,0.0,0.875,0.8875,0.16666666666666666,0.4786298431352185,0.10342139548034497,0.21339834865109264,True,False
0.1854424389653112,0.0,False,1.0,0.0,0.875,0.9375,0.16666666666666666,0.4724056060815812,0.23133881943373083,0.20045977489817823,True,False
0.22464655223625163,0.0,True,1.0,0.0,1.0,0.9625000000000001,0.16666666666666666,0.530279060747458,0.08833349032487922,0.18211470803346486,True,False
0.21387707107058385,0.0,False,0.0,0.0,1.0,0.9750000000000001,0.16666666666666666,0.40267704536790083,0.04159666200506751,0.2707740572638775,True,False
0.1379854216615023,0.0,False,1.0,0.0,1.0,0.9000000000000001,0.16666666666666666,0.536262934084929,0.13826449418241435,0.16382451482210558,True,False
0.3686249782662153,0.5,False,0.0,0.0,0.75,0.7625,0.3333333333333333,0.35812676223474005,0.31591260718360104,0.2636351947254487,False,False
0.08660377490514592,0.0,False,0.0,0.0,1.0,0.9125000000000001,0.16666666666666666,0.5415290034255337,0.15268855240495116,0.16149717250048323,True,False
0.29922617658697714,0.0,False,1.0,0.0,0.875,0.9125000000000001,0.16666666666666666,0.3190089771258573,0.26465722899795163,0.291575580629855,True,False
0.45793887326590343,1.0,False,0.0,1.0,1.0,1.0,0.5,0.5896954435476028,0.08427634028999484,0.14561640460009428,False,False
0.16317322000227386,0.0,False,1.0,0.0,1.0,0.9000000000000001,0.16666666666666666,0.33055342095557394,0.15456835736534152,0.339226843307306,True,False
0.4234558614724916,0.75,True,0.0,0.0,1.0,0.9500000000000002,0.3333333333333333,0.37844127769810715,0.38276548053431764,0.24711878956687938,False,False
0.10062878017869592,0.0,False,0.0,1.0,0.875,0.8500000000000001,0.16666666666666666,0.5817285250926736,0.26013794211329655,0.14370532309678397,False,True
0.10062878017869592,0.0,False,0.0,1.0,0.75,0.8,0.16666666666666666,0.5849796234460677,0.2556257440148337,0.14183192242549758,False,True
0.10062878017869592,0.0,False,0.0,1.0,0.75,0.8375000000000001,0.16666666666666666,0.585170928586532,0.24872046599605388,0.14149950415195378,False,True
0.3617673850533235,0.0,False,0.0,1.0,1.0,0.925,0.16666666666666666,0.5331469592841375,0.08206937433511752,0.17039525115070053,True,False
0.33116643272016655,0.0,False,0.0,1.0,1.0,0.9500000000000002,0.16666666666666666,0.5331474000014376,0.08206674902864261,0.1703962025963497,True,False
0.33116643272016655,0.0,False,0.0,1.0,1.0,0.9625000000000001,0.16666666666666666,0.5331477159045184,0.08206843676064832,0.17039535187100596,True,False
0.23071219467756687,0.0,False,0.0,1.0,1.0,0.9625000000000001,0.16666666666666666,0.47863347844608845,0.17333907430235176,0.19166841581463,True,False
0.3476604067009895,0.0,False,0.0,0.0,0.625,0.825,0.16666666666666666,0.5702180513303541,0.14860914659972982,0.14645003094363296,True,False
0.4335125024724086,0.5,True,0.0,0.0,1.0,0.9875,0.16666666666666666,0.36368504132594204,0.3705180294427509,0.2611643928692835,False,False
0.23071219467756687,0.0,False,0.0,1.0,0.875,0.9375,0.16666666666666666,0.4721474864855377,0.19284192331708047,0.19669052797758235,True,False
0.5743357880112353,1.0,False,0.0,0.0,0.875,0.9375,0.5,0.3243946703779957,0.2680703530315499,0.2783884944096018,False,False
0.33116643272016655,0.0,False,0.0,1.0,1.0,0.9625000000000001,0.16666666666666666,0.5261658754034854,0.10901845983830603,0.16712839615795883,True,False
0.2059249243947282,0.0,False,0.0,0.0,1.0,0.9125000000000001,0.16666666666666666,0.41479540793849057,0.32034056742894246,0.2246234581175588,True,False
0.33116643272016655,0.0,False,0.0,1.0,1.0,0.8875,0.16666666666666666,0.5261690221982905,0.10901187652904591,0.1671277742204036,True,False
0.5435772884544362,1.0,False,0.0,1.0,1.0,0.9625000000000001,0.3333333333333333,0.5141744117542147,0.17049284442643478,0.16717818695636355,False,False
0.061014917104809885,0.0,False,0.0,0.0,0.875,0.75,0.16666666666666666,0.5659006584023473,0.12645186584435186,0.1482389892407836,True,False
0.42601386474469594,1.0,False,0.0,1.0,1.0,0.925,0.5,0.33707072006843014,0.2572163807089627,0.28214695897405595,False,False
0.0960533426341309,0.0,False,0.0,0.0,0.875,0.8375000000000001,0.16666666666666666,0.5206543547750645,0.09145316608846535,0.18718898703096443,True,False
0.18999651059371547,0.0,False,1.0,0.0,0.875,0.925,0.16666666666666666,0.5021491903157235,0.1306346043845586,0.19581916543539957,True,False
0.5345560832970105,1.0,False,0.0,1.0,0.875,0.8125,0.3333333333333333,0.45603575131214874,0.22997971513175394,0.20202438757394492,False,False
0.13021977345814928,0.0,False,1.0,0.0,0.875,0.8875,0.16666666666666666,0.5934601955989188,0.24477261842674622,0.13701227404497796,True,False
0.46237428136991354,0.5,False,0.0,1.0,1.0,0.9500000000000002,0.16666666666666666,0.45638002339508305,0.22944506778204168,0.2018303315849681,False,False
0.16654509119764926,0.0,True,0.0,0.0,0.875,0.9625000000000001,0.16666666666666666,0.44714640097999914,0.07185344994311803,0.23024981990061,True,False
0.13950588713035217,0.0,False,1.0,0.0,0.875,0.8875,0.16666666666666666,0.27962136889221834,0.10074746610767216,0.4139514005349576,True,False
0.2474964197061459,0.0,True,0.0,0.0,1.0,0.9750000000000001,0.16666666666666666,0.4172799313933089,0.2741270430636261,0.23065619576264407,True,False
0.13021977345814928,0.0,False,1.0,0.0,0.875,0.8875,0.16666666666666666,0.5831354577517314,0.23296672130589957,0.14205630847093742,True,False
0.23071219467756687,0.0,True,1.0,0.0,0.875,0.9000000000000001,0.16666666666666666,0.5253076212170211,0.08005627980270197,0.17123096715929287,True,False
0.18999651059371547,0.0,True,1.0,0.0,1.0,0.9500000000000002,0.16666666666666666,0.5222425417872549,0.08268000107039795,0.17084934415900643,True,False
0.23071219467756687,0.0,True,1.0,0.0,1.0,0.9750000000000001,0.16666666666666666,0.5138768038133322,0.10309701802696802,0.1758052322833097,True,False
0.2733609656120751,0.0,True,0.0,0.0,1.0,0.9875,0.16666666666666666,0.3911427908731392,0.41103882390322366,0.23553705215173282,True,False
0.46237428136991354,0.5,False,0.0,1.0,0.875,0.8375000000000001,0.16666666666666666,0.45565389447546395,0.22760064341825192,0.20232067944726606,False,False
0.5345560832970105,1.0,False,0.0,1.0,0.875,0.9375,0.3333333333333333,0.43938141154179305,0.27465700522285746,0.20995823884661657,False,False
0.03263596170236882,0.0,False,0.0,0.0,0.875,0.8875,0.16666666666666666,0.6035565075865922,0.14146408461506024,0.1289308027421221,False,True
0.17921840882110474,0.0,False,0.0,0.0,0.0,0.0,0.0,0.37621603130934395,0.3427140493687999,0.25092742026021453,True,False
0.4335125024724086,1.0,True,1.0,0.0,1.0,1.0,0.3333333333333333,0.37142731359928044,0.2659954282175698,0.2636419435930597,False,False
0.21681908192114852,0.0,False,1.0,0.0,0.875,0.9500000000000002,0.16666666666666666,0.5763651327478916,0.03493732552385019,0.14341543147664226,True,False
0.14363327969647732,0.0,False,0.0,0.0,1.0,0.9125000000000001,0.16666666666666666,0.44164319889402054,0.06249163671428679,0.23991918955244063,True,False
0.19149362807169223,0.0,False,0.0,0.0,1.0,0.8500000000000001,0.16666666666666666,0.31660017922513106,0.27292978520574895,0.2862633950048803,True,False
0.22566928985746448,0.5,False,0.0,0.0,0.75,0.7875000000000001,0.16666666666666666,0.28284835276683556,0.08063703722167724,0.3984140889688075,True,False
0.27519771860536413,0.0,False,0.0,0.0,1.0,0.9125000000000001,0.16666666666666666,0.4799831427201728,0.17024896504704434,0.190736173986763,True,False
0.4157032772906252,1.0,False,0.0,1.0,1.0,0.9375,0.5,0.3618556877121934,0.2929233116557263,0.26419150634933874,False,False
0.3820984792522367,0.0,False,1.0,0.0,1.0,0.9000000000000001,0.16666666666666666,0.502296800769047,0.1332392666700336,0.18021203068385172,True,False
0.1491384508511061,0.0,False,1.0,0.0,0.875,0.9750000000000001,0.0,0.5593392405027852,0.09780658357544635,0.15122101552582734,True,False
0.1379854216615023,0.0,False,1.0,0.0,1.0,0.9750000000000001,0.0,0.5430879089804898,0.10487009316168523,0.15964922965507733,True,False
0.1379854216615023,0.0,False,0.0,0.0,1.0,0.8875,0.16666666666666666,0.5000920138154078,0.1365762542903489,0.19673795031005015,True,False
0.38738445376403063,0.25,True,1.0,0.0,1.0,1.0,0.3333333333333333,0.24573320869542428,0.07340047182866301,0.38655340710160013,True,False
0.10062878017869592,0.0,False,1.0,0.0,0.875,0.8875,0.16666666666666666,0.43730554684061046,0.12506700215282288,0.22968630150685154,True,False
0.0,0.0,False,1.0,0.0,0.875,0.5,0.16666666666666666,0.4719579173464713,0.0813198434004356,0.22722061222297607,True,False
0.03263596170236882,0.0,True,1.0,0.0,0.875,0.9375,0.16666666666666666,0.5144100384098504,0.1268181778124221,0.18867904123693102,True,False
0.1491384508511061,0.0,False,0.0,1.0,1.0,0.9375,0.16666666666666666,0.3930673435192368,0.08630818999539472,0.2835164547991289,False,True
0.1944573559628856,0.0,False,1.0,0.0,0.625,0.75,0.16666666666666666,0.5544463396644468,0.22927077892668335,0.161844229225506,True,False
0.22464655223625163,0.25,False,1.0,0.0,0.875,0.8500000000000001,0.16666666666666666,0.5371136756484414,0.1584238722159234,0.16395667250484047,True,False
0.24841756378014168,0.0,True,1.0,0.0,1.0,1.0,0.16666666666666666,0.24913698658572245,0.08224216695658909,0.3792399788157397,True,False
0.13950588713035217,0.0,False,1.0,0.0,1.0,0.8125,0.16666666666666666,0.6055844490771749,0.12352153893854353,0.12753872254315524,True,False
0.09835306947193512,0.0,False,1.0,0.0,1.0,0.875,0.16666666666666666,0.5835053528117474,0.0893557015163989,0.1386902304448434,True,False
0.13950588713035217,0.0,False,1.0,0.0,1.0,0.9125000000000001,0.16666666666666666,0.353864057749768,0.340996790482707,0.2671634799211806,True,False
0.5435772884544362,1.0,False,0.0,1.0,1.0,1.0,0.3333333333333333,0.5025761518232966,0.19495009952413597,0.17197177058598534,False,False
0.13021977345814928,0.0,False,0.0,0.0,0.75,0.875,0.16666666666666666,0.5742146035443729,0.17622028807669873,0.14505029632147726,True,False
0.18235264390969064,0.0,False,1.0,0.0,1.0,1.0,0.16666666666666666,0.5135168612816052,0.1348182525270347,0.18873268228967555,True,False
0.14176687734287585,0.0,False,1.0,0.0,1.0,0.8500000000000001,0.16666666666666666,0.4619648994460417,0.1010136105966253,0.22730362282749805,True,False
0.242831372789175,0.0,False,0.0,0.0,1.0,1.0,0.16666666666666666,0.3356766202442104,0.16691865355386074,0.3366692575415944,True,False
0.23071219467756687,0.0,False,0.0,1.0,0.875,0.8125,0.16666666666666666,0.5462229656555198,0.17246541675703828,0.16894053016377142,True,False
0.08660377490514592,0.0,False,0.0,1.0,1.0,0.9375,0.16666666666666666,0.569415327532206,0.26380481875584316,0.15189864393708308,True,False
0.08660377490514592,0.0,False,0.0,1.0,0.875,0.9125000000000001,0.16666666666666666,0.5781842705838686,0.24509123551194673,0.14752421537987614,True,False
0.2114400734862546,0.0,False,1.0,0.0,0.875,0.8875,0.16666666666666666,0.5263306030364819,0.09247717094638584,0.16799896606559717,True,False
0.2114400734862546,0.0,False,1.0,0.0,1.0,1.0,0.16666666666666666,0.5324455806196812,0.11492577545408256,0.16522403192560375,True,False
0.16787936553688965,0.0,False,0.0,0.0,1.0,0.9750000000000001,0.16666666666666666,0.39420147002514094,0.3259587495367132,0.2420564537064731,True,False
0.20731685231026986,0.0,False,0.0,0.0,1.0,0.9750000000000001,0.16666666666666666,0.39312517488027654,0.3559731127325958,0.24030698833732322,True,False
0.07723047886437417,0.0,False,0.0,0.0,1.0,1.0,0.16666666666666666,0.4305387734687061,0.12299254101112844,0.25592699468407054,True,False
0.15766729729734064,0.0,False,0.0,0.0,0.875,0.75,0.0,0.5991775097982179,0.07055801272155797,0.13179919031450948,True,False
0.18235264390969064,0.0,False,0.0,0.0,1.0,1.0,0.16666666666666666,0.18548958165147444,0.15836816668816872,0.40714505002239587,True,False
0.3617673850533235,0.0,False,1.0,0.0,1.0,0.9500000000000002,0.16666666666666666,0.34753075199800987,0.2053543407764341,0.28808057376822527,True,False
0.33116643272016655,0.0,False,1.0,0.0,0.875,0.875,0.16666666666666666,0.3479160016202518,0.20366227645945262,0.28847962923206416,True,False
0.2574209848361456,0.0,False,1.0,0.0,1.0,1.0,0.16666666666666666,0.5718897826863649,0.23265561107127494,0.1533523697200867,True,False
0.29922617658697714,0.5,False,0.0,0.0,1.0,0.75,0.16666666666666666,0.2204057781992142,0.13699965672788117,0.393146868154421,True,False
0.0741847234838332,0.0,False,1.0,0.0,0.625,0.5625,0.16666666666666666,0.45695949954475695,0.11741229271596862,0.2194250376443072,True,False
0.2114400734862546,0.0,False,1.0,0.0,0.875,0.8500000000000001,0.16666666666666666,0.37940705736999625,0.3161086448877867,0.2525637800309153,True,False
0.16654509119764926,0.0,False,0.0,0.0,1.0,1.0,0.0,0.5164491925515757,0.0948315981623195,0.1733333321563746,True,False
0.0721303102501415,0.0,False,1.0,0.0,1.0,1.0,0.16666666666666666,0.5805997271568291,0.21318104796986706,0.14276810191618483,True,False
0.08660377490514592,0.0,False,1.0,0.0,1.0,0.9375,0.16666666666666666,0.5723304946025061,0.2181206420199999,0.14728092751420352,True,False
0.23709820784555535,0.0,False,0.0,0.0,1.0,1.0,0.3333333333333333,0.31571121791194096,0.20644647254127707,0.30235093312507466,True,False
0.2518375857528897,0.0,False,1.0,0.0,0.875,1.0,0.16666666666666666,0.45310954799624753,0.23284181999904202,0.20377002217979912,True,False
0.0721303102501415,0.0,False,1.0,0.0,0.875,1.0,0.16666666666666666,0.5966127777043114,0.2392533043295453,0.13518537324353153,True,False
0.28821404423334107,0.0,False,0.0,1.0,1.0,1.0,0.16666666666666666,0.3532679407352123,0.3141055100438788,0.25688141762140737,True,False
0.23709820784555535,0.0,False,0.0,1.0,1.0,1.0,0.16666666666666666,0.36332640066456173,0.33589015787579907,0.2507898702603579,True,False
0.28821404423334107,0.25,False,0.0,1.0,1.0,1.0,0.16666666666666666,0.3628787073026311,0.3357407919708832,0.2512073810036415,True,False
0.28821404423334107,0.25,False,0.0,1.0,1.0,0.875,0.16666666666666666,0.281653761198218,0.10438202209022067,0.3467184383491657,True,False
0.23709820784555535,0.0,False,0.0,1.0,1.0,1.0,0.16666666666666666,0.2899998686962402,0.07472968641297302,0.3596760791267646,True,False
0.18235264390969064,0.0,False,0.0,0.0,0.875,0.925,0.16666666666666666,0.379675849114968,0.39932238764745726,0.24522954769305882,True,False
0.10950116530744503,0.0,False,1.0,0.0,0.875,0.875,0.16666666666666666,0.3385514820577182,0.1588635434750569,0.3320466427767583,True,False
0.2849349713943329,0.0,True,1.0,0.0,1.0,0.9625000000000001,0.16666666666666666,0.34684815588592327,0.1362428349484935,0.31690701941847643,True,False
0.37514491067956957,0.25,False,0.0,0.0,1.0,0.9000000000000001,0.3333333333333333,0.3996701699782878,0.044344937921871795,0.27317067909526527,False,False
0.4206590692329871,0.5,False,0.0,1.0,0.75,0.6875,0.16666666666666666,0.3854673535608059,0.403090811878796,0.24101089045119317,False,False
0.4209716023948956,0.5,False,0.0,0.0,0.875,0.825,0.3333333333333333,0.4171191710229162,0.25054072627907714,0.23249280965124464,False,False
0.19738131690723237,0.0,False,0.0,1.0,0.875,0.8,0.16666666666666666,0.41024589545193857,0.04096283677874368,0.2651292027310461,True,False
0.2114400734862546,0.0,False,0.0,1.0,0.75,0.7125,0.16666666666666666,0.4072000516932948,0.039637092077189094,0.26729518871201297,True,False
0.1341371873724625,0.0,False,1.0,0.0,1.0,0.9125000000000001,0.16666666666666666,0.4265613744647652,0.09201154922034743,0.23947260572191453,True,False
0.42601386474469594,0.5,False,1.0,0.0,0.875,0.8500000000000001,0.3333333333333333,0.31968434169662535,0.27259471119012557,0.2833320929791132,False,False
0.2045240485274159,0.75,False,0.0,1.0,0.875,0.7875000000000001,0.3333333333333333,0.5514756373566091,0.19626763389221072,0.1650255961550371,True,False
0.16654509119764926,0.0,True,1.0,0.0,1.0,0.9500000000000002,0.16666666666666666,0.5244329220477735,0.09001902581397427,0.16897076652000154,True,False
0.13950588713035217,0.0,False,1.0,0.0,1.0,0.8875,0.16666666666666666,0.2502149692478195,0.10924670811728804,0.3693764491401743,True,False
0.1491384508511061,0.0,False,1.0,0.0,0.875,0.8875,0.16666666666666666,0.24715677205262634,0.09919513899986541,0.37546157349512743,True,False
0.13950588713035217,0.0,False,1.0,0.0,0.875,0.8625,0.16666666666666666,0.2455767229298361,0.1198602813144103,0.3707657642506128,True,False
0.16654509119764926,0.5,False,0.0,1.0,0.75,0.65,0.3333333333333333,0.40005337474604147,0.10400560097409117,0.28005261105278656,True,False
0.22820532932234439,0.5,True,1.0,0.0,1.0,0.925,0.16666666666666666,0.3520103071202451,0.3463620979151905,0.26535013516335937,True,False
0.09835306947193512,0.0,False,0.0,0.0,0.75,0.8375000000000001,0.16666666666666666,0.3760516642164098,0.11677070324408977,0.27806072006363114,True,False
0.1763585301969256,0.0,True,1.0,0.0,1.0,0.925,0.16666666666666666,0.3524810346901958,0.3150337996808859,0.26707649921030985,True,False
0.4397134317858714,1.0,True,1.0,0.0,1.0,0.9750000000000001,0.3333333333333333,0.3593382414163256,0.1842719244432401,0.2844931215086801,False,False
0.16654509119764926,0.0,False,1.0,0.0,0.75,0.8500000000000001,0.16666666666666666,0.23501926081010618,0.19568273851591825,0.3570694088014543,True,False
0.19738131690723237,0.0,True,0.0,0.0,1.0,0.925,0.16666666666666666,0.25976526474668943,0.18916590710641762,0.3321896396050532,True,False
0.2127973242032083,0.25,False,0.0,0.0,0.875,0.8625,0.16666666666666666,0.3937888760220693,0.36701873062214946,0.23743715746453153,True,False
0.3012191326960939,0.0,True,0.0,0.0,1.0,0.9750000000000001,0.16666666666666666,0.25944109828673273,0.07496675383759017,0.3295539964468184,True,False
0.4284416175656748,0.5,False,0.0,1.0,1.0,0.825,0.3333333333333333,0.28463240104893606,0.12719704305600865,0.30522353717449335,False,False
0.24864724269350724,0.0,False,0.0,0.0,1.0,0.8875,0.16666666666666666,0.23094149345173048,0.21385865312342128,0.3630647343342146,True,False
0.4397134317858714,0.75,True,1.0,0.0,1.0,0.9875,0.5,0.2891281572570695,0.1786075400296759,0.30315334429488194,False,False
0.4162358783143797,0.75,False,0.0,1.0,0.875,0.825,0.5,0.18886908488078905,0.2072489484041375,0.4328860422368703,False,False
0.5363414044763116,1.0,False,0.0,1.0,1.0,0.8625,0.5,0.2751579686326989,0.11957071665808487,0.3142344738680751,False,False
0.5616656064991571,1.0,False,0.0,1.0,0.875,0.8875,0.5,0.2543073066794637,0.11250169210668912,0.33272541799078814,False,False
0.29012011082306344,0.0,False,1.0,0.0,1.0,0.9750000000000001,0.16666666666666666,0.28267927607156673,0.13916548449456026,0.30723822681894664,True,False
0.5743357880112353,1.0,False,0.0,1.0,0.5,0.75,0.5,0.2869219808134443,0.13241184681814622,0.30325216101461416,False,False
0.22464655223625163,0.0,False,0.0,0.0,0.875,0.875,0.16666666666666666,0.2861573302359635,0.2548931026838213,0.31349603423472283,True,False
0.30550515132656375,0.0,False,1.0,0.0,0.875,0.9125000000000001,0.16666666666666666,0.23717238007935956,0.2915510472592533,0.3738794029637498,True,False
0.2804185526406079,0.0,False,0.0,0.0,1.0,0.9500000000000002,0.16666666666666666,0.2291644203001981,0.23367519578448004,0.40917134536652133,True,False
0.29922617658697714,0.0,False,1.0,0.0,0.875,1.0,0.16666666666666666,0.23219218070414263,0.21422025830364885,0.361896417676681,True,False
0.3403997173291772,0.0,False,1.0,0.0,1.0,0.75,0.16666666666666666,0.2740303336438232,0.1236338832024155,0.3146993674795373,True,False
0.4108503689631494,0.5,False,0.0,1.0,0.75,0.675,0.16666666666666666,0.2203063277633679,0.19784689217356494,0.3713189289357972,False,False
0.25319070602152516,0.0,False,0.0,1.0,0.875,0.8500000000000001,0.16666666666666666,0.2562564685485795,0.10684831555834415,0.3307527715770673,True,False
0.3107467850440585,0.0,True,0.0,0.0,0.875,0.9500000000000002,0.16666666666666666,0.30103029708399437,0.22835035574201662,0.3076968025379807,True,False
0.27026488318664244,0.0,False,0.0,0.0,0.875,0.75,0.0,0.2112202730309529,0.13485452551740174,0.3754652823337916,True,False
0.17281137281862657,0.0,False,1.0,0.0,1.0,1.0,0.16666666666666666,0.18112662550738998,0.1589506315459687,0.4067059515909168,True,False
0.4208674744693143,0.25,False,0.0,1.0,1.0,0.9625000000000001,0.16666666666666666,0.1837968425702091,0.16034636026730933,0.4042386155477722,False,False
0.2474964197061459,0.0,False,0.0,1.0,1.0,0.9625000000000001,0.16666666666666666,0.2528934723072913,0.09696250080032846,0.3338089804325439,True,False
0.1491384508511061,0.0,False,0.0,0.0,1.0,0.9500000000000002,0.3333333333333333,0.3084094982594728,0.2373749632837678,0.30170214688345265,True,False
0.43104151603444596,1.0,False,1.0,0.0,0.875,0.9375,0.5,0.4650675316327176,0.24058061426876065,0.19399100678522463,False,False
0.40194675843297467,0.5,False,1.0,0.0,1.0,0.9125000000000001,0.16666666666666666,0.27097299439274497,0.0989961360216231,0.3175686488330176,False,False
0.2114400734862546,0.0,False,0.0,0.0,0.0,0.5,0.16666666666666666,0.25997008988247644,0.09300035800660243,0.3272069862158693,True,False
0.21787913240949408,0.0,False,0.0,0.0,0.75,1.0,0.16666666666666666,0.19325603102538147,0.1915780776142563,0.42589465803188853,True,False
0.2114400734862546,0.0,False,1.0,0.0,0.875,0.9125000000000001,0.16666666666666666,0.42369855051843053,0.047892924455654975,0.2456634798487547,True,False
0.3124663484708553,0.0,False,1.0,0.0,0.875,0.8125,0.16666666666666666,0.18743922182988776,0.1641987306926977,0.4002184698447211,True,False
0.26606713675735716,0.0,False,0.0,1.0,1.0,1.0,0.16666666666666666,0.29234186330273776,0.11730351270378372,0.3367365157204485,True,False
0.31670681412378243,0.0,False,0.0,0.0,1.0,1.0,0.16666666666666666,0.2753920012839328,0.2339619549852639,0.3215311151959088,True,False
0.5209089896404188,1.0,False,0.0,1.0,0.75,0.8,0.5,0.28839308173368083,0.13437595722944787,0.30191161095052355,False,False
0.32879566198707366,0.0,True,1.0,0.0,0.875,0.9750000000000001,0.16666666666666666,0.3023174017461406,0.18599798802739337,0.2912416463729677,True,False
0.27519771860536413,0.0,True,1.0,0.0,1.0,0.9750000000000001,0.16666666666666666,0.31195723858944235,0.21193234532572494,0.28421680615636524,True,False
0.7023098727792906,1.0,True,0.0,1.0,1.0,1.0,0.5,0.27615287782565545,0.11144333777205655,0.3139129537813876,False,False
0.44537079669137636,0.5,False,1.0,0.0,0.875,0.925,0.16666666666666666,0.276379858860744,0.1476037826747265,0.3131960160002427,False,False
0.44057145634586703,0.5,False,0.0,1.0,1.0,0.8875,0.16666666666666666,0.12172409658114998,0.15337611888300362,0.49995592002893874,False,False
0.19268396044224734,0.0,True,1.0,0.0,1.0,0.8500000000000001,0.16666666666666666,0.19836787885432428,0.027574694156449156,0.3553818011762122,True,False
0.22464655223625163,0.0,False,1.0,0.0,0.875,0.875,0.16666666666666666,0.0629963656981302,0.07066904115591488,0.48689954282654524,True,False
0.1527327886607558,0.25,False,0.0,1.0,0.875,0.825,0.16666666666666666,0.18596750923759614,0.018988046704513248,0.3750831643011776,True,False
0.5049380972536534,0.5,True,0.0,1.0,0.875,0.9375,0.3333333333333333,0.07160062035596644,0.0856058671940584,0.506148295587532,False,False
0.19709067998233032,0.0,False,0.0,0.0,0.875,0.9500000000000002,0.16666666666666666,0.1651135208694032,0.1434426783086752,0.4532941560350756,True,False
0.28337463737806934,0.5,False,1.0,0.0,0.875,0.8,0.16666666666666666,0.10383597344119246,0.08523285585788679,0.6186887058102795,True,False
0.5125233670308075,0.75,False,0.0,1.0,0.875,0.8375000000000001,0.3333333333333333,0.12755738285204704,0.10041785811351567,0.5486453226498191,False,False
0.21787913240949408,0.0,True,1.0,0.0,1.0,0.9750000000000001,0.16666666666666666,0.25373815615792,0.09017131451936888,0.5329491611527448,True,False
0.37164839339344924,0.0,False,1.0,0.0,0.875,0.8875,0.16666666666666666,0.17411151773963676,0.13986055409188153,0.41581662725099555,True,False
0.1138054726374812,0.0,False,1.0,0.0,0.75,0.8,0.16666666666666666,0.29726945188117965,0.00931879594755863,0.3266014298223632,True,False
0.17281137281862657,0.0,False,1.0,0.0,1.0,1.0,0.16666666666666666,0.20892175810484992,0.12389518270918354,0.38312952579161097,True,False
0.16654509119764926,0.0,False,1.0,0.0,0.75,0.8375000000000001,0.16666666666666666,0.018507694531488216,0.05957002900081453,0.5253006714195805,True,False
0.3150205166791181,0.0,False,0.0,1.0,0.75,0.6000000000000001,0.16666666666666666,0.18771019351024515,0.10736275242301575,0.4402498104388872,False,False
0.44057145634586703,0.5,False,0.0,1.0,1.0,0.8875,0.16666666666666666,0.13173519264922562,0.1408022013977858,0.4923310749920562,False,False
0.46731113806737057,0.5,False,0.0,1.0,0.875,0.9000000000000001,0.16666666666666666,0.1823581837997317,0.14438456739833747,0.46154485323573247,False,False
0.5375641935144176,0.5,True,0.0,1.0,1.0,0.9750000000000001,0.3333333333333333,0.11646632354112478,0.19142272924517942,0.5153602921444493,False,False
0.4047684125653369,0.5,False,0.0,1.0,0.875,0.8375000000000001,0.16666666666666666,0.059761184287572294,0.07521981866201519,0.5881410979565433,False,False
0.21521927450523404,0.0,False,1.0,0.0,0.875,0.8625,0.16666666666666666,0.09556368317058209,0.056754204315837345,0.6574885537939077,True,False
0.23709820784555535,0.0,False,0.0,0.0,0.875,0.9000000000000001,0.16666666666666666,0.22985005504855666,0.2957607314783171,0.3801091331814803,True,False
0.21787913240949408,0.0,False,1.0,0.0,0.875,0.9125000000000001,0.16666666666666666,0.1492620453193021,0.09665315983374471,0.4504074441701653,True,False
0.2733609656120751,0.25,True,1.0,0.0,1.0,0.9625000000000001,0.16666666666666666,0.06640914291215678,0.06987527761668681,0.5207072939626454,True,False
0.26521779620799124,0.0,False,0.0,0.0,0.875,0.9375,0.16666666666666666,0.08764704696488057,0.030047327135365523,0.7787929783210941,True,False
0.15591777176702204,0.0,False,1.0,0.0,1.0,0.8500000000000001,0.16666666666666666,0.10905582519989794,0.09299392240352368,0.5458915251190897,True,False
0.14363327969647732,0.0,True,1.0,0.0,1.0,0.9375,0.16666666666666666,0.22847315192161471,0.04856165759030468,0.6293974619494165,True,False
0.25764137249870733,0.0,False,1.0,0.0,0.875,0.9000000000000001,0.16666666666666666,0.07807931520699067,0.10321276706752143,0.475138637173107,True,False
0.38738445376403063,0.75,True,0.0,0.0,1.0,0.9500000000000002,0.3333333333333333,0.1429154609312658,0.035410234169294376,0.5212615736020303,True,False
0.1744308782194427,0.0,False,1.0,0.0,1.0,0.9000000000000001,0.16666666666666666,0.15947327562784253,0.03763979382656777,0.38887982876257143,True,False
0.1744308782194427,0.0,False,1.0,0.0,1.0,0.9375,0.16666666666666666,0.16436840671969302,0.029350707277138614,0.3871806690949593,True,False
0.14176687734287585,0.0,False,1.0,0.0,0.625,0.8125,0.16666666666666666,0.2090130076404751,0.12765123309937854,0.493290821278771,True,False
0.19738131690723237,0.0,False,0.0,0.0,0.875,0.825,0.16666666666666666,0.07880484946731324,0.009981262522626069,0.8976817576859011,True,False
0.22464655223625163,0.0,False,0.0,0.0,0.875,0.925,0.16666666666666666,0.21086332322964563,0.21582817251237713,0.45315711651114543,True,False
0.20311410892050896,0.0,True,1.0,0.0,1.0,0.9625000000000001,0.16666666666666666,0.21622745285013695,0.07420848845986788,0.37740045261107147,True,False
0.22310338924130446,0.0,True,1.0,0.0,0.875,0.925,0.16666666666666666,0.1357017701052098,0.10860577380587019,0.5306947683234873,True,False
0.16112476655243813,0.0,True,0.0,1.0,1.0,0.9625000000000001,0.16666666666666666,0.22974742857661906,0.05773927212978829,0.38137404235216144,True,False
0.19738131690723237,0.0,True,0.0,0.0,1.0,0.925,0.16666666666666666,0.2597634823422286,0.1891655450739204,0.33219137991152103,True,False
0.27026488318664244,0.0,False,1.0,0.0,0.875,0.8875,0.16666666666666666,0.1286692843679967,0.08259646801765831,0.5586065520471764,True,False
0.24841756378014168,0.0,True,0.0,0.0,0.875,0.9375,0.16666666666666666,0.0559411631497015,0.03896494392520495,0.7423311669299992,True,False
0.43104151603444596,0.5,False,0.0,0.0,0.875,0.8375000000000001,0.16666666666666666,0.13188239257717507,0.1097981360035038,0.4165737531429765,False,False
0.22464655223625163,0.0,False,0.0,0.0,1.0,0.9625000000000001,0.16666666666666666,0.2908764423959287,0.24848433054503186,0.4122084608836367,True,False
0.18235264390969064,0.0,False,0.0,0.0,1.0,0.9375,0.16666666666666666,0.01659076199004217,0.0549198723866009,0.5747900197415479,True,False
0.3684925690922315,0.0,True,0.0,0.0,1.0,0.9500000000000002,0.16666666666666666,0.10546270362407607,0.052138691475400636,0.6122864112636477,True,False
0.25093081518220284,0.0,True,1.0,0.0,1.0,0.9375,0.16666666666666666,0.10273706667846998,0.04226420074212462,0.6319050652032623,True,False
0.2440070303170766,0.0,False,0.0,1.0,0.75,0.8125,0.16666666666666666,0.06278433004716522,0.11767784643284306,0.5206079404449926,True,False
0.2086999458571831,0.0,False,1.0,0.0,1.0,0.8875,0.16666666666666666,0.11312057695895432,0.06146703064933264,0.5794140595318622,True,False
0.27519771860536413,0.0,False,1.0,0.0,0.875,0.875,0.16666666666666666,0.13232527401340452,0.04547778711367759,0.5557114431069812,True,False
0.1763585301969256,0.0,True,0.0,0.0,1.0,0.9375,0.16666666666666666,0.29343238183939413,0.21346451313871784,0.4048491135343797,True,False
0.25764137249870733,0.0,False,0.0,0.0,1.0,0.9125000000000001,0.16666666666666666,0.05503667196508591,0.06823808021911741,0.5956629499598853,True,False
0.23685602136352257,0.0,False,0.0,0.0,1.0,1.0,0.16666666666666666,0.13571375881952508,0.053635425383970405,0.5446447058563821,True,False
0.47798631230173017,0.5,False,0.0,0.0,1.0,0.9875,0.16666666666666666,0.08421737269445755,0.03311299532117956,0.702474456056426,False,False
0.2045240485274159,0.0,False,1.0,0.0,0.625,0.7375,0.16666666666666666,0.029335841821331348,0.07695492014587843,0.5274532351369885,True,False
0.41030442485755503,0.5,False,1.0,0.0,1.0,0.9000000000000001,0.3333333333333333,0.11629340871412976,0.07508207002301073,0.5811654427964597,True,False
0.21787913240949408,0.0,False,1.0,0.0,1.0,0.9000000000000001,0.16666666666666666,0.1579461394445435,0.04129781740665958,0.38902277211250236,True,False
0.18999651059371547,0.0,False,1.0,0.0,1.0,0.9000000000000001,0.16666666666666666,0.15794706213022888,0.04129664835509326,0.3890219064867997,True,False
0.5020869289844107,0.5,True,0.0,1.0,1.0,0.9750000000000001,0.16666666666666666,0.09345815510895394,0.07976616298251023,0.6087614348392365,False,False
0.18999651059371547,0.0,False,1.0,0.0,1.0,0.8500000000000001,0.16666666666666666,0.15794700240718212,0.04129549987511533,0.38902256546974967,True,False
0.24841756378014168,0.0,False,0.0,0.0,1.0,0.9125000000000001,0.16666666666666666,0.014580918666817787,0.0480570050487626,0.5263078505499457,True,False
0.3063875592267705,0.0,True,0.0,0.0,1.0,0.9750000000000001,0.16666666666666666,0.2594405889057481,0.07496632194140801,0.32955479666484755,True,False
0.3729499501766781,0.0,True,1.0,0.0,1.0,0.9500000000000002,0.16666666666666666,0.19967363952279873,0.15187146599949156,0.380510179970478,True,False
0.367030733419052,0.0,True,1.0,0.0,1.0,0.9500000000000002,0.16666666666666666,0.19967642803667207,0.15187344524576202,0.3805068414243844,True,False
0.18999651059371547,0.0,True,1.0,0.0,1.0,0.9500000000000002,0.16666666666666666,0.048146805893198905,0.03918193245425097,0.5007901721560306,True,False
0.38738445376403063,0.75,False,0.0,1.0,1.0,0.9000000000000001,0.16666666666666666,0.10172354733658055,0.041039303353991544,0.43430056880315715,False,False
0.2683858972451899,0.0,False,1.0,0.0,0.875,0.925,0.16666666666666666,0.08347934963237269,0.046781369750247624,0.5086889053058568,True,False
0.10950116530744503,0.0,False,0.0,0.0,1.0,0.9125000000000001,0.16666666666666666,0.238911892925505,0.028526692992855165,0.6564626337985469,True,False
0.1944573559628856,0.0,False,0.0,1.0,0.75,0.7000000000000001,0.16666666666666666,0.05396975577436011,0.04651406366160212,0.4905603253575883,True,False
0.12010660440501664,0.0,False,0.0,0.0,0.875,0.925,0.16666666666666666,0.13022618969283511,0.08430595956624796,0.46991198611003493,True,False
0.20026656396674725,0.25,False,0.0,0.0,0.875,0.8625,0.16666666666666666,0.180346132804913,0.13695593151745183,0.463061936366993,True,False
0.18235264390969064,0.0,False,0.0,0.0,1.0,1.0,0.16666666666666666,0.044834964603149424,0.042432091687217365,0.6009275690540357,True,False
0.19738131690723237,0.0,False,1.0,0.0,0.875,0.7875000000000001,0.16666666666666666,0.16046278760438465,0.05194196575736994,0.39959059134427566,True,False
0.20980013490382665,0.0,False,1.0,0.0,0.875,0.875,0.16666666666666666,0.17115073642576956,0.03321461620925057,0.39919869271140374,True,False
0.24841756378014168,0.0,False,0.0,0.0,1.0,0.875,0.16666666666666666,0.1764969533951207,0.03643240259983554,0.3760303205628108,True,False
0.19738131690723237,0.0,False,0.0,0.0,0.875,0.9125000000000001,0.16666666666666666,0.13443403133508025,0.0862057620973811,0.46470878063373444,True,False
0.20980013490382665,0.0,False,1.0,0.0,1.0,0.925,0.16666666666666666,0.1678370928890047,0.05937471215707892,0.4034702513996882,True,False
0.21787913240949408,0.0,True,1.0,0.0,1.0,0.9625000000000001,0.16666666666666666,0.15087568953012212,0.0813197621160258,0.3992239498171688,True,False
0.26500494282390286,0.0,False,1.0,0.0,0.875,0.7750000000000001,0.16666666666666666,0.016611383824691673,0.05367703095380218,0.5765484861936121,True,False
0.18999651059371547,0.0,False,1.0,0.0,0.75,0.825,0.16666666666666666,0.25038630286312835,0.09378187111266816,0.5331328101318831,True,False
0.21252654948093908,0.0,False,1.0,0.0,0.75,0.8,0.16666666666666666,0.04704828195226331,0.08402570179386783,0.5863504513244571,True,False
0.32879566198707366,0.0,True,0.0,1.0,1.0,0.9500000000000002,0.16666666666666666,0.12924668574298545,0.047541829564029026,0.4921838726701895,True,False
0.3229983143871019,0.0,True,1.0,0.0,1.0,0.9375,0.16666666666666666,0.11934421290097287,0.1040388408932275,0.5678316264885577,True,False
0.22439011607918624,0.0,True,1.0,0.0,1.0,0.9500000000000002,0.16666666666666666,0.2544943902724907,0.0861349530120986,0.5368432114402486,True,False
0.2774218162774681,0.0,True,1.0,0.0,0.875,0.9375,0.16666666666666666,0.12004298544370047,0.03681524632664461,0.5258425496215253,True,False
0.3229983143871019,0.0,True,1.0,0.0,1.0,0.9625000000000001,0.16666666666666666,0.1193450258500932,0.10403817115855751,0.5678294718850301,True,False
0.17281137281862657,0.0,False,0.0,0.0,1.0,0.9375,0.16666666666666666,0.22061751371344424,0.08323965465042871,0.39227153367943757,True,False
0.22439011607918624,0.0,True,1.0,0.0,1.0,0.9625000000000001,0.16666666666666666,0.24267669970612207,0.05180216722959002,0.6111707111152176,True,False
0.30814172754735114,0.0,False,1.0,0.0,0.75,0.8500000000000001,0.16666666666666666,0.10252063219152908,0.08387343909592933,0.6237838935107511,True,False
0.13021977345814928,0.0,False,0.0,0.0,0.875,0.8,0.16666666666666666,0.09409062304924197,0.024983533671701273,0.5025070722155336,True,False
0.3388877493278274,0.0,True,1.0,0.0,1.0,0.9875,0.16666666666666666,0.10484660542815,0.07175815032699849,0.42981216541325606,True,False
0.260703623183438,0.0,True,0.0,0.0,1.0,0.9625000000000001,0.16666666666666666,0.20865747698754133,0.11584397619539989,0.4273454570259758,True,False
0.398511827555721,0.0,False,0.0,0.0,0.875,0.9000000000000001,0.16666666666666666,0.19898245931891695,0.08807461658604104,0.3875240477213966,False,False
0.5685956716045536,0.0,True,0.0,1.0,1.0,0.9500000000000002,0.3333333333333333,0.11568759085913784,0.09136802096712979,0.48189699408534725,False,False
0.5049380972536534,0.5,True,0.0,1.0,1.0,0.9125000000000001,0.3333333333333333,0.059160445486095684,0.055662400269574336,0.5197104983415031,False,False
0.242831372789175,0.0,False,0.0,0.0,0.875,0.9000000000000001,0.16666666666666666,0.17305821584975725,0.0665532980124566,0.4219538689280309,True,False
0.5049380972536534,0.5,True,0.0,1.0,1.0,0.9125000000000001,0.3333333333333333,0.06816779403379586,0.08025975569118526,0.5084373575110801,False,False
0.23071219467756687,0.0,False,0.0,0.0,0.75,0.7625,0.16666666666666666,0.13546051731030526,0.036319803544241656,0.4642653336036635,True,False
0.5375641935144176,0.5,True,0.0,1.0,1.0,1.0,0.3333333333333333,0.14514649905020535,0.16813974499386225,0.5337511682497578,False,False
0.2425954782507257,0.0,False,1.0,0.0,1.0,0.9375,0.16666666666666666,0.12104947477128143,0.08338593906178521,0.4771413376330631,True,False
0.449519474980301,0.5,False,0.0,1.0,0.875,0.9000000000000001,0.16666666666666666,0.17295939391162715,0.10402589678919448,0.61502661660285,False,False
0.4024006854822325,0.0,False,0.0,1.0,1.0,0.9500000000000002,0.16666666666666666,0.20211736107085101,0.04272108740470297,0.9108089086069135,False,False
0.5375641935144176,0.5,True,0.0,1.0,1.0,0.9500000000000002,0.3333333333333333,0.13832770504103425,0.1922342363053774,0.5214614285576591,False,False
0.5375641935144176,0.5,True,0.0,1.0,1.0,1.0,0.3333333333333333,0.1337872086674511,0.1986170732505541,0.5201238092252576,False,False
0.37475916771974005,1.0,False,0.0,1.0,0.875,1.0,0.3333333333333333,0.18923242536143595,0.0740798733810878,0.6864270832166843,False,False
0.5375641935144176,0.5,True,0.0,1.0,1.0,0.9875,0.3333333333333333,0.13938033697419838,0.17733392837194936,0.52929053357218,False,False
0.31653877036974853,0.0,False,0.0,0.0,0.875,0.9000000000000001,0.16666666666666666,0.24123378440974666,0.08292657862635126,0.32603592746889487,True,False
0.5375641935144176,0.5,True,0.0,1.0,1.0,0.9875,0.3333333333333333,0.13569990450033587,0.18802706338046773,0.5240837919724421,False,False
0.5375641935144176,0.5,True,0.0,1.0,1.0,1.0,0.3333333333333333,0.12414086203342607,0.20795025007208562,0.5177279356454205,False,False
0.5375641935144176,0.5,True,0.0,1.0,1.0,0.9875,0.3333333333333333,0.12524700176802947,0.20478281819062522,0.5183664812515754,False,False
0.43923528763568387,1.0,True,0.0,1.0,1.0,0.925,0.3333333333333333,0.1228982710192222,0.20078650509173127,0.5167349335855791,False,False
0.21919698502686302,0.0,False,0.0,0.0,1.0,0.925,0.16666666666666666,0.08247908214417696,0.04262881857829768,0.6023788855493435,True,False
0.4134520286673712,0.75,False,0.0,1.0,1.0,0.9625000000000001,0.3333333333333333,0.1445586548327721,0.09125835553731018,0.393269901587572,False,False
0.20141005087890218,0.0,False,0.0,0.0,0.875,0.8625,0.16666666666666666,0.11041502297117284,0.07790786982841218,0.6028891834502015,True,False
0.2114400734862546,0.0,False,1.0,0.0,1.0,0.925,0.16666666666666666,0.2209232899472724,0.11680760578774735,0.3835323717131527,True,False
0.1944573559628856,0.0,False,1.0,0.0,0.875,0.8625,0.16666666666666666,0.14908608472369878,0.059290585256980506,0.3945168806103294,True,False
0.24864724269350724,0.0,False,0.0,0.0,1.0,0.8875,0.16666666666666666,0.23094508389578605,0.21385536884865305,0.3630608137741349,True,False
0.17281137281862657,0.0,False,1.0,0.0,0.75,0.7000000000000001,0.16666666666666666,0.1790895368634874,0.09333913572542883,0.3692575128179796,True,False
0.2804185526406079,0.0,False,0.0,0.0,1.0,1.0,0.16666666666666666,0.09399116096033898,0.048291726376679035,0.66032864210398,True,False
0.19149362807169223,0.0,False,1.0,0.0,1.0,0.9125000000000001,0.16666666666666666,0.2230065026916243,0.1167297161338605,0.38373465448003263,True,False
0.21521927450523404,0.0,False,1.0,0.0,0.875,0.8625,0.16666666666666666,0.10494264464964126,0.06789938393163245,0.640403998784508,True,False
0.2086999458571831,0.0,False,1.0,0.0,1.0,0.9125000000000001,0.16666666666666666,0.09168267105938707,0.05835147946000915,0.6114385889447043,True,False
0.1695358015156997,0.0,False,0.0,0.0,0.75,0.825,0.16666666666666666,0.08230311263686432,0.05094004431757621,0.5129188148787058,True,False
0.22464655223625163,0.0,False,0.0,0.0,1.0,0.875,0.16666666666666666,0.2443774814850926,0.10943079052829302,0.4792288257312991,True,False
0.2086999458571831,0.0,True,1.0,0.0,1.0,0.9500000000000002,0.16666666666666666,0.19431818412784774,0.13444026687918093,0.5371417178583118,True,False
0.4681511300571394,0.5,False,0.0,1.0,1.0,0.8500000000000001,0.16666666666666666,0.29455047453501637,0.1758376486467203,0.41828115391494647,False,False
0.5862120866628179,0.5,False,0.0,1.0,1.0,0.9750000000000001,0.3333333333333333,0.0348446135388777,0.01233948591063834,0.5379740409613791,False,False
0.13021977345814928,0.0,False,1.0,0.0,0.875,0.8875,0.16666666666666666,0.1885832093221354,0.11914568288121237,0.36102863780680483,True,False
0.30656361284425115,0.0,False,0.0,1.0,0.875,0.7375,0.16666666666666666,0.11695424626754815,0.07819823846229136,0.5788201549843641,False,False
0.18235264390969064,0.0,True,0.0,0.0,1.0,0.9875,0.16666666666666666,0.19462141415898765,0.0754177469275763,0.38575257062545365,True,False
0.29922617658697714,0.0,False,0.0,0.0,0.875,0.8500000000000001,0.16666666666666666,0.08660021672034286,0.13571783678941612,0.4968816522827504,True,False
0.29012011082306344,0.0,False,1.0,0.0,1.0,0.9750000000000001,0.16666666666666666,0.28267794963962883,0.13916188813931313,0.3072393772642754,True,False
0.26500494282390286,0.0,False,0.0,0.0,1.0,0.8875,0.16666666666666666,0.14537704155172929,0.05563208886283978,0.39413815549413167,True,False
0.2804185526406079,0.0,False,0.0,0.0,1.0,0.9375,0.16666666666666666,0.17832269122793623,0.171359832198551,0.5034589705811532,True,False
0.5638381315747728,1.0,False,0.0,1.0,0.5,0.75,0.5,0.28692586289497485,0.1324203242654285,0.3032488553567534,False,False
0.23071219467756687,0.0,False,1.0,0.0,1.0,0.9000000000000001,0.16666666666666666,0.10703395159746666,0.127509837434761,0.472574902217755,True,False
0.21521927450523404,0.0,False,1.0,0.0,0.875,0.9000000000000001,0.16666666666666666,0.10457720905350462,0.14182216256630803,0.462849328865339,True,False
0.21252654948093908,0.0,False,1.0,0.0,0.875,0.8875,0.16666666666666666,0.10749115966458535,0.1392951048418427,0.4520112135260934,True,False
0.18079116112193871,0.0,False,0.0,0.0,0.875,0.7750000000000001,0.16666666666666666,0.1332330696861371,0.10159247697414371,0.5399623461200558,True,False
0.32879566198707366,0.0,False,0.0,0.0,1.0,0.9625000000000001,0.16666666666666666,0.05990388014540046,0.05969319551750101,0.714613909990442,True,False
0.3328887509306683,0.0,False,0.0,0.0,0.875,0.9375,0.16666666666666666,0.2994560564628542,0.15354147262036077,0.44069627164329894,True,False
0.22464655223625163,0.0,False,0.0,0.0,0.875,0.875,0.16666666666666666,0.28615547707888794,0.254885389882982,0.3134968611189948,True,False
0.45644011312275035,0.5,True,1.0,0.0,1.0,0.9625000000000001,0.3333333333333333,0.11934297619619512,0.1040390360402772,0.5678349401197489,True,False
0.23071219467756687,0.0,False,0.0,0.0,0.875,0.9375,0.16666666666666666,0.2273119826128138,0.28454047325011045,0.3830391261656412,True,False
0.16283314549952832,0.0,False,0.0,1.0,0.75,0.8125,0.16666666666666666,0.2297652207059569,0.04865384246874283,0.387454643039038,True,False
0.21787913240949408,0.0,False,1.0,0.0,0.625,0.7750000000000001,0.16666666666666666,0.038534039262422756,0.08881893430399461,0.5305008368722777,True,False
0.19149362807169223,0.0,False,1.0,0.0,0.875,0.8375000000000001,0.16666666666666666,0.17152283381470582,0.015449856326089199,0.39668257824974185,True,False
0.30550515132656375,0.0,False,1.0,0.0,0.875,0.9125000000000001,0.16666666666666666,0.23717217871133223,0.29154414874839546,0.3738806984480687,True,False
0.22464655223625163,0.25,False,0.0,0.0,0.875,0.9125000000000001,0.16666666666666666,0.2394026355004049,0.05331634092328028,0.5950392759173386,True,False
0.29922617658697714,0.0,False,0.0,0.0,1.0,0.9500000000000002,0.16666666666666666,0.22916543433394065,0.2336752316430724,0.4091720727062862,True,False
0.1763585301969256,0.0,False,1.0,0.0,0.875,0.8375000000000001,0.16666666666666666,0.19442929078768018,0.05645941844343163,0.38903379773909363,True,False
0.48539199566075475,0.75,False,0.0,1.0,0.875,0.7250000000000001,0.5,0.21366436473176534,0.050509102582945595,0.6759332471836168,False,False
0.4187743985863951,0.5,False,0.0,1.0,0.75,0.75,0.16666666666666666,0.29007946485489905,0.13999981951028892,0.45159747536684747,False,False
0.13950588713035217,0.0,False,1.0,0.0,0.875,0.8625,0.3333333333333333,0.24292178263621259,0.22310857134462586,0.43351031572643617,True,False
0.6382045849170416,0.75,False,0.0,1.0,1.0,0.925,0.5,0.09500105776765261,0.09620489175546026,0.49283757930679983,False,False
0.24979202012358492,0.0,False,1.0,0.0,0.875,0.8625,0.16666666666666666,0.3068827009160836,0.1721648692259823,0.4213616550487582,True,False
0.19738131690723237,0.0,False,0.0,0.0,1.0,0.9375,0.16666666666666666,0.2804432597362968,0.03690568115523437,0.3272574579306886,True,False
0.18235264390969064,0.0,True,0.0,0.0,1.0,0.9875,0.16666666666666666,0.14878838327934485,0.10464667491673643,0.4555958790779344,True,False
0.30726640843748776,0.0,False,1.0,0.0,0.875,0.9125000000000001,0.16666666666666666,0.2229380665035994,0.28073247945159496,0.3894599541006427,True,False
0.13021977345814928,0.0,True,1.0,0.0,1.0,0.9500000000000002,0.16666666666666666,0.26141886422810556,0.0763607087592504,0.5361998744021506,True,False
0.2804185526406079,0.0,False,1.0,0.0,1.0,0.9625000000000001,0.16666666666666666,0.12552392283281827,0.09506054513700327,0.5533541813173926,True,False
0.682922027462958,0.0,True,0.0,0.0,1.0,0.9875,0.16666666666666666,0.10994202422287111,0.09177937427648948,0.5574692353371771,True,False
0.5538865315141323,0.75,False,0.0,1.0,1.0,0.9125000000000001,0.3333333333333333,0.29665173616875434,0.14804131617155655,0.452364482523127,False,False
0.2045240485274159,0.0,False,1.0,0.0,0.75,0.825,0.16666666666666666,0.007388925004826699,0.03122552916191606,0.5454418821198128,True,False
0.20141005087890218,0.0,False,1.0,0.0,0.75,0.8500000000000001,0.16666666666666666,0.025338641709657123,0.06788226133638398,0.5756061106901618,True,False
0.31670681412378243,0.0,False,0.0,0.0,1.0,0.9125000000000001,0.16666666666666666,0.11688373185963909,0.02994750130760273,0.5914826191155664,True,False
0.22820532932234439,0.0,False,1.0,0.0,0.75,0.8125,0.16666666666666666,0.10035061951257161,0.08270369206899066,0.5611151895256317,True,False
0.22310338924130446,0.0,True,1.0,0.0,0.875,0.9375,0.16666666666666666,0.2618598864987998,0.10479724260385827,0.5056240210367573,True,False
0.18235264390969064,0.0,False,0.0,0.0,0.75,0.7875000000000001,0.16666666666666666,0.03181205081580975,0.06026563993460297,0.61941476046391,True,False
0.33242037614776854,0.25,False,0.0,1.0,0.875,0.8375000000000001,0.16666666666666666,0.17167065328284578,0.12670585167114587,0.47543246176376197,False,False
0.23685602136352257,0.0,True,1.0,0.0,1.0,0.9375,0.16666666666666666,0.19849948255826894,0.22904857531331607,0.4217772232326056,True,False
0.22541405509279533,0.0,False,1.0,0.0,0.75,0.7750000000000001,0.16666666666666666,0.08671350537259574,0.1012157525207167,0.5337983946695175,True,False
0.17921840882110474,0.0,False,1.0,0.0,0.875,0.8625,0.16666666666666666,0.20036530041614617,0.04600189313513749,0.387527957484767,True,False
0.18999651059371547,0.0,False,0.0,1.0,0.875,0.9000000000000001,0.16666666666666666,0.018694257175664582,0.054272678309258,0.546905295905628,True,False
0.18999651059371547,0.0,False,1.0,0.0,0.875,0.825,0.16666666666666666,0.1371817090840466,0.19337319143179904,0.5139138135613295,True,False
0.4795832039115432,0.25,True,0.0,1.0,1.0,0.9500000000000002,0.16666666666666666,0.040887273430375945,0.034252529750238604,0.5482049346318667,False,False
0.4101950717160826,0.0,False,0.0,1.0,0.875,0.9375,0.16666666666666666,0.16163257002831755,0.11435503848178714,0.42212344441086125,False,False
0.2378231565258787,0.0,False,1.0,0.0,1.0,0.9375,0.16666666666666666,0.0315866218701549,0.08091367940210355,0.5486000793213324,True,False
0.4795832039115432,0.25,True,0.0,1.0,1.0,0.9625000000000001,0.16666666666666666,0.04088640114358913,0.034249817890352224,0.5482059812610487,False,False
0.18235264390969064,0.0,False,0.0,0.0,0.875,0.9625000000000001,0.16666666666666666,0.16639054701606285,0.0668411654599278,0.4052600918342475,True,False
0.2784253142618224,0.0,True,0.0,0.0,1.0,0.9875,0.16666666666666666,0.12618064309155325,0.034942623672955093,0.5409591910511864,True,False
0.2114400734862546,0.0,False,1.0,0.0,1.0,0.9375,0.16666666666666666,0.0742901155782913,0.06237223919072437,0.46451326336941934,True,False
0.2114400734862546,0.25,False,1.0,0.0,0.875,0.925,0.16666666666666666,0.06715119598669494,0.05828587127263142,0.6351472637253015,True,False
0.20564546873051193,0.0,False,1.0,0.0,1.0,0.925,0.16666666666666666,0.04691695653197797,0.06519236129876549,0.6251381926307176,True,False
0.19738131690723237,0.0,False,1.0,0.0,0.875,0.8375000000000001,0.16666666666666666,0.06126916570467675,0.051512535429763175,0.7204884873588431,True,False
0.3365999440394677,0.0,False,0.0,1.0,0.875,0.7750000000000001,0.16666666666666666,0.07561437319848766,0.09982708994544488,0.6094604987196433,True,False
0.37164839339344924,0.25,False,0.0,1.0,0.875,0.825,0.16666666666666666,0.06035578964788545,0.08890052818479743,0.5468036776198628,True,False
0.30814172754735114,0.0,False,0.0,0.0,1.0,0.9500000000000002,0.16666666666666666,0.20306942685036844,0.09674122603145258,0.35754342123109617,True,False
0.32879566198707366,0.0,False,0.0,1.0,0.875,0.8125,0.16666666666666666,0.08048940116107094,0.10520172013022498,0.630261844263416,True,False
0.37164839339344924,0.5,False,0.0,1.0,0.875,0.7625,0.16666666666666666,0.09169306550994308,0.10035145892581024,0.53733267234088,True,False
0.26901402776990835,0.0,False,0.0,0.0,0.875,0.8875,0.16666666666666666,0.15391956305102514,0.11999374350164703,0.45654580406895695,True,False
0.30103870614969186,0.0,True,1.0,0.0,1.0,0.9750000000000001,0.16666666666666666,0.1902749167528233,0.09127677113112367,0.41270303391502927,True,False
0.19119502627069151,0.0,True,0.0,0.0,1.0,0.9875,0.16666666666666666,0.25309741463790597,0.03600748207116426,0.3187216328504592,True,False
0.44057145634586703,0.25,False,0.0,1.0,1.0,0.9375,0.16666666666666666,0.14196650314415782,0.17801586166171465,0.5224448788966669,False,False
0.23417405287941573,0.0,False,0.0,0.0,1.0,0.925,0.16666666666666666,0.118002181498933,0.07658930305584763,0.4174629050850882,True,False
0.2425954782507257,0.0,False,1.0,0.0,0.875,0.8625,0.16666666666666666,0.13746489054809072,0.12671895219557086,0.5231362978086369,True,False
0.18390301753879423,0.0,False,1.0,0.0,0.75,0.8,0.16666666666666666,0.23596437058807931,0.15153012704418234,0.4212976948033782,True,False
0.2059249243947282,0.5,False,0.0,1.0,0.875,0.7125,0.16666666666666666,0.11709795406999444,0.007466879273421964,0.4168503638598211,True,False
0.16654509119764926,0.0,False,0.0,0.0,1.0,0.8875,0.16666666666666666,0.20360876629281927,0.04739005633864994,0.38732558092379943,True,False
0.18999651059371547,0.0,True,1.0,0.0,1.0,0.9500000000000002,0.16666666666666666,0.0403688110368407,0.07682934937408324,0.5988114751418119,True,False
0.13021977345814928,0.0,False,0.0,0.0,0.75,0.8625,0.16666666666666666,0.12973136954260403,0.04425785216919864,0.5571426003843607,True,False
0.13021977345814928,0.0,False,1.0,0.0,0.875,0.8875,0.16666666666666666,0.1890013366970427,0.1228364157224962,0.3611754064646817,True,False
0.1491384508511061,0.0,False,1.0,0.0,0.875,0.875,0.16666666666666666,0.2359261778248756,0.09290710772236119,0.5387363304033119,True,False
0.1379854216615023,0.0,False,0.0,0.0,0.875,0.8625,0.16666666666666666,0.2238401522380187,0.12075268991426154,0.5020926111046755,True,False
0.3617673850533235,0.0,False,0.0,0.0,0.875,0.925,0.16666666666666666,0.028233910955640474,0.05958014788527397,0.5159041191436151,True,False
0.1491384508511061,0.0,True,0.0,0.0,1.0,0.925,0.16666666666666666,0.251418523937028,0.060896787078276775,0.5647047129495684,True,False
0.23709820784555535,0.0,True,0.0,0.0,1.0,0.9500000000000002,0.16666666666666666,0.16126443637880858,0.1637540047246225,0.493403259240605,True,False
0.29012011082306344,0.0,False,0.0,1.0,1.0,0.875,0.0,0.2449333700370616,0.04844769585112371,0.594367611760481,True,False
0.2540881408954355,0.0,True,0.0,0.0,1.0,0.9375,0.16666666666666666,0.28242766896164706,0.035386458741768365,0.3234020343744841,True,False
0.23071219467756687,0.0,False,1.0,0.0,0.875,0.875,0.16666666666666666,0.037622189712035556,0.07340551412626736,0.6265075544232797,True,False
0.22464655223625163,0.0,False,0.0,0.0,1.0,0.9125000000000001,0.16666666666666666,0.09462170023677309,0.047521647663138156,0.7059159750791708,True,False
0.4834468346483859,1.0,False,0.0,1.0,1.0,1.0,0.5,0.08168401398371612,0.022534503653828402,0.6205276740657144,False,False
0.23071219467756687,0.0,False,1.0,0.0,0.875,0.925,0.16666666666666666,0.1075182647274413,0.07519236338962602,0.6200315923101223,True,False
0.32879566198707366,0.0,False,0.0,1.0,0.75,0.8625,0.16666666666666666,0.010299562051018084,0.03842999022966398,0.5692506169050429,True,False
0.4652818476130073,0.5,False,0.0,1.0,0.875,0.8500000000000001,0.16666666666666666,0.04418702939093823,0.05890387245073547,0.628494637664784,True,False
0.16654509119764926,0.0,False,0.0,0.0,0.875,0.9125000000000001,0.16666666666666666,0.137262715578596,0.036068624969285465,0.4509966811935371,True,False
0.23709820784555535,0.0,True,0.0,0.0,1.0,0.925,0.16666666666666666,0.19548396801085846,0.20931353647080764,0.42437726859736324,True,False
0.21787913240949408,0.0,False,0.0,0.0,1.0,0.9375,0.16666666666666666,0.1283661364924179,0.0181396739587426,0.5477463545199444,True,False
0.19563165245222625,0.0,False,0.0,1.0,0.75,0.8,0.16666666666666666,0.0930532048338716,0.14820465967952023,0.5142479207913657,True,False
0.5743357880112353,1.0,False,0.0,0.0,0.875,0.9375,0.5,0.3243951209054019,0.26807100510597864,0.27838813919423666,False,False
0.37047030843532525,0.25,True,1.0,0.0,1.0,1.0,0.3333333333333333,0.08470923115140215,0.06525354188398867,0.44929377407211213,True,False
0.3281590761255734,0.0,False,1.0,0.0,0.875,0.8375000000000001,0.16666666666666666,0.06408316722729561,0.10063654937769721,0.5464222728509749,True,False
0.3107467850440585,0.0,False,1.0,0.0,1.0,0.8375000000000001,0.16666666666666666,0.05674311590639887,0.08952769305114826,0.5679987162866498,True,False
0.14511497704022547,0.0,False,1.0,0.0,0.75,0.8125,0.16666666666666666,0.2012688153476594,0.1121239308893242,0.38658453542640814,True,False
0.4425604725170217,0.5,False,0.0,1.0,0.875,0.8500000000000001,0.16666666666666666,0.0,0.025882855261261547,0.5418747010329834,False,False
0.44057145634586703,0.0,False,0.0,1.0,1.0,0.9375,0.16666666666666666,0.14262771800062746,0.18202590201349927,0.5178807733785762,False,False
0.22464655223625163,0.0,True,1.0,0.0,1.0,0.8625,0.16666666666666666,0.03299924050389978,0.08579531695516067,0.6029371855722423,True,False
0.428542189335401,0.75,False,0.0,1.0,0.875,0.9625000000000001,0.16666666666666666,0.11559788452610222,0.08831048219699254,0.5798067922505579,True,False
0.19563165245222625,0.0,False,0.0,1.0,0.75,0.7250000000000001,0.16666666666666666,0.12222647398548168,0.199564426128464,0.5166358507474622,True,False
0.4108503689631494,0.5,False,0.0,1.0,0.75,0.675,0.16666666666666666,0.22030514714031685,0.1978503083520861,0.3713204430204624,False,False
0.47556881710117016,1.0,False,1.0,0.0,0.875,0.9000000000000001,0.3333333333333333,0.2204846220747037,0.1137032789963037,0.5426431786525787,False,False
0.23709820784555535,0.0,False,0.0,0.0,0.875,0.9000000000000001,0.16666666666666666,0.12181711354546569,0.04713414117929754,0.8852190374163951,True,False
0.23564103507180223,0.0,False,1.0,0.0,0.75,0.8,0.0,0.13082752998929362,0.09357518176854918,0.5510100847316115,True,False
0.1055532308386048,0.0,False,1.0,0.0,0.875,0.875,0.16666666666666666,0.12339067621418108,0.034906903852574576,0.4690288590522902,True,False
0.14176687734287585,0.0,False,0.0,0.0,0.875,0.8500000000000001,0.16666666666666666,0.20123536199319517,0.07649276342318556,0.6732333086203359,True,False
0.4334141991058512,0.5,False,0.0,1.0,0.875,0.9375,0.16666666666666666,0.14179104501742146,0.10519744289336183,0.46577405002804806,False,False
0.5208431690551364,1.0,False,0.0,1.0,0.875,0.9000000000000001,0.3333333333333333,0.1494532088140676,0.13439639556966426,0.47333329443960603,False,False
0.4334141991058512,0.0,False,0.0,1.0,0.875,0.825,0.0,0.14977598921691856,0.11494132152910959,0.46007453440882595,False,False
0.4334141991058512,0.5,False,0.0,1.0,0.875,0.875,0.16666666666666666,0.14977203699704114,0.11493178193248385,0.4600748076893788,False,False
0.4334141991058512,0.5,False,0.0,1.0,0.875,0.8875,0.16666666666666666,0.13568348103180985,0.0914285103945965,0.4668367207836026,False,False
0.4334141991058512,0.5,False,0.0,1.0,0.875,0.7750000000000001,0.16666666666666666,0.1324265751423017,0.09217167520372155,0.47045779098371754,False,False
0.5035171760433163,0.5,False,0.0,1.0,0.75,0.8375000000000001,0.16666666666666666,0.12886905943007773,0.04569193669352465,0.7421035789830919,False,False
0.4892309919629193,1.0,False,0.0,1.0,0.875,0.9125000000000001,0.3333333333333333,0.21402049594582642,0.10020522345405108,0.3479137513958006,False,False
0.4892309919629193,1.0,False,0.0,1.0,0.875,0.9000000000000001,0.3333333333333333,0.21743163903618687,0.0943540874949949,0.3581230916905569,False,False
0.2804185526406079,0.75,False,0.0,1.0,0.875,0.9500000000000002,0.16666666666666666,0.16438902519729273,0.020382376522390964,0.4195957859120256,True,False
0.22464655223625163,0.0,False,0.0,1.0,1.0,0.875,0.16666666666666666,0.1658839446407469,0.12516048329741458,0.3767251597387642,True,False
0.23709820784555535,0.0,False,0.0,0.0,0.875,1.0,0.16666666666666666,0.12383525137596778,0.07590172899354643,0.5143211643943049,True,False
0.16654509119764926,0.0,True,1.0,0.0,0.875,0.9625000000000001,0.16666666666666666,0.1714980360793218,0.14176403758687783,0.4365304564136747,True,False
0.25764137249870733,0.25,False,1.0,0.0,0.875,0.9000000000000001,0.16666666666666666,0.057750414442323955,0.07924953674324807,0.5613897035650728,True,False
0.23071219467756687,0.0,False,1.0,0.0,0.875,0.8875,0.16666666666666666,0.056925090390779656,0.060507391450004964,0.6494748275739302,True,False
0.28121077101185155,0.0,False,1.0,0.0,0.875,0.9125000000000001,0.16666666666666666,0.0403986152429163,0.06668846638214727,0.6187551148562669,True,False
0.4130205699691011,0.0,False,0.0,1.0,1.0,0.9000000000000001,0.0,0.09821473844691062,0.0355113730570762,0.6392749476313706,False,False
0.4130205699691011,0.0,False,0.0,1.0,1.0,0.9125000000000001,0.0,0.08331207606614532,0.040526509128795345,0.8988684692725935,False,False
0.28512922993451084,0.0,False,0.0,1.0,1.0,0.8875,0.16666666666666666,0.07930937346047873,0.10122851253097684,0.5456561306342436,True,False
0.16654509119764926,0.0,False,0.0,0.0,1.0,0.9125000000000001,0.16666666666666666,0.2735340943600873,0.054000062157291195,0.36851618657150587,True,False
0.4834468346483859,0.5,False,1.0,0.0,1.0,0.9750000000000001,0.16666666666666666,0.07748431625481941,0.06648088348390455,0.4709214561831001,False,False
0.18235264390969064,0.0,False,0.0,0.0,1.0,0.925,0.16666666666666666,0.10326000193389226,0.08220698452051586,0.6214254107612793,True,False
0.3617673850533235,0.25,False,0.0,1.0,0.75,0.825,0.16666666666666666,0.130030877502359,0.073330725006571,0.546239191056213,True,False
0.242831372789175,0.25,False,0.0,0.0,0.875,0.9000000000000001,0.16666666666666666,0.08573807017911608,0.04031625685365013,0.6633945790691504,True,False
0.21919698502686302,0.0,False,0.0,0.0,1.0,0.9750000000000001,0.16666666666666666,0.2037713776546906,0.10657125756670376,0.3828957040054297,True,False
0.241649338240845,0.25,False,0.0,0.0,0.75,0.825,0.16666666666666666,0.08506360184880551,0.08454686533963722,0.5611465060253549,True,False
0.24841756378014168,0.25,False,0.0,1.0,1.0,0.8875,0.16666666666666666,0.16652239053885565,0.07091688932427255,0.3918884602335859,True,False
0.24841756378014168,0.0,False,0.0,1.0,1.0,0.925,0.16666666666666666,0.16663746202981292,0.0796029852432556,0.3936703325080704,True,False
0.35776951744774743,0.0,False,0.0,1.0,0.875,0.8500000000000001,0.16666666666666666,0.25625600103212465,0.10684071141612929,0.3307530809287489,True,False
0.1545079674776736,0.0,False,1.0,0.0,0.875,0.8875,0.16666666666666666,0.28082644461735395,0.19208960011910872,0.3120010953284522,True,False
0.29922617658697714,0.0,True,0.0,0.0,1.0,0.9625000000000001,0.16666666666666666,0.2302317854468821,0.07724513388950166,0.3415835189844818,True,False
0.22464655223625163,0.0,False,0.0,1.0,0.875,0.825,0.16666666666666666,0.20839862446761434,0.14355038957921004,0.3663088622138029,True,False
0.37488782458937375,0.25,False,0.0,1.0,0.875,0.9125000000000001,0.16666666666666666,0.10779500471048449,0.08183741910553255,0.6084842861686253,True,False
0.2045240485274159,0.0,False,0.0,0.0,0.875,0.9125000000000001,0.16666666666666666,0.22617063291741574,0.05959528893832606,0.3813316575278305,True,False
0.2114400734862546,0.0,False,1.0,0.0,1.0,0.9000000000000001,0.16666666666666666,0.12362576083790174,0.07033913112365112,0.5628065554041295,True,False
0.15766729729734064,0.0,False,1.0,0.0,0.75,0.6875,0.16666666666666666,0.09052807478839153,0.1435247163525908,0.4888201569653796,True,False
0.25520476207117715,0.0,True,0.0,0.0,1.0,0.9875,0.16666666666666666,0.1921719383332239,0.05685731947454754,0.383688254397792,True,False
0.4930035271264438,0.5,False,1.0,0.0,0.875,0.9125000000000001,0.16666666666666666,0.06819457213374461,0.07630865392428307,0.5270818321487059,True,False
0.24841756378014168,0.0,False,1.0,0.0,0.875,0.925,0.16666666666666666,0.002884676483204689,0.025656742253188904,0.5344765273367678,True,False
0.3231614519252207,0.0,False,1.0,0.0,0.875,0.9625000000000001,0.16666666666666666,0.021325739028955282,0.05735544248321486,0.5838414372946872,True,False
0.19268396044224734,0.0,True,0.0,0.0,0.75,0.9500000000000002,0.16666666666666666,0.2017568309358708,0.09759179167112651,0.6016256878403128,True,False
0.2495635452349113,0.0,True,0.0,0.0,1.0,0.9750000000000001,0.16666666666666666,0.24490094514090263,0.29658164346664645,0.35948216700549707,True,False
0.23709820784555535,0.0,False,1.0,0.0,0.875,0.8625,0.16666666666666666,0.35181548935830464,0.08208824615002919,0.288662695279301,True,False
0.3930191562894486,0.0,False,1.0,0.0,0.875,0.875,0.16666666666666666,0.1443957965866063,0.11501373265546981,0.5116484204372724,True,False
0.19738131690723237,0.0,False,0.0,0.0,0.75,0.925,0.16666666666666666,0.1029286381615424,0.06285471083180706,0.6277233744207984,True,False
0.25983307656246224,0.0,False,0.0,1.0,0.875,0.9125000000000001,0.16666666666666666,0.08270338355497511,0.11858625385356635,0.5147624415499592,True,False
0.407664684050551,0.0,False,1.0,0.0,1.0,0.875,0.16666666666666666,0.06501206588294126,0.06665049137617406,0.5201315386923104,True,False
0.4506125786834424,0.25,False,1.0,0.0,0.875,0.925,0.16666666666666666,0.08236711706299236,0.04995131931779207,0.5063879673096516,True,False
0.19738131690723237,0.0,False,1.0,0.0,0.625,0.825,0.16666666666666666,0.26726190667430516,0.08817634511519377,0.5159280629941516,True,False
0.31434232696378717,0.0,False,0.0,1.0,0.75,0.825,0.16666666666666666,0.04083950105843197,0.06679819082643089,0.5292608854243646,True,False
0.20311410892050896,0.0,False,1.0,0.0,1.0,1.0,0.16666666666666666,0.1811275505652254,0.15894990433149656,0.4067049611778175,True,False
0.2507035317605534,0.0,False,1.0,0.0,0.875,0.9750000000000001,0.16666666666666666,0.19267578461526555,0.14796821427648926,0.42236862595183045,True,False
0.07723047886437417,0.0,False,0.0,1.0,0.875,0.8625,0.16666666666666666,0.058609709400690005,0.04275008302098404,0.7844042418957851,True,False
0.19738131690723237,0.0,False,1.0,0.0,0.875,0.8875,0.16666666666666666,0.20463641833890778,0.07776569986351999,0.3830125960496451,True,False
0.11592615864697209,0.0,False,0.0,1.0,0.875,0.8875,0.16666666666666666,0.22513879257450445,0.08654111019036594,0.45752577761400914,True,False
0.4146341541743145,0.0,False,0.0,1.0,1.0,0.875,0.16666666666666666,0.2801856423491185,0.04793672101709175,0.32346944652287846,False,False
0.1341371873724625,0.0,False,0.0,0.0,0.875,0.875,0.16666666666666666,0.19339997891890232,0.060391909897451974,0.36715266735283025,True,False
0.22464655223625163,0.0,False,0.0,0.0,1.0,0.9125000000000001,0.16666666666666666,0.12298952745334792,0.07176519455191709,0.571675682067623,True,False
0.2804185526406079,0.25,False,0.0,0.0,1.0,0.9375,0.16666666666666666,0.17683194984656644,0.11671557510918505,0.4647913493967162,True,False
0.32070147190330356,0.0,False,0.0,0.0,1.0,0.925,0.0,0.04127875820022554,0.06694233198013089,0.6204424303705978,True,False
0.20980013490382665,0.0,False,1.0,0.0,0.875,0.8625,0.16666666666666666,0.0634044637555499,0.11459102312809671,0.516211315071434,True,False
0.21681908192114852,0.0,False,1.0,0.0,0.75,0.8625,0.16666666666666666,0.08532564087560837,0.04880341518310602,0.8406091667300903,True,False
0.1379854216615023,0.0,False,0.0,1.0,0.875,0.875,0.16666666666666666,0.1796828717217538,0.039197261841053745,0.3916108967329288,True,False
0.15591777176702204,0.0,False,0.0,0.0,0.875,0.9125000000000001,0.16666666666666666,0.0992081934815244,0.11775514786021912,0.4968572448475481,True,False
0.21521927450523404,0.0,False,1.0,0.0,0.875,0.8875,0.16666666666666666,0.2820675082539116,0.11854833856745442,0.47463509044002516,True,False
0.23685602136352257,0.0,False,0.0,0.0,1.0,1.0,0.16666666666666666,0.07349323676244202,0.10211921610121057,0.5515056556826174,True,False
0.13950588713035217,0.0,False,0.0,0.0,0.625,0.7625,0.16666666666666666,0.11383146541860024,0.051705106990739456,0.6171014586089527,True,False
0.20026656396674725,0.0,False,1.0,0.0,1.0,0.8125,0.16666666666666666,0.14896741165063646,0.10839328798461702,0.44671212562692,True,False
0.25319070602152516,0.0,False,0.0,0.0,0.5,0.6375000000000001,0.16666666666666666,0.046485765554229994,0.07871385128539946,0.6229976209106043,True,False
0.32879566198707366,0.25,False,0.0,1.0,0.75,0.7125,0.16666666666666666,0.06707168360316251,0.10149897327067711,0.538865247441108,True,False
0.19738131690723237,0.0,False,0.0,1.0,1.0,0.9125000000000001,0.16666666666666666,0.06689751829649217,0.09104009183259372,0.5739446640566206,True,False
0.4130205699691011,0.0,False,0.0,1.0,0.875,0.875,0.0,0.09366238450025219,0.02138232936540669,0.6193139569409869,False,False
0.4130205699691011,0.0,False,0.0,1.0,0.875,0.8500000000000001,0.16666666666666666,0.0934552080722887,0.06715921757778211,0.5849425951338085,False,False
0.4130205699691011,0.0,False,0.0,1.0,1.0,0.8625,0.0,0.1272110488748618,0.09604518556301449,0.5510344728199912,False,False
0.4130205699691011,0.0,False,0.0,1.0,0.875,0.8625,0.0,0.13125105296147366,0.08918156773609406,0.5575873919708472,False,False
0.24046085711394316,0.0,False,1.0,0.0,0.875,0.875,0.16666666666666666,0.15462210199270782,0.08810002748827118,0.38561397921102825,True,False
0.21387707107058385,0.0,False,1.0,0.0,0.875,0.8625,0.16666666666666666,0.15462389564325918,0.11341094913985354,0.43793552930207835,True,False
0.32070147190330356,0.0,False,0.0,1.0,1.0,1.0,0.16666666666666666,0.04610949574199204,0.07780027661468361,0.6659362418028851,True,False
0.24046085711394316,0.0,False,0.0,0.0,1.0,0.925,0.16666666666666666,0.2926716862690157,0.07691440526092318,0.36394035581721607,True,False
0.26500494282390286,0.25,True,1.0,0.0,1.0,0.9375,0.3333333333333333,0.10437627774249165,0.10123213033449532,0.5239766722912411,True,False
0.29369633957429786,0.0,False,0.0,0.0,0.875,0.8625,0.16666666666666666,0.0968532797347172,0.0474113005838295,0.7039385947281946,True,False
0.19738131690723237,0.0,False,0.0,1.0,0.875,0.825,0.16666666666666666,0.16831717583983957,0.022017408928547845,0.39888658484073125,True,False
0.48800985570694266,0.0,True,0.0,1.0,1.0,1.0,0.16666666666666666,0.08814716264668755,0.1307695146355965,0.5015863533262352,True,False
0.22464655223625163,0.0,False,1.0,0.0,1.0,0.9500000000000002,0.16666666666666666,0.11038845159301815,0.06519813087382154,0.5909309419522297,True,False
0.20564546873051193,0.0,False,0.0,0.0,1.0,0.8500000000000001,0.16666666666666666,0.3165985998061437,0.2729282346791526,0.2862646988787809,True,False
0.4130205699691011,0.0,False,0.0,1.0,0.875,0.825,0.0,0.12358322697385453,0.07388529573706576,0.6133249703877248,False,False
0.15766729729734064,0.0,False,1.0,0.0,0.875,0.9000000000000001,0.16666666666666666,0.24627880371591185,0.11187590978853076,0.5151390793534207,True,False
0.16654509119764926,0.0,False,1.0,0.0,0.875,0.9000000000000001,0.16666666666666666,0.014537564245367084,0.04890281817537756,0.5739373786298592,True,False
0.2628648953679048,0.5,False,1.0,0.0,0.875,0.9375,0.16666666666666666,0.12926999295994251,0.04038462778651678,0.5547021049200063,True,False
0.07723047886437417,0.0,False,0.0,0.0,0.75,0.8500000000000001,0.16666666666666666,0.2570239674225571,0.011881418782477834,0.3847061190701815,True,False
0.4233529141375202,0.25,False,1.0,0.0,0.875,0.8875,0.3333333333333333,0.10123260321175473,0.06714203369694013,0.638727878034177,True,False
0.22310338924130446,0.0,False,0.0,0.0,1.0,0.925,0.16666666666666666,0.13198449419746738,0.03821598219699473,0.40357131183763273,True,False
0.1545079674776736,0.0,False,1.0,0.0,0.75,0.8125,0.16666666666666666,0.29432641867604337,0.1428573009015309,0.4547361013566147,True,False
0.25961489543201643,0.0,True,0.0,0.0,1.0,0.9625000000000001,0.16666666666666666,0.2525925154337746,0.06698839319726037,0.5640792610354006,True,False
0.2086999458571831,0.0,False,0.0,0.0,1.0,0.9000000000000001,0.16666666666666666,0.25136821825360917,0.07141684888979466,0.35482510660985356,True,False
0.5118383672496735,0.5,False,0.0,1.0,1.0,0.8625,0.3333333333333333,0.15126621778429195,0.14953868067125015,0.5492975651607666,False,False
0.336446566301552,0.0,False,1.0,0.0,1.0,0.9625000000000001,0.16666666666666666,0.18470421144515142,0.08253830445066296,0.6848297671849641,True,False
0.28337463737806934,0.0,False,0.0,1.0,1.0,1.0,0.16666666666666666,0.20592162134395256,0.1258787799212985,0.365541115936147,True,False
0.1491384508511061,0.0,False,1.0,0.0,0.875,0.8625,0.16666666666666666,0.14106478707839445,0.07185387939494643,0.4314385262309921,True,False
0.3659613869023369,0.0,False,0.0,1.0,1.0,0.9125000000000001,0.16666666666666666,0.06428439152616928,0.018314875647296516,0.471917952589441,True,False
0.32152455460910956,0.0,False,0.0,1.0,1.0,0.8500000000000001,0.16666666666666666,0.06428230892829696,0.01830931701013749,0.47192050566445776,True,False
0.402853668961039,0.25,False,0.0,1.0,1.0,0.9375,0.16666666666666666,0.06428241865578099,0.01830996865150014,0.47192033558962154,True,False
0.2804185526406079,0.0,True,0.0,0.0,0.875,0.9125000000000001,0.16666666666666666,0.007127405541790362,0.03967336549163205,0.5489177715070068,True,False
0.3601219809432269,0.0,False,0.0,1.0,1.0,0.9375,0.16666666666666666,0.06428158045410287,0.01830705304140322,0.4719214304420871,True,False
0.18666619388412287,0.0,False,1.0,0.0,0.75,0.7875000000000001,0.16666666666666666,0.2928235629343667,0.1396529760524826,0.4568464448173184,True,False
0.2059249243947282,0.0,True,0.0,0.0,1.0,0.9875,0.16666666666666666,0.19501314883020257,0.09985772482177989,0.3897791566404478,True,False
0.25764137249870733,0.0,False,0.0,1.0,0.875,0.8875,0.16666666666666666,0.04942845991927275,0.06273317207422519,0.5629149353973895,True,False
0.19738131690723237,0.0,False,1.0,0.0,0.75,0.9000000000000001,0.3333333333333333,0.12777422809118236,0.1017086659793149,0.5477413816865275,True,False
0.43104151603444596,0.75,False,1.0,0.0,0.875,0.9125000000000001,0.16666666666666666,0.017945488184296223,0.053764599702255035,0.5303289420392867,False,False
0.18999651059371547,0.0,False,1.0,0.0,1.0,0.8500000000000001,0.16666666666666666,0.10105439637099477,0.06368160830077389,0.6221343643681227,True,False
0.17921840882110474,0.0,False,1.0,0.0,1.0,0.9625000000000001,0.16666666666666666,0.18479350222182453,0.10805090575785402,0.4185165582679331,True,False
0.45661697379610156,0.5,False,0.0,1.0,0.875,0.9000000000000001,0.16666666666666666,0.014474172326110289,0.04683325577594799,0.579674414389473,True,False
0.10288097117737627,0.0,False,1.0,0.0,0.75,0.8375000000000001,0.16666666666666666,0.09171289987482793,0.05127311747648034,0.5125734219994478,True,False
0.4334141991058512,0.5,False,0.0,1.0,0.875,0.8500000000000001,0.3333333333333333,0.27975943107386686,0.09065273318396766,0.31521485773859736,False,False
0.4334141991058512,0.5,False,0.0,1.0,1.0,0.925,0.3333333333333333,0.2638495693322762,0.13894701401493614,0.3221902156854719,False,False
0.23709820784555535,0.0,False,0.0,0.0,0.875,0.9500000000000002,0.16666666666666666,0.300794465805907,0.09253277798561044,0.29488653624589967,True,False
0.13021977345814928,0.0,False,0.0,0.0,1.0,0.9000000000000001,0.16666666666666666,0.09470889751875043,0.1346469417055385,0.48926630381140934,True,False
0.4334141991058512,0.5,False,0.0,1.0,0.875,0.875,0.3333333333333333,0.27527692893495453,0.09862448858923582,0.317658826167746,False,False
0.4334141991058512,0.5,False,0.0,1.0,1.0,0.875,0.3333333333333333,0.26502470411980456,0.1445914838136498,0.32072049082454934,False,False
0.4334141991058512,0.5,False,0.0,1.0,0.875,0.8125,0.3333333333333333,0.27399464314324107,0.10393109499774073,0.31803750372554696,False,False
0.40755399787377444,0.5,False,0.0,1.0,0.75,0.75,0.16666666666666666,0.024325623031762725,0.06605029589465036,0.5813819627640839,True,False
0.32879566198707366,0.0,False,0.0,1.0,1.0,0.8875,0.16666666666666666,0.03921731784628105,0.06809798355695623,0.6161054834745545,True,False
0.3365999440394677,0.0,True,1.0,0.0,1.0,0.9750000000000001,0.16666666666666666,0.15594980008869494,0.13464588659674942,0.49921999750212853,True,False
0.29922617658697714,0.0,False,0.0,0.0,1.0,0.925,0.16666666666666666,0.18077649295973106,0.15926018075361653,0.42905500803240404,True,False
0.12783507098354285,0.0,False,0.0,1.0,0.75,0.8,0.16666666666666666,0.09002009474511323,0.045163832285104955,0.6559962237179304,True,False
0.2440070303170766,0.0,True,1.0,0.0,1.0,0.9500000000000002,0.16666666666666666,0.09638205772424509,0.07669982165200491,0.5718742024851566,True,False
0.2414121599875928,0.0,False,0.0,0.0,0.875,0.9125000000000001,0.16666666666666666,0.2456058173124124,0.07394180186932098,0.40205624106100446,True,False
0.44057145634586703,0.25,False,0.0,1.0,0.875,0.8875,0.3333333333333333,0.26626296315096853,0.1320644416062512,0.4740486142512421,False,False
0.1138054726374812,0.0,False,0.0,0.0,0.875,0.7875000000000001,0.16666666666666666,0.09984420732834999,0.0904165712087824,0.5564752836879787,True,False
0.37719075328840235,0.25,False,1.0,0.0,1.0,0.925,0.16666666666666666,0.10683688940685272,0.1578724155062914,0.5280922012239937,True,False
0.30831637024880354,0.0,False,1.0,0.0,1.0,0.8875,0.16666666666666666,0.10923566131462632,0.116499041391406,0.5516910974846339,True,False
0.37333890613918264,0.0,False,1.0,0.0,1.0,1.0,0.16666666666666666,0.1847656211095612,0.08103274097106629,0.6712179819959256,True,False
0.40092195219910975,0.0,False,1.0,0.0,1.0,0.875,0.16666666666666666,0.19137064812206922,0.069246651932556,0.7047782016205391,True,False
0.45448511281551773,0.0,False,0.0,1.0,1.0,1.0,0.16666666666666666,0.06565065693920209,0.07094927220907654,0.569150631050102,True,False
0.4911254230547516,0.5,False,0.0,1.0,1.0,1.0,0.16666666666666666,0.10845867966794359,0.12757155785181304,0.5439346349550798,False,False
0.1491384508511061,0.0,True,0.0,0.0,1.0,0.925,0.16666666666666666,0.26327047656239855,0.14541907988826341,0.40762194461846124,True,False
0.2045240485274159,0.0,False,1.0,0.0,1.0,0.9500000000000002,0.16666666666666666,0.19181577108213044,0.09644519944242755,0.36206367487502367,True,False
0.22050691587333648,0.0,False,1.0,0.0,0.875,0.875,0.16666666666666666,0.11400564007724483,0.086435006794301,0.42241989929288537,True,False
0.2127973242032083,0.0,False,1.0,0.0,0.875,0.8125,0.16666666666666666,0.17169344199199063,0.12307842066153116,0.3725130437127262,True,False
0.23709820784555535,0.0,False,0.0,0.0,0.875,0.75,0.16666666666666666,0.09895724432482292,0.10196841697864444,0.5281388496272972,True,False
0.2114400734862546,0.0,False,0.0,0.0,1.0,0.925,0.16666666666666666,0.08597733793134452,0.09421486343952856,0.535483346021628,True,False
0.2495635452349113,0.0,False,1.0,0.0,0.875,0.7750000000000001,0.16666666666666666,0.09978226575711081,0.14073188337450698,0.4630152940297221,True,False
0.2344192367306569,0.0,False,1.0,0.0,0.875,0.8625,0.16666666666666666,0.09994376428631394,0.12427509288309035,0.456446958092797,True,False
0.2440070303170766,0.0,False,1.0,0.0,1.0,0.9500000000000002,0.16666666666666666,0.08306307984192017,0.11741899967987546,0.47315275513436683,True,False
0.27026488318664244,0.0,False,0.0,0.0,1.0,0.9750000000000001,0.16666666666666666,0.07026034198189722,0.06542887869035074,0.4721352335174953,True,False
0.23071219467756687,0.0,False,1.0,0.0,0.875,0.9000000000000001,0.16666666666666666,0.042970267788360605,0.08195047843709935,0.6300066721506412,True,False
0.30656361284425115,0.0,False,0.0,1.0,0.625,0.625,0.16666666666666666,0.10516964172486234,0.08366319885135057,0.6141345290465059,False,False
0.1491384508511061,0.0,False,0.0,1.0,1.0,0.875,0.16666666666666666,0.28067552786163863,0.13766449648424295,0.4627256549157832,True,False
0.22946236675190324,0.0,True,0.0,0.0,1.0,1.0,0.16666666666666666,0.2868423528941575,0.04448970438490483,0.3158287250332814,True,False
0.4261155629500567,0.75,False,0.0,1.0,0.875,0.7750000000000001,0.3333333333333333,0.2265566702790249,0.032078150977355266,0.3349234259843279,False,False
0.15974835452086278,0.0,False,0.0,0.0,1.0,0.9500000000000002,0.16666666666666666,0.19856812052323908,0.14408523780819196,0.5158464890947319,True,False
0.3684925690922315,0.0,False,0.0,0.0,1.0,0.9500000000000002,0.16666666666666666,0.0330656490868169,0.000491974071587064,0.5469836293852273,True,False
0.14176687734287585,0.0,False,0.0,0.0,1.0,0.8875,0.16666666666666666,0.05363318957056086,0.07992838684742733,0.5430839110599253,True,False
0.3769360708599351,0.5,False,1.0,0.0,0.875,0.8500000000000001,0.16666666666666666,0.11848456319323701,0.047003701207798204,0.585100641595635,True,False
0.5493711626901808,1.0,False,0.0,1.0,1.0,0.9750000000000001,0.3333333333333333,0.039237279003820805,0.036624052469448456,0.5015879483076207,False,False
0.449884452457057,0.0,True,1.0,0.0,1.0,0.9375,0.16666666666666666,0.14509304857343228,0.13429151938394243,0.5129109022329084,True,False
0.4214914969969069,0.0,False,0.0,1.0,1.0,1.0,0.16666666666666666,0.17405251453310372,0.015057274254370704,0.383345230859784,True,False
0.3684925690922315,0.0,False,0.0,0.0,1.0,0.9875,0.0,0.04074101748491078,0.06854867637351313,0.6191167940175999,True,False
0.1744308782194427,0.0,False,1.0,0.0,0.75,0.7375,0.16666666666666666,0.0976045607149489,0.1416073292084855,0.46609130233623053,True,False
0.41697933964453904,0.0,False,0.0,1.0,1.0,0.875,0.16666666666666666,0.09641961164673342,0.09695709433973802,0.4473188679094322,True,False
0.407664684050551,0.0,False,0.0,1.0,1.0,1.0,0.16666666666666666,0.1630695060962299,0.030222458742927803,0.38702165387563126,True,False
0.31670681412378243,0.0,True,0.0,0.0,1.0,1.0,0.16666666666666666,0.10065026463288643,0.0671561538543285,0.6039024686222496,True,False
0.41697933964453904,0.0,False,0.0,1.0,1.0,1.0,0.16666666666666666,0.07580533742771677,0.05199498137434745,0.46603448642558076,True,False
0.4427489592181221,0.0,False,0.0,1.0,1.0,0.8375000000000001,0.16666666666666666,0.07566605801335968,0.08481808589571183,0.48888491421426683,True,False
0.3617673850533235,0.25,False,0.0,1.0,0.75,0.8500000000000001,0.16666666666666666,0.12909542321804443,0.05830878309169815,0.5712081919516261,True,False
0.27026488318664244,0.0,False,0.0,1.0,1.0,1.0,0.16666666666666666,0.12916106547937037,0.11561818508561963,0.4199127682109649,True,False
0.22464655223625163,0.0,False,0.0,1.0,1.0,0.8500000000000001,0.16666666666666666,0.19980955016519675,0.09528821462039243,0.3663342131005569,True,False
0.24841756378014168,0.0,False,0.0,1.0,0.875,0.75,0.16666666666666666,0.2017770696045732,0.09903718621247869,0.3650337397157457,True,False
0.27026488318664244,0.25,False,0.0,1.0,1.0,0.8625,0.16666666666666666,0.1973944397221272,0.14494464776555194,0.37782016441374244,True,False
0.16654509119764926,0.0,False,1.0,0.0,0.625,0.75,0.16666666666666666,0.20993857178081549,0.09893346291447684,0.3912649867757225,True,False
0.3957243595033836,0.0,False,0.0,0.0,1.0,0.75,0.16666666666666666,0.16364172473304034,0.07487954903598201,0.3798675589586791,True,False
0.3476604067009895,0.0,False,0.0,1.0,1.0,1.0,0.16666666666666666,0.10385872287584785,0.09501775034198608,0.5034421185831193,True,False
0.37488782458937375,0.25,False,0.0,1.0,0.875,0.9000000000000001,0.16666666666666666,0.11188731182981705,0.10008821960814938,0.590358935444613,True,False
0.2463394869693064,0.0,False,1.0,0.0,1.0,0.8875,0.16666666666666666,0.10781106386912309,0.1365690325797246,0.4570719421917735,True,False
0.31670681412378243,0.0,False,0.0,1.0,1.0,0.9375,0.16666666666666666,0.047391360363664745,0.05434764231359821,0.635172052358969,True,False
0.18697106184228562,0.0,False,1.0,0.0,0.625,0.8,0.16666666666666666,0.21849611995021245,0.08273421202035347,0.6082590323208446,True,False
0.4835249753666474,0.0,False,1.0,0.0,1.0,0.8375000000000001,0.16666666666666666,0.04455716919796285,0.029723149900208967,0.5596706999424383,True,False
0.24841756378014168,0.0,False,0.0,1.0,0.875,0.8875,0.16666666666666666,0.10262866816081498,0.03408958157170386,0.4301774717308906,True,False
0.17281137281862657,0.0,False,0.0,0.0,1.0,0.9625000000000001,0.16666666666666666,0.20664361823713887,0.051861638928644746,0.7995242436010748,True,False
0.29462777880068314,0.0,False,1.0,0.0,0.875,0.925,0.16666666666666666,0.03165302225257054,0.08207957972476106,0.6004373819161888,True,False
0.3124663484708553,0.25,False,1.0,0.0,1.0,0.9750000000000001,0.3333333333333333,0.1460749496855368,0.16412689992080956,0.5346218048265317,True,False
0.47394212464279495,0.0,True,0.0,1.0,1.0,0.9875,0.16666666666666666,0.05876445679985225,0.06211358822851324,0.5521375797338428,True,False
0.32879566198707366,0.0,False,0.0,0.0,0.875,0.8625,0.16666666666666666,0.19640855272579658,0.05461176516198486,0.3883453285977405,True,False
0.2804185526406079,0.0,False,0.0,0.0,1.0,1.0,0.16666666666666666,0.2988347890058461,0.15225052814143963,0.4491412283538774,True,False
0.18999651059371547,0.0,False,1.0,0.0,1.0,0.9750000000000001,0.16666666666666666,0.3174703220442509,0.10754999981807742,0.32985242915802604,True,False
0.5049380972536534,0.0,True,0.0,1.0,1.0,1.0,0.16666666666666666,0.048202197870812855,0.05084829522267968,0.6050244011004087,True,False
0.5313804576969711,0.25,True,0.0,1.0,1.0,1.0,0.16666666666666666,0.05439246249257719,0.06617426845467154,0.5959230532552455,True,False
0.2641514441160139,0.0,False,0.0,0.0,1.0,0.9750000000000001,0.16666666666666666,0.1198161892164616,0.06433905887979846,0.6414138065000214,True,False
0.2045240485274159,0.0,False,1.0,0.0,0.75,0.875,0.16666666666666666,0.3164106840044935,0.08521739037919679,0.3239174010048107,True,False
0.2804185526406079,0.0,False,0.0,1.0,1.0,0.9500000000000002,0.16666666666666666,0.06003009470723185,0.07238468019453101,0.5674489217271681,True,False
0.22439011607918624,0.0,False,1.0,0.0,1.0,1.0,0.16666666666666666,0.1687690502304846,0.10498248943312036,0.4784120624851793,True,False
0.340248991723305,0.0,True,0.0,1.0,1.0,0.9750000000000001,0.16666666666666666,0.02171258757186525,0.06031144112900653,0.5574471568832156,True,False
0.340248991723305,0.25,True,0.0,1.0,1.0,0.9375,0.16666666666666666,0.030217162366728136,0.0780756779468348,0.5888393267022876,True,False
0.3328887509306683,0.0,True,0.0,1.0,1.0,0.9625000000000001,0.16666666666666666,0.03330487827489119,0.08431884868394467,0.5745862738322332,True,False
0.35412178212339296,0.0,False,0.0,1.0,1.0,0.9625000000000001,0.16666666666666666,0.25289452187513756,0.0969665696975459,0.333808019602468,True,False
0.1491384508511061,0.0,False,0.0,1.0,1.0,0.8125,0.16666666666666666,0.1709208728332163,0.14111483447600365,0.43740518215669,True,False
0.539385607527391,0.0,True,0.0,1.0,1.0,1.0,0.16666666666666666,0.08814718469468553,0.1307699556558117,0.5015865608178462,True,False
0.4406665842017562,0.0,True,0.0,1.0,1.0,1.0,0.16666666666666666,0.0881495433786306,0.13077405308254422,0.5015855836077461,True,False
0.4561745526865174,0.0,True,0.0,1.0,0.5,0.75,0.16666666666666666,0.08814838341550756,0.13077200425687766,0.5015860460104227,True,False
0.4499756013941728,0.0,True,0.0,1.0,1.0,1.0,0.16666666666666666,0.08814852219319123,0.1307725508819518,0.5015861528765329,True,False
0.47394212464279495,0.0,True,0.0,1.0,1.0,1.0,0.16666666666666666,0.08814914377814889,0.13077197645041405,0.5015850054799988,True,False
0.5049380972536534,0.5,False,1.0,0.0,1.0,1.0,0.16666666666666666,0.11769187555922157,0.029540136596495577,0.5583038777520544,False,False
0.26500494282390286,0.0,False,1.0,0.0,1.0,0.75,0.16666666666666666,0.036645269416267404,0.0654062343003904,0.6417714967981802,True,False
0.2507035317605534,0.0,False,1.0,0.0,0.75,0.875,0.16666666666666666,0.05573250538081995,0.035487530448828096,0.6659834146622636,True,False
0.1491384508511061,0.0,False,1.0,0.0,0.625,0.65,0.16666666666666666,0.022590709939556298,0.04936760402470725,0.5856244892252978,True,False
0.27026488318664244,0.0,False,0.0,1.0,0.875,0.825,0.16666666666666666,0.15377148866285154,0.10443134830028938,0.38587010361218055,True,False
0.5611190740850739,0.25,False,0.0,0.0,0.875,0.825,0.16666666666666666,0.13217261891238893,0.11294293298365345,0.5454904072339972,False,False
0.3257551787117082,0.0,True,1.0,0.0,1.0,0.9625000000000001,0.16666666666666666,0.19216554013636103,0.2142744275974687,0.43047799366098194,True,False
0.22464655223625163,0.0,False,0.0,0.0,0.875,0.8625,0.16666666666666666,0.11624903979466593,0.05072647063937496,0.5967186890234335,True,False
0.24841756378014168,0.25,False,0.0,1.0,0.875,0.8375000000000001,0.16666666666666666,0.15833988179144354,0.10218654802139479,0.3825238221098095,True,False
0.16654509119764926,0.0,False,0.0,1.0,1.0,0.9500000000000002,0.16666666666666666,0.18181941131310686,0.051053717927853966,0.37177672794478034,True,False
0.5205137675892283,0.5,False,1.0,0.0,1.0,0.9375,0.3333333333333333,0.04944507990068747,0.05574527067439138,0.6393420267025502,False,False
0.36649671608276646,0.5,False,0.0,1.0,1.0,1.0,0.16666666666666666,0.09996938294880393,0.06701042634309658,0.510526642641173,True,False
0.1744308782194427,0.0,False,1.0,0.0,0.875,0.8875,0.16666666666666666,0.08371264632929781,0.10178625125588582,0.5481919336527101,True,False
0.3352156425590972,0.0,True,0.0,0.0,1.0,0.925,0.16666666666666666,0.10514883204045966,0.06959392483118015,0.6050954535015451,True,False
0.28435115460358495,0.25,False,0.0,1.0,0.875,0.8125,0.16666666666666666,0.16396414192379782,0.05069921616855958,0.38227582033183416,True,False
0.42601386474469594,0.5,False,1.0,0.0,1.0,0.9500000000000002,0.16666666666666666,0.11443803247553401,0.08273717993816045,0.5840688416561302,True,False
0.14511497704022547,0.0,False,0.0,0.0,0.875,0.8875,0.16666666666666666,0.232845371216472,0.14409355723505027,0.35205339060043905,True,False
0.2344192367306569,0.0,False,0.0,1.0,1.0,0.8875,0.16666666666666666,0.055192644869555094,0.057633139687602065,0.627007338276889,True,False
0.2344192367306569,0.0,False,1.0,0.0,0.875,0.8500000000000001,0.16666666666666666,0.09821879010558197,0.10337678157318558,0.4474672629416958,True,False
0.22464655223625163,0.0,False,0.0,1.0,0.75,0.75,0.16666666666666666,0.04731212760204634,0.031434702085275684,0.5306757295020303,True,False
0.22464655223625163,0.0,False,0.0,1.0,0.875,0.8500000000000001,0.16666666666666666,0.038793620795987166,0.028617757950572406,0.5305947793999732,True,False
0.36312912806010156,0.0,False,0.0,1.0,0.875,0.9000000000000001,0.16666666666666666,0.08299854754420298,0.06081182692669835,0.45537044551368133,False,False
0.1763585301969256,0.0,False,0.0,0.0,0.75,0.825,0.16666666666666666,0.06932619017137114,0.07990744984445255,0.5860023291411758,True,False
0.16654509119764926,0.0,False,0.0,0.0,0.875,0.8125,0.16666666666666666,0.17679074768172973,0.06545038962192173,0.4157031324765519,True,False
0.45296232595548636,0.0,False,1.0,0.0,1.0,0.9500000000000002,0.16666666666666666,0.07130722674374705,0.07919259137300216,0.9636599985367353,True,False
0.6366624189910827,0.5,False,0.0,0.0,0.875,1.0,0.3333333333333333,0.20514658233727615,0.06728910720712034,0.6466404914961974,False,False
0.4892309919629193,1.0,False,0.0,1.0,0.875,0.825,0.3333333333333333,0.20198009948171722,0.09588313657918264,0.35801405781507034,False,False
0.16283314549952832,0.0,False,0.0,1.0,0.625,0.6000000000000001,0.16666666666666666,0.2047052857468218,0.05055681009299746,0.37599566052103195,True,False
0.13021977345814928,0.0,False,0.0,1.0,1.0,0.6875,0.16666666666666666,0.1753006864040098,0.1571728046493855,0.4422853126386004,True,False
0.3478060940012787,0.0,False,0.0,1.0,1.0,0.9625000000000001,0.16666666666666666,0.13464822842113044,0.06225547424547497,0.40113958728400734,True,False
0.1744308782194427,0.0,False,1.0,0.0,1.0,0.6625000000000001,0.16666666666666666,0.15699991934075222,0.16248992711229635,0.49757733689954553,True,False
0.23685602136352257,0.0,False,0.0,0.0,0.875,0.9000000000000001,0.16666666666666666,0.12177792508372916,0.07726483872730218,0.5651405054391103,True,False
0.22464655223625163,0.0,False,1.0,0.0,0.875,0.8875,0.16666666666666666,0.10537061579547294,0.07502774569721259,0.6202135693488091,True,False
0.29012011082306344,0.0,False,0.0,0.0,1.0,0.9500000000000002,0.16666666666666666,0.05372222954666417,0.07634264782862535,0.5504758398020222,True,False
0.13988435166420954,0.0,False,0.0,0.0,0.875,0.9500000000000002,0.16666666666666666,0.27758493819854635,0.16718887003397248,0.40471993492054525,True,False
0.47637763234802477,0.5,True,1.0,0.0,1.0,1.0,0.16666666666666666,0.28938168453144864,0.13230064896021645,0.46235982477246385,False,False
0.46570617763053257,0.5,True,1.0,0.0,1.0,0.9625000000000001,0.16666666666666666,0.20447841129221672,0.10640925991439165,0.5565185074450749,False,False
0.25764137249870733,0.0,True,0.0,1.0,1.0,0.875,0.16666666666666666,0.13451588423117322,0.10167658862618312,0.5380997873301059,True,False
0.39039976328592807,0.25,False,0.0,1.0,1.0,0.9750000000000001,0.16666666666666666,0.18723481535333839,0.10265252806695674,0.43864067118419703,False,False
0.18235264390969064,0.0,False,0.0,0.0,1.0,1.0,0.16666666666666666,0.1288105223787416,0.10174357454348243,0.4770803470016436,True,False
0.43104151603444596,0.25,False,1.0,0.0,0.875,0.9500000000000002,0.16666666666666666,0.17642638588349366,0.10752376462097331,0.39108368290127493,True,False
0.24841756378014168,0.0,False,0.0,1.0,0.875,0.8500000000000001,0.16666666666666666,0.1861661132725197,0.09021972395156727,0.3655166854250662,True,False
0.24841756378014168,0.25,False,0.0,1.0,0.875,0.8500000000000001,0.16666666666666666,0.1914123535611581,0.10189437255885887,0.36172420401131955,True,False
0.22439011607918624,0.0,False,0.0,0.0,0.875,0.925,0.16666666666666666,0.07928675198156052,0.0613451869351559,0.4563764784940365,True,False
0.17921840882110474,0.0,False,1.0,0.0,1.0,0.9000000000000001,0.16666666666666666,0.08018569502192907,0.0727748231917559,0.4690818190214556,True,False
0.3478060940012787,0.0,False,0.0,1.0,0.875,0.875,0.16666666666666666,0.07042551879820153,0.06936069252220764,0.6003486033276191,True,False
0.3439862054897177,0.25,True,0.0,1.0,1.0,0.9750000000000001,0.3333333333333333,0.009117477541365358,0.03419080553746408,0.5679033065725332,True,False
0.4130205699691011,0.0,False,0.0,1.0,0.875,0.8375000000000001,0.0,0.0341585706861519,0.08093115202141311,0.6066835514551991,False,False
0.15974835452086278,0.0,False,0.0,0.0,1.0,1.0,0.16666666666666666,0.2219937672287165,0.11864852717751229,0.5332008548994156,True,False
0.33116643272016655,0.0,False,0.0,0.0,1.0,1.0,0.16666666666666666,0.15790395804790752,0.09590822305925237,0.4043408603246099,True,False
0.3812257049397215,0.25,False,0.0,1.0,0.75,0.75,0.16666666666666666,0.10365337926262334,0.15758790559914074,0.5211125622157549,True,False
0.31670681412378243,0.25,False,0.0,1.0,0.875,0.8875,0.16666666666666666,0.09718199767826237,0.14603146522228277,0.5216214623497544,True,False
0.1491384508511061,0.0,False,1.0,0.0,0.875,0.8125,0.16666666666666666,0.19074115408936368,0.1559729000450186,0.4934944092889151,True,False
0.18999651059371547,0.0,False,1.0,0.0,1.0,0.8375000000000001,0.16666666666666666,0.11742444912709633,0.0993145729342408,0.4578387045784085,True,False
0.18999651059371547,0.0,False,1.0,0.0,0.875,0.8500000000000001,0.16666666666666666,0.12928043674644982,0.07853539873970666,0.44580437365818004,True,False
0.3124663484708553,0.0,False,0.0,0.0,1.0,0.9125000000000001,0.16666666666666666,0.1482661713125828,0.09969604170609779,0.43832921076727493,True,False
0.2086999458571831,0.0,False,0.0,1.0,0.875,0.8875,0.16666666666666666,0.06848324538454643,0.08828057019543688,0.6058722711879803,True,False
0.29922617658697714,0.0,False,0.0,1.0,1.0,0.75,0.16666666666666666,0.06648565618982608,0.06907704506372095,0.48001188608329004,True,False
0.1491384508511061,0.0,False,1.0,0.0,0.625,0.7750000000000001,0.16666666666666666,0.24267225191778177,0.023944780321238417,0.32710910524885284,True,False
0.19149362807169223,0.0,False,0.0,0.0,1.0,1.0,0.16666666666666666,0.13975406757894512,0.07720442294576314,0.5215871267500238,True,False
0.23709820784555535,0.0,False,1.0,0.0,1.0,0.9625000000000001,0.16666666666666666,0.11543592674057444,0.05721280119036758,0.8874360135668948,True,False
0.23564103507180223,0.0,False,1.0,0.0,0.875,0.9375,0.16666666666666666,0.08587108928763525,0.10246103374901534,0.4787441950495921,True,False
0.9712838919451804,0.0,False,0.0,1.0,1.0,1.0,0.5,0.18860042351695003,0.1699637632952518,0.4855516438537659,False,False
0.53206932159522,0.5,False,1.0,0.0,1.0,1.0,0.3333333333333333,0.1338019435442612,0.09781614762382712,0.542860607774083,True,False
0.19119502627069151,0.0,True,1.0,0.0,1.0,1.0,0.16666666666666666,0.2452606350272937,0.13848549718945918,0.48500821499039115,True,False
0.2218090196175725,0.0,False,1.0,0.0,0.875,0.8625,0.16666666666666666,0.1448585167373355,0.11566769130174726,0.46746933825269865,True,False
0.20564546873051193,0.0,True,0.0,0.0,1.0,0.9375,0.16666666666666666,0.0749561667567607,0.10767466855947096,0.5161200751139188,True,False
0.3327327378299817,0.0,False,0.0,1.0,0.875,0.7875000000000001,0.16666666666666666,0.10518828247569267,0.035258655682057084,0.42760400598535653,True,False
0.35707275564828456,0.0,False,0.0,0.0,0.875,0.7875000000000001,0.16666666666666666,0.22701865251053932,0.21031072100574477,0.4374225788489601,True,False
0.8135446951318995,1.0,False,0.0,0.0,1.0,1.0,0.5,0.18440366909817657,0.15730652429361394,0.4711806842690147,False,False
0.1491384508511061,0.0,False,1.0,0.0,0.875,0.925,0.16666666666666666,0.27560424538457734,0.13828985026997034,0.4649569199937693,True,False
0.19738131690723237,0.0,False,0.0,1.0,1.0,0.9125000000000001,0.16666666666666666,0.15626638517985028,0.0775917892592477,0.39656556667328435,True,False
0.19738131690723237,0.0,False,0.0,1.0,0.75,0.75,0.16666666666666666,0.14129354101288455,0.06042706865940312,0.4015969083221893,True,False
0.23071219467756687,0.0,False,0.0,0.0,1.0,0.8500000000000001,0.16666666666666666,0.07482353109455066,0.06415874541798518,0.5947755355170588,True,False
0.21919698502686302,0.0,True,1.0,0.0,1.0,1.0,0.16666666666666666,0.24574112196618994,0.1297040928240075,0.49168836580297226,True,False
0.25764137249870733,0.0,True,0.0,1.0,1.0,0.8875,0.16666666666666666,0.12563980720986218,0.07612910824854216,0.5792121738558302,True,False
0.15974835452086278,0.0,False,1.0,0.0,1.0,0.825,0.16666666666666666,0.06605006405633307,0.027010855380646147,0.6835408426114364,True,False
0.1944573559628856,0.0,False,1.0,0.0,0.875,0.8875,0.16666666666666666,0.20358996844807134,0.10356784956161709,0.3526922636517418,True,False
0.25764137249870733,0.0,True,0.0,1.0,0.875,0.9000000000000001,0.16666666666666666,0.1471286243401434,0.12633176619381375,0.5054395528370512,True,False
0.28435115460358495,0.0,False,0.0,0.0,1.0,0.9750000000000001,0.16666666666666666,0.10603146346658122,0.07795659991578378,0.5836890541350681,True,False
0.2425954782507257,0.0,False,0.0,0.0,1.0,0.9625000000000001,0.16666666666666666,0.18909933169237128,0.1691078533759429,0.42898399440071255,True,False
0.4280388656935906,0.0,False,0.0,1.0,0.75,1.0,0.16666666666666666,0.07573638406389033,0.0964181380419162,0.5034803918167674,True,False
0.18235264390969064,0.0,False,1.0,0.0,0.75,0.8375000000000001,0.16666666666666666,0.18746850386801775,0.08032279883627522,0.4028106203215054,True,False
0.18235264390969064,0.0,False,1.0,0.0,0.75,0.7750000000000001,0.16666666666666666,0.1704006781700332,0.07972129420855611,0.4296553889608863,True,False
0.21787913240949408,0.0,False,1.0,0.0,1.0,0.8500000000000001,0.16666666666666666,0.20480461176802478,0.10703068973973467,0.35257856809596144,True,False
0.2045240485274159,0.0,False,1.0,0.0,0.75,0.7375,0.16666666666666666,0.21580548425253618,0.0904787810207965,0.34597832916368265,True,False
0.41030442485755503,0.5,False,0.0,0.0,0.875,0.8,0.16666666666666666,0.1678717994346182,0.1296837130757355,0.42095146845625786,False,False
0.2425954782507257,0.0,False,0.0,0.0,0.5,1.0,0.16666666666666666,0.12392791798746115,0.0764856379192278,0.5136217522991704,True,False
0.2804185526406079,0.0,False,0.0,0.0,1.0,1.0,0.16666666666666666,0.12403441345464707,0.034677742514502806,0.5653941252795409,True,False
0.19738131690723237,0.0,False,0.0,1.0,0.875,0.8125,0.16666666666666666,0.13141433574619,0.030780895485962377,0.40677018618421923,True,False
0.3150205166791181,0.0,True,1.0,0.0,0.875,0.9500000000000002,0.16666666666666666,0.06701508072648892,0.05268349152139024,0.473307727125855,True,False
0.15766729729734064,0.0,False,0.0,0.0,1.0,0.9125000000000001,0.16666666666666666,0.3026344876555763,0.05176190269990101,0.3101849308185056,True,False
0.2114400734862546,0.0,False,0.0,1.0,0.875,0.825,0.16666666666666666,0.1417344291060666,0.05018390088926879,0.43651358130915496,True,False
0.16654509119764926,0.0,False,1.0,0.0,1.0,0.9500000000000002,0.16666666666666666,0.06911404969684803,0.043023931694586744,0.6801178185183914,True,False
0.3150205166791181,0.0,True,1.0,0.0,0.875,0.9125000000000001,0.16666666666666666,0.056628226026516695,0.021111501768982476,0.48147509660271837,True,False
0.3328887509306683,0.25,False,0.0,0.0,0.875,0.75,0.3333333333333333,0.1384143828934421,0.05906673286790512,0.4754501847802808,True,False
0.25764137249870733,0.0,True,0.0,1.0,1.0,0.9125000000000001,0.16666666666666666,0.14068610463742265,0.10738095320339375,0.5208760624550581,True,False
0.16654509119764926,0.0,True,1.0,0.0,1.0,0.9625000000000001,0.0,0.1814413566947269,0.03089274621322468,0.3915551972540956,True,False
0.22464655223625163,0.0,False,0.0,0.0,0.625,0.7000000000000001,0.16666666666666666,0.12764792461660643,0.02654774658046656,0.6762866670142196,True,False
0.3548280280131647,0.25,False,0.0,1.0,1.0,1.0,0.16666666666666666,0.1210530300386047,0.033328802187677184,0.5771465414521633,True,False
0.3548280280131647,0.0,False,0.0,1.0,0.875,0.9125000000000001,0.16666666666666666,0.13044443116868015,0.026121493836514867,0.5294668430962084,True,False
0.3463448194511006,0.0,False,0.0,1.0,1.0,1.0,0.16666666666666666,0.0715498431657549,0.09175854400708104,0.5065635373489992,True,False
0.4013780167220621,0.25,True,0.0,0.0,1.0,1.0,0.16666666666666666,0.0736583149609687,0.046211576139222985,0.6070641228695779,False,False
0.47556881710117016,1.0,False,1.0,0.0,1.0,1.0,0.3333333333333333,0.20876717805328512,0.09660750211429446,0.5924453676804142,False,False
0.447593249614043,0.5,False,0.0,1.0,1.0,0.75,0.16666666666666666,0.02218335645323134,0.06357449791300165,0.5855824777714946,True,False
0.3812257049397215,0.0,False,0.0,1.0,0.875,0.8500000000000001,0.16666666666666666,0.06609842854407648,0.05141631754470489,0.7028065971264996,True,False
0.1491384508511061,0.0,False,0.0,0.0,0.875,0.9125000000000001,0.16666666666666666,0.2587972332741127,0.18232837206420696,0.44976278639121725,True,False
0.22464655223625163,0.0,False,0.0,1.0,0.875,0.8375000000000001,0.16666666666666666,0.13609254908697993,0.03916790342308713,0.40069566518295585,True,False
0.24841756378014168,0.0,False,0.0,1.0,0.875,0.8375000000000001,0.16666666666666666,0.15529771899883574,0.07465676877020745,0.3864968043442394,True,False
0.22464655223625163,0.0,False,0.0,1.0,1.0,0.9375,0.16666666666666666,0.18405422415351874,0.09610049452796034,0.36616602365530504,True,False
0.22464655223625163,0.0,False,0.0,1.0,0.875,0.7875000000000001,0.16666666666666666,0.17014274326655965,0.10017178301070619,0.37456297770638125,True,False
0.24841756378014168,0.0,False,0.0,1.0,1.0,0.9125000000000001,0.16666666666666666,0.18162355771273841,0.09377385108109311,0.367733312883991,True,False
0.22464655223625163,0.0,False,0.0,1.0,1.0,0.75,0.16666666666666666,0.1565042102132372,0.0970418057219644,0.38394679349023564,True,False
0.22464655223625163,0.0,False,0.0,1.0,1.0,0.9125000000000001,0.16666666666666666,0.18278401419998588,0.02790453914828962,0.37434920883653167,True,False
0.18999651059371547,0.0,False,1.0,0.0,1.0,0.9625000000000001,0.16666666666666666,0.15253938429007438,0.10039882490562042,0.4346362056548052,True,False
0.14176687734287585,0.0,True,1.0,0.0,0.875,0.875,0.16666666666666666,0.19369525717499142,0.11181537678150243,0.35964571417110136,True,False
0.2804185526406079,0.0,False,0.0,0.0,1.0,1.0,0.16666666666666666,0.11095128561152592,0.05845478311978578,0.6140755746250379,True,False
0.23709820784555535,0.0,False,0.0,0.0,1.0,1.0,0.16666666666666666,0.18011601255580184,0.0513711675450405,0.4036014739559737,True,False
0.32070147190330356,0.0,False,0.0,0.0,1.0,0.9625000000000001,0.16666666666666666,0.07417931053887025,0.0995344820342449,0.5416057584770602,True,False
0.19738131690723237,0.0,False,0.0,1.0,0.75,0.5875,0.16666666666666666,0.1594197380510196,0.11564666314384875,0.38164517998167957,True,False
0.18235264390969064,0.0,False,0.0,1.0,0.75,0.65,0.16666666666666666,0.15947703123461293,0.11691055557213248,0.38157904698242673,True,False
0.22464655223625163,0.0,False,0.0,1.0,1.0,0.9375,0.16666666666666666,0.15563710719406784,0.07152937717439116,0.38648368180238424,True,False
0.18235264390969064,0.0,False,0.0,0.0,0.75,0.7750000000000001,0.16666666666666666,0.11934724553043564,0.07247525042212932,0.5733530862902998,True,False
0.1491384508511061,0.0,False,1.0,0.0,0.875,0.8,0.16666666666666666,0.08590779741529732,0.134999884342926,0.49780089926725823,True,False
0.30656361284425115,0.0,True,1.0,0.0,0.875,0.9125000000000001,0.16666666666666666,0.19579935936760542,0.08063294466840436,0.670564481916442,True,False
0.21681908192114852,0.0,False,0.0,0.0,1.0,0.9125000000000001,0.16666666666666666,0.13441598163103813,0.076777920822473,0.4631899347035435,True,False
0.4472244112419316,0.25,False,0.0,1.0,0.0,0.0,0.16666666666666666,0.2033205538781588,0.06387757084350991,0.36479292372737215,False,False
0.1763585301969256,0.0,False,1.0,0.0,0.875,0.875,0.16666666666666666,0.11931725089881827,0.06734852933693307,0.4154691938936952,True,False
0.18999651059371547,0.0,False,0.0,0.0,1.0,1.0,0.16666666666666666,0.1672425556104806,0.15418122700619513,0.458754850222173,True,False
0.47564983384767656,0.0,False,0.0,1.0,1.0,0.875,0.16666666666666666,0.1310342218228449,0.11369151239468157,0.55251399652073,False,False
0.43104151603444596,0.0,False,1.0,0.0,1.0,0.9625000000000001,0.16666666666666666,0.17410287018124787,0.14268872626813675,0.4036392458702669,True,False
0.3150205166791181,0.0,True,1.0,0.0,0.875,0.9750000000000001,0.16666666666666666,0.07786517384001408,0.11571027440782619,0.5215676555357982,True,False
0.3150205166791181,0.0,True,1.0,0.0,1.0,0.9500000000000002,0.16666666666666666,0.07436187882731786,0.11396409029106537,0.5191304302430702,True,False
0.3535551327957952,0.0,False,0.0,1.0,1.0,0.75,0.16666666666666666,0.1677616973247996,0.08713028935353262,0.47752801454606164,True,False
0.4208674744693143,0.0,False,1.0,0.0,0.875,0.8875,0.16666666666666666,0.175143172819646,0.14512200252808358,0.40220027309747675,True,False
0.16654509119764926,0.0,False,0.0,1.0,0.75,0.675,0.16666666666666666,0.04042831603045047,0.030968244707679518,0.50140096993518,True,False
0.32070147190330356,0.25,False,0.0,1.0,1.0,0.8375000000000001,0.0,0.10284525073551426,0.06361019007470824,0.6541083959115421,True,False
0.3605344981575084,0.0,False,0.0,0.0,1.0,0.9875,0.16666666666666666,0.1330002675573493,0.10465958168841438,0.5348685866977596,True,False
0.260703623183438,0.0,False,1.0,0.0,1.0,0.9750000000000001,0.16666666666666666,0.04858964516302676,0.04677847731688728,0.6556588360394322,True,False
0.26712417837460356,0.0,False,0.0,1.0,1.0,0.8125,0.16666666666666666,0.09918456209794747,0.023903926973116444,0.49125088034557374,True,False
0.3150205166791181,0.0,False,1.0,0.0,0.875,0.8875,0.16666666666666666,0.04574754184268373,0.05345972047657616,0.6351026015841139,True,False
0.3150205166791181,0.0,False,1.0,0.0,0.875,0.9000000000000001,0.16666666666666666,0.0461156935488968,0.0544701382705915,0.63429272804656,True,False
0.1491384508511061,0.0,False,0.0,0.0,0.875,1.0,0.16666666666666666,0.11899841848496988,0.05234062731325084,0.48335546287463704,True,False
0.38616654986857035,0.5,False,1.0,0.0,0.5,0.5,0.3333333333333333,0.14340536646408308,0.10307772499725036,0.5124750655977499,False,False
0.18235264390969064,0.0,False,0.0,1.0,1.0,0.8875,0.16666666666666666,0.15916803134094384,0.05808814319672314,0.3932047914819481,True,False
0.16654509119764926,0.0,False,0.0,1.0,0.875,0.75,0.16666666666666666,0.14899278759047832,0.07584435792911567,0.39733385529625953,True,False
0.25961489543201643,0.0,False,0.0,0.0,0.625,0.8,0.16666666666666666,0.06428574879501857,0.06378330242434718,0.6080261016908783,True,False
0.1944573559628856,0.0,False,1.0,0.0,1.0,0.9125000000000001,0.16666666666666666,0.11650565750435692,0.10218880612590066,0.45813391612554355,True,False
0.23071219467756687,0.0,False,1.0,0.0,1.0,0.8375000000000001,0.16666666666666666,0.31227229172734894,0.11881552186286037,0.34299431999759133,True,False
0.2114400734862546,0.0,False,0.0,0.0,1.0,1.0,0.16666666666666666,0.11749720456735431,0.05946935302295588,0.6579608384652091,True,False
0.29922617658697714,0.25,False,1.0,0.0,0.875,0.925,0.16666666666666666,0.269865148152087,0.04021952316551994,0.39004937469906964,True,False
0.27026488318664244,0.0,False,1.0,0.0,1.0,0.9625000000000001,0.16666666666666666,0.2100506677418218,0.1307072293275185,0.5278148979497381,True,False
0.344134369123266,0.0,False,0.0,1.0,0.875,0.925,0.16666666666666666,0.07262811177118687,0.09880806439524133,0.5645989917953793,True,False
0.1944573559628856,0.0,False,0.0,1.0,1.0,1.0,0.16666666666666666,0.1590756367788953,0.04845797994118568,0.4064999979532602,True,False
0.3478060940012787,0.0,False,0.0,0.0,1.0,0.8500000000000001,0.16666666666666666,0.12999958731758252,0.09038445554340384,0.5418299853670496,False,False
0.1262306470342195,0.0,False,0.0,0.0,1.0,0.9125000000000001,0.16666666666666666,0.1910912467741171,0.11980718231996647,0.3604278019355467,True,False
0.1854424389653112,0.0,False,1.0,0.0,1.0,1.0,0.16666666666666666,0.15332655262998818,0.17852469214410305,0.5134794626884684,True,False
0.12420836164543314,0.0,False,1.0,0.0,0.625,0.9125000000000001,0.16666666666666666,0.1605912533180933,0.1643970642516546,0.523435931027783,True,False
0.1491384508511061,0.0,False,0.0,0.0,1.0,0.8125,0.16666666666666666,0.35793409820503574,0.043932392530014096,0.2801662932119362,True,False
0.18999651059371547,0.0,False,1.0,0.0,0.875,0.8875,0.16666666666666666,0.20956661933087806,0.09346343042492737,0.3914575000136322,True,False
0.22820532932234439,0.0,False,1.0,0.0,1.0,1.0,0.16666666666666666,0.07553629867335075,0.12812337231828222,0.5091063329026602,True,False
0.20311410892050896,0.0,False,0.0,0.0,1.0,0.875,0.16666666666666666,0.13080319981744917,0.012886450157953984,0.5375279894141332,True,False
0.18788311497948096,0.0,False,0.0,0.0,0.875,1.0,0.16666666666666666,0.15084739953011433,0.07068304520242583,0.39729276735509744,True,False
0.3717788994493071,0.25,False,1.0,0.0,0.625,0.75,0.16666666666666666,0.12681622616368332,0.062113590505759424,0.4883364942485695,True,False
0.3933739191718918,0.5,False,0.0,1.0,0.875,0.875,0.16666666666666666,0.12450996944207325,0.07642321394644652,0.5583215031077475,True,False
0.3684925690922315,0.25,False,0.0,1.0,1.0,0.9375,0.16666666666666666,0.11232854368787641,0.08430965675592522,0.5923493172821832,True,False
0.3638068217962408,0.25,False,1.0,0.0,1.0,1.0,0.16666666666666666,0.14130754380629418,0.032047768240398226,0.45954701193476466,False,False
0.22464655223625163,0.0,False,0.0,1.0,1.0,0.9000000000000001,0.16666666666666666,0.1656171731367295,0.04331446861570406,0.381808350680118,True,False
0.22464655223625163,0.0,False,0.0,1.0,0.875,1.0,0.16666666666666666,0.19254392507512308,0.10030977464269057,0.3613158512874346,True,False
0.18235264390969064,0.0,False,0.0,1.0,0.875,0.8,0.3333333333333333,0.15112130992390593,0.06262302011587324,0.4060272752059253,True,False
0.14511497704022547,0.0,False,0.0,0.0,0.0,0.5,0.16666666666666666,0.03343743156724227,0.08485515999865802,0.6037777933759694,True,False
0.16787936553688965,0.0,False,1.0,0.0,1.0,0.7875000000000001,0.16666666666666666,0.1645477963390712,0.019043717014609947,0.42030703369461175,True,False
0.34997979588942185,0.5,False,1.0,0.0,1.0,1.0,0.16666666666666666,0.23630635975129516,0.032189498318715606,0.6687776833253458,False,False
0.16787936553688965,0.0,False,1.0,0.0,1.0,0.8375000000000001,0.16666666666666666,0.221249971928605,0.0831836288249404,0.3868027601544126,True,False
0.32879566198707366,1.0,False,1.0,0.0,1.0,1.0,0.16666666666666666,0.07914422063894239,0.03499953707064359,0.7937209602079394,True,False
0.16654509119764926,0.0,False,0.0,0.0,0.875,0.9125000000000001,0.16666666666666666,0.19798812935252133,0.0834287180396568,0.36621592400213987,True,False
0.241649338240845,0.0,False,0.0,0.0,1.0,0.9375,0.16666666666666666,0.20327837600074675,0.12172340881974789,0.43796412712688615,True,False
0.38432683571480053,0.0,False,0.0,1.0,0.75,0.5875,0.16666666666666666,0.0745420543823165,0.06098609084151594,0.5995607147870545,True,False
0.17921840882110474,0.0,False,0.0,1.0,1.0,0.875,0.16666666666666666,0.19204508044270907,0.039941566105701855,0.3702999311588453,True,False
0.10687717191704571,0.0,False,1.0,0.0,0.5,0.625,0.16666666666666666,0.24976568926069306,0.1278015895485701,0.4879907152762182,True,False
0.14176687734287585,0.0,False,0.0,0.0,0.75,0.75,0.16666666666666666,0.11555735215535763,0.059886685461959945,0.4253205137354321,True,False
0.3605344981575084,0.25,False,1.0,0.0,0.875,0.8125,0.16666666666666666,0.13459829170882942,0.037835339733846646,0.45965622985312904,False,False
0.22464655223625163,0.0,False,0.0,0.0,0.625,0.5875,0.16666666666666666,0.3080090656410468,0.09163091964958833,0.3388107232772788,True,False
0.3328887509306683,0.0,False,0.0,1.0,1.0,0.9750000000000001,0.16666666666666666,0.11153136948898253,0.08669171295007855,0.5922984968038789,False,False
0.44537079669137636,0.0,True,1.0,0.0,1.0,1.0,0.16666666666666666,0.300064596272144,0.18293044515016618,0.4132931988624162,True,False
0.08660377490514592,0.0,False,0.0,0.0,1.0,0.875,0.16666666666666666,0.19627717622417065,0.12982428007760927,0.5331051274712226,True,False
0.2114400734862546,0.0,False,0.0,0.0,1.0,1.0,0.16666666666666666,0.20647241451096288,0.12273792417822166,0.3843824253030641,True,False
0.38432683571480053,0.0,False,0.0,1.0,0.875,0.7875000000000001,0.16666666666666666,0.0904482492959588,0.04271229226766857,0.7230625859336728,True,False
0.2540881408954355,0.0,False,1.0,0.0,0.875,0.9000000000000001,0.16666666666666666,0.17281332625686188,0.1458337179745732,0.4168991826551973,True,False
0.22439011607918624,0.0,False,1.0,0.0,0.5,0.5,0.16666666666666666,0.08001644631979664,0.08232047350984664,0.5330755522184554,True,False
0.2218090196175725,0.0,False,1.0,0.0,0.25,0.5,0.16666666666666666,0.2013359141875701,0.1283296605301269,0.4717927758847069,True,False
0.31670681412378243,0.0,False,0.0,1.0,1.0,1.0,0.16666666666666666,0.23016965586924967,0.09150237326575206,0.5674856431930564,True,False
0.3933739191718918,0.0,False,0.0,0.0,1.0,1.0,0.16666666666666666,0.12526197114345505,0.06233537088084549,0.5634543535321253,False,False
0.2463394869693064,0.0,False,1.0,0.0,0.875,0.8500000000000001,0.16666666666666666,0.09406843868167446,0.10643716495816294,0.5188161421447646,True,False
0.2463394869693064,0.0,False,1.0,0.0,0.875,0.925,0.16666666666666666,0.029823950609384673,0.021634203185461137,0.5518380758614554,True,False
0.2344192367306569,0.0,False,0.0,1.0,0.5,0.75,0.16666666666666666,0.0710313119093259,0.09280232384233858,0.6049743389856184,True,False
0.1763585301969256,0.0,False,0.0,0.0,0.625,0.875,0.16666666666666666,0.025468374651784646,0.07123945094661699,0.5905751363475544,True,False
0.25764137249870733,0.0,True,0.0,1.0,1.0,1.0,0.16666666666666666,0.14074609322708515,0.1075116037831907,0.5217066440478286,True,False
0.25764137249870733,0.0,True,0.0,1.0,1.0,1.0,0.16666666666666666,0.1464101562358631,0.12244736262474704,0.5068813616880996,True,False
0.2086999458571831,0.0,False,1.0,0.0,1.0,0.925,0.16666666666666666,0.024756279734339467,0.06745146880002564,0.5862781975038232,True,False
0.2344192367306569,0.0,False,0.0,1.0,1.0,1.0,0.16666666666666666,0.05313010383758736,0.04609738584018924,0.6515869162027279,True,False
0.2425954782507257,0.0,False,0.0,0.0,1.0,1.0,0.16666666666666666,0.2044533676847974,0.08400960023858611,0.3864240468086999,True,False
0.29012011082306344,0.5,False,1.0,0.0,0.875,0.875,0.16666666666666666,0.12123490796305007,0.11151177176572485,0.4458814830997493,True,False
0.39920315882380175,0.0,False,0.0,0.0,1.0,1.0,0.0,0.09016892468263304,0.09900515739057413,0.4575517890719776,False,False
0.3124663484708553,0.0,False,1.0,0.0,0.875,0.8125,0.16666666666666666,0.18743982631873168,0.16419588972257304,0.4002177709017438,True,False
0.24841756378014168,0.25,False,0.0,1.0,1.0,1.0,0.16666666666666666,0.17124458527440312,0.11807441136025039,0.3731177139277171,True,False
0.13021977345814928,0.0,False,0.0,1.0,0.75,0.75,0.16666666666666666,0.1615137372780502,0.09618923541533142,0.38072762730916576,True,False
0.13021977345814928,0.0,False,0.0,1.0,1.0,0.8375000000000001,0.16666666666666666,0.15248257882666574,0.11384984202025386,0.387231244329199,True,False
0.19738131690723237,0.0,False,1.0,0.0,0.875,0.9500000000000002,0.16666666666666666,0.09118045377752129,0.08712385698326754,0.4529629482239079,True,False
0.13021977345814928,0.0,False,0.0,1.0,1.0,0.75,0.16666666666666666,0.16117910869196406,0.09811434020427011,0.3808877706373386,True,False
0.13021977345814928,0.0,False,0.0,1.0,1.0,0.9125000000000001,0.16666666666666666,0.19576401061996224,0.05567845643473364,0.811435887953436,True,False
0.13021977345814928,0.0,False,0.0,1.0,1.0,1.0,0.16666666666666666,0.10793932586599932,0.10835479831790662,0.4319679252449913,True,False
0.18235264390969064,0.0,False,1.0,0.0,0.875,0.9500000000000002,0.16666666666666666,0.11007941212175697,0.10858200874571504,0.4404937840951235,True,False
0.29012011082306344,0.0,False,0.0,0.0,1.0,0.875,0.16666666666666666,0.11260856220398271,0.19295532876730312,0.5101100478808798,False,False
0.13021977345814928,0.0,False,0.0,1.0,1.0,0.875,0.16666666666666666,0.18607626621349804,0.07577509536780701,0.708487466550138,True,False
0.40810686741068813,0.0,False,0.0,0.0,1.0,1.0,0.16666666666666666,0.2095584197505569,0.07215034885671882,0.3827470737414058,True,False
0.47564983384767656,0.25,False,0.0,1.0,0.875,0.9125000000000001,0.16666666666666666,0.13008404081736327,0.01934356670908672,0.5447783547047802,True,False
0.16654509119764926,0.0,False,0.0,1.0,1.0,0.9375,0.16666666666666666,0.019937616721620127,0.05969323958812974,0.5199113684204966,True,False
0.3200407600503187,0.0,False,0.0,1.0,1.0,1.0,0.16666666666666666,0.24899622048784206,0.08106305353149268,0.5524849809864789,True,False
0.25764137249870733,0.0,True,0.0,1.0,1.0,1.0,0.16666666666666666,0.14865926723122552,0.12702277880445872,0.5015104262202115,True,False
0.25764137249870733,0.0,True,0.0,1.0,1.0,0.9625000000000001,0.16666666666666666,0.1507671338694755,0.13302681543118106,0.4969401598393679,True,False
0.13021977345814928,0.0,False,0.0,1.0,0.875,0.875,0.16666666666666666,0.28487457030907365,0.17861268708193212,0.3024582847272248,True,False
0.40353138354125606,1.0,False,0.0,0.0,1.0,1.0,0.3333333333333333,0.12154072253321012,0.10404040910283593,0.5476212197389307,False,False
0.3200407600503187,0.0,False,0.0,1.0,1.0,1.0,0.16666666666666666,0.24745344011215561,0.07896404028141164,0.5582002763819804,True,False
0.37164839339344924,0.0,False,0.0,1.0,1.0,0.6625000000000001,0.16666666666666666,0.11834203325491476,0.08267697125676735,0.5832248208043369,True,False
0.242831372789175,0.0,False,1.0,0.0,1.0,1.0,0.16666666666666666,0.14505673870501418,0.16093896642205283,0.5399159910295681,True,False
0.18235264390969064,0.0,False,1.0,0.0,1.0,0.9375,0.0,0.2951787108027535,0.14658560425952763,0.4550551799332896,True,False
0.2804185526406079,0.0,False,1.0,0.0,0.75,0.8,0.16666666666666666,0.2370511397505347,0.016753010733764888,0.37538197032234866,True,False
0.47564983384767656,0.5,False,0.0,1.0,0.875,0.5,0.16666666666666666,0.13886454771469123,0.002657716347193361,0.5148604764654376,True,False
0.4233529141375202,0.0,False,0.0,1.0,1.0,0.75,0.16666666666666666,0.13953178970076252,0.019363908629051685,0.5237604126220445,True,False
0.16654509119764926,0.0,False,0.0,0.0,1.0,1.0,0.16666666666666666,0.11271468357733551,0.13737287080458946,0.4460816740121354,True,False
0.22154922054981407,0.25,False,0.0,0.0,0.75,0.8375000000000001,0.16666666666666666,0.0820475732585215,0.01909753346408365,0.8550366170127948,True,False
0.6264037565507167,0.75,False,0.0,1.0,0.875,0.8125,0.3333333333333333,0.02848051606559526,0.07614291328544566,0.5946153012277613,False,False
0.2114400734862546,0.0,False,0.0,1.0,0.875,0.8500000000000001,0.16666666666666666,0.10419769676057881,0.08879894258863123,0.6179934852538411,True,False
0.6264037565507167,1.0,False,0.0,1.0,1.0,1.0,0.3333333333333333,0.0778044433358407,0.009511641347325493,0.8089391810287729,False,False
0.2114400734862546,0.0,False,0.0,1.0,0.875,0.8625,0.16666666666666666,0.09446332197620387,0.04852808791924443,0.6916828791365992,True,False
0.2540881408954355,0.0,True,1.0,0.0,1.0,0.9375,0.16666666666666666,0.2472908119048101,0.12019778026693435,0.5040433966399214,True,False
0.22464655223625163,0.0,False,0.0,0.0,1.0,1.0,0.16666666666666666,0.13212074197269258,0.02040964941832458,0.5267063491619159,True,False
0.19738131690723237,0.0,False,1.0,0.0,1.0,1.0,0.16666666666666666,0.09253529743163676,0.07855828844657432,0.4440995057633872,True,False
0.1055532308386048,0.0,False,0.0,0.0,0.375,0.625,0.16666666666666666,0.0551541279908158,0.04540561566937485,0.6540348354107293,True,False
0.4795832039115432,0.5,False,0.0,1.0,0.625,0.5,0.16666666666666666,0.12397818919052091,0.0393658960017825,0.5477791423736862,True,False
0.6244074038293969,0.5,False,0.0,1.0,1.0,0.875,0.3333333333333333,0.03479307397930444,0.07830187898751535,0.6107822915995968,False,False
0.43104151603444596,0.5,False,0.0,1.0,1.0,1.0,0.16666666666666666,0.09007031375849363,0.04798290862141713,0.7324673892658913,True,False
0.1744308782194427,0.0,False,0.0,0.0,0.875,0.9375,0.16666666666666666,0.07595887396788066,0.11549007464569734,0.5096500366748378,True,False
0.22464655223625163,0.0,False,0.0,1.0,0.875,0.6625000000000001,0.16666666666666666,0.2003892696327052,0.041335345175388755,0.373051367534444,True,False
0.18999651059371547,0.0,False,1.0,0.0,0.5,0.75,0.16666666666666666,0.06603590330358498,0.0690759656577479,0.5146454688665998,True,False
0.19149362807169223,0.0,False,0.0,1.0,1.0,0.9500000000000002,0.16666666666666666,0.09863824181280087,0.04554155554272633,0.43413001870754075,True,False
0.2862911586480613,0.0,False,0.0,1.0,0.75,0.75,0.0,0.10005240069000328,0.06150873113059809,0.6519903078430018,True,False
0.19738131690723237,0.0,False,0.0,1.0,1.0,0.9500000000000002,0.16666666666666666,0.10218086894661658,0.0422593939491724,0.4305917490719102,True,False
0.2862911586480613,0.0,False,0.0,1.0,1.0,0.875,0.0,0.09058260694856304,0.052595490057084714,0.6653202101637004,True,False
0.19738131690723237,0.0,False,1.0,0.0,1.0,1.0,0.16666666666666666,0.037242784329733464,0.07713003542743886,0.6114739429206899,True,False
0.22464655223625163,0.0,False,0.0,1.0,0.75,0.75,0.16666666666666666,0.1807139268320224,0.0,0.3792892574979454,True,False
0.22464655223625163,0.0,False,0.0,1.0,1.0,0.875,0.16666666666666666,0.2346172412367243,0.04021405716260423,0.39264210563024293,True,False
0.19738131690723237,0.0,False,0.0,1.0,0.875,0.8625,0.16666666666666666,0.10479664902831617,0.07039423152760234,0.6197383857940615,True,False
0.24841756378014168,0.0,False,0.0,0.0,1.0,1.0,0.16666666666666666,0.11503278421984743,0.078490108001101,0.5839086334733121,True,False
0.16654509119764926,0.0,False,1.0,0.0,1.0,1.0,0.16666666666666666,0.09297770920503061,0.03719290552886451,0.6824549432768117,True,False
0.13021977345814928,0.0,False,1.0,0.0,1.0,1.0,0.16666666666666666,0.19727864984202176,0.06946507831770138,0.3880716034377514,True,False
0.3762980595247757,0.25,False,1.0,0.0,1.0,1.0,0.16666666666666666,0.06488770022443653,0.08382893862840377,0.5925824942543054,False,False
0.16654509119764926,0.0,False,1.0,0.0,1.0,1.0,0.16666666666666666,0.21926033795132707,0.21489167400505552,0.45707902261450317,True,False
0.18235264390969064,0.0,False,0.0,0.0,0.625,0.8125,0.16666666666666666,0.09923312093282759,0.117790715071932,0.49656683612952013,True,False
0.22464655223625163,0.0,True,0.0,1.0,1.0,1.0,0.16666666666666666,0.08706272242964566,0.10827302690407256,0.4635665739166559,True,False
0.24841756378014168,0.0,True,0.0,1.0,1.0,1.0,0.16666666666666666,0.23580447634377477,0.019043705880652212,0.37540813916620097,True,False
0.2086999458571831,0.0,True,0.0,1.0,1.0,1.0,0.16666666666666666,0.1715401808770297,0.03335980501357642,0.41246076223470074,True,False
0.19738131690723237,0.0,True,0.0,1.0,1.0,1.0,0.16666666666666666,0.25926459186467515,0.04841813929903339,0.3623315173592083,True,False
0.22464655223625163,0.0,True,0.0,1.0,1.0,1.0,0.16666666666666666,0.1706745351925401,0.03102589318927919,0.4150255003392913,True,False
0.29012011082306344,0.0,False,1.0,0.0,1.0,0.9375,0.16666666666666666,0.17824325676764105,0.15429618382729118,0.4099337716543545,True,False
0.15591777176702204,0.0,False,0.0,1.0,1.0,1.0,0.16666666666666666,0.18377058926556533,0.06778242106894773,0.38908045113513134,True,False
0.18235264390969064,0.0,False,1.0,0.0,1.0,1.0,0.16666666666666666,0.10314481068853111,0.16636142505194962,0.5139628513822259,True,False
0.23709820784555535,0.0,False,0.0,0.0,0.75,0.75,0.16666666666666666,0.08581223103280947,0.08181905833655179,0.455343295544238,True,False
0.18235264390969064,0.0,False,1.0,0.0,0.75,0.75,0.16666666666666666,0.09298561458274784,0.1513448153378492,0.5122383649827542,True,False
0.14176687734287585,0.0,False,0.0,1.0,1.0,1.0,0.16666666666666666,0.18241933199916271,0.010235380687670406,0.3773020471502633,True,False
0.21387707107058385,0.0,False,0.0,1.0,1.0,1.0,0.16666666666666666,0.030035769313324235,0.07855809709731233,0.5964247893997812,True,False
0.21387707107058385,0.0,False,0.0,1.0,1.0,1.0,0.16666666666666666,0.03307561546669742,0.08532110027374304,0.6029827859493391,True,False
0.21387707107058385,0.0,False,0.0,1.0,1.0,0.75,0.16666666666666666,0.03206184101984404,0.08525174489181661,0.6012961439608413,True,False
0.5471070814015672,1.0,False,0.0,1.0,0.875,0.875,0.3333333333333333,0.05056830535350117,0.07439992703955567,0.660780954130904,False,False
0.25764137249870733,0.0,False,1.0,0.0,1.0,1.0,0.16666666666666666,0.22096984989325175,0.011498171571162438,0.8109783062292792,True,False
0.1491384508511061,0.0,False,0.0,0.0,0.75,0.75,0.16666666666666666,0.20076614326070258,0.1390121519325358,0.51898865083908,True,False
0.18235264390969064,0.0,False,0.0,0.0,0.75,0.8125,0.16666666666666666,0.13713089006470106,0.0659295448707154,0.43821187243711845,True,False
0.23926585870601202,0.0,False,0.0,1.0,0.875,0.8875,0.16666666666666666,0.1643893447999369,0.02038219617314528,0.4195957636477059,True,False
0.18235264390969064,0.0,True,1.0,0.0,1.0,0.9500000000000002,0.16666666666666666,0.28502914310423944,0.06523014925799352,0.3825366963174468,True,False
0.40644403295598985,0.0,True,0.0,0.0,1.0,0.9625000000000001,0.16666666666666666,0.10878597939455613,0.1038977647991437,0.43027242134915844,True,False
0.23071219467756687,0.0,False,1.0,0.0,1.0,0.8625,0.16666666666666666,0.08968912658111955,0.10446872341181646,0.4702684141574254,True,False
0.44057145634586703,0.5,False,0.0,1.0,1.0,0.875,0.0,0.12478435036040907,0.13433856995156113,0.4920979161973409,False,False
0.22439011607918624,0.0,False,1.0,0.0,0.875,0.8,0.16666666666666666,0.07161842586083737,0.01987936406037803,0.6983810735187603,True,False
0.16452823567084762,0.0,False,1.0,0.0,1.0,0.9750000000000001,0.16666666666666666,0.18311857162896175,0.08554987494884222,0.39668933463155476,True,False
0.19738131690723237,0.0,False,1.0,0.0,0.875,0.9125000000000001,0.16666666666666666,0.172308571010537,0.02815292277438116,0.3791628120369752,True,False
0.44057145634586703,0.5,False,0.0,1.0,1.0,0.9000000000000001,0.16666666666666666,0.1249952294819464,0.15931395528940337,0.5020072948959913,False,False
0.2380642711450397,0.0,False,1.0,0.0,1.0,1.0,0.16666666666666666,0.24208388318076493,0.03689100978476766,0.6328217785333381,True,False
0.18235264390969064,0.0,False,0.0,0.0,0.875,0.9125000000000001,0.16666666666666666,0.10847662873271621,0.07367879431236936,0.6039228737969462,True,False
0.44057145634586703,0.5,False,0.0,1.0,1.0,0.875,0.16666666666666666,0.12913536778991094,0.1454889526486679,0.4955027977498143,False,False
0.2425954782507257,0.0,False,0.0,0.0,1.0,0.925,0.16666666666666666,0.06350097567741637,0.06451031438132158,0.5264944649384815,True,False
0.549947927088006,1.0,False,0.0,1.0,0.75,0.8,0.5,0.2883897057212236,0.1343690745771766,0.3019145894404538,False,False
0.21787913240949408,0.0,False,1.0,0.0,0.875,0.8375000000000001,0.16666666666666666,0.09975635031592059,0.04884364654136725,0.7676462018998449,True,False
0.23709820784555535,0.0,True,1.0,0.0,1.0,0.9750000000000001,0.16666666666666666,0.14953938412322018,0.12010675063730053,0.41800137362214174,True,False
0.23685602136352257,0.0,True,0.0,0.0,1.0,0.9750000000000001,0.16666666666666666,0.07777238728734194,0.07042823202603879,0.5808805767593694,True,False
0.17921840882110474,0.0,True,1.0,0.0,1.0,0.9750000000000001,0.16666666666666666,0.1471591887979765,0.06449498572884786,0.39188384537878385,True,False
0.14511497704022547,0.0,False,0.0,0.0,0.875,0.8,0.16666666666666666,0.2669611870167222,0.09313540374797818,0.51165522938286,True,False
0.2440070303170766,0.0,False,1.0,0.0,0.875,0.9000000000000001,0.16666666666666666,0.03158195918732931,0.047856380418906386,0.6263295576083407,True,False
0.22946236675190324,0.0,False,1.0,0.0,1.0,0.925,0.16666666666666666,0.026230405055633812,0.048770930749464536,0.5973050648729101,True,False
0.22464655223625163,0.0,True,1.0,0.0,1.0,0.9375,0.16666666666666666,0.14365763759311603,0.130607404163468,0.4261419673852256,True,False
0.44057145634586703,0.0,False,0.0,1.0,1.0,0.8875,0.3333333333333333,0.11679392442794083,0.12870058385733757,0.4925374871431252,False,False
0.18666619388412287,0.0,False,1.0,0.0,0.875,0.8625,0.16666666666666666,0.16971757953862734,0.03127277587941201,0.41350014757703013,True,False
0.32879566198707366,0.0,True,1.0,0.0,0.875,0.9750000000000001,0.16666666666666666,0.3023148820430536,0.18599300779080866,0.29124367321221256,True,False
0.23071219467756687,0.25,False,1.0,0.0,1.0,0.9375,0.16666666666666666,0.0747193813346604,0.04987130918303638,0.641753175114339,True,False
0.18999651059371547,0.0,True,0.0,0.0,1.0,0.9625000000000001,0.16666666666666666,0.32725828935631923,0.06799020419605825,0.30242048969650126,True,False
0.241649338240845,0.5,False,1.0,0.0,1.0,0.9375,0.16666666666666666,0.14297215822175294,0.07231769132776505,0.4496732589717287,True,False
0.24841756378014168,0.0,False,1.0,0.0,0.875,0.9125000000000001,0.16666666666666666,0.0684284366171407,0.08371468096910939,0.540729731731731,True,False
0.21787913240949408,0.0,True,0.0,0.0,0.875,0.9000000000000001,0.16666666666666666,0.23809911562307284,0.17687147211989904,0.4253828920205265,True,False
0.26500494282390286,0.25,True,1.0,0.0,1.0,0.9625000000000001,0.16666666666666666,0.09781072730636867,0.09443829477751711,0.541518453994656,True,False
0.4425604725170217,0.5,False,0.0,1.0,0.875,0.825,0.3333333333333333,0.17341679349237407,0.08126920038957569,0.45150209671769104,False,False
0.1744308782194427,0.0,False,1.0,0.0,0.75,0.8375000000000001,0.16666666666666666,0.11285727520237866,0.05123671933141418,0.7233424825050476,True,False
0.1944573559628856,0.0,False,1.0,0.0,0.75,0.7750000000000001,0.16666666666666666,0.12371539749979561,0.07648514037606775,0.596413525769524,True,False
0.18235264390969064,0.0,False,0.0,0.0,1.0,0.9625000000000001,0.16666666666666666,0.0963226973636152,0.030674514262486602,0.6244615557441782,True,False
0.42601386474469594,0.5,False,1.0,0.0,0.875,0.8500000000000001,0.3333333333333333,0.31968501690085466,0.27259501083638543,0.28333149433950355,False,False
0.23709820784555535,0.25,False,1.0,0.0,0.875,0.8625,0.0,0.1285024979441581,0.10041082638070607,0.5476957727829113,True,False
0.19738131690723237,0.0,False,1.0,0.0,0.875,0.8375000000000001,0.16666666666666666,0.23375436773945518,0.06427096828775931,0.3518274273328077,True,False
0.08660377490514592,0.0,False,1.0,0.0,0.875,0.7250000000000001,0.16666666666666666,0.2294777145295127,0.015358686702822762,0.7150223960410869,True,False
0.19738131690723237,0.0,False,0.0,1.0,0.875,0.825,0.16666666666666666,0.10811768380777588,0.08365955180173348,0.6062553140854285,True,False
0.2804185526406079,0.0,True,0.0,0.0,1.0,0.925,0.16666666666666666,0.304390169010153,0.14648035927294717,0.4514585694030018,True,False
0.2683858972451899,0.0,False,0.0,0.0,0.875,0.9500000000000002,0.16666666666666666,0.10625926846992007,0.08564137251120926,0.6117734492396887,True,False
0.2804185526406079,0.0,False,0.0,0.0,0.75,0.825,0.16666666666666666,0.081535008149435,0.0767576663732749,0.5289140250663966,True,False
0.25961489543201643,0.5,True,0.0,0.0,1.0,0.9375,0.16666666666666666,0.25436279471455014,0.001419837199491989,0.3817805721753478,True,False
0.241649338240845,0.0,True,1.0,0.0,1.0,0.9375,0.16666666666666666,0.09284352054445343,0.08912704713285242,0.5267373800807131,True,False
0.28512922993451084,0.0,False,1.0,0.0,0.875,0.8875,0.16666666666666666,0.03919728057231894,0.04951923245343247,0.7416481576765515,True,False
0.3211956944885873,0.0,True,1.0,0.0,1.0,0.9750000000000001,0.16666666666666666,0.11934209781547557,0.10403442203457446,0.5678374999802791,True,False
0.32494795039328717,0.0,True,0.0,0.0,1.0,0.9750000000000001,0.16666666666666666,0.2827789168127511,0.07091694210060458,0.31529139605586365,True,False
0.44057145634586703,0.5,False,0.0,1.0,0.875,0.9000000000000001,0.0,0.12556540616045617,0.17105242093232498,0.5064537050189524,False,False
0.32879566198707366,0.0,True,1.0,0.0,1.0,0.9750000000000001,0.16666666666666666,0.311958036086128,0.21193621664751625,0.28421643664905916,True,False
0.29012011082306344,0.0,False,0.0,0.0,1.0,0.925,0.16666666666666666,0.12292675488986372,0.027872055565219152,0.41120396268253523,True,False
0.13606979892523585,0.0,False,0.0,0.0,0.875,0.8875,0.16666666666666666,0.1975733291335272,0.11178865930708956,0.556466821341423,True,False
0.44057145634586703,0.25,False,0.0,1.0,1.0,0.8375000000000001,0.3333333333333333,0.14259215412774928,0.1786698544346187,0.5111537730665274,False,False
0.13606979892523585,0.0,False,1.0,0.0,0.875,0.8125,0.16666666666666666,0.1370036582406974,0.1318815632451125,0.48458515414567316,True,False
0.25852070104109537,0.0,True,1.0,0.0,1.0,0.9625000000000001,0.16666666666666666,0.1348534537158268,0.13008361960533069,0.43098827976023046,True,False
0.7023098727792906,1.0,True,0.0,1.0,1.0,1.0,0.5,0.27615452145063124,0.11144730144860698,0.3139114949870876,False,False
0.18235264390969064,0.0,True,0.0,0.0,0.875,0.875,0.16666666666666666,0.20271806227405975,0.16114622573960227,0.4425895519240455,True,False
0.44537079669137636,0.5,False,1.0,0.0,0.875,0.925,0.16666666666666666,0.27638031722953876,0.14760515462303042,0.31319565265426763,False,False
0.4795832039115432,0.75,False,0.0,0.0,0.875,0.925,0.3333333333333333,0.24730078286940113,0.06656236505754727,0.33936025052404184,False,False
0.4155966007039439,1.0,False,0.0,1.0,0.875,0.625,0.5,0.09024144871106533,0.0423539217834923,0.6164973634499276,False,False
0.21919698502686302,0.0,True,1.0,0.0,1.0,0.9875,0.16666666666666666,0.23958513876063184,0.11779883073675869,0.5072740466234973,True,False
0.26393754610045883,0.0,False,0.0,0.0,1.0,0.8875,0.16666666666666666,0.16561188142978758,0.1219915961519881,0.3768916238144595,True,False
0.37475916771974005,0.5,False,0.0,1.0,1.0,0.75,0.16666666666666666,0.20507839496656857,0.049556568868035215,0.7360420912201167,False,False
0.12010660440501664,0.0,False,1.0,0.0,0.875,0.825,0.16666666666666666,0.3192552932763537,0.0718166736908553,0.3156045767958644,True,False
0.27026488318664244,0.25,False,0.0,0.0,0.875,0.8875,0.3333333333333333,0.21651916534222349,0.08083473447435215,0.6176718171194651,True,False
0.4834468346483859,1.0,False,0.0,1.0,1.0,0.9375,0.3333333333333333,0.10433601675864952,0.05237532997103135,0.6175005711909483,False,False
0.27026488318664244,0.0,False,1.0,0.0,0.75,0.9000000000000001,0.16666666666666666,0.09189383463532541,0.062085375270625666,0.6589273798946549,True,False
0.27519771860536413,0.0,False,1.0,0.0,1.0,0.9625000000000001,0.16666666666666666,0.1233887652257815,0.10354075437014003,0.5513106475984502,True,False
0.4834468346483859,1.0,False,0.0,1.0,1.0,0.9125000000000001,0.5,0.09544755120395214,0.036965806246662895,0.6376821766895582,False,False
0.32494795039328717,0.0,False,1.0,0.0,1.0,0.9750000000000001,0.3333333333333333,0.11430403677015706,0.09552247386899931,0.5528648263156901,True,False
0.4850819343119802,0.5,True,0.0,1.0,0.875,1.0,0.16666666666666666,0.1078425154924709,0.07206102942700228,0.5171790558437048,False,False
0.23685602136352257,0.0,True,1.0,0.0,0.875,0.925,0.16666666666666666,0.21577748263007085,0.07616016317577322,0.3681149495073943,True,False
0.23195489532549873,0.0,True,1.0,0.0,0.875,0.9500000000000002,0.16666666666666666,0.1940527247358427,0.16116875581034412,0.39347149973519535,True,False
0.18235264390969064,0.0,True,0.0,0.0,1.0,0.9500000000000002,0.16666666666666666,0.317755498715312,0.08111834063801816,0.2963396372604139,True,False
0.4834468346483859,1.0,False,0.0,1.0,0.875,0.9625000000000001,0.3333333333333333,0.09769241177713682,0.033588204447885774,0.640369473492826,False,False
0.37164839339344924,0.0,False,1.0,0.0,0.875,0.8500000000000001,0.16666666666666666,0.1849920259628998,0.14424688261866664,0.40265753567335816,True,False
0.2114400734862546,0.0,False,1.0,0.0,1.0,0.8625,0.16666666666666666,0.03784365409330524,0.07992354087346758,0.6172256727335632,True,False
0.3659613869023369,0.0,False,0.0,1.0,1.0,0.9375,0.16666666666666666,0.0408388292500001,0.06679614165866542,0.5292608244819319,True,False
0.5049380972536534,0.5,False,0.0,1.0,1.0,0.9375,0.16666666666666666,0.156676333687722,0.04580582499748119,0.405605159441905,False,False
0.18848903661177763,0.5,False,0.0,1.0,0.875,0.8500000000000001,0.16666666666666666,0.1874061800527133,0.01410709104961981,0.37688717416732853,True,False
0.2114400734862546,0.0,False,0.0,1.0,1.0,0.925,0.16666666666666666,0.4738752399683972,0.21004230821166614,0.1914733686930996,True,False
0.1944573559628856,0.0,False,0.0,1.0,1.0,0.9125000000000001,0.16666666666666666,0.48622207308888926,0.13256740827274466,0.18486838701883812,True,False
0.22310338924130446,0.0,False,0.0,1.0,0.875,0.8875,0.16666666666666666,0.5037233625587956,0.15474858703728236,0.17332917301706985,True,False
0.1744308782194427,0.0,False,0.0,0.0,0.875,0.8500000000000001,0.16666666666666666,0.20498383471829307,0.06109984203549917,0.38626322393778567,True,False
0.19854000383641235,0.0,False,1.0,0.0,1.0,0.9000000000000001,0.16666666666666666,0.4639924655871726,0.1279047967784025,0.200253464656323,True,False
0.10950116530744503,0.0,False,1.0,0.0,0.75,0.7875000000000001,0.16666666666666666,0.19238923880708167,0.08296170489541198,0.39228269335640453,True,False
0.16654509119764926,0.0,False,1.0,0.0,1.0,0.925,0.16666666666666666,0.4452387580705106,0.11822579625789624,0.21542639890241477,True,False
0.23071219467756687,0.0,False,1.0,0.0,1.0,0.8625,0.16666666666666666,0.20217306841084628,0.06370146879281516,0.38271033264702914,True,False
0.29012011082306344,0.0,False,0.0,0.0,1.0,1.0,0.16666666666666666,0.4639595959677122,0.11207947466559533,0.20113409101499302,True,False
0.08660377490514592,0.0,False,0.0,0.0,0.875,0.875,0.16666666666666666,0.44663795035503673,0.10870670028498895,0.23220091044640445,True,False
0.3476604067009895,0.0,False,0.0,0.0,1.0,1.0,0.16666666666666666,0.28534202295891176,0.061005911240505604,0.37213505717017936,True,False
0.3812257049397215,0.25,False,0.0,0.0,0.875,0.8375000000000001,0.16666666666666666,0.3881416814502766,0.02875994646099557,0.283993319912778,True,False
0.19738131690723237,0.0,True,0.0,0.0,1.0,0.9750000000000001,0.16666666666666666,0.20463925635687003,0.049633852127412094,0.3871639657927466,True,False
0.18235264390969064,0.0,False,0.0,0.0,0.875,0.8500000000000001,0.16666666666666666,0.43025063590488066,0.12094569722143955,0.22679681315643618,True,False
0.18235264390969064,0.0,False,0.0,0.0,1.0,0.9500000000000002,0.16666666666666666,0.17083048285249736,0.017200746780035695,0.39691431790651066,True,False
0.15415408668750807,0.0,False,1.0,0.0,0.875,0.8500000000000001,0.16666666666666666,0.36434119903488404,0.0674316810225647,0.2830333290935809,True,False
0.449884452457057,0.0,False,1.0,0.0,1.0,0.9625000000000001,0.16666666666666666,0.17602961502994438,0.07114257385716766,0.3889124028296984,True,False
0.2114400734862546,0.0,False,0.0,1.0,0.875,0.8375000000000001,0.16666666666666666,0.1914074452739545,0.07437196679395139,0.39381974625767113,True,False
0.4833686659005628,0.25,False,1.0,0.0,0.875,0.8875,0.16666666666666666,0.17602851521251517,0.07114300603466454,0.388912755126819,True,False
0.260703623183438,0.0,False,1.0,0.0,0.875,0.875,0.16666666666666666,0.38926608217380254,0.016617087930372587,0.25701655440841553,True,False
0.16654509119764926,0.25,False,1.0,0.0,0.875,0.8875,0.16666666666666666,0.4672182205880689,0.11404244515579168,0.2268217807486559,True,False
0.1379854216615023,0.0,False,1.0,0.0,0.875,0.875,0.16666666666666666,0.47415204509352527,0.10502404125242201,0.23092031645415734,True,False
0.5729926153310011,1.0,False,0.0,0.0,1.0,0.9000000000000001,0.5,0.18799898970522746,0.07122274000684099,0.39569533940187473,False,False
0.10062878017869592,0.0,False,0.0,0.0,1.0,0.8625,0.16666666666666666,0.45369273728931336,0.09533470020358469,0.22755864025229244,True,False
0.23195489532549873,0.0,False,1.0,0.0,1.0,0.9375,0.16666666666666666,0.4028771595452831,0.04576576976351327,0.2547444216878205,True,False
0.3812257049397215,0.0,True,0.0,1.0,1.0,1.0,0.16666666666666666,0.48892441918066126,0.03510817983292393,0.2541009138462038,True,False
0.09185166783053156,0.0,False,1.0,0.0,0.875,0.9125000000000001,0.16666666666666666,0.4813977595292462,0.08019172804706115,0.23311193332221225,True,False
0.3342878653037401,0.0,False,0.0,0.0,1.0,0.9750000000000001,0.16666666666666666,0.1891943517273972,0.08603372116161678,0.39346922960223485,True,False
0.4775852542534834,0.5,False,0.0,0.0,1.0,0.9000000000000001,0.3333333333333333,0.20658850973069584,0.09443111289283972,0.38998948749921336,False,False
0.3328887509306683,0.0,False,0.0,0.0,1.0,1.0,0.16666666666666666,0.3593851686636059,0.06473902846554912,0.2821921037687911,True,False
0.1491384508511061,0.0,True,0.0,0.0,1.0,0.9875,0.0,0.20872619778361926,0.06468646300618512,0.3858457484563145,True,False
0.18235264390969064,0.0,False,1.0,0.0,0.875,0.7875000000000001,0.0,0.4834750354988191,0.10441816553804284,0.18738961635235185,True,False
0.1491384508511061,0.0,False,1.0,0.0,0.75,0.675,0.16666666666666666,0.340082216278922,0.08598452038050391,0.288182416886513,True,False
0.23071219467756687,0.0,False,1.0,0.0,0.875,0.8500000000000001,0.16666666666666666,0.2228584742805235,0.0652534960034005,0.38693855115467324,True,False
0.17921840882110474,0.5,False,1.0,0.0,1.0,0.9000000000000001,0.16666666666666666,0.4754043259401873,0.10239983659658765,0.23062565206964813,True,False
0.3548280280131647,0.0,False,1.0,0.0,1.0,1.0,0.16666666666666666,0.3778761256015217,0.09559522242064666,0.2622049105308437,True,False
0.4239698699052846,0.5,False,1.0,0.0,1.0,0.9500000000000002,0.16666666666666666,0.37582185688835484,0.04479087760741649,0.26318972002384156,True,False
0.6021479544751941,0.5,False,1.0,0.0,1.0,0.75,0.16666666666666666,0.3440387650462701,0.05721626696350521,0.28065471035691836,False,False
0.23685602136352257,0.0,True,0.0,0.0,1.0,0.9750000000000001,0.16666666666666666,0.35876887709150296,0.07703452757031216,0.27457688505750055,True,False
0.2804185526406079,0.0,False,0.0,1.0,1.0,0.9500000000000002,0.16666666666666666,0.2025288211033021,0.07014692875060007,0.3864741473263109,True,False
0.23685602136352257,0.25,False,0.0,0.0,0.875,0.75,0.16666666666666666,0.21600021649205284,0.07346639080156123,0.37295890689767086,True,False
0.13021977345814928,0.0,False,1.0,0.0,1.0,0.9125000000000001,0.16666666666666666,0.49598983844371997,0.09412755965315876,0.17950963351621874,True,False
0.1491384508511061,0.0,False,1.0,0.0,1.0,0.9500000000000002,0.16666666666666666,0.5040061850623739,0.07078993900700786,0.17510642057899983,True,False
0.1545079674776736,0.0,False,1.0,0.0,0.625,0.6625000000000001,0.3333333333333333,0.46836988312161787,0.08466630608418234,0.2517626592602704,True,False
0.46714275042793896,0.0,False,0.0,1.0,0.0,0.0,0.16666666666666666,0.16689427827761918,0.04154532499010062,0.3885967334914233,True,False
0.23709820784555535,0.0,False,1.0,0.0,1.0,0.9500000000000002,0.16666666666666666,0.3847870215560071,0.027608044625718874,0.259044581154368,True,False
0.39908808914396154,1.0,False,0.0,1.0,0.75,1.0,0.3333333333333333,0.202159455529907,0.10277191838161817,0.38738114969567095,False,False
0.10950116530744503,0.0,False,0.0,0.0,0.875,0.9000000000000001,0.16666666666666666,0.3579174998379446,0.03905495295504581,0.2802020680336679,True,False
0.27519771860536413,0.25,False,1.0,0.0,1.0,0.8500000000000001,0.16666666666666666,0.3010067635549605,0.09930966685477548,0.3633232471879768,True,False
0.10062878017869592,0.25,False,0.0,0.0,0.75,0.8125,0.16666666666666666,0.454645026329702,0.13805197530432703,0.23853387950193716,True,False
0.08660377490514592,0.0,False,1.0,0.0,0.5,0.6375000000000001,0.16666666666666666,0.26537208185794897,0.04426972681392463,0.3126855509437616,True,False
0.37807980508575423,0.0,True,0.0,1.0,1.0,0.9750000000000001,0.16666666666666666,0.32947118578254825,0.1296352945310781,0.3280751319737951,False,False
0.4911254230547516,1.0,True,0.0,1.0,1.0,0.875,0.5,0.3175002770016168,0.1191458020434539,0.33418786855208404,False,False
0.15974835452086278,0.0,False,1.0,0.0,0.625,0.7375,0.16666666666666666,0.46869840467062474,0.07864947337801707,0.28516115965212574,True,False
0.14176687734287585,0.0,False,1.0,0.0,0.75,0.825,0.16666666666666666,0.47290173551317205,0.08719403684503789,0.32813651194565074,True,False
0.39908808914396154,1.0,False,0.0,1.0,0.5,1.0,0.3333333333333333,0.1799014097887678,0.05680198881559871,0.40201731595582824,False,False
0.24864724269350724,0.0,False,0.0,0.0,0.875,0.9500000000000002,0.16666666666666666,0.1860078738774446,0.06467401514730832,0.40072174677071937,True,False
0.23709820784555535,0.0,True,1.0,0.0,1.0,0.9750000000000001,0.16666666666666666,0.4242304653364915,0.059943026281831006,0.24018689434142915,True,False
0.39443475568633246,0.0,False,1.0,0.0,1.0,0.9375,0.16666666666666666,0.37984184846183294,0.07350406444641823,0.26040920700335213,True,False
0.2804185526406079,0.0,False,1.0,0.0,1.0,1.0,0.16666666666666666,0.21879910794644392,0.110291032286324,0.38353677868310676,True,False
0.2804185526406079,0.0,False,1.0,0.0,1.0,1.0,0.16666666666666666,0.21857198259592436,0.11461303486982177,0.383430903128007,True,False
0.27519771860536413,0.0,False,1.0,0.0,1.0,1.0,0.16666666666666666,0.4015573123966148,0.024041010830239698,0.24862609076082332,True,False
0.26500494282390286,0.0,False,1.0,0.0,1.0,1.0,0.16666666666666666,0.4129141268349433,0.03843180937954047,0.24625552125794692,True,False
0.20169498752407222,0.0,False,0.0,0.0,1.0,1.0,0.16666666666666666,0.19563402222653545,0.09556533079137089,0.38902383522158157,True,False
0.2114400734862546,0.0,False,0.0,0.0,1.0,0.9750000000000001,0.16666666666666666,0.42747310393438875,0.09493728522571719,0.2307029946994903,True,False
0.22694099873152396,0.25,False,0.0,0.0,1.0,0.9500000000000002,0.16666666666666666,0.4621102005797051,0.09538295837622993,0.3010250993635144,True,False
0.4208674744693143,0.0,False,0.0,0.0,0.875,0.8,0.16666666666666666,0.11781609117430368,0.0820619064691296,0.4687480983733481,False,False
0.38432683571480053,0.5,False,0.0,1.0,0.75,0.7250000000000001,0.3333333333333333,0.4038344908190571,0.017335713116978138,0.2496588506612092,False,False
0.3141724492380934,0.0,False,1.0,0.0,0.875,0.875,0.16666666666666666,0.08057352179322344,0.0916382903544181,0.549483286009276,True,False
0.10062878017869592,0.0,False,0.0,1.0,0.625,0.75,0.16666666666666666,0.4739891165186735,0.07092170924505467,0.2907741211635022,True,False
0.09651523364878123,0.25,False,0.0,1.0,1.0,0.8375000000000001,0.16666666666666666,0.45274600786866515,0.11482124008966763,0.30436871699343504,True,False
0.08221400771487952,0.5,False,0.0,1.0,1.0,1.0,0.16666666666666666,0.47049388491998556,0.07756450055120086,0.29281388691928756,True,False
0.21787913240949408,0.0,False,1.0,0.0,1.0,1.0,0.16666666666666666,0.21206758564021405,0.06439717245969419,0.38931292669976103,True,False
0.1491384508511061,0.0,False,0.0,0.0,1.0,0.8875,0.16666666666666666,0.20047544109510895,0.06854032003784756,0.387041063386524,True,False
0.15766729729734064,0.0,False,0.0,1.0,0.625,0.75,0.16666666666666666,0.36307982998269295,0.06473473270356606,0.2782636623636505,True,False
0.18235264390969064,0.0,False,0.0,0.0,1.0,0.9125000000000001,0.16666666666666666,0.4341192712464801,0.14979525767560772,0.2670067863137524,True,False
0.37807980508575423,0.5,False,0.0,0.0,0.875,0.875,0.3333333333333333,0.3966811722119189,0.06853050034590445,0.26058888510346256,False,False
0.4208674744693143,0.5,False,1.0,0.0,1.0,1.0,0.0,0.39805941486094976,0.08587980708455997,0.2627138432254317,False,False
0.482742304435278,0.5,False,0.0,1.0,0.5,0.75,0.16666666666666666,0.1991838929940631,0.03975005965810692,0.38797452664741194,False,False
0.5985370703727445,0.75,False,0.0,0.0,0.875,0.875,0.6666666666666666,0.17693663019190284,0.004611952191939213,0.3947749729480585,False,False
0.17921840882110474,0.0,False,1.0,0.0,0.875,0.9000000000000001,0.16666666666666666,0.3748136824222627,0.03190740190742709,0.26977826082007406,True,False
0.15591777176702204,0.0,False,1.0,0.0,0.5,0.75,0.16666666666666666,0.3221809827216444,0.100049510071564,0.31994719708322905,True,False
0.1491384508511061,0.0,False,1.0,0.0,0.875,0.8625,0.16666666666666666,0.42345694303541187,0.08455021713346109,0.23017153671220325,True,False
0.10950116530744503,0.0,False,1.0,0.0,0.5,0.5750000000000001,0.16666666666666666,0.46068658268182977,0.09739769813753485,0.29848159240393124,True,False
0.39619142062674795,0.0,True,0.0,0.0,1.0,0.9875,0.0,0.02778878878520367,0.07297043039742528,0.5529514355659777,False,False
0.23071219467756687,0.0,False,0.0,0.0,1.0,0.9125000000000001,0.16666666666666666,0.4800458469651451,0.13504631500437328,0.18889797806426634,True,False
0.29922617658697714,0.0,True,0.0,0.0,1.0,0.9375,0.16666666666666666,0.23754253519216512,0.11711530434968902,0.3887268277270901,True,False
0.0960533426341309,0.0,False,0.0,0.0,0.75,0.8500000000000001,0.16666666666666666,0.42715011229035893,0.1023667740110924,0.2302664007011317,True,False
0.5862120866628179,0.5,True,0.0,0.0,1.0,0.9875,0.3333333333333333,0.38618421273045134,0.03933329279245574,0.25671916539089756,False,False
0.19738131690723237,0.0,False,1.0,0.0,0.875,0.9375,0.16666666666666666,0.18932383307608464,0.09804401027317691,0.3769071613562678,True,False
0.13950588713035217,0.0,False,1.0,0.0,0.875,0.8,0.16666666666666666,0.2989961384481982,0.0970643464101003,0.3924013892339069,True,False
0.2165532616245932,0.0,True,0.0,0.0,1.0,0.9500000000000002,0.16666666666666666,0.513626659477453,0.10695217273580977,0.19171928471983124,True,False
0.1491384508511061,0.0,True,1.0,0.0,1.0,0.9625000000000001,0.16666666666666666,0.36038210183920333,0.11262590148093214,0.4121015300786208,True,False
0.10950116530744503,0.0,True,0.0,0.0,1.0,0.9625000000000001,0.16666666666666666,0.9241780401536022,1.0,0.028915479007535883,True,False
0.3358319735457994,0.5,False,1.0,0.0,0.875,0.9000000000000001,0.16666666666666666,0.2287711125618581,0.1558682236891885,0.42621257787396116,True,False
0.26500494282390286,0.0,True,1.0,0.0,1.0,0.9875,0.16666666666666666,0.4036301301161664,0.03814639078672771,0.273159354625353,True,False
0.29922617658697714,0.25,False,0.0,0.0,0.875,0.875,0.16666666666666666,0.2891518837945756,0.07842141118611058,0.3099034382126471,True,False
0.2804185526406079,0.0,False,0.0,0.0,1.0,0.9750000000000001,0.16666666666666666,0.2825960458169488,0.12977997900315993,0.4045591319636652,True,False
0.40488052232439464,0.0,False,0.0,0.0,0.0,0.0,0.16666666666666666,0.18015970038499898,0.11857372049559561,0.38985408377814945,True,False
0.19738131690723237,0.0,False,1.0,0.0,1.0,1.0,0.16666666666666666,0.20391454186651037,0.11246495110726824,0.42931445678623925,True,False
0.18999651059371547,0.0,False,0.0,0.0,1.0,1.0,0.16666666666666666,0.30664253698463867,0.03534557353587225,0.3747753976837509,True,False
0.5455845191194862,0.0,False,0.0,0.0,1.0,1.0,0.16666666666666666,0.19598126062679622,0.11032471985884759,0.356729157584176,True,False
0.2086999458571831,0.0,False,0.0,1.0,0.625,0.75,0.16666666666666666,0.1347675307085299,0.037154946149551775,0.40427459294296897,True,False
0.1944573559628856,0.0,False,0.0,1.0,0.625,0.75,0.16666666666666666,0.032996354488692994,0.04433560184626318,0.5084248404596909,True,False
0.10950116530744503,0.0,False,1.0,0.0,1.0,0.9625000000000001,0.16666666666666666,0.4393910666954347,0.113000638130259,0.24441506344583153,True,False
0.3782065169122323,0.25,False,1.0,0.0,1.0,0.9125000000000001,0.16666666666666666,0.1228773837070458,0.13237777558774844,0.4494492774957175,True,False
0.24517637926293945,0.0,False,1.0,0.0,1.0,0.9125000000000001,0.16666666666666666,0.2161072062285462,0.09628177060499737,0.3465410845712935,True,False
0.5691237933015362,0.0,False,0.0,0.0,0.75,0.75,0.16666666666666666,0.3856983150475315,0.040532441125865244,0.36725707189781764,True,False
0.9999707857481323,0.0,False,0.0,1.0,0.875,0.8,0.16666666666666666,0.5284700963399555,0.09744066959353692,0.24422806984327838,False,False
0.9999707857481323,0.0,False,0.0,1.0,0.875,0.8375000000000001,0.16666666666666666,0.5366476918699112,0.10069697531422529,0.2297937393729077,False,False
0.29369633957429786,0.0,False,0.0,0.0,1.0,0.9625000000000001,0.16666666666666666,0.415328188596899,0.04453972861705536,0.28323637705226434,True,False
0.2114400734862546,0.0,False,1.0,0.0,1.0,0.9000000000000001,0.16666666666666666,0.3575730658792857,0.15347236988804647,0.45601158927079966,True,False
0.3476604067009895,0.0,False,0.0,0.0,1.0,1.0,0.16666666666666666,0.08373963583180678,0.10576720803684167,0.5768714306178779,True,False
0.3590181020286799,0.0,False,0.0,0.0,1.0,0.9375,0.16666666666666666,0.2752907728343568,0.012596832647640912,0.34630736049881294,True,False
0.25983307656246224,0.25,True,0.0,0.0,1.0,0.9500000000000002,0.16666666666666666,0.5359747222459476,0.15980841652310376,0.1825247762492761,True,False
0.42601386474469594,0.0,False,0.0,0.0,0.875,0.875,0.16666666666666666,0.15303573136512275,0.05637339478003166,0.5144281618818727,True,False
0.13950588713035217,0.0,False,0.0,0.0,0.875,0.8,0.16666666666666666,0.31075484559564115,0.02742966667828136,0.35434106888505235,True,False
0.16283314549952832,0.0,False,1.0,0.0,0.75,0.7875000000000001,0.16666666666666666,0.36601860959095206,0.06691150336004259,0.34366470621594014,True,False
0.18235264390969064,0.0,True,0.0,0.0,1.0,0.9500000000000002,0.16666666666666666,0.6583633780339244,0.21438391176625698,0.154882361941183,True,False
0.09835306947193512,0.0,False,1.0,0.0,0.875,0.9000000000000001,0.16666666666666666,0.4601262426949562,0.08082110355946172,0.3227670993870557,True,False
0.08172075217918262,0.0,False,1.0,0.0,0.875,0.8875,0.16666666666666666,0.5058472933198226,0.17613159773342565,0.2746343814470529,True,False
0.1744308782194427,0.0,False,0.0,0.0,1.0,0.9125000000000001,0.16666666666666666,0.3116400688264829,0.05832148353575811,0.3815436684480622,True,False
0.10062878017869592,0.0,False,0.0,0.0,0.875,0.875,0.16666666666666666,0.16165717584208045,0.09169118030432932,0.4003893870509141,True,False
0.23709820784555535,0.0,False,0.0,0.0,1.0,0.9500000000000002,0.16666666666666666,0.4586728397076651,0.3315559064335108,0.3135020086310023,True,False
0.3046191557995309,0.25,False,0.0,1.0,0.875,0.8500000000000001,0.16666666666666666,0.4101166803054721,0.12672532499901334,0.4582962251662299,True,False
0.33751795036703236,0.5,False,0.0,1.0,0.875,0.8375000000000001,0.3333333333333333,0.39147301913555316,0.09433964424062474,0.4329736615066153,True,False
0.16787936553688965,0.0,False,0.0,0.0,0.875,0.7750000000000001,0.16666666666666666,0.3822018074380864,0.025517577759199064,0.3282344628547944,True,False
0.24841756378014168,0.0,True,0.0,1.0,1.0,0.9625000000000001,0.16666666666666666,0.05555622652889096,0.0369101111306735,0.6630883177708975,True,False
0.22439011607918624,0.0,True,0.0,0.0,1.0,1.0,0.16666666666666666,0.45361526990949785,0.09833850056864865,0.28346331307041317,True,False
0.1491384508511061,0.0,False,0.0,0.0,0.875,0.8500000000000001,0.16666666666666666,0.32009887673507986,0.10693774918501457,0.28671095806793323,True,False
0.2862911586480613,0.0,False,0.0,1.0,0.75,0.7875000000000001,0.5,0.39307650408656336,0.07336846302141284,0.40251494270688015,True,False
0.27233381791101985,0.0,False,0.0,1.0,0.875,0.9125000000000001,0.16666666666666666,0.39200441997123187,0.09879622262149948,0.44058288098047216,True,False
0.18235264390969064,0.0,False,0.0,0.0,1.0,0.8875,0.16666666666666666,0.3531623419262649,0.1370770605279151,0.43136293536268977,True,False
0.2425954782507257,0.0,False,1.0,0.0,1.0,1.0,0.16666666666666666,0.25054690378264044,0.04159347984419155,0.3200857238922492,True,False
0.242831372789175,0.0,False,1.0,0.0,0.75,0.65,0.16666666666666666,0.3287329445607071,0.04865144145196251,0.3248624932026185,True,False
0.29922617658697714,0.0,False,0.0,0.0,0.75,0.875,0.16666666666666666,0.07321265324972472,0.08927094086038506,0.6991595890114048,True,False
0.47213862542787466,0.0,False,1.0,0.0,1.0,1.0,0.16666666666666666,0.2351046102587528,0.15775435327425275,0.34503300554436933,True,False
0.11802640583139079,0.0,True,0.0,0.0,1.0,0.9375,0.0,0.6290973623680823,0.3443443999965872,0.13660384079323684,True,False
0.25093081518220284,0.0,False,0.0,1.0,0.625,0.7375,0.16666666666666666,0.5046856220835683,0.2927810197012201,0.25982631406491463,True,False
0.6211497784210541,1.0,False,0.0,1.0,0.75,0.75,0.16666666666666666,0.08399174252543708,0.09810289228525493,0.6292015203698127,True,False
0.584793148748631,0.75,False,0.0,1.0,1.0,1.0,0.16666666666666666,0.08399326021450325,0.0980994626009508,0.6291995409433102,True,False
0.13021977345814928,0.0,False,1.0,0.0,0.875,0.925,0.16666666666666666,0.3207722935982037,0.20794269905159568,0.40897273725743055,True,False
0.2449430109122971,0.0,True,1.0,0.0,1.0,0.9500000000000002,0.16666666666666666,0.4206330201301187,0.052200973947298904,0.2709432157644023,True,False
0.23685602136352257,0.5,False,0.0,0.0,0.875,0.875,0.16666666666666666,0.48765395112809434,0.1195542926073469,0.39569251695923646,True,False
0.27026488318664244,0.0,True,0.0,1.0,1.0,0.925,0.16666666666666666,0.07124809352603735,0.07727216496394736,0.5803897675282716,True,False
0.2862911586480613,0.0,True,0.0,1.0,1.0,0.9500000000000002,0.16666666666666666,0.06431784590965524,0.09032442697784476,0.5656695190637164,True,False
0.3476604067009895,0.0,False,0.0,0.0,1.0,1.0,0.16666666666666666,0.2644611545921618,0.018022222510502544,0.3794152783146931,True,False
0.22464655223625163,0.5,False,0.0,0.0,0.875,0.8375000000000001,0.16666666666666666,0.49212838994380786,0.10017814409442032,0.3472335166683236,True,False
0.39218912331113376,0.0,False,0.0,0.0,1.0,1.0,0.16666666666666666,0.42247386675717247,0.05910282227185496,0.23486777616499355,True,False
0.16112476655243813,0.0,True,1.0,0.0,0.875,0.925,0.16666666666666666,0.3648955459440978,0.13851069982069172,0.4621295201349296,True,False
0.3263988153189793,0.0,False,0.0,1.0,0.625,0.5,0.16666666666666666,0.17818100202444623,0.11061919503491321,0.4603704557537931,False,False
0.16654509119764926,0.0,False,1.0,0.0,1.0,0.9500000000000002,0.16666666666666666,0.1157558773025764,0.14363259170168421,0.452666942536055,True,False
0.19738131690723237,0.0,False,0.0,0.0,1.0,0.9750000000000001,0.16666666666666666,0.18105577843141338,0.07627775076153359,0.3808004338913915,True,False
0.10950116530744503,0.5,False,1.0,0.0,1.0,1.0,0.16666666666666666,0.6216770595785934,0.1266578309885561,0.1493414303014371,True,False
0.1491384508511061,0.0,True,1.0,0.0,1.0,0.925,0.16666666666666666,0.38145905835350324,0.03513414164047064,0.35535797253898904,True,False
0.17378451962196084,0.0,True,1.0,0.0,1.0,1.0,0.16666666666666666,0.3918870413557799,0.01585030347512496,0.3492971626803947,True,False
0.1652025969937264,0.0,True,1.0,0.0,1.0,1.0,0.16666666666666666,0.3785002202412976,0.03842841001038003,0.34818663393322,True,False
0.1652025969937264,0.0,True,1.0,0.0,1.0,0.9500000000000002,0.16666666666666666,0.38146257032515607,0.03273684002842253,0.35010925538117,True,False
0.1776342231555602,0.0,True,1.0,0.0,1.0,0.925,0.16666666666666666,0.3061387826314589,0.1926598288540054,0.40815310489080936,True,False
0.31670681412378243,0.0,False,1.0,0.0,0.875,1.0,0.16666666666666666,0.3744385054239584,0.024077347889701412,0.2940895419295717,True,False
0.45448511281551773,0.5,False,1.0,0.0,1.0,0.75,0.3333333333333333,0.37631248970191306,0.017837596453306043,0.2919923122542589,True,False
0.1491384508511061,0.0,False,0.0,0.0,1.0,1.0,0.16666666666666666,0.45554615313720703,0.09388385038632714,0.22983587104082837,True,False
0.07723047886437417,0.0,False,1.0,0.0,1.0,0.9750000000000001,0.16666666666666666,0.5958719588113575,0.06444413163387537,0.19357345400597747,True,False
0.4209716023948956,0.0,True,1.0,0.0,1.0,1.0,0.16666666666666666,0.2805325785565095,0.039314666962771375,0.32452922244809135,False,False
0.24841756378014168,0.0,False,1.0,0.0,0.875,0.625,0.16666666666666666,0.08872066457474015,0.10171621065869803,0.5503042169313557,True,False
0.32494795039328717,0.0,False,1.0,0.0,1.0,1.0,0.16666666666666666,0.06339746466730141,0.09561473811532328,0.5412415071223249,True,False
0.4130205699691011,0.5,False,0.0,1.0,0.5,0.5,0.16666666666666666,0.10012038687085897,0.1122628986390266,0.4493152583333462,True,False
0.5638381315747728,1.0,False,1.0,0.0,1.0,1.0,0.3333333333333333,0.24330003934578007,0.020970607133534103,0.3763875126833187,False,False
0.13021977345814928,0.0,False,0.0,0.0,1.0,1.0,0.16666666666666666,0.6794242823349379,0.12162342889146041,0.1275122182237005,True,False
0.16654509119764926,0.25,False,0.0,0.0,0.875,0.75,0.16666666666666666,0.41489115638390583,0.11055295738145572,0.3004094414186178,True,False
0.1527327886607558,0.0,False,1.0,0.0,1.0,1.0,0.16666666666666666,0.36473617853103013,0.07157189892146587,0.3675482155524341,True,False
0.14176687734287585,0.0,False,1.0,0.0,1.0,1.0,0.16666666666666666,0.41111727090072364,0.08609041392799409,0.30130608353696564,True,False
0.15766729729734064,0.0,False,1.0,0.0,0.75,0.8625,0.16666666666666666,0.24380936409997708,0.08946145698357084,0.4058691506358072,True,False
0.25961489543201643,0.0,False,0.0,1.0,1.0,0.8875,0.16666666666666666,0.21678801473174866,0.10489253322631058,0.37321193554232,True,False
0.3617673850533235,0.5,False,0.0,1.0,1.0,0.875,0.16666666666666666,0.16493850179112168,0.041239047014334146,0.3841513754444976,False,False
0.2086999458571831,0.0,True,0.0,0.0,0.875,0.9500000000000002,0.16666666666666666,0.2260454272125568,0.019289039689278035,0.3922460175863436,True,False
0.4208674744693143,0.0,False,0.0,1.0,0.875,0.875,0.16666666666666666,0.36018946568163773,0.050799626324557236,0.3015475209707983,False,False
0.25983307656246224,0.0,False,1.0,0.0,1.0,0.9875,0.16666666666666666,0.23784744666968685,0.06225086783293934,0.36458461989213586,True,False
0.4101950717160826,0.75,False,0.0,1.0,0.875,0.8125,0.3333333333333333,0.34923924135264184,0.0707240691430424,0.35747657733687777,False,False
0.11844403714562823,0.0,False,1.0,0.0,0.75,1.0,0.16666666666666666,0.42750289796646707,0.14043347399673414,0.40829579831655805,True,False
0.1491384508511061,0.0,False,0.0,0.0,1.0,0.9750000000000001,0.16666666666666666,0.26914129101820655,0.048685493136505276,0.36593798605859784,True,False
0.2804185526406079,0.0,False,1.0,0.0,0.875,0.925,0.3333333333333333,0.3138841407104948,0.049846908482684894,0.3276866123691098,True,False
0.45350099603858485,0.5,False,0.0,1.0,0.75,0.8375000000000001,0.16666666666666666,0.2318721399510713,0.16326401780479735,0.347545471306242,False,False
0.4101950717160826,1.0,False,0.0,1.0,0.875,0.8375000000000001,0.3333333333333333,0.374184893910591,0.04743819875821146,0.35127670601873184,False,False
0.4101950717160826,0.75,False,0.0,1.0,0.875,0.7625,0.3333333333333333,0.3417267070847963,0.05522933422842462,0.3586150283335061,False,False
0.23071219467756687,0.0,False,0.0,0.0,0.875,0.9500000000000002,0.16666666666666666,0.090303438963271,0.08540739941608491,0.5964486049562752,True,False
0.4101950717160826,0.75,False,0.0,1.0,0.875,0.8125,0.3333333333333333,0.3692939782059161,0.05926911784271441,0.35977754144080554,False,False
0.541131953900612,0.5,False,0.0,1.0,0.5,0.6625000000000001,0.3333333333333333,0.0824484412594326,0.11628160089547415,0.5530335268397539,False,False
0.358464058554813,0.0,False,0.0,0.0,0.875,0.75,0.16666666666666666,0.3010682110828993,0.06534171646457239,0.3501349656195816,True,False
0.2563156908030887,0.0,False,1.0,0.0,1.0,1.0,0.16666666666666666,0.4678567487860733,0.009748312841739631,0.21324585175716382,True,False
0.49854263223364315,1.0,False,0.0,1.0,0.875,0.8625,0.16666666666666666,0.17076184227221314,0.12620519777198308,0.4009236336252955,True,False
0.4101950717160826,0.5,False,0.0,1.0,0.75,0.7250000000000001,0.16666666666666666,0.1614380350785612,0.13652215599807577,0.412941840810199,True,False
0.3617673850533235,0.5,False,0.0,1.0,0.875,0.75,0.16666666666666666,0.18375046084261357,0.02323740709835253,0.37087508778457123,False,False
0.44057145634586703,1.0,False,0.0,1.0,0.875,0.875,0.5,0.2500102996945909,0.10474750755997526,0.3211326146946414,False,False
0.27822498400688145,0.0,False,0.0,1.0,1.0,1.0,0.16666666666666666,0.2109779046674758,0.14660130550639006,0.36430157610069935,True,False
0.3358319735457994,0.0,False,0.0,1.0,1.0,0.75,0.16666666666666666,0.22864663595419035,0.16089949472604956,0.3493089352981098,True,False
0.27458718613707267,0.0,True,0.0,0.0,1.0,0.9000000000000001,0.16666666666666666,0.43129891221704353,0.09719471475994684,0.30376777214341133,True,False
0.25983307656246224,0.0,True,1.0,0.0,1.0,0.9500000000000002,0.16666666666666666,0.249579415233789,0.06963590747945772,0.35660608234092606,True,False
0.18999651059371547,0.0,False,0.0,0.0,1.0,0.9750000000000001,0.16666666666666666,0.17609691381850265,0.06620224457154467,0.38336350577065437,True,False
0.13021977345814928,0.0,False,1.0,0.0,1.0,0.875,0.16666666666666666,0.3864465395488667,0.03423677860800926,0.36185387394929935,True,False
0.13021977345814928,0.0,True,1.0,0.0,1.0,0.925,0.16666666666666666,0.4949638505198993,0.04534538221725142,0.21387091695597693,True,False
0.13021977345814928,0.0,False,0.0,0.0,1.0,0.9625000000000001,0.16666666666666666,0.3366938719375225,0.2822870666877538,0.3970298117420761,True,False
0.1491384508511061,0.0,False,1.0,0.0,1.0,0.9375,0.16666666666666666,0.3243419396120957,0.15137631000210433,0.3500959787736939,True,False
0.09835306947193512,0.0,False,1.0,0.0,1.0,0.9125000000000001,0.16666666666666666,0.5628356941954287,0.16352488778578095,0.18613406106259234,True,False
0.19738131690723237,0.0,True,0.0,0.0,1.0,0.9500000000000002,0.16666666666666666,0.2754881580055356,0.2378941076375859,0.4217355104572498,True,False
0.1527327886607558,0.25,True,1.0,0.0,0.875,0.925,0.16666666666666666,0.5619164285467911,0.1671574880564269,0.1815159028481752,True,False
0.18079116112193871,0.5,True,1.0,0.0,0.75,0.8500000000000001,0.16666666666666666,0.5629355250737651,0.1623428316769488,0.18205895552132279,True,False
0.09185166783053156,0.0,True,1.0,0.0,0.875,0.9375,0.16666666666666666,0.5538480680420934,0.1617117467370125,0.18518461055340874,True,False
0.12010660440501664,0.0,False,0.0,1.0,1.0,0.9375,0.16666666666666666,0.3310127664205526,0.15847032095062843,0.37803568017115086,True,False
0.10950116530744503,0.0,True,1.0,0.0,1.0,0.9375,0.16666666666666666,0.5730980213143567,0.18243779209557615,0.17631076818086378,True,False
0.13950588713035217,0.0,False,0.0,0.0,1.0,0.925,0.16666666666666666,0.473837993772618,0.03815946089111538,0.23182300533562272,True,False
0.1454838325651734,0.0,False,0.0,0.0,1.0,1.0,0.16666666666666666,0.3418698218803542,0.21613774929341306,0.3506030270981453,True,False
0.1491384508511061,0.0,False,1.0,0.0,1.0,0.9375,0.16666666666666666,0.3701828412272786,0.19774129766863907,0.3185970228125785,True,False
0.18235264390969064,0.0,False,0.0,0.0,0.875,0.8625,0.16666666666666666,0.588287215263193,0.25970560302699885,0.17643402232383743,True,False
0.4147413028284933,0.25,True,0.0,0.0,1.0,0.9500000000000002,0.3333333333333333,0.2366643066184961,0.22560286775858254,0.4432730230657511,False,False
0.3548280280131647,0.0,False,0.0,0.0,1.0,0.9625000000000001,0.16666666666666666,0.583312922307422,0.2906478951107587,0.1827689285693448,True,False
0.15974835452086278,0.0,False,1.0,0.0,0.75,0.75,0.16666666666666666,0.24727944342087402,0.19988947338660112,0.44800391445360455,True,False
0.09835306947193512,0.0,False,0.0,0.0,0.625,0.75,0.16666666666666666,0.27880443893647855,0.24846305979677905,0.4179094721160428,True,False
0.18235264390969064,0.5,True,0.0,0.0,0.875,1.0,0.3333333333333333,0.5184645954562781,0.06763244754357359,0.21096939558909122,False,False
0.13021977345814928,0.0,False,1.0,0.0,0.875,0.8875,0.16666666666666666,0.43898315628603884,0.13177779674741977,0.3755142038113424,True,False
0.29922617658697714,0.5,True,0.0,0.0,1.0,0.9750000000000001,0.3333333333333333,0.434865421386641,0.11322734618375412,0.27759938963876296,True,False
0.18235264390969064,0.0,False,1.0,0.0,0.875,0.8875,0.16666666666666666,0.5954011242467934,0.23481747935389563,0.17803947258676023,True,False
0.08660377490514592,0.0,False,0.0,0.0,0.875,0.8500000000000001,0.16666666666666666,0.560811669577724,0.16904842182346577,0.18165103359295842,True,False
0.1763585301969256,0.0,False,1.0,0.0,0.875,0.925,0.16666666666666666,0.5464089956210862,0.2520834291044218,0.20684008241196894,True,False
0.1959242404935334,0.0,False,0.0,0.0,1.0,0.9750000000000001,0.16666666666666666,0.313456319208197,0.22591321824728794,0.3968944621093786,True,False
0.2543119233276806,0.0,False,0.0,0.0,1.0,0.9125000000000001,0.16666666666666666,0.25608130530421586,0.1967154156706971,0.41850346074330425,True,False
0.30726640843748776,0.0,False,1.0,0.0,1.0,0.8625,0.16666666666666666,0.33120350929865033,0.14402985246736036,0.3809976695551607,True,False
0.15766729729734064,0.0,True,0.0,0.0,1.0,0.9625000000000001,0.16666666666666666,0.583824531860543,0.20615285939431777,0.17003245967079805,True,False
0.04699771315400536,0.0,False,0.0,0.0,0.875,0.8875,0.16666666666666666,0.5519359313039844,0.1357124722239785,0.19124351978997622,True,False
0.20169498752407222,0.0,True,0.0,0.0,1.0,0.9375,0.16666666666666666,0.4019010116765608,0.05662439508509116,0.3085475719569508,True,False
0.17281137281862657,0.25,False,1.0,0.0,0.625,0.6625000000000001,0.0,0.2622192482691615,0.22285268050208293,0.43203729978496086,True,False
0.15766729729734064,0.0,True,0.0,0.0,1.0,0.9625000000000001,0.16666666666666666,0.41848636496426006,0.1416934141355817,0.268120986250276,True,False
0.28512922993451084,0.0,True,1.0,0.0,1.0,0.9750000000000001,0.16666666666666666,0.34971617219717277,0.2714331353032348,0.4086019063957118,True,False
0.12010660440501664,0.0,False,1.0,0.0,1.0,0.8500000000000001,0.16666666666666666,0.5058466146578784,0.17613258518623204,0.2746351819847306,True,False
0.2543119233276806,0.25,False,0.0,0.0,1.0,0.9500000000000002,0.3333333333333333,0.4190800598488886,0.15522289815346102,0.2778583424890313,True,False
0.03263596170236882,0.0,False,0.0,0.0,1.0,0.9125000000000001,0.16666666666666666,0.47829861596359474,0.2909518462162086,0.2955597806213981,True,False
0.2059249243947282,0.0,True,0.0,0.0,0.875,0.9375,0.16666666666666666,0.3246651588602233,0.1267961550669395,0.3992933322531338,True,False
0.061014917104809885,0.0,True,0.0,0.0,1.0,0.9000000000000001,0.16666666666666666,0.6315604727522358,0.2603540030447778,0.14890809022931917,True,False
0.18848903661177763,0.0,False,1.0,0.0,1.0,1.0,0.16666666666666666,0.5303814700800015,0.11162197714158884,0.2487004156220669,True,False
0.13950588713035217,0.0,False,0.0,1.0,0.75,0.8,0.16666666666666666,0.4045666951306306,0.10313731293402627,0.31093506504204327,True,False
0.25961489543201643,0.0,True,1.0,0.0,1.0,0.9750000000000001,0.16666666666666666,0.34055596257740334,0.1579501439135337,0.4334502816516985,True,False
0.14176687734287585,0.5,False,1.0,0.0,1.0,0.8,0.3333333333333333,0.4623221977717726,0.243317749492367,0.33727295764512966,True,False
0.13021977345814928,0.0,False,1.0,0.0,1.0,1.0,0.16666666666666666,0.47158052516575694,0.2551219720483821,0.3160439082181721,True,False
0.19854000383641235,0.0,False,1.0,0.0,1.0,0.925,0.16666666666666666,0.5505684395959383,0.24652067666782382,0.20328746764758487,True,False
0.05044498468457159,0.0,False,1.0,0.0,1.0,0.925,0.16666666666666666,0.4805478785040531,0.027882989348027878,0.2277814979995485,True,False
0.16654509119764926,0.5,False,1.0,0.0,1.0,1.0,0.3333333333333333,0.4593111390295423,0.21740188682739353,0.3481418098358924,True,False
0.14139167096046512,0.0,False,0.0,0.0,0.875,0.9000000000000001,0.16666666666666666,0.5175088743715577,0.09547495717140665,0.21675446192354308,True,False
0.3373652176169438,0.0,False,0.0,1.0,1.0,0.9375,0.16666666666666666,0.14197582370729261,0.1996156545443843,0.5138262016611401,True,False
0.10062878017869592,0.0,False,1.0,0.0,0.75,0.9000000000000001,0.16666666666666666,0.45083096793493826,0.06878203870085334,0.26040394978088055,True,False
0.1988287154944829,0.5,False,1.0,0.0,0.75,1.0,0.3333333333333333,0.5811201269163357,0.20067740636974668,0.17143873583732638,True,False
0.19738131690723237,0.25,False,0.0,0.0,1.0,1.0,0.16666666666666666,0.38523870604090993,0.10873079340798372,0.3303010378429536,True,False
0.15591777176702204,0.0,False,1.0,0.0,1.0,0.9125000000000001,0.16666666666666666,0.3345054074393038,0.12300117355740442,0.38025606344361473,True,False
0.061014917104809885,0.0,False,1.0,0.0,0.625,0.7125,0.16666666666666666,0.43187908733418373,0.13743113237127402,0.2707895347325253,True,False
0.12420836164543314,0.0,False,1.0,0.0,0.875,0.9500000000000002,0.16666666666666666,0.5628339215746754,0.16352185526685398,0.18613523333880022,True,False
0.12663286180731126,0.0,True,1.0,0.0,1.0,1.0,0.16666666666666666,0.4602462085910165,0.3578197839988132,0.3028240810800462,True,False
0.44537079669137636,0.0,False,1.0,0.0,0.875,0.9750000000000001,0.16666666666666666,0.2256572657284206,0.17934640893725093,0.4705408728527758,True,False
0.1055532308386048,0.0,False,0.0,0.0,1.0,0.9000000000000001,0.3333333333333333,0.6195105172925928,0.06061373646439489,0.17877359314436436,True,False
0.29922617658697714,0.0,False,0.0,0.0,1.0,0.9500000000000002,0.16666666666666666,0.16956084469818677,0.16258220210233829,0.48354770715435436,True,False
0.32958878812953685,0.0,False,0.0,1.0,1.0,0.9125000000000001,0.16666666666666666,0.13627861147586412,0.20044793657750845,0.5152034787432513,True,False
0.37359782496261296,0.25,False,0.0,1.0,0.875,0.9125000000000001,0.16666666666666666,0.13331571509137446,0.18835273915679604,0.514400497364627,True,False
0.11802640583139079,0.0,True,1.0,0.0,0.875,0.875,0.3333333333333333,0.5669030870359221,0.022289468898042862,0.21405467067637174,True,False
0.10950116530744503,0.0,False,1.0,0.0,0.875,0.8625,0.16666666666666666,0.4176852132889524,0.12530997014819537,0.28511100758692987,True,False
0.10950116530744503,0.0,False,1.0,0.0,0.875,0.9000000000000001,0.16666666666666666,0.3940829478370021,0.10145743790356306,0.30721710174008243,True,False
0.15591777176702204,0.0,False,0.0,0.0,1.0,1.0,0.16666666666666666,0.5041335887317147,0.09250398579073432,0.21614053913978637,True,False
0.23709820784555535,0.5,False,0.0,1.0,0.75,0.8125,0.16666666666666666,0.5355040478858067,0.2597978647252672,0.23227394656727562,True,False
0.0960533426341309,0.0,True,1.0,0.0,1.0,0.9500000000000002,0.16666666666666666,0.46020685755166385,0.3331400480137038,0.3105563291636326,False,True
0.22310338924130446,0.5,True,1.0,0.0,1.0,1.0,0.3333333333333333,0.45781400187046534,0.3360840477771461,0.31326810868277555,True,False
0.2641514441160139,0.0,False,0.0,1.0,1.0,1.0,0.16666666666666666,0.36905427511148525,0.21097878999736913,0.35782050563136547,False,False
0.1379854216615023,0.0,False,0.0,0.0,0.75,0.8,0.16666666666666666,0.5045770136318888,0.22853400075198207,0.27139534002949617,True,False
0.5583656607005282,1.0,False,0.0,1.0,0.75,0.25,0.3333333333333333,0.3887994398622441,0.026316901282423987,0.31935195800881777,False,False
0.260703623183438,0.0,False,1.0,0.0,1.0,1.0,0.16666666666666666,0.28517902327521777,0.18487008544768235,0.4043190789741,True,False
0.1491384508511061,0.0,False,0.0,0.0,1.0,1.0,0.16666666666666666,0.2059026020166342,0.20169148919300608,0.47143625331300254,True,False
0.26606713675735716,0.0,False,1.0,0.0,1.0,1.0,0.16666666666666666,0.351626288546871,0.2051267058595975,0.36883057051208823,True,False
0.16654509119764926,0.0,False,1.0,0.0,1.0,0.9125000000000001,0.16666666666666666,0.3856996894396805,0.02147205370808202,0.3239062255501284,True,False
0.2540881408954355,0.0,False,1.0,0.0,0.75,0.75,0.16666666666666666,0.37144498422410804,0.20372650766054715,0.3545360665527151,True,False
0.23071219467756687,0.5,False,0.0,1.0,1.0,1.0,0.16666666666666666,0.43066871376427757,0.14079514542734814,0.2604728717813105,True,False
0.15766729729734064,0.0,False,1.0,0.0,1.0,0.9125000000000001,0.16666666666666666,0.4418341972055874,0.1553362784265903,0.38573631721384305,True,False
0.2086999458571831,0.0,False,1.0,0.0,1.0,1.0,0.16666666666666666,0.32891034247330686,0.16672738881792645,0.3479757848772336,True,False
0.2086999458571831,0.25,False,1.0,0.0,1.0,1.0,0.16666666666666666,0.3233061247145046,0.17336790674992658,0.3610438432219476,True,False
0.10062878017869592,0.0,False,0.0,0.0,0.875,0.875,0.16666666666666666,0.3957823872150499,0.10131510146356555,0.3056624245566921,True,False
0.2045240485274159,0.0,False,0.0,1.0,0.5,0.5375000000000001,0.16666666666666666,0.5157925856705309,0.2567394569847222,0.25277570701914986,True,False
0.23685602136352257,0.0,False,0.0,0.0,1.0,1.0,0.16666666666666666,0.236861934756496,0.22908438794623126,0.441931856601538,True,False
0.1744308782194427,0.25,False,0.0,0.0,1.0,0.9375,0.16666666666666666,0.5701889769917418,0.2818605262134008,0.1914204654352556,True,False
0.08660377490514592,0.0,False,1.0,0.0,1.0,0.875,0.16666666666666666,0.5941698075335765,0.07484309011334422,0.1939498255492027,True,False
0.31670681412378243,0.5,False,0.0,0.0,1.0,1.0,0.3333333333333333,0.42891783447739845,0.14721829502689712,0.2718120725854227,True,False
0.18235264390969064,0.0,False,0.0,0.0,1.0,1.0,0.16666666666666666,0.349188840577688,0.13032320262456268,0.3554472580102197,True,False
0.53206932159522,0.0,False,0.0,1.0,1.0,1.0,0.3333333333333333,0.4977688819869556,0.17494420404939223,0.28540261844961656,False,False
0.12420836164543314,0.0,False,0.0,0.0,0.875,0.8375000000000001,0.0,0.5020501447486835,0.19622628676288428,0.27800435263368484,True,False
0.25961489543201643,0.0,False,0.0,1.0,1.0,1.0,0.16666666666666666,0.3300064101046126,0.19552939887647075,0.38352851017012735,True,False
0.12052027184128888,0.0,False,0.0,0.0,1.0,0.875,0.16666666666666666,0.4346302429164126,0.12644690992311783,0.37434761627489177,True,False
0.39619142062674795,0.75,False,0.0,1.0,1.0,1.0,0.16666666666666666,0.17800015523242024,0.20229702799605948,0.48689387995562194,True,False
0.11550366923758582,0.0,False,0.0,0.0,1.0,0.875,0.0,0.518914172343541,0.06765108935814859,0.2122877561309633,True,False
0.1055532308386048,0.0,False,0.0,0.0,1.0,0.9500000000000002,0.16666666666666666,0.610295140103535,0.2471674665950431,0.1649257428962927,True,False
0.25961489543201643,0.0,False,1.0,0.0,0.625,0.75,0.16666666666666666,0.6458009013164475,0.08068449167394644,0.15399680436880336,True,False
0.43104151603444596,0.75,False,0.0,0.0,1.0,0.9125000000000001,0.5,0.3055398908666717,0.2575097095669372,0.4018934283093918,False,False
0.1776342231555602,0.0,False,0.0,0.0,0.75,0.875,0.16666666666666666,0.3977209425438791,0.19615999253189048,0.2937742329024906,True,False
0.12663286180731126,0.0,False,0.0,0.0,1.0,0.9375,0.16666666666666666,0.6425231941167048,0.1843754633530007,0.16375279492638017,True,False
0.1491384508511061,0.0,False,0.0,0.0,1.0,0.925,0.16666666666666666,0.6150557378560959,0.17337110937941588,0.16855760427306477,True,False
0.08221400771487952,0.25,False,0.0,1.0,0.875,0.9000000000000001,0.16666666666666666,0.44283784752498173,0.08933405049456945,0.269426849936782,True,False
0.5500055196579653,0.75,False,0.0,1.0,0.875,0.7000000000000001,0.5,0.3948255268557454,0.0372706221731177,0.3141113979309249,False,False
0.6829533160395883,0.5,False,0.0,1.0,0.75,0.55,0.3333333333333333,0.3887975573826997,0.026314813885666023,0.31935361504279114,False,False
0.1527327886607558,0.0,False,0.0,0.0,0.875,0.9000000000000001,0.16666666666666666,0.3405308614651985,0.21959081919990237,0.35108254467931954,True,False
0.1491384508511061,0.0,False,1.0,0.0,0.875,0.8500000000000001,0.16666666666666666,0.45714155073586665,0.13617118225893912,0.347034156140112,True,False
0.18999651059371547,0.0,False,1.0,0.0,0.875,0.9625000000000001,0.16666666666666666,0.24770066224344192,0.18955306890988644,0.45244744779714585,True,False
0.13021977345814928,0.0,False,0.0,0.0,1.0,0.9000000000000001,0.16666666666666666,0.3698439810222702,0.09720462355071267,0.33305459140115956,True,False
0.03263596170236882,0.0,False,0.0,0.0,0.75,0.825,0.16666666666666666,0.5034227695213586,0.19423169530780215,0.27639294789439206,True,False
0.13568464533276103,0.0,False,0.0,0.0,0.875,0.8,0.16666666666666666,0.4047096577114643,0.06665622988837086,0.3017931466286361,True,False
0.1469530428293836,0.0,False,1.0,0.0,0.875,0.8625,0.16666666666666666,0.6964615553677274,0.16473541696305383,0.11698231834525252,True,False
0.25961489543201643,0.0,False,0.0,0.0,1.0,1.0,0.16666666666666666,0.9542532200048068,0.3137051679775141,0.014508106452793434,True,False
0.1221671335128639,0.0,False,1.0,0.0,1.0,0.9625000000000001,0.16666666666666666,0.7401392220650408,0.10371825134756862,0.09543757546970877,True,False
0.16486567718832734,0.0,False,0.0,0.0,0.875,0.9500000000000002,0.3333333333333333,0.9297841062628862,0.22683927869736284,0.020547891638972304,True,False
0.1379854216615023,0.0,False,0.0,0.0,0.875,0.9125000000000001,0.16666666666666666,0.672522644967732,0.12293037646931773,0.14811283927714491,True,False
0.0721303102501415,0.0,False,0.0,0.0,0.875,0.9375,0.16666666666666666,0.6205771809701144,0.19600270178545948,0.14748721844451196,True,False
0.1491384508511061,0.0,False,0.0,0.0,1.0,0.925,0.16666666666666666,0.7514218282936385,0.1317292443935747,0.08928510955123503,True,False
0.13568464533276103,0.0,False,0.0,1.0,0.875,0.75,0.16666666666666666,0.7041112402232175,0.19890384313257112,0.11031738501062183,True,False
0.13568464533276103,0.0,False,0.0,1.0,1.0,1.0,0.16666666666666666,0.7144757331916379,0.19309611297850218,0.10518846966577766,True,False
0.10950116530744503,0.0,True,1.0,0.0,0.875,0.9500000000000002,0.16666666666666666,0.869980464589704,0.1607684166138279,0.04003138815867091,True,False
0.04466885854335578,0.0,False,0.0,0.0,0.875,0.7750000000000001,0.16666666666666666,1.0000000000000002,0.4140359700036124,0.0,True,False
0.2806168773988905,0.0,False,0.0,0.0,1.0,1.0,0.16666666666666666,0.6703798582363323,0.1916355198970433,0.12965915155813024,True,False
0.18235264390969064,0.25,False,0.0,0.0,0.75,1.0,0.16666666666666666,0.8024146551366217,0.06335034293053422,0.07135307906473476,True,False
0.1491384508511061,0.0,False,0.0,0.0,0.875,1.0,0.16666666666666666,0.5705738944622013,0.15871386019804554,0.17328389942363853,True,False
0.242831372789175,0.0,True,0.0,0.0,1.0,0.9625000000000001,0.16666666666666666,0.9003561603039679,0.1656140566459832,0.03121993248726418,True,False
0.18999651059371547,0.25,True,0.0,0.0,1.0,0.9750000000000001,0.16666666666666666,0.9003559253548131,0.1656137862909435,0.03122005200174338,True,False
0.23926585870601202,0.0,False,0.0,0.0,1.0,1.0,0.16666666666666666,0.6319217760613395,0.14557671041286813,0.1395685852531019,True,False
0.15766729729734064,0.0,False,0.0,0.0,0.75,0.875,0.16666666666666666,0.5824167024996361,0.18843402361531011,0.1515821174411527,True,False
0.1491384508511061,0.0,False,0.0,0.0,1.0,0.9500000000000002,0.16666666666666666,0.5586642973369664,0.12220292815491848,0.16661281154497032,True,False
0.16787936553688965,0.5,False,1.0,0.0,0.875,0.8875,0.16666666666666666,0.5249872513830113,0.061574251401968004,0.1969423862369286,False,True
0.13061469904311618,0.0,False,0.0,0.0,0.875,0.875,0.16666666666666666,0.5876182646935597,0.2020472823388314,0.1453045184881132,True,False
0.2114400734862546,0.25,False,1.0,0.0,1.0,1.0,0.16666666666666666,0.5287680289498838,0.06935493829800099,0.19474899377572852,True,False
0.9038968963589366,1.0,False,0.0,1.0,1.0,0.875,1.0,0.6841636065124576,0.21609257013608124,0.11442626405850254,False,False
0.1379854216615023,0.25,False,1.0,0.0,0.875,0.8375000000000001,0.16666666666666666,0.5383805636945775,0.08929114291182717,0.18872748096204073,True,False
0.13021977345814928,0.0,True,0.0,0.0,0.875,0.9625000000000001,0.16666666666666666,0.575658144094518,0.18786792338264696,0.15435856465503095,True,False
0.1491384508511061,0.0,True,0.0,0.0,1.0,0.9750000000000001,0.16666666666666666,0.6319483698963811,0.15412124130748125,0.13986699776560307,True,False
0.19738131690723237,0.0,False,1.0,0.0,1.0,0.9125000000000001,0.16666666666666666,0.5251683004380773,0.06771482523092673,0.1861177140443826,True,False
0.25961489543201643,0.0,False,0.0,0.0,0.25,0.25,0.16666666666666666,0.6706524355234164,0.182507661593827,0.12027752102970624,True,False
0.2045240485274159,0.25,False,0.0,1.0,1.0,0.925,0.16666666666666666,0.5657955420862113,0.17729411326836594,0.15934446562936766,True,False
0.1944573559628856,0.5,False,0.0,1.0,0.75,0.7875000000000001,0.16666666666666666,0.5639090983249561,0.16090412215286465,0.16127274109832213,False,True
0.3617673850533235,0.25,False,0.0,0.0,0.75,0.7875000000000001,0.16666666666666666,0.5614104494883666,0.15307100927031714,0.16291824497881136,False,False
0.16787936553688965,0.0,False,1.0,0.0,1.0,1.0,0.16666666666666666,0.7055123589829986,0.28096748992163484,0.10604043364175397,True,False
0.1379854216615023,0.0,False,1.0,0.0,1.0,0.9625000000000001,0.16666666666666666,0.2998109669827152,0.08939531330129763,0.3695016648204261,True,False
0.20703917708001895,0.0,False,0.0,0.0,0.875,0.8625,0.16666666666666666,0.481234248355684,0.1450679942294921,0.2058161343176692,True,False
0.19149362807169223,0.0,False,1.0,0.0,0.875,0.9125000000000001,0.16666666666666666,0.4121163750466922,0.21925976535492714,0.2382792663809783,True,False
0.12010660440501664,1.0,False,1.0,0.0,0.625,0.675,0.5,0.6104930454942886,0.20349327144633328,0.11760359606299553,True,False
0.2127973242032083,0.25,False,0.0,0.0,0.875,0.8625,0.16666666666666666,0.3937872132635532,0.36702213617866825,0.2374382778424291,True,False
0.13950588713035217,0.0,False,1.0,0.0,0.625,0.7000000000000001,0.16666666666666666,0.550390573357803,0.2103124423593926,0.14522248195682996,True,False
0.15591777176702204,0.0,True,1.0,0.0,1.0,0.925,0.16666666666666666,0.5265963569119222,0.08676688871107947,0.1678931977732978,True,False
0.16654509119764926,0.0,False,1.0,0.0,1.0,0.9125000000000001,0.16666666666666666,0.5613013983365212,0.13360217994979628,0.15076536090978232,True,False
0.1763585301969256,0.0,True,1.0,0.0,0.875,0.9500000000000002,0.16666666666666666,0.35464840814681864,0.3197885815493231,0.2655017950749976,True,False
0.1763585301969256,0.0,True,1.0,0.0,1.0,0.9625000000000001,0.16666666666666666,0.3376493418809529,0.2911615708440898,0.27763678271472036,True,False
0.15766729729734064,0.0,False,1.0,0.0,0.625,0.8625,0.16666666666666666,0.3274376171201504,0.3065246863300204,0.28034075535902425,True,False
0.13606979892523585,0.0,False,0.0,0.0,0.75,0.8375000000000001,0.16666666666666666,0.28395681386450844,0.10701422093842221,0.408746393527575,True,False
0.3476604067009895,0.0,False,0.0,0.0,0.875,0.7875000000000001,0.16666666666666666,0.43988868233479533,0.08360266119537878,0.23211489658550244,True,False
0.22694099873152396,0.0,False,0.0,0.0,1.0,0.8875,0.16666666666666666,0.338629650215378,0.15478084672999695,0.3285990803603971,True,False
0.19268396044224734,0.0,True,0.0,0.0,1.0,0.9625000000000001,0.16666666666666666,0.4037996532000057,0.3403880860255461,0.231879254854088,True,False
0.18999651059371547,0.0,True,0.0,0.0,1.0,0.925,0.16666666666666666,0.5898022370470538,0.23921632623578704,0.13875179438382612,True,False
0.19738131690723237,0.0,False,0.0,0.0,1.0,1.0,0.16666666666666666,0.3048960993535464,0.08444877611117484,0.3515179169589606,True,False
0.19738131690723237,0.0,False,0.0,0.0,1.0,1.0,0.16666666666666666,0.41947966431836886,0.31318064370247606,0.22144120304855086,True,False
0.18235264390969064,0.0,False,0.0,0.0,1.0,0.9500000000000002,0.16666666666666666,0.21493097074354361,0.2093392006331714,0.3778572897640502,True,False
0.34502124165984516,0.5,True,0.0,1.0,1.0,0.9500000000000002,0.16666666666666666,0.31162463052930767,0.21350967895188921,0.3034330890189363,True,False
0.1491384508511061,0.0,False,1.0,0.0,1.0,0.9125000000000001,0.16666666666666666,0.5760772274792428,0.023403337639582418,0.14529947430205148,True,False
0.13021977345814928,0.0,False,1.0,0.0,1.0,0.9125000000000001,0.16666666666666666,0.6021385205501659,0.08042696723693513,0.12931184996663103,True,False
0.12010660440501664,0.0,False,0.0,0.0,0.875,0.875,0.16666666666666666,0.5833828115273212,0.07048184256847267,0.13880965856530958,True,False
0.21787913240949408,0.0,True,1.0,0.0,1.0,0.9375,0.16666666666666666,0.5234810411552736,0.08790103607804832,0.17162085468308397,True,False
0.2045240485274159,0.0,True,1.0,0.0,1.0,0.9625000000000001,0.16666666666666666,0.5236972189521292,0.09047959689125534,0.17133080282443536,True,False
0.0741847234838332,0.0,False,0.0,0.0,1.0,1.0,0.16666666666666666,0.5861167840959499,0.14987422764514094,0.13819428845274917,True,False
0.2045240485274159,0.0,True,1.0,0.0,1.0,0.9500000000000002,0.16666666666666666,0.49486252210438425,0.14038303707000604,0.18274365900544387,True,False
0.30814172754735114,0.0,False,1.0,0.0,0.875,0.875,0.16666666666666666,0.42700461154307884,0.2664872207790827,0.22510722820350537,True,False
0.1988287154944829,0.0,True,1.0,0.0,1.0,0.9375,0.16666666666666666,0.5297010397852153,0.06943629265537167,0.16706193882646736,True,False
0.4571466962128433,0.5,False,0.0,1.0,0.875,0.7625,0.16666666666666666,0.2808542450908128,0.0806634862867229,0.4020682765512471,False,False
0.29922617658697714,0.0,False,1.0,0.0,0.75,0.825,0.16666666666666666,0.4148014878404482,0.22113495530619534,0.23632278235654347,True,False
0.13950588713035217,0.0,False,0.0,0.0,0.75,0.825,0.16666666666666666,0.3787885296707124,0.1360343498791595,0.2725652925741979,True,False
0.2045240485274159,0.75,False,1.0,0.0,1.0,0.8875,0.3333333333333333,0.551673555017022,0.19969232446622556,0.16474470165532784,True,False
0.2045240485274159,0.25,False,1.0,0.0,1.0,0.925,0.16666666666666666,0.5519069028745106,0.1687299897086374,0.16634770053518766,True,False
0.23071219467756687,0.0,False,1.0,0.0,1.0,0.75,0.16666666666666666,0.565898342518743,0.20078996499202725,0.15787794125578736,True,False
0.18235264390969064,0.0,False,0.0,0.0,0.875,0.9125000000000001,0.16666666666666666,0.34801011153095085,0.28641109750334487,0.2723059266721002,True,False
0.1055532308386048,0.0,False,0.0,0.0,0.875,0.8875,0.16666666666666666,0.47863002870818216,0.10342699529813648,0.2133977874290116,True,False
0.1854424389653112,0.0,False,1.0,0.0,0.875,0.9375,0.16666666666666666,0.47240983634500716,0.23133361468696825,0.20045734574136764,True,False
0.22464655223625163,0.0,True,1.0,0.0,1.0,0.9625000000000001,0.16666666666666666,0.5302796875731176,0.08832888191150504,0.18211467568984885,True,False
0.18235264390969064,0.0,True,0.0,0.0,1.0,0.9625000000000001,0.16666666666666666,0.3333730820603777,0.29579066579406416,0.27962862936008115,True,False
0.20480494506263047,0.5,False,1.0,0.0,1.0,0.8625,0.3333333333333333,0.31799875541667927,0.1485178817443222,0.36110868573565824,True,False
0.16452823567084762,0.0,False,1.0,0.0,0.875,0.8625,0.16666666666666666,0.3675011055846306,0.33094346486130655,0.25693135569410175,True,False
0.21387707107058385,0.0,False,0.0,0.0,1.0,0.9750000000000001,0.16666666666666666,0.4026781986709426,0.04159463680133444,0.2707730036719511,True,False
0.2045240485274159,0.25,True,1.0,0.0,1.0,0.9625000000000001,0.16666666666666666,0.3860545150200819,0.40536023353802153,0.23951778109357336,True,False
0.29922617658697714,0.0,False,1.0,0.0,0.875,0.9125000000000001,0.16666666666666666,0.3190101226103053,0.26465948942832956,0.2915746090281577,True,False
0.1491384508511061,0.0,True,0.0,1.0,1.0,0.9375,0.16666666666666666,0.4958962754516398,0.17489253231839935,0.18540910377396713,True,False
0.16112476655243813,0.0,True,0.0,0.0,1.0,0.9500000000000002,0.16666666666666666,0.48057311630052,0.13299108975500015,0.20985945694789665,True,False
0.16486567718832734,0.0,False,1.0,0.0,1.0,0.9000000000000001,0.16666666666666666,0.3305539450812785,0.1545678370876575,0.3392255045952193,True,False
0.31670681412378243,0.0,False,1.0,0.0,0.875,0.925,0.16666666666666666,0.43187720636801047,0.35359104481915404,0.20766244315331717,True,False
0.4234558614724916,0.75,True,0.0,0.0,1.0,0.9500000000000002,0.3333333333333333,0.3784384946184127,0.38275864793296194,0.24712117775194087,False,False
0.4834468346483859,0.0,False,0.0,1.0,1.0,0.925,0.16666666666666666,0.5331465432158499,0.0820678940258238,0.17039605268110525,True,False
0.17281137281862657,0.0,False,1.0,0.0,0.875,0.8875,0.16666666666666666,0.46509175371831846,0.13084545752864066,0.21401057478326235,True,False
0.449884452457057,0.0,False,0.0,1.0,1.0,0.9500000000000002,0.16666666666666666,0.5331473984291767,0.08206636865265722,0.17039636655888168,True,False
0.449884452457057,0.0,False,0.0,1.0,1.0,0.9625000000000001,0.16666666666666666,0.533150780273221,0.08206251956543335,0.17039667072962805,True,False
0.17281137281862657,0.25,False,1.0,0.0,0.75,0.7625,0.16666666666666666,0.593466274732235,0.08455281154569953,0.13356291004633247,True,False
0.3476604067009895,0.0,False,0.0,0.0,0.625,0.825,0.16666666666666666,0.57021871349691,0.14861386546732033,0.14644979306829686,True,False
0.449884452457057,0.0,False,0.0,1.0,1.0,0.9625000000000001,0.16666666666666666,0.5261690768062306,0.10901681248553763,0.16712699286332566,True,False
0.2059249243947282,0.0,False,0.0,0.0,1.0,0.9125000000000001,0.16666666666666666,0.4147938797306814,0.32034531849743325,0.22462408390524868,True,False
0.449884452457057,0.0,False,0.0,1.0,1.0,0.8875,0.16666666666666666,0.5261686193130622,0.10901638047646309,0.16712729522735414,True,False
0.061014917104809885,0.0,False,0.0,0.0,0.875,0.75,0.16666666666666666,0.5659004035293758,0.12645203503214916,0.1482391245930823,True,False
0.42601386474469594,1.0,False,0.0,1.0,1.0,0.925,0.5,0.3370726051834002,0.2572207262919966,0.28214530106411906,False,False
0.1262306470342195,0.0,False,0.0,0.0,0.875,0.8375000000000001,0.16666666666666666,0.5206547061728666,0.09144858172337608,0.18718906061967822,True,False
0.5345560832970105,1.0,False,0.0,1.0,0.875,0.8125,0.3333333333333333,0.45603629932155804,0.22998032986427494,0.2020241121452564,False,False
0.13021977345814928,0.0,False,1.0,0.0,0.875,0.8875,0.16666666666666666,0.5934614806817949,0.2447754423847683,0.13701169185789097,True,False
0.46237428136991354,0.5,False,0.0,1.0,1.0,0.9500000000000002,0.16666666666666666,0.45637934871907604,0.2294467769559758,0.2018307303013367,False,False
0.16654509119764926,0.0,True,0.0,0.0,0.875,0.9625000000000001,0.16666666666666666,0.447149264681377,0.07185842345498958,0.23024789074239416,True,False
0.2474964197061459,0.0,True,0.0,0.0,1.0,0.9750000000000001,0.16666666666666666,0.4172799702034858,0.27412959120986846,0.23065598881571225,True,False
0.13021977345814928,0.0,False,1.0,0.0,0.875,0.8875,0.16666666666666666,0.5831369729546368,0.2329664077754433,0.14205550033284697,True,False
0.23071219467756687,0.0,True,1.0,0.0,0.875,0.9000000000000001,0.16666666666666666,0.5253070664187552,0.08005775441285722,0.17123111455838025,True,False
0.18999651059371547,0.0,True,1.0,0.0,1.0,0.9500000000000002,0.16666666666666666,0.522243094842683,0.08267854104324729,0.17084932573750278,True,False
0.23071219467756687,0.0,True,1.0,0.0,1.0,0.9750000000000001,0.16666666666666666,0.513877417686531,0.10309582333841039,0.17580475906492143,True,False
0.24046085711394316,0.0,True,0.0,0.0,1.0,0.9750000000000001,0.16666666666666666,0.3784266398310538,0.36106784752114246,0.24822587816503305,True,False
0.3107467850440585,0.0,True,0.0,0.0,1.0,0.9875,0.16666666666666666,0.3911413105282615,0.4110406410688035,0.2355381612184253,True,False
0.46237428136991354,0.5,False,0.0,1.0,0.875,0.8375000000000001,0.16666666666666666,0.45565274980690834,0.2276016314802851,0.20232142627806393,False,False
0.5345560832970105,1.0,False,0.0,1.0,0.875,0.9375,0.3333333333333333,0.4393809635280878,0.27465780457854305,0.209958476628739,False,False
0.17921840882110474,0.0,False,0.0,0.0,0.0,0.0,0.0,0.37621758982357,0.3427161600310681,0.25092635908534033,True,False
0.21681908192114852,0.0,False,1.0,0.0,0.875,0.9500000000000002,0.16666666666666666,0.5763631273694649,0.03493521340670781,0.14341644237656048,True,False
0.1491384508511061,0.0,False,0.0,0.0,1.0,0.9125000000000001,0.16666666666666666,0.44164445698206234,0.06249332604477013,0.23991811621499837,True,False
0.27519771860536413,0.0,False,0.0,0.0,1.0,0.9125000000000001,0.16666666666666666,0.47998449012551814,0.17024623150431922,0.19073552104873315,True,False
0.40488052232439464,0.5,True,0.0,0.0,1.0,0.9750000000000001,0.3333333333333333,0.41723317293711687,0.3298784099479725,0.2210436150040469,False,False
0.23071219467756687,0.0,True,0.0,0.0,1.0,0.9625000000000001,0.3333333333333333,0.42515322666111355,0.058480921672798496,0.24362775057616637,True,False
0.42944525267495737,0.0,False,1.0,0.0,1.0,0.9000000000000001,0.16666666666666666,0.5022954093638097,0.1332441712628831,0.18021287302318933,True,False
0.1491384508511061,0.0,False,1.0,0.0,0.875,0.9750000000000001,0.0,0.5593382715769095,0.09780830852589788,0.1512215316792047,True,False
0.1379854216615023,0.0,False,1.0,0.0,1.0,0.9750000000000001,0.0,0.5430867467739161,0.10487018814552716,0.1596498245943263,True,False
0.4588157056734584,0.25,True,1.0,0.0,1.0,1.0,0.3333333333333333,0.2457343240325551,0.07339941941400886,0.3865524830629019,True,False
0.10062878017869592,0.0,False,1.0,0.0,0.875,0.8875,0.16666666666666666,0.43730648497955293,0.12506627349224841,0.22968579213442775,True,False
0.1491384508511061,0.0,False,0.0,1.0,1.0,0.9375,0.16666666666666666,0.39306802585799255,0.08630237038051071,0.28351516885999817,False,True
0.2461073615309738,0.0,False,1.0,0.0,0.625,0.75,0.16666666666666666,0.5544483706718188,0.22927432668149608,0.1618430490494931,True,False
0.22464655223625163,0.25,False,1.0,0.0,0.875,0.8500000000000001,0.16666666666666666,0.5371141853509078,0.15842349199048458,0.163956396391141,True,False
0.38738445376403063,0.0,True,1.0,0.0,1.0,1.0,0.16666666666666666,0.24913895634462394,0.08224136291949162,0.37923818999079706,True,False
0.13950588713035217,0.0,False,1.0,0.0,1.0,0.8125,0.16666666666666666,0.6055826059806189,0.12351646474775146,0.12753960779390994,True,False
0.10950116530744503,0.0,False,0.0,0.0,0.875,0.9500000000000002,0.16666666666666666,0.3945943853087293,0.06283650373790468,0.2792079323824823,True,False
0.1491384508511061,0.0,False,1.0,0.0,0.875,0.9750000000000001,0.16666666666666666,0.32634972522238925,0.13437671566606038,0.3364343755678476,True,False
0.16112476655243813,0.0,True,1.0,0.0,1.0,0.875,0.16666666666666666,0.2617160603165906,0.09408033513815811,0.36374704644765754,True,False
0.16112476655243813,0.0,True,1.0,0.0,1.0,0.9125000000000001,0.16666666666666666,0.27308630225616853,0.07184920750109436,0.3638591642723594,True,False
0.13021977345814928,0.0,False,0.0,0.0,0.75,0.875,0.16666666666666666,0.5742151816177037,0.17621595603721618,0.14504987713436912,True,False
0.08660377490514592,0.0,True,1.0,0.0,0.875,0.9375,0.16666666666666666,0.3054505062714268,0.10906055228450855,0.36789490596818775,True,False
0.14176687734287585,0.0,False,1.0,0.0,1.0,0.8500000000000001,0.16666666666666666,0.46196590885248673,0.10101328967684824,0.22730271455059703,True,False
0.23071219467756687,0.0,False,0.0,1.0,0.875,0.8125,0.16666666666666666,0.5462235389405439,0.172469377207181,0.16894002241286765,True,False
0.08660377490514592,0.0,False,0.0,1.0,1.0,0.9375,0.16666666666666666,0.5694135701859119,0.2638092732812088,0.15189947111518554,True,False
0.08660377490514592,0.0,False,0.0,1.0,0.875,0.9125000000000001,0.16666666666666666,0.5781832065667647,0.24509224403067023,0.14752483777854297,True,False
0.2114400734862546,0.0,False,1.0,0.0,0.875,0.8875,0.16666666666666666,0.5263299860429116,0.09247549812406616,0.16799927564037076,True,False
0.2114400734862546,0.0,False,1.0,0.0,1.0,1.0,0.16666666666666666,0.5324469757049595,0.11493008493851462,0.16522341271499164,True,False
0.16787936553688965,0.0,False,0.0,0.0,1.0,0.9750000000000001,0.16666666666666666,0.394201822937998,0.32595785913002784,0.2420562798043402,True,False
0.1491384508511061,0.0,False,1.0,0.0,0.75,0.8375000000000001,0.16666666666666666,0.3109330735223682,0.0968844268167212,0.3442357913286449,True,False
0.20731685231026986,0.0,False,0.0,0.0,1.0,0.9750000000000001,0.16666666666666666,0.39312877157122067,0.35596571911156727,0.24030458419775025,True,False
0.15766729729734064,0.0,False,0.0,0.0,0.875,0.75,0.0,0.5991787462239275,0.07056044195781296,0.1317982201703547,True,False
0.2804185526406079,0.0,False,0.0,0.0,1.0,1.0,0.16666666666666666,0.18549271010435042,0.15837466847706352,0.4071419695717493,True,False
0.4834468346483859,0.0,False,1.0,0.0,1.0,0.9500000000000002,0.16666666666666666,0.34753001544530165,0.2053527091933782,0.2880812728376274,True,False
0.449884452457057,0.0,False,1.0,0.0,0.875,0.875,0.16666666666666666,0.3479168459905583,0.20366533895431585,0.28847845967501673,True,False
0.449884452457057,0.25,False,1.0,0.0,1.0,0.8500000000000001,0.16666666666666666,0.3406360255825946,0.19363540598058962,0.2936882451046934,True,False
0.3063875592267705,0.0,False,1.0,0.0,1.0,1.0,0.16666666666666666,0.5718881294382596,0.23265586697944826,0.15335311625684445,True,False
0.13021977345814928,0.5,False,0.0,0.0,0.875,0.925,0.3333333333333333,0.47347810469353113,0.1198857294780369,0.21466975411841838,True,False
0.29922617658697714,0.5,False,0.0,0.0,1.0,0.75,0.16666666666666666,0.22040369263174026,0.13700307073474405,0.39314824497534917,True,False
0.3403997173291772,0.0,False,1.0,0.0,0.875,0.9125000000000001,0.16666666666666666,0.4237019827832532,0.04789424680595249,0.245661101265233,True,False
0.08660377490514592,0.0,False,1.0,0.0,0.75,0.75,0.16666666666666666,0.5834800222240607,0.21874875284879172,0.14142590209294892,True,False
0.16654509119764926,0.0,False,0.0,0.0,1.0,1.0,0.0,0.5164475526472091,0.09483486411048186,0.17333413037750023,True,False
0.08660377490514592,0.0,False,1.0,0.0,1.0,0.9375,0.16666666666666666,0.5723316845486447,0.21812557812331987,0.14728045660588873,True,False
0.2628648953679048,0.0,False,1.0,0.0,0.875,1.0,0.16666666666666666,0.45311016608023474,0.23284117818553612,0.20376962632325446,True,False
0.28821404423334107,0.0,False,0.0,1.0,1.0,1.0,0.16666666666666666,0.35326970539800473,0.3141097143921146,0.2568803812937628,True,False
0.23709820784555535,0.0,False,0.0,1.0,1.0,1.0,0.16666666666666666,0.3633254551566133,0.3358898077058643,0.2507907438872836,True,False
0.28821404423334107,0.25,False,0.0,1.0,1.0,1.0,0.16666666666666666,0.36287672466622267,0.3357370405411524,0.25120864752436756,True,False
0.28821404423334107,0.25,False,0.0,1.0,1.0,0.875,0.16666666666666666,0.28165569660527484,0.10437982269614264,0.3467180412758639,True,False
0.23709820784555535,0.0,False,0.0,1.0,1.0,1.0,0.16666666666666666,0.2900023665165119,0.07473436567750237,0.3596708518475553,True,False
0.18235264390969064,0.0,False,0.0,0.0,0.875,0.925,0.16666666666666666,0.3796729390112443,0.39931632899436087,0.24523191238087305,True,False
0.10950116530744503,0.0,False,1.0,0.0,0.875,0.875,0.16666666666666666,0.33855056452918975,0.15886522870257694,0.33204752678766036,True,False
0.37514491067956957,0.25,False,0.0,0.0,1.0,0.9000000000000001,0.3333333333333333,0.39966945341963417,0.04434549635432924,0.2731712283701866,False,False
0.45224202162818716,0.5,False,0.0,0.0,0.875,0.825,0.3333333333333333,0.41712248496611076,0.2505415834357128,0.23249060463855042,False,False
0.1341371873724625,0.0,False,1.0,0.0,1.0,0.9125000000000001,0.16666666666666666,0.42656188274227663,0.0920190527935091,0.2394715762162054,True,False
0.2045240485274159,0.75,False,0.0,1.0,0.875,0.7875000000000001,0.3333333333333333,0.5514736525719728,0.19626583453884733,0.1650266735497603,True,False
0.16654509119764926,0.0,True,1.0,0.0,1.0,0.9500000000000002,0.16666666666666666,0.5244342270988078,0.09001414399093986,0.16897014570288338,True,False
0.13950588713035217,0.0,False,1.0,0.0,1.0,0.8875,0.16666666666666666,0.25021589768993224,0.10925301995884924,0.36937372823929127,True,False
0.1491384508511061,0.0,False,1.0,0.0,0.875,0.8875,0.16666666666666666,0.2471593566257352,0.09919365599731539,0.37545942631940954,True,False
0.13950588713035217,0.0,False,1.0,0.0,0.875,0.8625,0.16666666666666666,0.24557531129375473,0.11985867618578565,0.37076758630528395,True,False
0.27026488318664244,0.5,False,0.0,1.0,0.75,0.65,0.3333333333333333,0.40005371761982117,0.10400492496594003,0.2800522501331921,True,False
0.09835306947193512,0.0,False,0.0,0.0,0.75,0.8375000000000001,0.16666666666666666,0.3760540259535773,0.11676425733124184,0.27805929657559947,True,False
0.1763585301969256,0.0,True,1.0,0.0,1.0,0.925,0.16666666666666666,0.35247925384670764,0.31503019175198227,0.26707778527644077,True,False
0.24864724269350724,0.0,False,1.0,0.0,0.875,0.7625,0.16666666666666666,0.23299907871269954,0.1811540538946319,0.36823575975407574,True,False
0.29012011082306344,0.0,True,0.0,0.0,1.0,0.9625000000000001,0.16666666666666666,0.41145660399448936,0.33252139939867226,0.22579441179225435,True,False
0.16654509119764926,0.0,False,1.0,0.0,0.75,0.8500000000000001,0.16666666666666666,0.23502138556972732,0.19568727449340145,0.35706781437430846,True,False
0.4510664252204163,0.5,False,0.0,1.0,1.0,0.825,0.3333333333333333,0.28463454588575215,0.1272007981798243,0.30522164913785454,False,False
0.29922617658697714,0.0,False,1.0,0.0,0.875,1.0,0.16666666666666666,0.23219245560027552,0.21422524289403286,0.3618968043509434,True,False
0.3403997173291772,0.0,False,1.0,0.0,1.0,0.75,0.16666666666666666,0.2740326276025331,0.12363922768985178,0.3146973778163047,True,False
0.3328887509306683,0.0,False,1.0,0.0,0.875,0.8625,0.16666666666666666,0.10535657918458906,0.021907934460570634,0.5595157448043899,False,False
0.33506128706017935,0.0,True,0.0,0.0,0.875,0.9500000000000002,0.16666666666666666,0.30103054575991794,0.22834604637029438,0.30769726092315985,True,False
0.27026488318664244,0.0,False,0.0,0.0,0.875,0.75,0.0,0.21122136967686309,0.13485695784630203,0.37546427376924063,True,False
0.1491384508511061,0.0,False,0.0,0.0,1.0,0.9500000000000002,0.3333333333333333,0.3084066597437245,0.2373699046730139,0.30170463880210563,True,False
0.2114400734862546,0.0,False,0.0,0.0,0.0,0.5,0.16666666666666666,0.2599694903154121,0.09300165589058929,0.3272075227115929,True,False
0.2804185526406079,0.0,False,0.0,0.0,1.0,1.0,0.16666666666666666,0.27539273238701484,0.2339614411087594,0.321530326056531,True,False
