realSum,person_capacity,host_is_superhost,multi,biz,cleanliness_rating,guest_satisfaction_overall,bedrooms,dist,metro_dist,attr_index,day,room_type_Private room,room_type_Shared room
0.26500494282390286,0.0,False,1.0,0.0,1.0,1.0,0.16666666666666666,0.4129141268349433,0.03843180937954047,0.24625552125794692,0.0,True,False
0.17921840882110474,0.0,True,1.0,0.0,1.0,0.9750000000000001,0.16666666666666666,0.1471591887979765,0.06449498572884786,0.39188384537878385,0.0,True,False
0.5538865315141323,0.75,False,0.0,1.0,1.0,0.9125000000000001,0.3333333333333333,0.29665173616875434,0.14804131617155655,0.452364482523127,0.0,False,False
0.40755399787377444,0.5,False,0.0,1.0,0.75,0.75,0.16666666666666666,0.024325623031762725,0.06605029589465036,0.5813819627640839,0.0,True,False
0.2806168773988905,0.0,False,0.0,0.0,1.0,1.0,0.16666666666666666,0.6703798582363323,0.1916355198970433,0.12965915155813024,0.0,True,False
0.13568464533276103,0.0,False,0.0,0.0,0.875,0.8,0.16666666666666666,0.4047096577114643,0.06665622988837086,0.3017931466286361,0.0,True,False
0.32152455460910956,0.0,False,0.0,1.0,1.0,0.8500000000000001,0.16666666666666666,0.06428230892829696,0.01830931701013749,0.47192050566445776,0.0,True,False
0.35412178212339296,0.0,False,0.0,1.0,1.0,0.9625000000000001,0.16666666666666666,0.25289452187513756,0.0969665696975459,0.333808019602468,0.0,True,False
0.37164839339344924,0.0,False,1.0,0.0,0.875,0.8500000000000001,0.16666666666666666,0.1849920259628998,0.14424688261866664,0.40265753567335816,0.0,True,False
0.15974835452086278,0.0,False,1.0,0.0,0.625,0.7375,0.16666666666666666,0.46869840467062474,0.07864947337801707,0.28516115965212574,0.0,True,False
0.449519474980301,0.5,False,0.0,1.0,0.875,0.9000000000000001,0.16666666666666666,0.17295939391162715,0.10402589678919448,0.61502661660285,0.0,False,False
0.13021977345814928,0.0,False,0.0,0.0,1.0,0.9625000000000001,0.16666666666666666,0.3366938719375225,0.2822870666877538,0.3970298117420761,0.0,True,False
0.3231614519252207,0.0,False,1.0,0.0,0.875,0.9625000000000001,0.16666666666666666,0.021325739028955282,0.05735544248321486,0.5838414372946872,0.0,True,False
0.4101950717160826,1.0,False,0.0,1.0,0.875,0.8375000000000001,0.3333333333333333,0.374184893910591,0.04743819875821146,0.35127670601873184,0.0,False,False
0.2804185526406079,0.0,False,1.0,0.0,1.0,0.9625000000000001,0.16666666666666666,0.12552392283281827,0.09506054513700327,0.5533541813173926,0.0,True,False
0.2218090196175725,0.0,False,1.0,0.0,0.25,0.5,0.16666666666666666,0.2013359141875701,0.1283296605301269,0.4717927758847069,0.0,True,False
0.08660377490514592,0.0,True,1.0,0.0,0.875,0.9375,0.16666666666666666,0.3054505062714268,0.10906055228450855,0.36789490596818775,0.0,True,False
0.1944573559628856,0.0,False,1.0,0.0,1.0,0.9125000000000001,0.16666666666666666,0.11650565750435692,0.10218880612590066,0.45813391612554355,0.0,True,False
0.449884452457057,0.0,False,0.0,1.0,1.0,0.9625000000000001,0.16666666666666666,0.5261690768062306,0.10901681248553763,0.16712699286332566,0.0,True,False
0.18999651059371547,0.0,False,1.0,0.0,1.0,0.9750000000000001,0.16666666666666666,0.3174703220442509,0.10754999981807742,0.32985242915802604,0.0,True,False
0.40092195219910975,0.0,False,1.0,0.0,1.0,0.875,0.16666666666666666,0.19137064812206922,0.069246651932556,0.7047782016205391,0.0,True,False
0.18235264390969064,0.0,False,0.0,1.0,0.75,0.65,0.16666666666666666,0.15947703123461293,0.11691055557213248,0.38157904698242673,0.0,True,False
0.4406665842017562,0.0,True,0.0,1.0,1.0,1.0,0.16666666666666666,0.0881495433786306,0.13077405308254422,0.5015855836077461,0.0,True,False
0.18235264390969064,0.0,False,1.0,0.0,0.75,0.8375000000000001,0.16666666666666666,0.18746850386801775,0.08032279883627522,0.4028106203215054,0.0,True,False
0.47637763234802477,0.5,True,1.0,0.0,1.0,1.0,0.16666666666666666,0.28938168453144864,0.13230064896021645,0.46235982477246385,0.0,False,False
0.13606979892523585,0.0,False,0.0,0.0,0.75,0.8375000000000001,0.16666666666666666,0.28395681386450844,0.10701422093842221,0.408746393527575,0.0,True,False
0.5729926153310011,1.0,False,0.0,0.0,1.0,0.9000000000000001,0.5,0.18799898970522746,0.07122274000684099,0.39569533940187473,0.0,False,False
0.2641514441160139,0.0,False,0.0,1.0,1.0,1.0,0.16666666666666666,0.36905427511148525,0.21097878999736913,0.35782050563136547,0.0,False,False
0.12010660440501664,1.0,False,1.0,0.0,0.625,0.675,0.5,0.6104930454942886,0.20349327144633328,0.11760359606299553,0.0,True,False
0.12420836164543314,0.0,False,1.0,0.0,0.625,0.9125000000000001,0.16666666666666666,0.1605912533180933,0.1643970642516546,0.523435931027783,0.0,True,False
0.25961489543201643,0.0,False,0.0,0.0,0.625,0.8,0.16666666666666666,0.06428574879501857,0.06378330242434718,0.6080261016908783,0.0,True,False
0.27026488318664244,0.0,True,0.0,1.0,1.0,0.925,0.16666666666666666,0.07124809352603735,0.07727216496394736,0.5803897675282716,0.0,True,False
0.2114400734862546,0.25,False,1.0,0.0,0.875,0.925,0.16666666666666666,0.06715119598669494,0.05828587127263142,0.6351472637253015,0.0,True,False
0.27458718613707267,0.0,True,0.0,0.0,1.0,0.9000000000000001,0.16666666666666666,0.43129891221704353,0.09719471475994684,0.30376777214341133,0.0,True,False
0.16654509119764926,0.0,False,0.0,1.0,0.75,0.675,0.16666666666666666,0.04042831603045047,0.030968244707679518,0.50140096993518,0.0,True,False
0.4101950717160826,0.75,False,0.0,1.0,0.875,0.8125,0.3333333333333333,0.3692939782059161,0.05926911784271441,0.35977754144080554,0.0,False,False
0.32070147190330356,0.0,False,0.0,1.0,1.0,1.0,0.16666666666666666,0.04610949574199204,0.07780027661468361,0.6659362418028851,0.0,True,False
0.21787913240949408,0.0,False,1.0,0.0,1.0,1.0,0.16666666666666666,0.21206758564021405,0.06439717245969419,0.38931292669976103,0.0,True,False
0.10950116530744503,0.0,False,1.0,0.0,0.5,0.5750000000000001,0.16666666666666666,0.46068658268182977,0.09739769813753485,0.29848159240393124,0.0,True,False
0.398511827555721,0.0,False,0.0,0.0,0.875,0.9000000000000001,0.16666666666666666,0.19898245931891695,0.08807461658604104,0.3875240477213966,0.0,False,False
0.19738131690723237,0.0,False,0.0,1.0,1.0,0.9500000000000002,0.16666666666666666,0.10218086894661658,0.0422593939491724,0.4305917490719102,0.0,True,False
0.47564983384767656,0.5,False,0.0,1.0,0.875,0.5,0.16666666666666666,0.13886454771469123,0.002657716347193361,0.5148604764654376,0.0,True,False
0.36312912806010156,0.0,False,0.0,1.0,0.875,0.9000000000000001,0.16666666666666666,0.08299854754420298,0.06081182692669835,0.45537044551368133,0.0,False,False
0.2045240485274159,0.75,False,1.0,0.0,1.0,0.8875,0.3333333333333333,0.551673555017022,0.19969232446622556,0.16474470165532784,0.0,True,False
0.24841756378014168,0.0,True,0.0,1.0,1.0,1.0,0.16666666666666666,0.23580447634377477,0.019043705880652212,0.37540813916620097,0.0,True,False
0.13021977345814928,0.0,False,0.0,1.0,1.0,1.0,0.16666666666666666,0.10793932586599932,0.10835479831790662,0.4319679252449913,0.0,True,False
0.32070147190330356,0.0,False,0.0,0.0,1.0,0.925,0.0,0.04127875820022554,0.06694233198013089,0.6204424303705978,0.0,True,False
0.11592615864697209,0.0,False,0.0,1.0,0.875,0.8875,0.16666666666666666,0.22513879257450445,0.08654111019036594,0.45752577761400914,0.0,True,False
0.42944525267495737,0.0,False,1.0,0.0,1.0,0.9000000000000001,0.16666666666666666,0.5022954093638097,0.1332441712628831,0.18021287302318933,0.0,True,False
0.22439011607918624,0.0,False,1.0,0.0,0.5,0.5,0.16666666666666666,0.08001644631979664,0.08232047350984664,0.5330755522184554,0.0,True,False
0.15766729729734064,0.0,False,1.0,0.0,0.75,0.6875,0.16666666666666666,0.09052807478839153,0.1435247163525908,0.4888201569653796,0.0,True,False
0.367030733419052,0.0,True,1.0,0.0,1.0,0.9500000000000002,0.16666666666666666,0.19967642803667207,0.15187344524576202,0.3805068414243844,0.0,True,False
0.1491384508511061,0.0,False,0.0,0.0,1.0,0.9125000000000001,0.16666666666666666,0.44164445698206234,0.06249332604477013,0.23991811621499837,0.0,True,False
0.45661697379610156,0.5,False,0.0,1.0,0.875,0.9000000000000001,0.16666666666666666,0.014474172326110289,0.04683325577594799,0.579674414389473,0.0,True,False
0.1988287154944829,0.0,True,1.0,0.0,1.0,0.9375,0.16666666666666666,0.5297010397852153,0.06943629265537167,0.16706193882646736,0.0,True,False
0.12010660440501664,0.0,False,0.0,0.0,0.875,0.875,0.16666666666666666,0.5833828115273212,0.07048184256847267,0.13880965856530958,0.0,True,False
0.30656361284425115,0.0,False,0.0,1.0,0.625,0.625,0.16666666666666666,0.10516964172486234,0.08366319885135057,0.6141345290465059,0.0,False,False
0.16283314549952832,0.0,False,1.0,0.0,0.75,0.7875000000000001,0.16666666666666666,0.36601860959095206,0.06691150336004259,0.34366470621594014,0.0,True,False
0.22464655223625163,0.5,False,0.0,0.0,0.875,0.8375000000000001,0.16666666666666666,0.49212838994380786,0.10017814409442032,0.3472335166683236,0.0,True,False
0.29012011082306344,0.5,False,1.0,0.0,0.875,0.875,0.16666666666666666,0.12123490796305007,0.11151177176572485,0.4458814830997493,0.0,True,False
0.4261155629500567,0.75,False,0.0,1.0,0.875,0.7750000000000001,0.3333333333333333,0.2265566702790249,0.032078150977355266,0.3349234259843279,0.0,False,False
0.30831637024880354,0.0,False,1.0,0.0,1.0,0.8875,0.16666666666666666,0.10923566131462632,0.116499041391406,0.5516910974846339,0.0,True,False
0.2628648953679048,0.0,False,1.0,0.0,0.875,1.0,0.16666666666666666,0.45311016608023474,0.23284117818553612,0.20376962632325446,0.0,True,False
0.4425604725170217,0.5,False,0.0,1.0,0.875,0.825,0.3333333333333333,0.17341679349237407,0.08126920038957569,0.45150209671769104,0.0,False,False
0.539385607527391,0.0,True,0.0,1.0,1.0,1.0,0.16666666666666666,0.08814718469468553,0.1307699556558117,0.5015865608178462,0.0,True,False
0.2114400734862546,0.0,False,0.0,1.0,0.875,0.8500000000000001,0.16666666666666666,0.10419769676057881,0.08879894258863123,0.6179934852538411,0.0,True,False
0.25961489543201643,0.0,False,1.0,0.0,0.625,0.75,0.16666666666666666,0.6458009013164475,0.08068449167394644,0.15399680436880336,0.0,True,False
0.4209716023948956,0.0,True,1.0,0.0,1.0,1.0,0.16666666666666666,0.2805325785565095,0.039314666962771375,0.32452922244809135,0.0,False,False
0.22439011607918624,0.0,True,1.0,0.0,1.0,0.9625000000000001,0.16666666666666666,0.24267669970612207,0.05180216722959002,0.6111707111152176,0.0,True,False
0.2804185526406079,0.0,False,0.0,0.0,1.0,0.9375,0.16666666666666666,0.17832269122793623,0.171359832198551,0.5034589705811532,0.0,True,False
0.23709820784555535,0.0,False,0.0,0.0,0.75,0.75,0.16666666666666666,0.08581223103280947,0.08181905833655179,0.455343295544238,0.0,True,False
0.2804185526406079,0.0,False,0.0,1.0,1.0,0.9500000000000002,0.16666666666666666,0.06003009470723185,0.07238468019453101,0.5674489217271681,0.0,True,False
0.4795832039115432,0.25,True,0.0,1.0,1.0,0.9500000000000002,0.16666666666666666,0.040887273430375945,0.034252529750238604,0.5482049346318667,0.0,False,False
0.4795832039115432,0.5,False,0.0,1.0,0.625,0.5,0.16666666666666666,0.12397818919052091,0.0393658960017825,0.5477791423736862,0.0,True,False
0.1545079674776736,0.0,False,1.0,0.0,0.875,0.8875,0.16666666666666666,0.28082644461735395,0.19208960011910872,0.3120010953284522,0.0,True,False
0.4208674744693143,0.5,False,1.0,0.0,1.0,1.0,0.0,0.39805941486094976,0.08587980708455997,0.2627138432254317,0.0,False,False
0.3328887509306683,0.0,False,0.0,1.0,1.0,0.9750000000000001,0.16666666666666666,0.11153136948898253,0.08669171295007855,0.5922984968038789,0.0,False,False
0.13950588713035217,0.0,False,0.0,0.0,1.0,0.925,0.16666666666666666,0.473837993772618,0.03815946089111538,0.23182300533562272,0.0,True,False
0.16654509119764926,0.0,False,1.0,0.0,1.0,0.9125000000000001,0.16666666666666666,0.3856996894396805,0.02147205370808202,0.3239062255501284,0.0,True,False
0.402853668961039,0.25,False,0.0,1.0,1.0,0.9375,0.16666666666666666,0.06428241865578099,0.01830996865150014,0.47192033558962154,0.0,True,False
0.45644011312275035,0.5,True,1.0,0.0,1.0,0.9625000000000001,0.3333333333333333,0.11934297619619512,0.1040390360402772,0.5678349401197489,0.0,True,False
0.21681908192114852,0.0,False,1.0,0.0,0.75,0.8625,0.16666666666666666,0.08532564087560837,0.04880341518310602,0.8406091667300903,0.0,True,False
0.19738131690723237,0.25,False,0.0,0.0,1.0,1.0,0.16666666666666666,0.38523870604090993,0.10873079340798372,0.3303010378429536,0.0,True,False
0.21787913240949408,0.0,True,0.0,0.0,0.875,0.9000000000000001,0.16666666666666666,0.23809911562307284,0.17687147211989904,0.4253828920205265,0.0,True,False
0.21787913240949408,0.0,False,1.0,0.0,0.625,0.7750000000000001,0.16666666666666666,0.038534039262422756,0.08881893430399461,0.5305008368722777,0.0,True,False
0.08660377490514592,0.0,False,0.0,0.0,1.0,0.875,0.16666666666666666,0.19627717622417065,0.12982428007760927,0.5331051274712226,0.0,True,False
0.9712838919451804,0.0,False,0.0,1.0,1.0,1.0,0.5,0.18860042351695003,0.1699637632952518,0.4855516438537659,0.0,False,False
0.4130205699691011,0.0,False,0.0,1.0,0.875,0.8375000000000001,0.0,0.0341585706861519,0.08093115202141311,0.6066835514551991,0.0,False,False
0.23071219467756687,0.0,False,0.0,0.0,0.875,0.9375,0.16666666666666666,0.2273119826128138,0.28454047325011045,0.3830391261656412,0.0,True,False
0.22464655223625163,0.0,False,1.0,0.0,0.875,0.8875,0.16666666666666666,0.10537061579547294,0.07502774569721259,0.6202135693488091,0.0,True,False
0.12420836164543314,0.0,False,1.0,0.0,0.875,0.9500000000000002,0.16666666666666666,0.5628339215746754,0.16352185526685398,0.18613523333880022,0.0,True,False
0.19563165245222625,0.0,False,0.0,1.0,0.75,0.7250000000000001,0.16666666666666666,0.12222647398548168,0.199564426128464,0.5166358507474622,0.0,True,False
0.4834468346483859,1.0,False,0.0,1.0,1.0,0.9125000000000001,0.5,0.09544755120395214,0.036965806246662895,0.6376821766895582,0.0,False,False
0.3930191562894486,0.0,False,1.0,0.0,0.875,0.875,0.16666666666666666,0.1443957965866063,0.11501373265546981,0.5116484204372724,0.0,True,False
0.1545079674776736,0.0,False,1.0,0.0,0.75,0.8125,0.16666666666666666,0.29432641867604337,0.1428573009015309,0.4547361013566147,0.0,True,False
0.22464655223625163,0.0,False,0.0,0.0,0.875,0.8625,0.16666666666666666,0.11624903979466593,0.05072647063937496,0.5967186890234335,0.0,True,False
0.449884452457057,0.0,False,0.0,1.0,1.0,0.8875,0.16666666666666666,0.5261686193130622,0.10901638047646309,0.16712729522735414,0.0,True,False
0.23564103507180223,0.0,False,1.0,0.0,0.875,0.9375,0.16666666666666666,0.08587108928763525,0.10246103374901534,0.4787441950495921,0.0,True,False
0.340248991723305,0.25,True,0.0,1.0,1.0,0.9375,0.16666666666666666,0.030217162366728136,0.0780756779468348,0.5888393267022876,0.0,True,False
0.449884452457057,0.25,False,1.0,0.0,1.0,0.8500000000000001,0.16666666666666666,0.3406360255825946,0.19363540598058962,0.2936882451046934,0.0,True,False
0.2804185526406079,0.0,False,0.0,0.0,0.75,0.825,0.16666666666666666,0.081535008149435,0.0767576663732749,0.5289140250663966,0.0,True,False
0.23071219467756687,0.0,False,1.0,0.0,1.0,0.75,0.16666666666666666,0.565898342518743,0.20078996499202725,0.15787794125578736,0.0,True,False
0.4427489592181221,0.0,False,0.0,1.0,1.0,0.8375000000000001,0.16666666666666666,0.07566605801335968,0.08481808589571183,0.48888491421426683,0.0,True,False
0.10062878017869592,0.0,False,0.0,1.0,0.625,0.75,0.16666666666666666,0.4739891165186735,0.07092170924505467,0.2907741211635022,0.0,True,False
0.241649338240845,0.0,True,1.0,0.0,1.0,0.9375,0.16666666666666666,0.09284352054445343,0.08912704713285242,0.5267373800807131,0.0,True,False
0.1491384508511061,0.0,False,0.0,0.0,1.0,0.9500000000000002,0.16666666666666666,0.5586642973369664,0.12220292815491848,0.16661281154497032,0.0,True,False
0.25961489543201643,0.0,False,0.0,0.0,1.0,1.0,0.16666666666666666,0.9542532200048068,0.3137051679775141,0.014508106452793434,0.0,True,False
0.16654509119764926,0.0,False,0.0,1.0,1.0,0.9375,0.16666666666666666,0.019937616721620127,0.05969323958812974,0.5199113684204966,0.0,True,False
0.4013780167220621,0.25,True,0.0,0.0,1.0,1.0,0.16666666666666666,0.0736583149609687,0.046211576139222985,0.6070641228695779,0.0,False,False
0.22464655223625163,0.0,False,0.0,1.0,0.75,0.75,0.16666666666666666,0.04731212760204634,0.031434702085275684,0.5306757295020303,0.0,True,False
0.44537079669137636,0.5,False,1.0,0.0,0.875,0.925,0.16666666666666666,0.27638031722953876,0.14760515462303042,0.31319565265426763,0.0,False,False
0.6264037565507167,1.0,False,0.0,1.0,1.0,1.0,0.3333333333333333,0.0778044433358407,0.009511641347325493,0.8089391810287729,0.0,False,False
0.4233529141375202,0.25,False,1.0,0.0,0.875,0.8875,0.3333333333333333,0.10123260321175473,0.06714203369694013,0.638727878034177,0.0,True,False
0.25764137249870733,0.0,True,0.0,1.0,1.0,0.9125000000000001,0.16666666666666666,0.14068610463742265,0.10738095320339375,0.5208760624550581,0.0,True,False
0.16452823567084762,0.0,False,1.0,0.0,1.0,0.9750000000000001,0.16666666666666666,0.18311857162896175,0.08554987494884222,0.39668933463155476,0.0,True,False
0.10950116530744503,0.0,False,1.0,0.0,0.875,0.9000000000000001,0.16666666666666666,0.3940829478370021,0.10145743790356306,0.30721710174008243,0.0,True,False
0.449884452457057,0.0,False,1.0,0.0,1.0,0.9625000000000001,0.16666666666666666,0.17602961502994438,0.07114257385716766,0.3889124028296984,0.0,True,False
0.22464655223625163,0.0,False,0.0,0.0,1.0,0.9625000000000001,0.16666666666666666,0.2908764423959287,0.24848433054503186,0.4122084608836367,0.0,True,False
0.19738131690723237,0.0,False,0.0,0.0,0.875,0.825,0.16666666666666666,0.07880484946731324,0.009981262522626069,0.8976817576859011,0.0,True,False
0.23709820784555535,0.0,False,0.0,0.0,0.875,1.0,0.16666666666666666,0.12383525137596778,0.07590172899354643,0.5143211643943049,0.0,True,False
0.18235264390969064,0.0,False,0.0,0.0,1.0,0.9125000000000001,0.16666666666666666,0.4341192712464801,0.14979525767560772,0.2670067863137524,0.0,True,False
0.3328887509306683,0.0,False,0.0,0.0,0.875,0.9375,0.16666666666666666,0.2994560564628542,0.15354147262036077,0.44069627164329894,0.0,True,False
0.26500494282390286,0.25,True,1.0,0.0,1.0,0.9375,0.3333333333333333,0.10437627774249165,0.10123213033449532,0.5239766722912411,0.0,True,False
0.23071219467756687,0.5,False,0.0,1.0,1.0,1.0,0.16666666666666666,0.43066871376427757,0.14079514542734814,0.2604728717813105,0.0,True,False
0.2114400734862546,0.0,False,0.0,0.0,1.0,1.0,0.16666666666666666,0.11749720456735431,0.05946935302295588,0.6579608384652091,0.0,True,False
0.27026488318664244,0.0,False,1.0,0.0,1.0,0.9625000000000001,0.16666666666666666,0.2100506677418218,0.1307072293275185,0.5278148979497381,0.0,True,False
0.3617673850533235,0.25,False,0.0,0.0,0.75,0.7875000000000001,0.16666666666666666,0.5614104494883666,0.15307100927031714,0.16291824497881136,0.0,False,False
0.4510664252204163,0.5,False,0.0,1.0,1.0,0.825,0.3333333333333333,0.28463454588575215,0.1272007981798243,0.30522164913785454,0.0,False,False
0.3617673850533235,0.5,False,0.0,1.0,1.0,0.875,0.16666666666666666,0.16493850179112168,0.041239047014334146,0.3841513754444976,0.0,False,False
0.1527327886607558,0.25,False,0.0,1.0,0.875,0.825,0.16666666666666666,0.18596750923759614,0.018988046704513248,0.3750831643011776,0.0,True,False
0.1944573559628856,0.0,False,1.0,0.0,0.875,0.8625,0.16666666666666666,0.14908608472369878,0.059290585256980506,0.3945168806103294,0.0,True,False
0.2862911586480613,0.0,False,0.0,1.0,0.75,0.75,0.0,0.10005240069000328,0.06150873113059809,0.6519903078430018,0.0,True,False
0.0721303102501415,0.0,False,0.0,0.0,0.875,0.9375,0.16666666666666666,0.6205771809701144,0.19600270178545948,0.14748721844451196,0.0,True,False
0.19738131690723237,0.0,False,0.0,1.0,1.0,0.9125000000000001,0.16666666666666666,0.15626638517985028,0.0775917892592477,0.39656556667328435,0.0,True,False
0.23685602136352257,0.5,False,0.0,0.0,0.875,0.875,0.16666666666666666,0.48765395112809434,0.1195542926073469,0.39569251695923646,0.0,True,False
0.14176687734287585,0.0,False,1.0,0.0,0.75,0.825,0.16666666666666666,0.47290173551317205,0.08719403684503789,0.32813651194565074,0.0,True,False
0.23071219467756687,0.0,False,1.0,0.0,0.875,0.9000000000000001,0.16666666666666666,0.042970267788360605,0.08195047843709935,0.6300066721506412,0.0,True,False
0.2804185526406079,0.0,False,0.0,0.0,1.0,1.0,0.16666666666666666,0.11095128561152592,0.05845478311978578,0.6140755746250379,0.0,True,False
0.2114400734862546,0.0,False,1.0,0.0,1.0,0.9000000000000001,0.16666666666666666,0.3575730658792857,0.15347236988804647,0.45601158927079966,0.0,True,False
0.22464655223625163,0.0,False,1.0,0.0,1.0,0.9500000000000002,0.16666666666666666,0.11038845159301815,0.06519813087382154,0.5909309419522297,0.0,True,False
0.16654509119764926,0.5,False,1.0,0.0,1.0,1.0,0.3333333333333333,0.4593111390295423,0.21740188682739353,0.3481418098358924,0.0,True,False
0.2628648953679048,0.5,False,1.0,0.0,0.875,0.9375,0.16666666666666666,0.12926999295994251,0.04038462778651678,0.5547021049200063,0.0,True,False
0.33116643272016655,0.0,False,0.0,0.0,1.0,1.0,0.16666666666666666,0.15790395804790752,0.09590822305925237,0.4043408603246099,0.0,True,False
0.3478060940012787,0.0,False,0.0,1.0,1.0,0.9625000000000001,0.16666666666666666,0.13464822842113044,0.06225547424547497,0.40113958728400734,0.0,True,False
0.19709067998233032,0.0,False,0.0,0.0,0.875,0.9500000000000002,0.16666666666666666,0.1651135208694032,0.1434426783086752,0.4532941560350756,0.0,True,False
0.37475916771974005,1.0,False,0.0,1.0,0.875,1.0,0.3333333333333333,0.18923242536143595,0.0740798733810878,0.6864270832166843,0.0,False,False
0.21681908192114852,0.0,False,1.0,0.0,0.875,0.9500000000000002,0.16666666666666666,0.5763631273694649,0.03493521340670781,0.14341644237656048,0.0,True,False
0.38616654986857035,0.5,False,1.0,0.0,0.5,0.5,0.3333333333333333,0.14340536646408308,0.10307772499725036,0.5124750655977499,0.0,False,False
0.22464655223625163,0.0,False,0.0,1.0,1.0,0.9375,0.16666666666666666,0.15563710719406784,0.07152937717439116,0.38648368180238424,0.0,True,False
0.2114400734862546,0.0,False,0.0,1.0,0.875,0.8625,0.16666666666666666,0.09446332197620387,0.04852808791924443,0.6916828791365992,0.0,True,False
0.27233381791101985,0.0,False,0.0,1.0,0.875,0.9125000000000001,0.16666666666666666,0.39200441997123187,0.09879622262149948,0.44058288098047216,0.0,True,False
0.17281137281862657,0.0,False,0.0,0.0,1.0,0.9625000000000001,0.16666666666666666,0.20664361823713887,0.051861638928644746,0.7995242436010748,0.0,True,False
0.5500055196579653,0.75,False,0.0,1.0,0.875,0.7000000000000001,0.5,0.3948255268557454,0.0372706221731177,0.3141113979309249,0.0,False,False
0.3124663484708553,0.25,False,1.0,0.0,1.0,0.9750000000000001,0.3333333333333333,0.1460749496855368,0.16412689992080956,0.5346218048265317,0.0,True,False
0.23709820784555535,0.0,False,0.0,0.0,0.875,0.9000000000000001,0.16666666666666666,0.12181711354546569,0.04713414117929754,0.8852190374163951,0.0,True,False
0.5205137675892283,0.5,False,1.0,0.0,1.0,0.9375,0.3333333333333333,0.04944507990068747,0.05574527067439138,0.6393420267025502,0.0,False,False
0.18788311497948096,0.0,False,0.0,0.0,0.875,1.0,0.16666666666666666,0.15084739953011433,0.07068304520242583,0.39729276735509744,0.0,True,False
0.44057145634586703,0.5,False,0.0,1.0,1.0,0.875,0.16666666666666666,0.12913536778991094,0.1454889526486679,0.4955027977498143,0.0,False,False
0.29922617658697714,0.0,False,0.0,0.0,0.75,0.875,0.16666666666666666,0.07321265324972472,0.08927094086038506,0.6991595890114048,0.0,True,False
0.20026656396674725,0.25,False,0.0,0.0,0.875,0.8625,0.16666666666666666,0.180346132804913,0.13695593151745183,0.463061936366993,0.0,True,False
0.3046191557995309,0.25,False,0.0,1.0,0.875,0.8500000000000001,0.16666666666666666,0.4101166803054721,0.12672532499901334,0.4582962251662299,0.0,True,False
0.18235264390969064,0.0,False,0.0,0.0,1.0,1.0,0.16666666666666666,0.044834964603149424,0.042432091687217365,0.6009275690540357,0.0,True,False
0.340248991723305,0.0,True,0.0,1.0,1.0,0.9750000000000001,0.16666666666666666,0.02171258757186525,0.06031144112900653,0.5574471568832156,0.0,True,False
0.16654509119764926,0.0,False,0.0,0.0,0.875,0.9125000000000001,0.16666666666666666,0.137262715578596,0.036068624969285465,0.4509966811935371,0.0,True,False
0.16654509119764926,0.0,False,1.0,0.0,0.75,0.8375000000000001,0.16666666666666666,0.018507694531488216,0.05957002900081453,0.5253006714195805,0.0,True,False
0.3476604067009895,0.0,False,0.0,0.0,1.0,1.0,0.16666666666666666,0.2644611545921618,0.018022222510502544,0.3794152783146931,0.0,True,False
0.18999651059371547,0.25,True,0.0,0.0,1.0,0.9750000000000001,0.16666666666666666,0.9003559253548131,0.1656137862909435,0.03122005200174338,0.0,True,False
0.25319070602152516,0.0,False,0.0,0.0,0.5,0.6375000000000001,0.16666666666666666,0.046485765554229994,0.07871385128539946,0.6229976209106043,0.0,True,False
0.27519771860536413,0.25,False,1.0,0.0,1.0,0.8500000000000001,0.16666666666666666,0.3010067635549605,0.09930966685477548,0.3633232471879768,0.0,True,False
0.09835306947193512,0.0,False,1.0,0.0,0.875,0.9000000000000001,0.16666666666666666,0.4601262426949562,0.08082110355946172,0.3227670993870557,0.0,True,False
0.19738131690723237,0.0,False,0.0,0.0,1.0,1.0,0.16666666666666666,0.41947966431836886,0.31318064370247606,0.22144120304855086,0.0,True,False
0.28512922993451084,0.0,False,1.0,0.0,0.875,0.8875,0.16666666666666666,0.03919728057231894,0.04951923245343247,0.7416481576765515,0.0,True,False
0.1055532308386048,0.0,False,0.0,0.0,0.375,0.625,0.16666666666666666,0.0551541279908158,0.04540561566937485,0.6540348354107293,0.0,True,False
0.1379854216615023,0.0,False,1.0,0.0,1.0,0.9750000000000001,0.0,0.5430867467739161,0.10487018814552716,0.1596498245943263,0.0,True,False
0.2086999458571831,0.0,False,0.0,1.0,0.625,0.75,0.16666666666666666,0.1347675307085299,0.037154946149551775,0.40427459294296897,0.0,True,False
0.3684925690922315,0.25,False,0.0,1.0,1.0,0.9375,0.16666666666666666,0.11232854368787641,0.08430965675592522,0.5923493172821832,0.0,True,False
0.26393754610045883,0.0,False,0.0,0.0,1.0,0.8875,0.16666666666666666,0.16561188142978758,0.1219915961519881,0.3768916238144595,0.0,True,False
0.46237428136991354,0.5,False,0.0,1.0,1.0,0.9500000000000002,0.16666666666666666,0.45637934871907604,0.2294467769559758,0.2018307303013367,0.0,False,False
0.549947927088006,1.0,False,0.0,1.0,0.75,0.8,0.5,0.2883897057212236,0.1343690745771766,0.3019145894404538,0.0,False,False
0.26500494282390286,0.0,True,1.0,0.0,1.0,0.9875,0.16666666666666666,0.4036301301161664,0.03814639078672771,0.273159354625353,0.0,True,False
0.13568464533276103,0.0,False,0.0,1.0,1.0,1.0,0.16666666666666666,0.7144757331916379,0.19309611297850218,0.10518846966577766,0.0,True,False
0.23709820784555535,0.0,False,1.0,0.0,0.875,0.8625,0.16666666666666666,0.35181548935830464,0.08208824615002919,0.288662695279301,0.0,True,False
0.11844403714562823,0.0,False,1.0,0.0,0.75,1.0,0.16666666666666666,0.42750289796646707,0.14043347399673414,0.40829579831655805,0.0,True,False
0.37333890613918264,0.0,False,1.0,0.0,1.0,1.0,0.16666666666666666,0.1847656211095612,0.08103274097106629,0.6712179819959256,0.0,True,False
0.5035171760433163,0.5,False,0.0,1.0,0.75,0.8375000000000001,0.16666666666666666,0.12886905943007773,0.04569193669352465,0.7421035789830919,0.0,False,False
0.16452823567084762,0.0,False,1.0,0.0,0.875,0.8625,0.16666666666666666,0.3675011055846306,0.33094346486130655,0.25693135569410175,0.0,True,False
0.2425954782507257,0.0,False,0.0,0.0,0.5,1.0,0.16666666666666666,0.12392791798746115,0.0764856379192278,0.5136217522991704,0.0,True,False
0.22464655223625163,0.0,False,1.0,0.0,0.875,0.875,0.16666666666666666,0.0629963656981302,0.07066904115591488,0.48689954282654524,0.0,True,False
0.28337463737806934,0.5,False,1.0,0.0,0.875,0.8,0.16666666666666666,0.10383597344119246,0.08523285585788679,0.6186887058102795,0.0,True,False
0.23709820784555535,0.0,False,0.0,0.0,0.875,0.75,0.16666666666666666,0.09895724432482292,0.10196841697864444,0.5281388496272972,0.0,True,False
0.29369633957429786,0.0,False,0.0,0.0,0.875,0.8625,0.16666666666666666,0.0968532797347172,0.0474113005838295,0.7039385947281946,0.0,True,False
0.1469530428293836,0.0,False,1.0,0.0,0.875,0.8625,0.16666666666666666,0.6964615553677274,0.16473541696305383,0.11698231834525252,0.0,True,False
0.4233529141375202,0.0,False,0.0,1.0,1.0,0.75,0.16666666666666666,0.13953178970076252,0.019363908629051685,0.5237604126220445,0.0,True,False
0.18999651059371547,0.0,False,0.0,0.0,1.0,1.0,0.16666666666666666,0.1672425556104806,0.15418122700619513,0.458754850222173,0.0,True,False
0.09835306947193512,0.0,False,0.0,0.0,0.75,0.8375000000000001,0.16666666666666666,0.3760540259535773,0.11676425733124184,0.27805929657559947,0.0,True,False
0.358464058554813,0.0,False,0.0,0.0,0.875,0.75,0.16666666666666666,0.3010682110828993,0.06534171646457239,0.3501349656195816,0.0,True,False
0.5743357880112353,1.0,False,0.0,0.0,0.875,0.9375,0.5,0.3243951209054019,0.26807100510597864,0.27838813919423666,0.0,False,False
0.18999651059371547,0.0,False,1.0,0.0,0.875,0.8500000000000001,0.16666666666666666,0.12928043674644982,0.07853539873970666,0.44580437365818004,0.0,True,False
0.1744308782194427,0.0,False,1.0,0.0,1.0,0.9000000000000001,0.16666666666666666,0.15947327562784253,0.03763979382656777,0.38887982876257143,0.0,True,False
0.16787936553688965,0.0,False,0.0,0.0,1.0,0.9750000000000001,0.16666666666666666,0.394201822937998,0.32595785913002784,0.2420562798043402,0.0,True,False
0.3478060940012787,0.0,False,0.0,1.0,0.875,0.875,0.16666666666666666,0.07042551879820153,0.06936069252220764,0.6003486033276191,0.0,True,False
0.482742304435278,0.5,False,0.0,1.0,0.5,0.75,0.16666666666666666,0.1991838929940631,0.03975005965810692,0.38797452664741194,0.0,False,False
0.2804185526406079,0.0,False,0.0,0.0,1.0,0.9750000000000001,0.16666666666666666,0.2825960458169488,0.12977997900315993,0.4045591319636652,0.0,True,False
0.47564983384767656,0.0,False,0.0,1.0,1.0,0.875,0.16666666666666666,0.1310342218228449,0.11369151239468157,0.55251399652073,0.0,False,False
0.23709820784555535,0.0,False,0.0,0.0,1.0,1.0,0.16666666666666666,0.18011601255580184,0.0513711675450405,0.4036014739559737,0.0,True,False
0.10950116530744503,0.5,False,1.0,0.0,1.0,1.0,0.16666666666666666,0.6216770595785934,0.1266578309885561,0.1493414303014371,0.0,True,False
0.3358319735457994,0.0,False,0.0,1.0,1.0,0.75,0.16666666666666666,0.22864663595419035,0.16089949472604956,0.3493089352981098,0.0,True,False
0.29922617658697714,0.0,False,0.0,0.0,1.0,0.925,0.16666666666666666,0.18077649295973106,0.15926018075361653,0.42905500803240404,0.0,True,False
0.9038968963589366,1.0,False,0.0,1.0,1.0,0.875,1.0,0.6841636065124576,0.21609257013608124,0.11442626405850254,0.0,False,False
0.2540881408954355,0.0,False,1.0,0.0,0.875,0.9000000000000001,0.16666666666666666,0.17281332625686188,0.1458337179745732,0.4168991826551973,0.0,True,False
0.241649338240845,0.25,False,0.0,0.0,0.75,0.825,0.16666666666666666,0.08506360184880551,0.08454686533963722,0.5611465060253549,0.0,True,False
0.20980013490382665,0.0,False,1.0,0.0,0.875,0.8625,0.16666666666666666,0.0634044637555499,0.11459102312809671,0.516211315071434,0.0,True,False
0.25764137249870733,0.0,False,1.0,0.0,0.875,0.9000000000000001,0.16666666666666666,0.07807931520699067,0.10321276706752143,0.475138637173107,0.0,True,False
0.2059249243947282,0.0,True,0.0,0.0,1.0,0.9875,0.16666666666666666,0.19501314883020257,0.09985772482177989,0.3897791566404478,0.0,True,False
0.3150205166791181,0.0,True,1.0,0.0,0.875,0.9125000000000001,0.16666666666666666,0.056628226026516695,0.021111501768982476,0.48147509660271837,0.0,True,False
0.25764137249870733,0.0,False,0.0,0.0,1.0,0.9125000000000001,0.16666666666666666,0.05503667196508591,0.06823808021911741,0.5956629499598853,0.0,True,False
0.16654509119764926,0.0,False,1.0,0.0,0.875,0.9000000000000001,0.16666666666666666,0.014537564245367084,0.04890281817537756,0.5739373786298592,0.0,True,False
0.43923528763568387,1.0,True,0.0,1.0,1.0,0.925,0.3333333333333333,0.1228982710192222,0.20078650509173127,0.5167349335855791,0.0,False,False
0.1744308782194427,0.0,False,0.0,0.0,1.0,0.9125000000000001,0.16666666666666666,0.3116400688264829,0.05832148353575811,0.3815436684480622,0.0,True,False
0.18999651059371547,0.0,False,1.0,0.0,1.0,0.8500000000000001,0.16666666666666666,0.15794700240718212,0.04129549987511533,0.38902256546974967,0.0,True,False
0.2059249243947282,0.0,False,0.0,0.0,1.0,0.9125000000000001,0.16666666666666666,0.4147938797306814,0.32034531849743325,0.22462408390524868,0.0,True,False
0.21787913240949408,0.0,False,0.0,0.0,1.0,0.9375,0.16666666666666666,0.1283661364924179,0.0181396739587426,0.5477463545199444,0.0,True,False
0.2086999458571831,0.0,True,1.0,0.0,1.0,0.9500000000000002,0.16666666666666666,0.19431818412784774,0.13444026687918093,0.5371417178583118,0.0,True,False
0.3124663484708553,0.0,False,1.0,0.0,0.875,0.8125,0.16666666666666666,0.18743982631873168,0.16419588972257304,0.4002177709017438,0.0,True,False
0.4208674744693143,0.0,False,0.0,1.0,0.875,0.875,0.16666666666666666,0.36018946568163773,0.050799626324557236,0.3015475209707983,0.0,False,False
0.1491384508511061,0.0,False,0.0,0.0,1.0,0.8125,0.16666666666666666,0.35793409820503574,0.043932392530014096,0.2801662932119362,0.0,True,False
0.20980013490382665,0.0,False,1.0,0.0,1.0,0.925,0.16666666666666666,0.1678370928890047,0.05937471215707892,0.4034702513996882,0.0,True,False
0.29462777880068314,0.0,False,1.0,0.0,0.875,0.925,0.16666666666666666,0.03165302225257054,0.08207957972476106,0.6004373819161888,0.0,True,False
0.1491384508511061,0.0,False,1.0,0.0,1.0,0.9375,0.16666666666666666,0.3701828412272786,0.19774129766863907,0.3185970228125785,0.0,True,False
0.2804185526406079,0.0,False,1.0,0.0,1.0,1.0,0.16666666666666666,0.21857198259592436,0.11461303486982177,0.383430903128007,0.0,True,False
0.3150205166791181,0.0,False,1.0,0.0,0.875,0.8875,0.16666666666666666,0.04574754184268373,0.05345972047657616,0.6351026015841139,0.0,True,False
0.5049380972536534,0.5,False,1.0,0.0,1.0,1.0,0.16666666666666666,0.11769187555922157,0.029540136596495577,0.5583038777520544,0.0,False,False
0.1763585301969256,0.0,False,0.0,0.0,0.625,0.875,0.16666666666666666,0.025468374651784646,0.07123945094661699,0.5905751363475544,0.0,True,False
0.28512922993451084,0.0,True,1.0,0.0,1.0,0.9750000000000001,0.16666666666666666,0.34971617219717277,0.2714331353032348,0.4086019063957118,0.0,True,False
0.1944573559628856,0.0,False,0.0,1.0,0.625,0.75,0.16666666666666666,0.032996354488692994,0.04433560184626318,0.5084248404596909,0.0,True,False
0.18235264390969064,0.0,True,0.0,0.0,1.0,0.9500000000000002,0.16666666666666666,0.317755498715312,0.08111834063801816,0.2963396372604139,0.0,True,False
0.3590181020286799,0.0,False,0.0,0.0,1.0,0.9375,0.16666666666666666,0.2752907728343568,0.012596832647640912,0.34630736049881294,0.0,True,False
0.1055532308386048,0.0,False,0.0,0.0,1.0,0.9000000000000001,0.3333333333333333,0.6195105172925928,0.06061373646439489,0.17877359314436436,0.0,True,False
0.260703623183438,0.0,False,1.0,0.0,1.0,0.9750000000000001,0.16666666666666666,0.04858964516302676,0.04677847731688728,0.6556588360394322,0.0,True,False
0.2086999458571831,0.0,False,0.0,0.0,1.0,0.9000000000000001,0.16666666666666666,0.25136821825360917,0.07141684888979466,0.35482510660985356,0.0,True,False
0.29922617658697714,0.25,False,1.0,0.0,0.875,0.925,0.16666666666666666,0.269865148152087,0.04021952316551994,0.39004937469906964,0.0,True,False
0.37514491067956957,0.25,False,0.0,0.0,1.0,0.9000000000000001,0.3333333333333333,0.39966945341963417,0.04434549635432924,0.2731712283701866,0.0,False,False
0.4130205699691011,0.0,False,0.0,1.0,0.875,0.825,0.0,0.12358322697385453,0.07388529573706576,0.6133249703877248,0.0,False,False
0.18235264390969064,0.5,True,0.0,0.0,0.875,1.0,0.3333333333333333,0.5184645954562781,0.06763244754357359,0.21096939558909122,0.0,False,False
0.17378451962196084,0.0,True,1.0,0.0,1.0,1.0,0.16666666666666666,0.3918870413557799,0.01585030347512496,0.3492971626803947,0.0,True,False
0.29012011082306344,0.0,False,0.0,0.0,1.0,0.9500000000000002,0.16666666666666666,0.05372222954666417,0.07634264782862535,0.5504758398020222,0.0,True,False
0.3638068217962408,0.25,False,1.0,0.0,1.0,1.0,0.16666666666666666,0.14130754380629418,0.032047768240398226,0.45954701193476466,0.0,False,False
0.2114400734862546,0.0,False,1.0,0.0,0.875,0.8875,0.16666666666666666,0.5263299860429116,0.09247549812406616,0.16799927564037076,0.0,True,False
0.1491384508511061,0.0,False,1.0,0.0,0.875,0.8500000000000001,0.16666666666666666,0.45714155073586665,0.13617118225893912,0.347034156140112,0.0,True,False
0.13021977345814928,0.0,False,1.0,0.0,0.875,0.925,0.16666666666666666,0.3207722935982037,0.20794269905159568,0.40897273725743055,0.0,True,False
0.22439011607918624,0.0,True,0.0,0.0,1.0,1.0,0.16666666666666666,0.45361526990949785,0.09833850056864865,0.28346331307041317,0.0,True,False
0.18999651059371547,0.0,True,1.0,0.0,1.0,0.9500000000000002,0.16666666666666666,0.048146805893198905,0.03918193245425097,0.5007901721560306,0.0,True,False
0.26500494282390286,0.0,False,1.0,0.0,1.0,0.75,0.16666666666666666,0.036645269416267404,0.0654062343003904,0.6417714967981802,0.0,True,False
0.4775852542534834,0.5,False,0.0,0.0,1.0,0.9000000000000001,0.3333333333333333,0.20658850973069584,0.09443111289283972,0.38998948749921336,0.0,False,False
0.5049380972536534,0.5,True,0.0,1.0,1.0,0.9125000000000001,0.3333333333333333,0.06816779403379586,0.08025975569118526,0.5084373575110801,0.0,False,False
0.18235264390969064,0.0,False,0.0,0.0,0.875,0.8625,0.16666666666666666,0.588287215263193,0.25970560302699885,0.17643402232383743,0.0,True,False
0.4280388656935906,0.0,False,0.0,1.0,0.75,1.0,0.16666666666666666,0.07573638406389033,0.0964181380419162,0.5034803918167674,0.0,True,False
0.16654509119764926,0.0,False,0.0,0.0,1.0,0.8875,0.16666666666666666,0.20360876629281927,0.04739005633864994,0.38732558092379943,0.0,True,False
0.31434232696378717,0.0,False,0.0,1.0,0.75,0.825,0.16666666666666666,0.04083950105843197,0.06679819082643089,0.5292608854243646,0.0,True,False
0.1138054726374812,0.0,False,0.0,0.0,0.875,0.7875000000000001,0.16666666666666666,0.09984420732834999,0.0904165712087824,0.5564752836879787,0.0,True,False
0.3933739191718918,0.5,False,0.0,1.0,0.875,0.875,0.16666666666666666,0.12450996944207325,0.07642321394644652,0.5583215031077475,0.0,True,False
0.18999651059371547,0.0,True,0.0,0.0,1.0,0.9625000000000001,0.16666666666666666,0.32725828935631923,0.06799020419605825,0.30242048969650126,0.0,True,False
0.37164839339344924,0.25,False,0.0,1.0,0.875,0.825,0.16666666666666666,0.06035578964788545,0.08890052818479743,0.5468036776198628,0.0,True,False
0.2114400734862546,0.0,False,1.0,0.0,1.0,0.925,0.16666666666666666,0.2209232899472724,0.11680760578774735,0.3835323717131527,0.0,True,False
0.20480494506263047,0.5,False,1.0,0.0,1.0,0.8625,0.3333333333333333,0.31799875541667927,0.1485178817443222,0.36110868573565824,0.0,True,False
0.19738131690723237,0.0,False,1.0,0.0,1.0,1.0,0.16666666666666666,0.09253529743163676,0.07855828844657432,0.4440995057633872,0.0,True,False
0.2540881408954355,0.0,True,0.0,0.0,1.0,0.9375,0.16666666666666666,0.28242766896164706,0.035386458741768365,0.3234020343744841,0.0,True,False
0.14511497704022547,0.0,False,0.0,0.0,0.0,0.5,0.16666666666666666,0.03343743156724227,0.08485515999865802,0.6037777933759694,0.0,True,False
0.25961489543201643,0.0,False,0.0,1.0,1.0,0.8875,0.16666666666666666,0.21678801473174866,0.10489253322631058,0.37321193554232,0.0,True,False
0.44057145634586703,0.0,False,0.0,1.0,1.0,0.8875,0.3333333333333333,0.11679392442794083,0.12870058385733757,0.4925374871431252,0.0,False,False
0.31670681412378243,0.0,False,1.0,0.0,0.875,1.0,0.16666666666666666,0.3744385054239584,0.024077347889701412,0.2940895419295717,0.0,True,False
0.3933739191718918,0.0,False,0.0,0.0,1.0,1.0,0.16666666666666666,0.12526197114345505,0.06233537088084549,0.5634543535321253,0.0,False,False
0.19738131690723237,0.0,False,0.0,1.0,0.75,0.5875,0.16666666666666666,0.1594197380510196,0.11564666314384875,0.38164517998167957,0.0,True,False
0.30814172754735114,0.0,False,0.0,0.0,1.0,0.9500000000000002,0.16666666666666666,0.20306942685036844,0.09674122603145258,0.35754342123109617,0.0,True,False
0.22464655223625163,0.0,False,0.0,0.0,0.875,0.875,0.16666666666666666,0.28615547707888794,0.254885389882982,0.3134968611189948,0.0,True,False
0.44057145634586703,0.5,False,0.0,1.0,1.0,0.875,0.0,0.12478435036040907,0.13433856995156113,0.4920979161973409,0.0,False,False
0.2774218162774681,0.0,True,1.0,0.0,0.875,0.9375,0.16666666666666666,0.12004298544370047,0.03681524632664461,0.5258425496215253,0.0,True,False
0.13021977345814928,0.0,False,0.0,0.0,1.0,1.0,0.16666666666666666,0.6794242823349379,0.12162342889146041,0.1275122182237005,0.0,True,False
0.22464655223625163,0.0,False,0.0,1.0,1.0,0.9375,0.16666666666666666,0.18405422415351874,0.09610049452796034,0.36616602365530504,0.0,True,False
0.15974835452086278,0.0,False,0.0,0.0,1.0,1.0,0.16666666666666666,0.2219937672287165,0.11864852717751229,0.5332008548994156,0.0,True,False
0.33242037614776854,0.25,False,0.0,1.0,0.875,0.8375000000000001,0.16666666666666666,0.17167065328284578,0.12670585167114587,0.47543246176376197,0.0,False,False
0.4130205699691011,0.0,False,0.0,1.0,1.0,0.9125000000000001,0.0,0.08331207606614532,0.040526509128795345,0.8988684692725935,0.0,False,False
0.21387707107058385,0.0,False,1.0,0.0,0.875,0.8625,0.16666666666666666,0.15462389564325918,0.11341094913985354,0.43793552930207835,0.0,True,False
0.5985370703727445,0.75,False,0.0,0.0,0.875,0.875,0.6666666666666666,0.17693663019190284,0.004611952191939213,0.3947749729480585,0.0,False,False
0.23685602136352257,0.0,True,0.0,0.0,1.0,0.9750000000000001,0.16666666666666666,0.35876887709150296,0.07703452757031216,0.27457688505750055,0.0,True,False
0.3601219809432269,0.0,False,0.0,1.0,1.0,0.9375,0.16666666666666666,0.06428158045410287,0.01830705304140322,0.4719214304420871,0.0,True,False
0.4024006854822325,0.0,False,0.0,1.0,1.0,0.9500000000000002,0.16666666666666666,0.20211736107085101,0.04272108740470297,0.9108089086069135,0.0,False,False
0.1763585301969256,0.0,True,1.0,0.0,1.0,0.9625000000000001,0.16666666666666666,0.3376493418809529,0.2911615708440898,0.27763678271472036,0.0,True,False
0.18235264390969064,0.0,False,0.0,0.0,0.875,0.9125000000000001,0.16666666666666666,0.10847662873271621,0.07367879431236936,0.6039228737969462,0.0,True,False
0.16787936553688965,0.0,False,0.0,0.0,0.875,0.7750000000000001,0.16666666666666666,0.3822018074380864,0.025517577759199064,0.3282344628547944,0.0,True,False
0.08221400771487952,0.5,False,0.0,1.0,1.0,1.0,0.16666666666666666,0.47049388491998556,0.07756450055120086,0.29281388691928756,0.0,True,False
0.23685602136352257,0.0,True,1.0,0.0,0.875,0.925,0.16666666666666666,0.21577748263007085,0.07616016317577322,0.3681149495073943,0.0,True,False
0.13061469904311618,0.0,False,0.0,0.0,0.875,0.875,0.16666666666666666,0.5876182646935597,0.2020472823388314,0.1453045184881132,0.0,True,False
0.2045240485274159,0.0,True,1.0,0.0,1.0,0.9500000000000002,0.16666666666666666,0.49486252210438425,0.14038303707000604,0.18274365900544387,0.0,True,False
0.4130205699691011,0.0,False,0.0,1.0,0.875,0.875,0.0,0.09366238450025219,0.02138232936540669,0.6193139569409869,0.0,False,False
0.29922617658697714,0.0,False,0.0,0.0,1.0,0.9500000000000002,0.16666666666666666,0.16956084469818677,0.16258220210233829,0.48354770715435436,0.0,True,False
0.3684925690922315,0.0,False,0.0,0.0,1.0,0.9875,0.0,0.04074101748491078,0.06854867637351313,0.6191167940175999,0.0,True,False
0.4334141991058512,0.5,False,0.0,1.0,0.875,0.8875,0.16666666666666666,0.13568348103180985,0.0914285103945965,0.4668367207836026,0.0,False,False
0.242831372789175,0.0,False,1.0,0.0,0.75,0.65,0.16666666666666666,0.3287329445607071,0.04865144145196251,0.3248624932026185,0.0,True,False
0.4833686659005628,0.25,False,1.0,0.0,0.875,0.8875,0.16666666666666666,0.17602851521251517,0.07114300603466454,0.388912755126819,0.0,True,False
0.4130205699691011,0.0,False,0.0,1.0,0.875,0.8625,0.0,0.13125105296147366,0.08918156773609406,0.5575873919708472,0.0,False,False
0.0960533426341309,0.0,True,1.0,0.0,1.0,0.9500000000000002,0.16666666666666666,0.46020685755166385,0.3331400480137038,0.3105563291636326,0.0,False,True
0.3373652176169438,0.0,False,0.0,1.0,1.0,0.9375,0.16666666666666666,0.14197582370729261,0.1996156545443843,0.5138262016611401,0.0,True,False
0.28512922993451084,0.0,False,0.0,1.0,1.0,0.8875,0.16666666666666666,0.07930937346047873,0.10122851253097684,0.5456561306342436,0.0,True,False
0.6829533160395883,0.5,False,0.0,1.0,0.75,0.55,0.3333333333333333,0.3887975573826997,0.026314813885666023,0.31935361504279114,0.0,False,False
0.24864724269350724,0.0,False,0.0,0.0,0.875,0.9500000000000002,0.16666666666666666,0.1860078738774446,0.06467401514730832,0.40072174677071937,0.0,True,False
0.19738131690723237,0.0,False,0.0,0.0,0.875,0.9125000000000001,0.16666666666666666,0.13443403133508025,0.0862057620973811,0.46470878063373444,0.0,True,False
0.5375641935144176,0.5,True,0.0,1.0,1.0,1.0,0.3333333333333333,0.14514649905020535,0.16813974499386225,0.5337511682497578,0.0,False,False
0.2114400734862546,0.0,False,0.0,0.0,1.0,1.0,0.16666666666666666,0.20647241451096288,0.12273792417822166,0.3843824253030641,0.0,True,False
0.22310338924130446,0.0,True,1.0,0.0,0.875,0.925,0.16666666666666666,0.1357017701052098,0.10860577380587019,0.5306947683234873,0.0,True,False
0.39619142062674795,0.0,True,0.0,0.0,1.0,0.9875,0.0,0.02778878878520367,0.07297043039742528,0.5529514355659777,0.0,False,False
0.14511497704022547,0.0,False,0.0,0.0,0.875,0.8875,0.16666666666666666,0.232845371216472,0.14409355723505027,0.35205339060043905,0.0,True,False
0.3352156425590972,0.0,True,0.0,0.0,1.0,0.925,0.16666666666666666,0.10514883204045966,0.06959392483118015,0.6050954535015451,0.0,True,False
0.16112476655243813,0.0,True,1.0,0.0,0.875,0.925,0.16666666666666666,0.3648955459440978,0.13851069982069172,0.4621295201349296,0.0,True,False
0.7023098727792906,1.0,True,0.0,1.0,1.0,1.0,0.5,0.27615452145063124,0.11144730144860698,0.3139114949870876,0.0,False,False
0.37475916771974005,0.5,False,0.0,1.0,1.0,0.75,0.16666666666666666,0.20507839496656857,0.049556568868035215,0.7360420912201167,0.0,False,False
0.32879566198707366,0.0,True,0.0,1.0,1.0,0.9500000000000002,0.16666666666666666,0.12924668574298545,0.047541829564029026,0.4921838726701895,0.0,True,False
0.30814172754735114,0.0,False,1.0,0.0,0.75,0.8500000000000001,0.16666666666666666,0.10252063219152908,0.08387343909592933,0.6237838935107511,0.0,True,False
0.23709820784555535,0.25,False,1.0,0.0,0.875,0.8625,0.0,0.1285024979441581,0.10041082638070607,0.5476957727829113,0.0,True,False
0.17281137281862657,0.0,False,0.0,0.0,1.0,0.9375,0.16666666666666666,0.22061751371344424,0.08323965465042871,0.39227153367943757,0.0,True,False
0.6366624189910827,0.5,False,0.0,0.0,0.875,1.0,0.3333333333333333,0.20514658233727615,0.06728910720712034,0.6466404914961974,0.0,False,False
0.1744308782194427,0.0,False,0.0,0.0,0.875,0.8500000000000001,0.16666666666666666,0.20498383471829307,0.06109984203549917,0.38626322393778567,0.0,True,False
0.4834468346483859,0.0,False,1.0,0.0,1.0,0.9500000000000002,0.16666666666666666,0.34753001544530165,0.2053527091933782,0.2880812728376274,0.0,True,False
0.27026488318664244,0.0,False,0.0,1.0,0.875,0.825,0.16666666666666666,0.15377148866285154,0.10443134830028938,0.38587010361218055,0.0,True,False
0.25852070104109537,0.0,True,1.0,0.0,1.0,0.9625000000000001,0.16666666666666666,0.1348534537158268,0.13008361960533069,0.43098827976023046,0.0,True,False
0.1491384508511061,0.0,False,1.0,0.0,1.0,0.9125000000000001,0.16666666666666666,0.5760772274792428,0.023403337639582418,0.14529947430205148,0.0,True,False
0.2463394869693064,0.0,False,1.0,0.0,1.0,0.8875,0.16666666666666666,0.10781106386912309,0.1365690325797246,0.4570719421917735,0.0,True,False
0.15766729729734064,0.0,False,0.0,0.0,0.75,0.875,0.16666666666666666,0.5824167024996361,0.18843402361531011,0.1515821174411527,0.0,True,False
0.14176687734287585,0.0,False,1.0,0.0,1.0,0.8500000000000001,0.16666666666666666,0.46196590885248673,0.10101328967684824,0.22730271455059703,0.0,True,False
0.22464655223625163,0.0,True,1.0,0.0,1.0,0.9375,0.16666666666666666,0.14365763759311603,0.130607404163468,0.4261419673852256,0.0,True,False
0.5375641935144176,0.5,True,0.0,1.0,1.0,1.0,0.3333333333333333,0.12414086203342607,0.20795025007208562,0.5177279356454205,0.0,False,False
0.38432683571480053,0.0,False,0.0,1.0,0.75,0.5875,0.16666666666666666,0.0745420543823165,0.06098609084151594,0.5995607147870545,0.0,True,False
0.19738131690723237,0.0,False,1.0,0.0,1.0,1.0,0.16666666666666666,0.037242784329733464,0.07713003542743886,0.6114739429206899,0.0,True,False
0.2683858972451899,0.0,False,1.0,0.0,0.875,0.925,0.16666666666666666,0.08347934963237269,0.046781369750247624,0.5086889053058568,0.0,True,False
0.20311410892050896,0.0,False,1.0,0.0,1.0,1.0,0.16666666666666666,0.1811275505652254,0.15894990433149656,0.4067049611778175,0.0,True,False
0.18235264390969064,0.0,False,0.0,0.0,0.875,0.925,0.16666666666666666,0.3796729390112443,0.39931632899436087,0.24523191238087305,0.0,True,False
0.4892309919629193,1.0,False,0.0,1.0,0.875,0.9125000000000001,0.3333333333333333,0.21402049594582642,0.10020522345405108,0.3479137513958006,0.0,False,False
0.428542189335401,0.75,False,0.0,1.0,0.875,0.9625000000000001,0.16666666666666666,0.11559788452610222,0.08831048219699254,0.5798067922505579,0.0,True,False
0.29922617658697714,0.0,False,0.0,0.0,1.0,0.9500000000000002,0.16666666666666666,0.22916543433394065,0.2336752316430724,0.4091720727062862,0.0,True,False
0.13021977345814928,0.0,False,1.0,0.0,0.875,0.8875,0.16666666666666666,0.5934614806817949,0.2447754423847683,0.13701169185789097,0.0,True,False
0.2344192367306569,0.0,False,1.0,0.0,0.875,0.8625,0.16666666666666666,0.09994376428631394,0.12427509288309035,0.456446958092797,0.0,True,False
0.1695358015156997,0.0,False,0.0,0.0,0.75,0.825,0.16666666666666666,0.08230311263686432,0.05094004431757621,0.5129188148787058,0.0,True,False
0.24841756378014168,0.0,True,0.0,1.0,1.0,0.9625000000000001,0.16666666666666666,0.05555622652889096,0.0369101111306735,0.6630883177708975,0.0,True,False
0.16654509119764926,0.0,False,0.0,0.0,1.0,0.9125000000000001,0.16666666666666666,0.2735340943600873,0.054000062157291195,0.36851618657150587,0.0,True,False
0.2114400734862546,0.0,False,1.0,0.0,1.0,1.0,0.16666666666666666,0.5324469757049595,0.11493008493851462,0.16522341271499164,0.0,True,False
0.37164839339344924,0.0,False,1.0,0.0,0.875,0.8875,0.16666666666666666,0.17411151773963676,0.13986055409188153,0.41581662725099555,0.0,True,False
0.2344192367306569,0.0,False,0.0,1.0,1.0,0.8875,0.16666666666666666,0.055192644869555094,0.057633139687602065,0.627007338276889,0.0,True,False
0.10950116530744503,0.0,True,1.0,0.0,1.0,0.9375,0.16666666666666666,0.5730980213143567,0.18243779209557615,0.17631076818086378,0.0,True,False
0.20311410892050896,0.0,False,0.0,0.0,1.0,0.875,0.16666666666666666,0.13080319981744917,0.012886450157953984,0.5375279894141332,0.0,True,False
0.1744308782194427,0.0,False,1.0,0.0,0.75,0.7375,0.16666666666666666,0.0976045607149489,0.1416073292084855,0.46609130233623053,0.0,True,False
0.21387707107058385,0.0,False,0.0,1.0,1.0,0.75,0.16666666666666666,0.03206184101984404,0.08525174489181661,0.6012961439608413,0.0,True,False
0.2059249243947282,0.0,True,0.0,0.0,0.875,0.9375,0.16666666666666666,0.3246651588602233,0.1267961550669395,0.3992933322531338,0.0,True,False
0.21681908192114852,0.0,False,0.0,0.0,1.0,0.9125000000000001,0.16666666666666666,0.13441598163103813,0.076777920822473,0.4631899347035435,0.0,True,False
0.13021977345814928,0.0,False,0.0,1.0,1.0,0.6875,0.16666666666666666,0.1753006864040098,0.1571728046493855,0.4422853126386004,0.0,True,False
0.16486567718832734,0.0,False,1.0,0.0,1.0,0.9000000000000001,0.16666666666666666,0.3305539450812785,0.1545678370876575,0.3392255045952193,0.0,True,False
0.22464655223625163,0.25,False,0.0,0.0,0.875,0.9125000000000001,0.16666666666666666,0.2394026355004049,0.05331634092328028,0.5950392759173386,0.0,True,False
0.8135446951318995,1.0,False,0.0,0.0,1.0,1.0,0.5,0.18440366909817657,0.15730652429361394,0.4711806842690147,0.0,False,False
0.4834468346483859,0.0,False,0.0,1.0,1.0,0.925,0.16666666666666666,0.5331465432158499,0.0820678940258238,0.17039605268110525,0.0,True,False
0.22464655223625163,0.0,False,0.0,1.0,0.875,0.8375000000000001,0.16666666666666666,0.13609254908697993,0.03916790342308713,0.40069566518295585,0.0,True,False
0.2114400734862546,0.0,False,1.0,0.0,1.0,0.9375,0.16666666666666666,0.0742901155782913,0.06237223919072437,0.46451326336941934,0.0,True,False
0.1491384508511061,0.0,False,1.0,0.0,0.75,0.8375000000000001,0.16666666666666666,0.3109330735223682,0.0968844268167212,0.3442357913286449,0.0,True,False
0.1491384508511061,0.0,False,1.0,0.0,0.875,0.9750000000000001,0.0,0.5593382715769095,0.09780830852589788,0.1512215316792047,0.0,True,False
0.23926585870601202,0.0,False,0.0,1.0,0.875,0.8875,0.16666666666666666,0.1643893447999369,0.02038219617314528,0.4195957636477059,0.0,True,False
0.3328887509306683,0.0,False,1.0,0.0,0.875,0.8625,0.16666666666666666,0.10535657918458906,0.021907934460570634,0.5595157448043899,0.0,False,False
0.5125233670308075,0.75,False,0.0,1.0,0.875,0.8375000000000001,0.3333333333333333,0.12755738285204704,0.10041785811351567,0.5486453226498191,0.0,False,False
0.25764137249870733,0.0,True,0.0,1.0,1.0,1.0,0.16666666666666666,0.14074609322708515,0.1075116037831907,0.5217066440478286,0.0,True,False
0.15766729729734064,0.0,False,1.0,0.0,0.75,0.8625,0.16666666666666666,0.24380936409997708,0.08946145698357084,0.4058691506358072,0.0,True,False
0.2414121599875928,0.0,False,0.0,0.0,0.875,0.9125000000000001,0.16666666666666666,0.2456058173124124,0.07394180186932098,0.40205624106100446,0.0,True,False
0.1491384508511061,0.0,False,1.0,0.0,0.875,0.8625,0.16666666666666666,0.14106478707839445,0.07185387939494643,0.4314385262309921,0.0,True,False
0.11802640583139079,0.0,True,1.0,0.0,0.875,0.875,0.3333333333333333,0.5669030870359221,0.022289468898042862,0.21405467067637174,0.0,True,False
0.1652025969937264,0.0,True,1.0,0.0,1.0,0.9500000000000002,0.16666666666666666,0.38146257032515607,0.03273684002842253,0.35010925538117,0.0,True,False
0.24841756378014168,0.0,False,0.0,1.0,1.0,0.925,0.16666666666666666,0.16663746202981292,0.0796029852432556,0.3936703325080704,0.0,True,False
0.09835306947193512,0.0,False,1.0,0.0,1.0,0.9125000000000001,0.16666666666666666,0.5628356941954287,0.16352488778578095,0.18613406106259234,0.0,True,False
0.13950588713035217,0.0,False,1.0,0.0,1.0,0.8125,0.16666666666666666,0.6055826059806189,0.12351646474775146,0.12753960779390994,0.0,True,False
0.1776342231555602,0.0,True,1.0,0.0,1.0,0.925,0.16666666666666666,0.3061387826314589,0.1926598288540054,0.40815310489080936,0.0,True,False
0.18999651059371547,0.0,False,1.0,0.0,0.5,0.75,0.16666666666666666,0.06603590330358498,0.0690759656577479,0.5146454688665998,0.0,True,False
0.1652025969937264,0.0,True,1.0,0.0,1.0,1.0,0.16666666666666666,0.3785002202412976,0.03842841001038003,0.34818663393322,0.0,True,False
0.16654509119764926,0.0,False,1.0,0.0,1.0,0.9500000000000002,0.16666666666666666,0.06911404969684803,0.043023931694586744,0.6801178185183914,0.0,True,False
0.1491384508511061,0.0,True,0.0,1.0,1.0,0.9375,0.16666666666666666,0.4958962754516398,0.17489253231839935,0.18540910377396713,0.0,True,False
0.1944573559628856,0.0,False,1.0,0.0,0.75,0.7750000000000001,0.16666666666666666,0.12371539749979561,0.07648514037606775,0.596413525769524,0.0,True,False
0.22694099873152396,0.25,False,0.0,0.0,1.0,0.9500000000000002,0.16666666666666666,0.4621102005797051,0.09538295837622993,0.3010250993635144,0.0,True,False
0.13950588713035217,0.0,False,1.0,0.0,1.0,0.8875,0.16666666666666666,0.25021589768993224,0.10925301995884924,0.36937372823929127,0.0,True,False
0.24841756378014168,0.25,False,0.0,1.0,0.875,0.8375000000000001,0.16666666666666666,0.15833988179144354,0.10218654802139479,0.3825238221098095,0.0,True,False
0.3548280280131647,0.25,False,0.0,1.0,1.0,1.0,0.16666666666666666,0.1210530300386047,0.033328802187677184,0.5771465414521633,0.0,True,False
0.47556881710117016,1.0,False,1.0,0.0,0.875,0.9000000000000001,0.3333333333333333,0.2204846220747037,0.1137032789963037,0.5426431786525787,0.0,False,False
0.23564103507180223,0.0,False,1.0,0.0,0.75,0.8,0.0,0.13082752998929362,0.09357518176854918,0.5510100847316115,0.0,True,False
0.3476604067009895,0.0,False,0.0,0.0,0.875,0.7875000000000001,0.16666666666666666,0.43988868233479533,0.08360266119537878,0.23211489658550244,0.0,True,False
0.23709820784555535,0.0,True,0.0,0.0,1.0,0.925,0.16666666666666666,0.19548396801085846,0.20931353647080764,0.42437726859736324,0.0,True,False
0.22439011607918624,0.0,True,1.0,0.0,1.0,0.9500000000000002,0.16666666666666666,0.2544943902724907,0.0861349530120986,0.5368432114402486,0.0,True,False
0.4187743985863951,0.5,False,0.0,1.0,0.75,0.75,0.16666666666666666,0.29007946485489905,0.13999981951028892,0.45159747536684747,0.0,False,False
0.2540881408954355,0.0,True,1.0,0.0,1.0,0.9375,0.16666666666666666,0.2472908119048101,0.12019778026693435,0.5040433966399214,0.0,True,False
0.18235264390969064,0.0,False,0.0,0.0,0.875,0.8500000000000001,0.16666666666666666,0.43025063590488066,0.12094569722143955,0.22679681315643618,0.0,True,False
0.39218912331113376,0.0,False,0.0,0.0,1.0,1.0,0.16666666666666666,0.42247386675717247,0.05910282227185496,0.23486777616499355,0.0,True,False
0.21252654948093908,0.0,False,1.0,0.0,0.875,0.8875,0.16666666666666666,0.10749115966458535,0.1392951048418427,0.4520112135260934,0.0,True,False
0.18999651059371547,0.0,False,0.0,0.0,1.0,1.0,0.16666666666666666,0.30664253698463867,0.03534557353587225,0.3747753976837509,0.0,True,False
0.24841756378014168,0.0,False,0.0,1.0,0.875,0.8875,0.16666666666666666,0.10262866816081498,0.03408958157170386,0.4301774717308906,0.0,True,False
0.23071219467756687,0.0,False,1.0,0.0,0.875,0.8500000000000001,0.16666666666666666,0.2228584742805235,0.0652534960034005,0.38693855115467324,0.0,True,False
0.25764137249870733,0.0,True,0.0,1.0,1.0,0.8875,0.16666666666666666,0.12563980720986218,0.07612910824854216,0.5792121738558302,0.0,True,False
0.3548280280131647,0.0,False,0.0,0.0,1.0,0.9625000000000001,0.16666666666666666,0.583312922307422,0.2906478951107587,0.1827689285693448,0.0,True,False
0.19738131690723237,0.0,False,0.0,1.0,0.75,0.75,0.16666666666666666,0.14129354101288455,0.06042706865940312,0.4015969083221893,0.0,True,False
0.13021977345814928,0.0,False,0.0,0.0,1.0,0.9000000000000001,0.16666666666666666,0.3698439810222702,0.09720462355071267,0.33305459140115956,0.0,True,False
0.13021977345814928,0.0,False,0.0,0.0,1.0,0.9000000000000001,0.16666666666666666,0.09470889751875043,0.1346469417055385,0.48926630381140934,0.0,True,False
0.449884452457057,0.0,True,1.0,0.0,1.0,0.9375,0.16666666666666666,0.14509304857343228,0.13429151938394243,0.5129109022329084,0.0,True,False
0.44057145634586703,0.5,False,0.0,1.0,1.0,0.8875,0.16666666666666666,0.12172409658114998,0.15337611888300362,0.49995592002893874,0.0,False,False
0.37719075328840235,0.25,False,1.0,0.0,1.0,0.925,0.16666666666666666,0.10683688940685272,0.1578724155062914,0.5280922012239937,0.0,True,False
0.40488052232439464,0.5,True,0.0,0.0,1.0,0.9750000000000001,0.3333333333333333,0.41723317293711687,0.3298784099479725,0.2210436150040469,0.0,False,False
0.22439011607918624,0.0,False,0.0,0.0,0.875,0.925,0.16666666666666666,0.07928675198156052,0.0613451869351559,0.4563764784940365,0.0,True,False
0.27026488318664244,0.0,False,0.0,0.0,0.875,0.75,0.0,0.21122136967686309,0.13485695784630203,0.37546427376924063,0.0,True,False
0.3358319735457994,0.5,False,1.0,0.0,0.875,0.9000000000000001,0.16666666666666666,0.2287711125618581,0.1558682236891885,0.42621257787396116,0.0,True,False
0.13021977345814928,0.0,False,1.0,0.0,1.0,1.0,0.16666666666666666,0.47158052516575694,0.2551219720483821,0.3160439082181721,0.0,True,False
0.38432683571480053,0.5,False,0.0,1.0,0.75,0.7250000000000001,0.3333333333333333,0.4038344908190571,0.017335713116978138,0.2496588506612092,0.0,False,False
0.18235264390969064,0.0,False,1.0,0.0,0.75,0.75,0.16666666666666666,0.09298561458274784,0.1513448153378492,0.5122383649827542,0.0,True,False
0.4101950717160826,0.0,False,0.0,1.0,0.875,0.9375,0.16666666666666666,0.16163257002831755,0.11435503848178714,0.42212344441086125,0.0,False,False
0.2344192367306569,0.0,False,1.0,0.0,0.875,0.8500000000000001,0.16666666666666666,0.09821879010558197,0.10337678157318558,0.4474672629416958,0.0,True,False
0.18235264390969064,0.0,True,0.0,0.0,1.0,0.9875,0.16666666666666666,0.19462141415898765,0.0754177469275763,0.38575257062545365,0.0,True,False
0.2425954782507257,0.0,False,0.0,0.0,1.0,0.925,0.16666666666666666,0.06350097567741637,0.06451031438132158,0.5264944649384815,0.0,True,False
0.22464655223625163,0.0,False,0.0,0.0,0.625,0.7000000000000001,0.16666666666666666,0.12764792461660643,0.02654774658046656,0.6762866670142196,0.0,True,False
0.5049380972536534,0.5,True,0.0,1.0,1.0,0.9125000000000001,0.3333333333333333,0.059160445486095684,0.055662400269574336,0.5197104983415031,0.0,False,False
0.2804185526406079,0.0,False,0.0,0.0,1.0,1.0,0.16666666666666666,0.18549271010435042,0.15837466847706352,0.4071419695717493,0.0,True,False
0.3365999440394677,0.0,False,0.0,1.0,0.875,0.7750000000000001,0.16666666666666666,0.07561437319848766,0.09982708994544488,0.6094604987196433,0.0,True,False
0.16654509119764926,0.0,True,0.0,0.0,0.875,0.9625000000000001,0.16666666666666666,0.447149264681377,0.07185842345498958,0.23024789074239416,0.0,True,False
0.2804185526406079,0.0,False,0.0,0.0,1.0,1.0,0.16666666666666666,0.2988347890058461,0.15225052814143963,0.4491412283538774,0.0,True,False
0.4834468346483859,0.5,False,1.0,0.0,1.0,0.9750000000000001,0.16666666666666666,0.07748431625481941,0.06648088348390455,0.4709214561831001,0.0,False,False
0.20980013490382665,0.0,False,1.0,0.0,0.875,0.875,0.16666666666666666,0.17115073642576956,0.03321461620925057,0.39919869271140374,0.0,True,False
0.23071219467756687,0.0,False,1.0,0.0,1.0,0.9000000000000001,0.16666666666666666,0.10703395159746666,0.127509837434761,0.472574902217755,0.0,True,False
0.32879566198707366,0.25,False,0.0,1.0,0.75,0.7125,0.16666666666666666,0.06707168360316251,0.10149897327067711,0.538865247441108,0.0,True,False
0.3211956944885873,0.0,True,1.0,0.0,1.0,0.9750000000000001,0.16666666666666666,0.11934209781547557,0.10403442203457446,0.5678374999802791,0.0,True,False
0.5118383672496735,0.5,False,0.0,1.0,1.0,0.8625,0.3333333333333333,0.15126621778429195,0.14953868067125015,0.5492975651607666,0.0,False,False
0.23709820784555535,0.0,False,0.0,1.0,1.0,1.0,0.16666666666666666,0.3633254551566133,0.3358898077058643,0.2507907438872836,0.0,True,False
0.9999707857481323,0.0,False,0.0,1.0,0.875,0.8375000000000001,0.16666666666666666,0.5366476918699112,0.10069697531422529,0.2297937393729077,0.0,False,False
0.3327327378299817,0.0,False,0.0,1.0,0.875,0.7875000000000001,0.16666666666666666,0.10518828247569267,0.035258655682057084,0.42760400598535653,0.0,True,False
0.16486567718832734,0.0,False,0.0,0.0,0.875,0.9500000000000002,0.3333333333333333,0.9297841062628862,0.22683927869736284,0.020547891638972304,0.0,True,False
0.45448511281551773,0.0,False,0.0,1.0,1.0,1.0,0.16666666666666666,0.06565065693920209,0.07094927220907654,0.569150631050102,0.0,True,False
0.53206932159522,0.5,False,1.0,0.0,1.0,1.0,0.3333333333333333,0.1338019435442612,0.09781614762382712,0.542860607774083,0.0,True,False
0.42601386474469594,1.0,False,0.0,1.0,1.0,0.925,0.5,0.3370726051834002,0.2572207262919966,0.28214530106411906,0.0,False,False
0.19738131690723237,0.0,False,1.0,0.0,0.75,0.9000000000000001,0.3333333333333333,0.12777422809118236,0.1017086659793149,0.5477413816865275,0.0,True,False
0.22439011607918624,0.0,False,1.0,0.0,1.0,1.0,0.16666666666666666,0.1687690502304846,0.10498248943312036,0.4784120624851793,0.0,True,False
0.18235264390969064,0.0,False,0.0,0.0,0.75,0.7875000000000001,0.16666666666666666,0.03181205081580975,0.06026563993460297,0.61941476046391,0.0,True,False
0.1744308782194427,0.0,False,1.0,0.0,1.0,0.9375,0.16666666666666666,0.16436840671969302,0.029350707277138614,0.3871806690949593,0.0,True,False
0.21787913240949408,0.0,False,1.0,0.0,1.0,0.8500000000000001,0.16666666666666666,0.20480461176802478,0.10703068973973467,0.35257856809596144,0.0,True,False
0.2059249243947282,0.5,False,0.0,1.0,0.875,0.7125,0.16666666666666666,0.11709795406999444,0.007466879273421964,0.4168503638598211,0.0,True,False
0.22439011607918624,0.0,False,1.0,0.0,0.875,0.8,0.16666666666666666,0.07161842586083737,0.01987936406037803,0.6983810735187603,0.0,True,False
0.29922617658697714,0.25,False,0.0,0.0,0.875,0.875,0.16666666666666666,0.2891518837945756,0.07842141118611058,0.3099034382126471,0.0,True,False
0.18999651059371547,0.0,False,0.0,1.0,0.875,0.9000000000000001,0.16666666666666666,0.018694257175664582,0.054272678309258,0.546905295905628,0.0,True,False
0.13950588713035217,0.0,False,1.0,0.0,0.875,0.8625,0.16666666666666666,0.24557531129375473,0.11985867618578565,0.37076758630528395,0.0,True,False
0.25764137249870733,0.0,True,0.0,1.0,1.0,0.9625000000000001,0.16666666666666666,0.1507671338694755,0.13302681543118106,0.4969401598393679,0.0,True,False
0.2378231565258787,0.0,False,1.0,0.0,1.0,0.9375,0.16666666666666666,0.0315866218701549,0.08091367940210355,0.5486000793213324,0.0,True,False
0.41030442485755503,0.5,False,0.0,0.0,0.875,0.8,0.16666666666666666,0.1678717994346182,0.1296837130757355,0.42095146845625786,0.0,False,False
0.1988287154944829,0.5,False,1.0,0.0,0.75,1.0,0.3333333333333333,0.5811201269163357,0.20067740636974668,0.17143873583732638,0.0,True,False
0.05044498468457159,0.0,False,1.0,0.0,1.0,0.925,0.16666666666666666,0.4805478785040531,0.027882989348027878,0.2277814979995485,0.0,True,False
0.19149362807169223,0.0,False,0.0,0.0,1.0,1.0,0.16666666666666666,0.13975406757894512,0.07720442294576314,0.5215871267500238,0.0,True,False
0.21787913240949408,0.0,True,1.0,0.0,1.0,0.9625000000000001,0.16666666666666666,0.15087568953012212,0.0813197621160258,0.3992239498171688,0.0,True,False
0.10062878017869592,0.0,False,0.0,0.0,0.875,0.875,0.16666666666666666,0.3957823872150499,0.10131510146356555,0.3056624245566921,0.0,True,False
0.1262306470342195,0.0,False,0.0,0.0,1.0,0.9125000000000001,0.16666666666666666,0.1910912467741171,0.11980718231996647,0.3604278019355467,0.0,True,False
0.242831372789175,0.0,False,1.0,0.0,1.0,1.0,0.16666666666666666,0.14505673870501418,0.16093896642205283,0.5399159910295681,0.0,True,False
0.4334141991058512,0.5,False,0.0,1.0,0.875,0.875,0.16666666666666666,0.14977203699704114,0.11493178193248385,0.4600748076893788,0.0,False,False
0.19563165245222625,0.0,False,0.0,1.0,0.75,0.8,0.16666666666666666,0.0930532048338716,0.14820465967952023,0.5142479207913657,0.0,True,False
0.22820532932234439,0.0,False,1.0,0.0,0.75,0.8125,0.16666666666666666,0.10035061951257161,0.08270369206899066,0.5611151895256317,0.0,True,False
0.21521927450523404,0.0,False,1.0,0.0,0.875,0.9000000000000001,0.16666666666666666,0.10457720905350462,0.14182216256630803,0.462849328865339,0.0,True,False
0.10062878017869592,0.0,False,0.0,0.0,0.875,0.875,0.16666666666666666,0.16165717584208045,0.09169118030432932,0.4003893870509141,0.0,True,False
0.1491384508511061,0.0,False,1.0,0.0,1.0,0.9500000000000002,0.16666666666666666,0.5040061850623739,0.07078993900700786,0.17510642057899983,0.0,True,False
0.37359782496261296,0.25,False,0.0,1.0,0.875,0.9125000000000001,0.16666666666666666,0.13331571509137446,0.18835273915679604,0.514400497364627,0.0,True,False
0.37164839339344924,0.5,False,0.0,1.0,0.875,0.7625,0.16666666666666666,0.09169306550994308,0.10035145892581024,0.53733267234088,0.0,True,False
0.3684925690922315,0.0,True,0.0,0.0,1.0,0.9500000000000002,0.16666666666666666,0.10546270362407607,0.052138691475400636,0.6122864112636477,0.0,True,False
0.22464655223625163,0.0,True,0.0,1.0,1.0,1.0,0.16666666666666666,0.08706272242964566,0.10827302690407256,0.4635665739166559,0.0,True,False
0.4134520286673712,0.75,False,0.0,1.0,1.0,0.9625000000000001,0.3333333333333333,0.1445586548327721,0.09125835553731018,0.393269901587572,0.0,False,False
0.1491384508511061,0.0,False,0.0,0.0,1.0,0.9750000000000001,0.16666666666666666,0.26914129101820655,0.048685493136505276,0.36593798605859784,0.0,True,False
0.32070147190330356,0.25,False,0.0,1.0,1.0,0.8375000000000001,0.0,0.10284525073551426,0.06361019007470824,0.6541083959115421,0.0,True,False
0.4911254230547516,1.0,True,0.0,1.0,1.0,0.875,0.5,0.3175002770016168,0.1191458020434539,0.33418786855208404,0.0,False,False
0.28821404423334107,0.25,False,0.0,1.0,1.0,1.0,0.16666666666666666,0.36287672466622267,0.3357370405411524,0.25120864752436756,0.0,True,False
0.08660377490514592,0.0,False,0.0,1.0,0.875,0.9125000000000001,0.16666666666666666,0.5781832065667647,0.24509224403067023,0.14752483777854297,0.0,True,False
0.31670681412378243,0.25,False,0.0,1.0,0.875,0.8875,0.16666666666666666,0.09718199767826237,0.14603146522228277,0.5216214623497544,0.0,True,False
0.46570617763053257,0.5,True,1.0,0.0,1.0,0.9625000000000001,0.16666666666666666,0.20447841129221672,0.10640925991439165,0.5565185074450749,0.0,False,False
0.14363327969647732,0.0,True,1.0,0.0,1.0,0.9375,0.16666666666666666,0.22847315192161471,0.04856165759030468,0.6293974619494165,0.0,True,False
0.42601386474469594,0.5,False,1.0,0.0,0.875,0.8500000000000001,0.3333333333333333,0.31968501690085466,0.27259501083638543,0.28333149433950355,0.0,False,False
0.1055532308386048,0.0,False,0.0,0.0,0.875,0.8875,0.16666666666666666,0.47863002870818216,0.10342699529813648,0.2133977874290116,0.0,True,False
0.23709820784555535,0.0,False,0.0,1.0,1.0,1.0,0.16666666666666666,0.2900023665165119,0.07473436567750237,0.3596708518475553,0.0,True,False
0.39619142062674795,0.75,False,0.0,1.0,1.0,1.0,0.16666666666666666,0.17800015523242024,0.20229702799605948,0.48689387995562194,0.0,True,False
0.1491384508511061,0.0,True,0.0,0.0,1.0,0.925,0.16666666666666666,0.26327047656239855,0.14541907988826341,0.40762194461846124,0.0,True,False
0.14176687734287585,0.5,False,1.0,0.0,1.0,0.8,0.3333333333333333,0.4623221977717726,0.243317749492367,0.33727295764512966,0.0,True,False
0.29012011082306344,0.0,True,0.0,0.0,1.0,0.9625000000000001,0.16666666666666666,0.41145660399448936,0.33252139939867226,0.22579441179225435,0.0,True,False
0.14176687734287585,0.0,False,0.0,0.0,1.0,0.8875,0.16666666666666666,0.05363318957056086,0.07992838684742733,0.5430839110599253,0.0,True,False
0.19738131690723237,0.0,True,0.0,0.0,1.0,0.9500000000000002,0.16666666666666666,0.2754881580055356,0.2378941076375859,0.4217355104572498,0.0,True,False
0.19738131690723237,0.0,False,1.0,0.0,0.875,0.9125000000000001,0.16666666666666666,0.172308571010537,0.02815292277438116,0.3791628120369752,0.0,True,False
0.1763585301969256,0.0,False,0.0,0.0,0.75,0.825,0.16666666666666666,0.06932619017137114,0.07990744984445255,0.5860023291411758,0.0,True,False
0.2045240485274159,0.0,False,0.0,0.0,0.875,0.9125000000000001,0.16666666666666666,0.22617063291741574,0.05959528893832606,0.3813316575278305,0.0,True,False
0.15766729729734064,0.0,False,0.0,1.0,0.625,0.75,0.16666666666666666,0.36307982998269295,0.06473473270356606,0.2782636623636505,0.0,True,False
0.5208431690551364,1.0,False,0.0,1.0,0.875,0.9000000000000001,0.3333333333333333,0.1494532088140676,0.13439639556966426,0.47333329443960603,0.0,False,False
0.1744308782194427,0.0,False,1.0,0.0,0.875,0.8875,0.16666666666666666,0.08371264632929781,0.10178625125588582,0.5481919336527101,0.0,True,False
0.3617673850533235,0.25,False,0.0,1.0,0.75,0.8500000000000001,0.16666666666666666,0.12909542321804443,0.05830878309169815,0.5712081919516261,0.0,True,False
0.39908808914396154,1.0,False,0.0,1.0,0.5,1.0,0.3333333333333333,0.1799014097887678,0.05680198881559871,0.40201731595582824,0.0,False,False
0.2784253142618224,0.0,True,0.0,0.0,1.0,0.9875,0.16666666666666666,0.12618064309155325,0.034942623672955093,0.5409591910511864,0.0,True,False
0.21521927450523404,0.0,False,1.0,0.0,0.875,0.8625,0.16666666666666666,0.09556368317058209,0.056754204315837345,0.6574885537939077,0.0,True,False
0.1379854216615023,0.25,False,1.0,0.0,0.875,0.8375000000000001,0.16666666666666666,0.5383805636945775,0.08929114291182717,0.18872748096204073,0.0,True,False
0.46714275042793896,0.0,False,0.0,1.0,0.0,0.0,0.16666666666666666,0.16689427827761918,0.04154532499010062,0.3885967334914233,0.0,True,False
0.584793148748631,0.75,False,0.0,1.0,1.0,1.0,0.16666666666666666,0.08399326021450325,0.0980994626009508,0.6291995409433102,0.0,True,False
0.27519771860536413,0.0,False,1.0,0.0,1.0,0.9625000000000001,0.16666666666666666,0.1233887652257815,0.10354075437014003,0.5513106475984502,0.0,True,False
0.3717788994493071,0.25,False,1.0,0.0,0.625,0.75,0.16666666666666666,0.12681622616368332,0.062113590505759424,0.4883364942485695,0.0,True,False
0.38738445376403063,0.75,False,0.0,1.0,1.0,0.9000000000000001,0.16666666666666666,0.10172354733658055,0.041039303353991544,0.43430056880315715,0.0,False,False
0.2495635452349113,0.0,True,0.0,0.0,1.0,0.9750000000000001,0.16666666666666666,0.24490094514090263,0.29658164346664645,0.35948216700549707,0.0,True,False
0.24046085711394316,0.0,True,0.0,0.0,1.0,0.9750000000000001,0.16666666666666666,0.3784266398310538,0.36106784752114246,0.24822587816503305,0.0,True,False
0.4506125786834424,0.25,False,1.0,0.0,0.875,0.925,0.16666666666666666,0.08236711706299236,0.04995131931779207,0.5063879673096516,0.0,True,False
0.1454838325651734,0.0,False,0.0,0.0,1.0,1.0,0.16666666666666666,0.3418698218803542,0.21613774929341306,0.3506030270981453,0.0,True,False
0.2086999458571831,0.0,True,0.0,1.0,1.0,1.0,0.16666666666666666,0.1715401808770297,0.03335980501357642,0.41246076223470074,0.0,True,False
0.22050691587333648,0.0,False,1.0,0.0,0.875,0.875,0.16666666666666666,0.11400564007724483,0.086435006794301,0.42241989929288537,0.0,True,False
0.12420836164543314,0.0,False,0.0,0.0,0.875,0.8375000000000001,0.0,0.5020501447486835,0.19622628676288428,0.27800435263368484,0.0,True,False
0.23071219467756687,0.25,False,1.0,0.0,1.0,0.9375,0.16666666666666666,0.0747193813346604,0.04987130918303638,0.641753175114339,0.0,True,False
0.2862911586480613,0.0,True,0.0,1.0,1.0,0.9500000000000002,0.16666666666666666,0.06431784590965524,0.09032442697784476,0.5656695190637164,0.0,True,False
0.44057145634586703,1.0,False,0.0,1.0,0.875,0.875,0.5,0.2500102996945909,0.10474750755997526,0.3211326146946414,0.0,False,False
0.09185166783053156,0.0,False,1.0,0.0,0.875,0.9125000000000001,0.16666666666666666,0.4813977595292462,0.08019172804706115,0.23311193332221225,0.0,True,False
0.19738131690723237,0.0,False,1.0,0.0,0.875,0.9375,0.16666666666666666,0.18932383307608464,0.09804401027317691,0.3769071613562678,0.0,True,False
0.14176687734287585,0.0,True,1.0,0.0,0.875,0.875,0.16666666666666666,0.19369525717499142,0.11181537678150243,0.35964571417110136,0.0,True,False
0.13021977345814928,0.0,False,1.0,0.0,0.875,0.8875,0.16666666666666666,0.43898315628603884,0.13177779674741977,0.3755142038113424,0.0,True,False
0.13021977345814928,0.0,False,1.0,0.0,1.0,1.0,0.16666666666666666,0.19727864984202176,0.06946507831770138,0.3880716034377514,0.0,True,False
0.24841756378014168,0.0,False,1.0,0.0,0.875,0.9125000000000001,0.16666666666666666,0.0684284366171407,0.08371468096910939,0.540729731731731,0.0,True,False
0.2425954782507257,0.0,False,1.0,0.0,0.875,0.8625,0.16666666666666666,0.13746489054809072,0.12671895219557086,0.5231362978086369,0.0,True,False
0.45296232595548636,0.0,False,1.0,0.0,1.0,0.9500000000000002,0.16666666666666666,0.07130722674374705,0.07919259137300216,0.9636599985367353,0.0,True,False
0.41697933964453904,0.0,False,0.0,1.0,1.0,1.0,0.16666666666666666,0.07580533742771677,0.05199498137434745,0.46603448642558076,0.0,True,False
0.1744308782194427,0.0,False,0.0,0.0,0.875,0.9375,0.16666666666666666,0.07595887396788066,0.11549007464569734,0.5096500366748378,0.0,True,False
0.29012011082306344,0.0,False,0.0,0.0,1.0,0.925,0.16666666666666666,0.12292675488986372,0.027872055565219152,0.41120396268253523,0.0,True,False
0.2045240485274159,0.75,False,0.0,1.0,0.875,0.7875000000000001,0.3333333333333333,0.5514736525719728,0.19626583453884733,0.1650266735497603,0.0,True,False
0.14511497704022547,0.0,False,0.0,0.0,0.875,0.8,0.16666666666666666,0.2669611870167222,0.09313540374797818,0.51165522938286,0.0,True,False
0.2045240485274159,0.0,False,1.0,0.0,0.75,0.875,0.16666666666666666,0.3164106840044935,0.08521739037919679,0.3239174010048107,0.0,True,False
0.27026488318664244,0.0,False,0.0,0.0,1.0,0.9750000000000001,0.16666666666666666,0.07026034198189722,0.06542887869035074,0.4721352335174953,0.0,True,False
0.47394212464279495,0.0,True,0.0,1.0,1.0,0.9875,0.16666666666666666,0.05876445679985225,0.06211358822851324,0.5521375797338428,0.0,True,False
0.26500494282390286,0.0,False,1.0,0.0,0.875,0.7750000000000001,0.16666666666666666,0.016611383824691673,0.05367703095380218,0.5765484861936121,0.0,True,False
0.13021977345814928,0.0,False,1.0,0.0,0.875,0.8875,0.16666666666666666,0.5831369729546368,0.2329664077754433,0.14205550033284697,0.0,True,False
0.25983307656246224,0.0,True,1.0,0.0,1.0,0.9500000000000002,0.16666666666666666,0.249579415233789,0.06963590747945772,0.35660608234092606,0.0,True,False
0.35707275564828456,0.0,False,0.0,0.0,0.875,0.7875000000000001,0.16666666666666666,0.22701865251053932,0.21031072100574477,0.4374225788489601,0.0,True,False
0.33751795036703236,0.5,False,0.0,1.0,0.875,0.8375000000000001,0.3333333333333333,0.39147301913555316,0.09433964424062474,0.4329736615066153,0.0,True,False
0.44537079669137636,0.0,True,1.0,0.0,1.0,1.0,0.16666666666666666,0.300064596272144,0.18293044515016618,0.4132931988624162,0.0,True,False
0.2804185526406079,0.0,False,0.0,0.0,1.0,1.0,0.16666666666666666,0.09399116096033898,0.048291726376679035,0.66032864210398,0.0,True,False
0.5313804576969711,0.25,True,0.0,1.0,1.0,1.0,0.16666666666666666,0.05439246249257719,0.06617426845467154,0.5959230532552455,0.0,True,False
0.18235264390969064,0.0,False,0.0,1.0,0.875,0.8,0.3333333333333333,0.15112130992390593,0.06262302011587324,0.4060272752059253,0.0,True,False
0.34997979588942185,0.5,False,1.0,0.0,1.0,1.0,0.16666666666666666,0.23630635975129516,0.032189498318715606,0.6687776833253458,0.0,False,False
0.07723047886437417,0.0,False,1.0,0.0,1.0,0.9750000000000001,0.16666666666666666,0.5958719588113575,0.06444413163387537,0.19357345400597747,0.0,True,False
0.5685956716045536,0.0,True,0.0,1.0,1.0,0.9500000000000002,0.3333333333333333,0.11568759085913784,0.09136802096712979,0.48189699408534725,0.0,False,False
0.16654509119764926,0.0,False,1.0,0.0,1.0,0.9500000000000002,0.16666666666666666,0.1157558773025764,0.14363259170168421,0.452666942536055,0.0,True,False
0.16112476655243813,0.0,True,1.0,0.0,1.0,0.9125000000000001,0.16666666666666666,0.27308630225616853,0.07184920750109436,0.3638591642723594,0.0,True,False
0.25961489543201643,0.5,True,0.0,0.0,1.0,0.9375,0.16666666666666666,0.25436279471455014,0.001419837199491989,0.3817805721753478,0.0,True,False
0.20564546873051193,0.0,True,0.0,0.0,1.0,0.9375,0.16666666666666666,0.0749561667567607,0.10767466855947096,0.5161200751139188,0.0,True,False
0.4147413028284933,0.25,True,0.0,0.0,1.0,0.9500000000000002,0.3333333333333333,0.2366643066184961,0.22560286775858254,0.4432730230657511,0.0,False,False
0.1763585301969256,0.0,True,1.0,0.0,0.875,0.9500000000000002,0.16666666666666666,0.35464840814681864,0.3197885815493231,0.2655017950749976,0.0,True,False
0.29922617658697714,0.5,True,0.0,0.0,1.0,0.9750000000000001,0.3333333333333333,0.434865421386641,0.11322734618375412,0.27759938963876296,0.0,True,False
0.17281137281862657,0.0,False,1.0,0.0,1.0,1.0,0.16666666666666666,0.20892175810484992,0.12389518270918354,0.38312952579161097,0.0,True,False
0.27026488318664244,0.0,False,0.0,1.0,1.0,1.0,0.16666666666666666,0.12916106547937037,0.11561818508561963,0.4199127682109649,0.0,True,False
0.3141724492380934,0.0,False,1.0,0.0,0.875,0.875,0.16666666666666666,0.08057352179322344,0.0916382903544181,0.549483286009276,0.0,True,False
0.1491384508511061,0.0,False,1.0,0.0,0.875,0.8,0.16666666666666666,0.08590779741529732,0.134999884342926,0.49780089926725823,0.0,True,False
0.25093081518220284,0.0,True,1.0,0.0,1.0,0.9375,0.16666666666666666,0.10273706667846998,0.04226420074212462,0.6319050652032623,0.0,True,False
0.22541405509279533,0.0,False,1.0,0.0,0.75,0.7750000000000001,0.16666666666666666,0.08671350537259574,0.1012157525207167,0.5337983946695175,0.0,True,False
0.5049380972536534,0.0,True,0.0,1.0,1.0,1.0,0.16666666666666666,0.048202197870812855,0.05084829522267968,0.6050244011004087,0.0,True,False
0.18235264390969064,0.0,False,0.0,1.0,1.0,0.8875,0.16666666666666666,0.15916803134094384,0.05808814319672314,0.3932047914819481,0.0,True,False
0.25520476207117715,0.0,True,0.0,0.0,1.0,0.9875,0.16666666666666666,0.1921719383332239,0.05685731947454754,0.383688254397792,0.0,True,False
0.18235264390969064,0.0,False,0.0,0.0,1.0,0.8875,0.16666666666666666,0.3531623419262649,0.1370770605279151,0.43136293536268977,0.0,True,False
0.1491384508511061,0.0,False,0.0,1.0,1.0,0.8125,0.16666666666666666,0.1709208728332163,0.14111483447600365,0.43740518215669,0.0,True,False
0.16654509119764926,0.0,False,1.0,0.0,1.0,1.0,0.16666666666666666,0.21926033795132707,0.21489167400505552,0.45707902261450317,0.0,True,False
0.22464655223625163,0.0,False,0.0,1.0,1.0,0.75,0.16666666666666666,0.1565042102132372,0.0970418057219644,0.38394679349023564,0.0,True,False
0.23071219467756687,0.0,True,1.0,0.0,0.875,0.9000000000000001,0.16666666666666666,0.5253070664187552,0.08005775441285722,0.17123111455838025,0.0,True,False
0.43104151603444596,0.5,False,0.0,1.0,1.0,1.0,0.16666666666666666,0.09007031375849363,0.04798290862141713,0.7324673892658913,0.0,True,False
0.3762980595247757,0.25,False,1.0,0.0,1.0,1.0,0.16666666666666666,0.06488770022443653,0.08382893862840377,0.5925824942543054,0.0,False,False
0.2045240485274159,0.25,False,0.0,1.0,1.0,0.925,0.16666666666666666,0.5657955420862113,0.17729411326836594,0.15934446562936766,0.0,True,False
0.28821404423334107,0.25,False,0.0,1.0,1.0,0.875,0.16666666666666666,0.28165569660527484,0.10437982269614264,0.3467180412758639,0.0,True,False
0.2045240485274159,0.0,False,1.0,0.0,0.75,0.825,0.16666666666666666,0.007388925004826699,0.03122552916191606,0.5454418821198128,0.0,True,False
0.1763585301969256,0.0,False,1.0,0.0,0.875,0.925,0.16666666666666666,0.5464089956210862,0.2520834291044218,0.20684008241196894,0.0,True,False
0.24841756378014168,0.25,False,0.0,1.0,1.0,0.8875,0.16666666666666666,0.16652239053885565,0.07091688932427255,0.3918884602335859,0.0,True,False
0.25983307656246224,0.0,False,1.0,0.0,1.0,0.9875,0.16666666666666666,0.23784744666968685,0.06225086783293934,0.36458461989213586,0.0,True,False
0.18666619388412287,0.0,False,1.0,0.0,0.75,0.7875000000000001,0.16666666666666666,0.2928235629343667,0.1396529760524826,0.4568464448173184,0.0,True,False
0.18999651059371547,0.0,False,0.0,0.0,1.0,0.9750000000000001,0.16666666666666666,0.17609691381850265,0.06620224457154467,0.38336350577065437,0.0,True,False
0.46731113806737057,0.5,False,0.0,1.0,0.875,0.9000000000000001,0.16666666666666666,0.1823581837997317,0.14438456739833747,0.46154485323573247,0.0,False,False
0.18235264390969064,0.0,False,1.0,0.0,0.75,0.7750000000000001,0.16666666666666666,0.1704006781700332,0.07972129420855611,0.4296553889608863,0.0,True,False
0.25961489543201643,0.0,True,0.0,0.0,1.0,0.9625000000000001,0.16666666666666666,0.2525925154337746,0.06698839319726037,0.5640792610354006,0.0,True,False
0.4795832039115432,0.75,False,0.0,0.0,0.875,0.925,0.3333333333333333,0.24730078286940113,0.06656236505754727,0.33936025052404184,0.0,False,False
0.16654509119764926,0.0,False,0.0,0.0,0.875,0.9125000000000001,0.16666666666666666,0.19798812935252133,0.0834287180396568,0.36621592400213987,0.0,True,False
0.25961489543201643,0.0,False,0.0,0.0,0.25,0.25,0.16666666666666666,0.6706524355234164,0.182507661593827,0.12027752102970624,0.0,True,False
0.29369633957429786,0.0,False,0.0,0.0,1.0,0.9625000000000001,0.16666666666666666,0.415328188596899,0.04453972861705536,0.28323637705226434,0.0,True,False
0.10062878017869592,0.25,False,0.0,0.0,0.75,0.8125,0.16666666666666666,0.454645026329702,0.13805197530432703,0.23853387950193716,0.0,True,False
0.22464655223625163,0.0,True,1.0,0.0,1.0,0.8625,0.16666666666666666,0.03299924050389978,0.08579531695516067,0.6029371855722423,0.0,True,False
0.20564546873051193,0.0,False,1.0,0.0,1.0,0.925,0.16666666666666666,0.04691695653197797,0.06519236129876549,0.6251381926307176,0.0,True,False
0.23926585870601202,0.0,False,0.0,0.0,1.0,1.0,0.16666666666666666,0.6319217760613395,0.14557671041286813,0.1395685852531019,0.0,True,False
0.5375641935144176,0.5,True,0.0,1.0,1.0,1.0,0.3333333333333333,0.1337872086674511,0.1986170732505541,0.5201238092252576,0.0,False,False
0.39908808914396154,1.0,False,0.0,1.0,0.75,1.0,0.3333333333333333,0.202159455529907,0.10277191838161817,0.38738114969567095,0.0,False,False
0.32494795039328717,0.0,True,0.0,0.0,1.0,0.9750000000000001,0.16666666666666666,0.2827789168127511,0.07091694210060458,0.31529139605586365,0.0,True,False
0.19738131690723237,0.0,False,0.0,1.0,0.875,0.8125,0.16666666666666666,0.13141433574619,0.030780895485962377,0.40677018618421923,0.0,True,False
0.13606979892523585,0.0,False,0.0,0.0,0.875,0.8875,0.16666666666666666,0.1975733291335272,0.11178865930708956,0.556466821341423,0.0,True,False
0.26521779620799124,0.0,False,0.0,0.0,0.875,0.9375,0.16666666666666666,0.08764704696488057,0.030047327135365523,0.7787929783210941,0.0,True,False
0.2440070303170766,0.0,True,1.0,0.0,1.0,0.9500000000000002,0.16666666666666666,0.09638205772424509,0.07669982165200491,0.5718742024851566,0.0,True,False
0.18666619388412287,0.0,False,1.0,0.0,0.875,0.8625,0.16666666666666666,0.16971757953862734,0.03127277587941201,0.41350014757703013,0.0,True,False
0.2045240485274159,0.25,True,1.0,0.0,1.0,0.9625000000000001,0.16666666666666666,0.3860545150200819,0.40536023353802153,0.23951778109357336,0.0,True,False
0.17281137281862657,0.25,False,1.0,0.0,0.75,0.7625,0.16666666666666666,0.593466274732235,0.08455281154569953,0.13356291004633247,0.0,True,False
0.10687717191704571,0.0,False,1.0,0.0,0.5,0.625,0.16666666666666666,0.24976568926069306,0.1278015895485701,0.4879907152762182,0.0,True,False
0.1491384508511061,0.0,False,0.0,0.0,1.0,0.925,0.16666666666666666,0.6150557378560959,0.17337110937941588,0.16855760427306477,0.0,True,False
0.18999651059371547,0.0,False,1.0,0.0,1.0,0.8500000000000001,0.16666666666666666,0.10105439637099477,0.06368160830077389,0.6221343643681227,0.0,True,False
0.47394212464279495,0.0,True,0.0,1.0,1.0,1.0,0.16666666666666666,0.08814914377814889,0.13077197645041405,0.5015850054799988,0.0,True,False
0.04699771315400536,0.0,False,0.0,0.0,0.875,0.8875,0.16666666666666666,0.5519359313039844,0.1357124722239785,0.19124351978997622,0.0,True,False
0.3281590761255734,0.0,False,1.0,0.0,0.875,0.8375000000000001,0.16666666666666666,0.06408316722729561,0.10063654937769721,0.5464222728509749,0.0,True,False
0.29012011082306344,0.0,False,0.0,1.0,1.0,0.875,0.0,0.2449333700370616,0.04844769585112371,0.594367611760481,0.0,True,False
0.25961489543201643,0.0,True,1.0,0.0,1.0,0.9750000000000001,0.16666666666666666,0.34055596257740334,0.1579501439135337,0.4334502816516985,0.0,True,False
0.15591777176702204,0.0,False,1.0,0.0,1.0,0.9125000000000001,0.16666666666666666,0.3345054074393038,0.12300117355740442,0.38025606344361473,0.0,True,False
0.23071219467756687,0.0,False,0.0,0.0,0.75,0.7625,0.16666666666666666,0.13546051731030526,0.036319803544241656,0.4642653336036635,0.0,True,False
0.08172075217918262,0.0,False,1.0,0.0,0.875,0.8875,0.16666666666666666,0.5058472933198226,0.17613159773342565,0.2746343814470529,0.0,True,False
0.19738131690723237,0.0,False,1.0,0.0,0.875,0.7875000000000001,0.16666666666666666,0.16046278760438465,0.05194196575736994,0.39959059134427566,0.0,True,False
0.16787936553688965,0.5,False,1.0,0.0,0.875,0.8875,0.16666666666666666,0.5249872513830113,0.061574251401968004,0.1969423862369286,0.0,False,True
0.19738131690723237,0.0,False,1.0,0.0,0.875,0.8875,0.16666666666666666,0.20463641833890778,0.07776569986351999,0.3830125960496451,0.0,True,False
0.22464655223625163,0.0,True,0.0,1.0,1.0,1.0,0.16666666666666666,0.1706745351925401,0.03102589318927919,0.4150255003392913,0.0,True,False
0.13021977345814928,0.0,False,0.0,0.0,0.875,0.8,0.16666666666666666,0.09409062304924197,0.024983533671701273,0.5025070722155336,0.0,True,False
0.2507035317605534,0.0,False,1.0,0.0,0.75,0.875,0.16666666666666666,0.05573250538081995,0.035487530448828096,0.6659834146622636,0.0,True,False
0.13950588713035217,0.0,False,0.0,0.0,0.875,0.8,0.16666666666666666,0.31075484559564115,0.02742966667828136,0.35434106888505235,0.0,True,False
0.18235264390969064,0.0,True,0.0,0.0,1.0,0.9875,0.16666666666666666,0.14878838327934485,0.10464667491673643,0.4555958790779344,0.0,True,False
0.18999651059371547,0.0,False,1.0,0.0,0.75,0.825,0.16666666666666666,0.25038630286312835,0.09378187111266816,0.5331328101318831,0.0,True,False
0.242831372789175,0.0,True,0.0,0.0,1.0,0.9625000000000001,0.16666666666666666,0.9003561603039679,0.1656140566459832,0.03121993248726418,0.0,True,False
0.2114400734862546,0.0,False,0.0,0.0,0.0,0.5,0.16666666666666666,0.2599694903154121,0.09300165589058929,0.3272075227115929,0.0,True,False
0.18848903661177763,0.5,False,0.0,1.0,0.875,0.8500000000000001,0.16666666666666666,0.1874061800527133,0.01410709104961981,0.37688717416732853,0.0,True,False
0.23071219467756687,0.0,False,1.0,0.0,1.0,0.8375000000000001,0.16666666666666666,0.31227229172734894,0.11881552186286037,0.34299431999759133,0.0,True,False
0.28435115460358495,0.25,False,0.0,1.0,0.875,0.8125,0.16666666666666666,0.16396414192379782,0.05069921616855958,0.38227582033183416,0.0,True,False
0.21387707107058385,0.0,False,0.0,1.0,1.0,1.0,0.16666666666666666,0.030035769313324235,0.07855809709731233,0.5964247893997812,0.0,True,False
0.19119502627069151,0.0,True,0.0,0.0,1.0,0.9875,0.16666666666666666,0.25309741463790597,0.03600748207116426,0.3187216328504592,0.0,True,False
0.19268396044224734,0.0,True,0.0,0.0,0.75,0.9500000000000002,0.16666666666666666,0.2017568309358708,0.09759179167112651,0.6016256878403128,0.0,True,False
0.4334141991058512,0.5,False,0.0,1.0,0.875,0.7750000000000001,0.16666666666666666,0.1324265751423017,0.09217167520372155,0.47045779098371754,0.0,False,False
0.3124663484708553,0.0,False,0.0,0.0,1.0,0.9125000000000001,0.16666666666666666,0.1482661713125828,0.09969604170609779,0.43832921076727493,0.0,True,False
0.20731685231026986,0.0,False,0.0,0.0,1.0,0.9750000000000001,0.16666666666666666,0.39312877157122067,0.35596571911156727,0.24030458419775025,0.0,True,False
0.1763585301969256,0.0,False,1.0,0.0,0.875,0.875,0.16666666666666666,0.11931725089881827,0.06734852933693307,0.4154691938936952,0.0,True,False
0.2086999458571831,0.0,False,1.0,0.0,1.0,0.9125000000000001,0.16666666666666666,0.09168267105938707,0.05835147946000915,0.6114385889447043,0.0,True,False
0.24841756378014168,0.25,False,0.0,1.0,1.0,1.0,0.16666666666666666,0.17124458527440312,0.11807441136025039,0.3731177139277171,0.0,True,False
0.34502124165984516,0.5,True,0.0,1.0,1.0,0.9500000000000002,0.16666666666666666,0.31162463052930767,0.21350967895188921,0.3034330890189363,0.0,True,False
0.3812257049397215,0.25,False,0.0,0.0,0.875,0.8375000000000001,0.16666666666666666,0.3881416814502766,0.02875994646099557,0.283993319912778,0.0,True,False
0.2804185526406079,0.0,True,0.0,0.0,1.0,0.925,0.16666666666666666,0.304390169010153,0.14648035927294717,0.4514585694030018,0.0,True,False
0.2425954782507257,0.0,False,0.0,0.0,1.0,0.9625000000000001,0.16666666666666666,0.18909933169237128,0.1691078533759429,0.42898399440071255,0.0,True,False
0.2425954782507257,0.0,False,0.0,0.0,1.0,1.0,0.16666666666666666,0.2044533676847974,0.08400960023858611,0.3864240468086999,0.0,True,False
0.10950116530744503,0.0,False,1.0,0.0,1.0,0.9625000000000001,0.16666666666666666,0.4393910666954347,0.113000638130259,0.24441506344583153,0.0,True,False
0.43104151603444596,0.75,False,0.0,0.0,1.0,0.9125000000000001,0.5,0.3055398908666717,0.2575097095669372,0.4018934283093918,0.0,False,False
0.4101950717160826,0.75,False,0.0,1.0,0.875,0.7625,0.3333333333333333,0.3417267070847963,0.05522933422842462,0.3586150283335061,0.0,False,False
0.29922617658697714,0.0,False,0.0,0.0,0.875,0.8500000000000001,0.16666666666666666,0.08660021672034286,0.13571783678941612,0.4968816522827504,0.0,True,False
0.2114400734862546,0.0,False,0.0,1.0,1.0,0.925,0.16666666666666666,0.4738752399683972,0.21004230821166614,0.1914733686930996,0.0,True,False
0.2804185526406079,0.0,False,0.0,1.0,1.0,0.9500000000000002,0.16666666666666666,0.2025288211033021,0.07014692875060007,0.3864741473263109,0.0,True,False
0.21521927450523404,0.0,False,1.0,0.0,0.875,0.8625,0.16666666666666666,0.10494264464964126,0.06789938393163245,0.640403998784508,0.0,True,False
0.24841756378014168,0.0,False,0.0,1.0,0.875,0.8500000000000001,0.16666666666666666,0.1861661132725197,0.09021972395156727,0.3655166854250662,0.0,True,False
0.26500494282390286,0.25,True,1.0,0.0,1.0,0.9625000000000001,0.16666666666666666,0.09781072730636867,0.09443829477751711,0.541518453994656,0.0,True,False
0.12052027184128888,0.0,False,0.0,0.0,1.0,0.875,0.16666666666666666,0.4346302429164126,0.12644690992311783,0.37434761627489177,0.0,True,False
0.3063875592267705,0.0,True,0.0,0.0,1.0,0.9750000000000001,0.16666666666666666,0.2594405889057481,0.07496632194140801,0.32955479666484755,0.0,True,False
0.16787936553688965,0.0,False,1.0,0.0,1.0,0.7875000000000001,0.16666666666666666,0.1645477963390712,0.019043717014609947,0.42030703369461175,0.0,True,False
0.2114400734862546,0.0,False,1.0,0.0,1.0,0.8625,0.16666666666666666,0.03784365409330524,0.07992354087346758,0.6172256727335632,0.0,True,False
0.23685602136352257,0.25,False,0.0,0.0,0.875,0.75,0.16666666666666666,0.21600021649205284,0.07346639080156123,0.37295890689767086,0.0,True,False
0.22464655223625163,0.0,False,0.0,0.0,1.0,0.875,0.16666666666666666,0.2443774814850926,0.10943079052829302,0.4792288257312991,0.0,True,False
0.37164839339344924,0.0,False,0.0,1.0,1.0,0.6625000000000001,0.16666666666666666,0.11834203325491476,0.08267697125676735,0.5832248208043369,0.0,True,False
0.061014917104809885,0.0,True,0.0,0.0,1.0,0.9000000000000001,0.16666666666666666,0.6315604727522358,0.2603540030447778,0.14890809022931917,0.0,True,False
0.22464655223625163,0.0,False,0.0,0.0,1.0,1.0,0.16666666666666666,0.13212074197269258,0.02040964941832458,0.5267063491619159,0.0,True,False
0.5375641935144176,0.5,True,0.0,1.0,1.0,0.9875,0.3333333333333333,0.12524700176802947,0.20478281819062522,0.5183664812515754,0.0,False,False
0.39920315882380175,0.0,False,0.0,0.0,1.0,1.0,0.0,0.09016892468263304,0.09900515739057413,0.4575517890719776,0.0,False,False
0.2127973242032083,0.0,False,1.0,0.0,0.875,0.8125,0.16666666666666666,0.17169344199199063,0.12307842066153116,0.3725130437127262,0.0,True,False
0.4930035271264438,0.5,False,1.0,0.0,0.875,0.9125000000000001,0.16666666666666666,0.06819457213374461,0.07630865392428307,0.5270818321487059,0.0,True,False
0.3200407600503187,0.0,False,0.0,1.0,1.0,1.0,0.16666666666666666,0.24745344011215561,0.07896404028141164,0.5582002763819804,0.0,True,False
0.3328887509306683,0.0,False,0.0,0.0,1.0,1.0,0.16666666666666666,0.3593851686636059,0.06473902846554912,0.2821921037687911,0.0,True,False
0.1491384508511061,0.0,False,1.0,0.0,0.75,0.675,0.16666666666666666,0.340082216278922,0.08598452038050391,0.288182416886513,0.0,True,False
0.2086999458571831,0.0,True,0.0,0.0,0.875,0.9500000000000002,0.16666666666666666,0.2260454272125568,0.019289039689278035,0.3922460175863436,0.0,True,False
0.1763585301969256,0.0,True,0.0,0.0,1.0,0.9375,0.16666666666666666,0.29343238183939413,0.21346451313871784,0.4048491135343797,0.0,True,False
0.4334141991058512,0.5,False,0.0,1.0,1.0,0.875,0.3333333333333333,0.26502470411980456,0.1445914838136498,0.32072049082454934,0.0,False,False
0.1491384508511061,0.0,False,0.0,0.0,1.0,0.925,0.16666666666666666,0.7514218282936385,0.1317292443935747,0.08928510955123503,0.0,True,False
0.29922617658697714,0.0,True,0.0,0.0,1.0,0.9375,0.16666666666666666,0.23754253519216512,0.11711530434968902,0.3887268277270901,0.0,True,False
0.12010660440501664,0.0,False,1.0,0.0,0.875,0.825,0.16666666666666666,0.3192552932763537,0.0718166736908553,0.3156045767958644,0.0,True,False
0.18999651059371547,0.0,True,1.0,0.0,1.0,0.9500000000000002,0.16666666666666666,0.0403688110368407,0.07682934937408324,0.5988114751418119,0.0,True,False
0.31653877036974853,0.0,False,0.0,0.0,0.875,0.9000000000000001,0.16666666666666666,0.24123378440974666,0.08292657862635126,0.32603592746889487,0.0,True,False
0.5049380972536534,0.5,True,0.0,1.0,0.875,0.9375,0.3333333333333333,0.07160062035596644,0.0856058671940584,0.506148295587532,0.0,False,False
0.38432683571480053,0.0,False,0.0,1.0,0.875,0.7875000000000001,0.16666666666666666,0.0904482492959588,0.04271229226766857,0.7230625859336728,0.0,True,False
0.26712417837460356,0.0,False,0.0,1.0,1.0,0.8125,0.16666666666666666,0.09918456209794747,0.023903926973116444,0.49125088034557374,0.0,True,False
0.21787913240949408,0.0,False,1.0,0.0,1.0,0.9000000000000001,0.16666666666666666,0.1579461394445435,0.04129781740665958,0.38902277211250236,0.0,True,False
0.37488782458937375,0.25,False,0.0,1.0,0.875,0.9125000000000001,0.16666666666666666,0.10779500471048449,0.08183741910553255,0.6084842861686253,0.0,True,False
0.18235264390969064,0.0,False,0.0,0.0,0.875,0.9125000000000001,0.16666666666666666,0.34801011153095085,0.28641109750334487,0.2723059266721002,0.0,True,False
0.36649671608276646,0.5,False,0.0,1.0,1.0,1.0,0.16666666666666666,0.09996938294880393,0.06701042634309658,0.510526642641173,0.0,True,False
0.2474964197061459,0.0,True,0.0,0.0,1.0,0.9750000000000001,0.16666666666666666,0.4172799702034858,0.27412959120986846,0.23065598881571225,0.0,True,False
0.23195489532549873,0.0,True,1.0,0.0,0.875,0.9500000000000002,0.16666666666666666,0.1940527247358427,0.16116875581034412,0.39347149973519535,0.0,True,False
0.10950116530744503,0.0,False,0.0,0.0,0.875,0.9000000000000001,0.16666666666666666,0.3579174998379446,0.03905495295504581,0.2802020680336679,0.0,True,False
0.4101950717160826,0.75,False,0.0,1.0,0.875,0.8125,0.3333333333333333,0.34923924135264184,0.0707240691430424,0.35747657733687777,0.0,False,False
0.18235264390969064,0.0,False,0.0,0.0,0.625,0.8125,0.16666666666666666,0.09923312093282759,0.117790715071932,0.49656683612952013,0.0,True,False
0.4130205699691011,0.0,False,0.0,1.0,1.0,0.8625,0.0,0.1272110488748618,0.09604518556301449,0.5510344728199912,0.0,False,False
0.17921840882110474,0.0,False,1.0,0.0,1.0,0.9625000000000001,0.16666666666666666,0.18479350222182453,0.10805090575785402,0.4185165582679331,0.0,True,False
0.09835306947193512,0.0,False,0.0,0.0,0.625,0.75,0.16666666666666666,0.27880443893647855,0.24846305979677905,0.4179094721160428,0.0,True,False
0.48800985570694266,0.0,True,0.0,1.0,1.0,1.0,0.16666666666666666,0.08814716264668755,0.1307695146355965,0.5015863533262352,0.0,True,False
0.13950588713035217,0.0,False,1.0,0.0,0.875,0.8625,0.3333333333333333,0.24292178263621259,0.22310857134462586,0.43351031572643617,0.0,True,False
0.30656361284425115,0.0,False,0.0,1.0,0.875,0.7375,0.16666666666666666,0.11695424626754815,0.07819823846229136,0.5788201549843641,0.0,False,False
0.2127973242032083,0.25,False,0.0,0.0,0.875,0.8625,0.16666666666666666,0.3937872132635532,0.36702213617866825,0.2374382778424291,0.0,True,False
0.1491384508511061,0.0,False,0.0,0.0,0.875,1.0,0.16666666666666666,0.11899841848496988,0.05234062731325084,0.48335546287463704,0.0,True,False
0.29012011082306344,0.0,False,1.0,0.0,1.0,0.9375,0.16666666666666666,0.17824325676764105,0.15429618382729118,0.4099337716543545,0.0,True,False
0.6264037565507167,0.75,False,0.0,1.0,0.875,0.8125,0.3333333333333333,0.02848051606559526,0.07614291328544566,0.5946153012277613,0.0,False,False
0.2045240485274159,0.0,False,1.0,0.0,0.625,0.7375,0.16666666666666666,0.029335841821331348,0.07695492014587843,0.5274532351369885,0.0,True,False
0.27822498400688145,0.0,False,0.0,1.0,1.0,1.0,0.16666666666666666,0.2109779046674758,0.14660130550639006,0.36430157610069935,0.0,True,False
0.23685602136352257,0.0,True,0.0,0.0,1.0,0.9750000000000001,0.16666666666666666,0.07777238728734194,0.07042823202603879,0.5808805767593694,0.0,True,False
0.08660377490514592,0.0,False,0.0,0.0,0.875,0.875,0.16666666666666666,0.44663795035503673,0.10870670028498895,0.23220091044640445,0.0,True,False
0.1545079674776736,0.0,False,1.0,0.0,0.625,0.6625000000000001,0.3333333333333333,0.46836988312161787,0.08466630608418234,0.2517626592602704,0.0,True,False
0.3365999440394677,0.0,True,1.0,0.0,1.0,0.9750000000000001,0.16666666666666666,0.15594980008869494,0.13464588659674942,0.49921999750212853,0.0,True,False
0.23071219467756687,0.0,False,0.0,1.0,0.875,0.8125,0.16666666666666666,0.5462235389405439,0.172469377207181,0.16894002241286765,0.0,True,False
0.19149362807169223,0.0,False,1.0,0.0,0.875,0.8375000000000001,0.16666666666666666,0.17152283381470582,0.015449856326089199,0.39668257824974185,0.0,True,False
0.39039976328592807,0.25,False,0.0,1.0,1.0,0.9750000000000001,0.16666666666666666,0.18723481535333839,0.10265252806695674,0.43864067118419703,0.0,False,False
0.1491384508511061,0.0,True,1.0,0.0,1.0,0.9625000000000001,0.16666666666666666,0.36038210183920333,0.11262590148093214,0.4121015300786208,0.0,True,False
0.13021977345814928,0.0,False,0.0,1.0,0.875,0.875,0.16666666666666666,0.28487457030907365,0.17861268708193212,0.3024582847272248,0.0,True,False
0.27026488318664244,0.25,False,0.0,1.0,1.0,0.8625,0.16666666666666666,0.1973944397221272,0.14494464776555194,0.37782016441374244,0.0,True,False
0.28435115460358495,0.0,False,0.0,0.0,1.0,0.9750000000000001,0.16666666666666666,0.10603146346658122,0.07795659991578378,0.5836890541350681,0.0,True,False
0.13021977345814928,0.0,False,0.0,0.0,0.75,0.875,0.16666666666666666,0.5742151816177037,0.17621595603721618,0.14504987713436912,0.0,True,False
0.07723047886437417,0.0,False,0.0,0.0,0.75,0.8500000000000001,0.16666666666666666,0.2570239674225571,0.011881418782477834,0.3847061190701815,0.0,True,False
0.23709820784555535,0.0,False,0.0,0.0,0.875,0.9000000000000001,0.16666666666666666,0.22985005504855666,0.2957607314783171,0.3801091331814803,0.0,True,False
0.22464655223625163,0.0,False,0.0,1.0,1.0,0.875,0.16666666666666666,0.2346172412367243,0.04021405716260423,0.39264210563024293,0.0,True,False
0.19738131690723237,0.0,True,0.0,0.0,1.0,0.925,0.16666666666666666,0.2597634823422286,0.1891655450739204,0.33219137991152103,0.0,True,False
0.17921840882110474,0.5,False,1.0,0.0,1.0,0.9000000000000001,0.16666666666666666,0.4754043259401873,0.10239983659658765,0.23062565206964813,0.0,True,False
0.3476604067009895,0.0,False,0.0,0.0,1.0,1.0,0.16666666666666666,0.08373963583180678,0.10576720803684167,0.5768714306178779,0.0,True,False
0.23071219467756687,0.0,False,0.0,0.0,1.0,0.8500000000000001,0.16666666666666666,0.07482353109455066,0.06415874541798518,0.5947755355170588,0.0,True,False
0.6021479544751941,0.5,False,1.0,0.0,1.0,0.75,0.16666666666666666,0.3440387650462701,0.05721626696350521,0.28065471035691836,0.0,False,False
0.22694099873152396,0.0,False,0.0,0.0,1.0,0.8875,0.16666666666666666,0.338629650215378,0.15478084672999695,0.3285990803603971,0.0,True,False
0.4835249753666474,0.0,False,1.0,0.0,1.0,0.8375000000000001,0.16666666666666666,0.04455716919796285,0.029723149900208967,0.5596706999424383,0.0,True,False
0.2862911586480613,0.0,False,0.0,1.0,0.75,0.7875000000000001,0.5,0.39307650408656336,0.07336846302141284,0.40251494270688015,0.0,True,False
0.3342878653037401,0.0,False,0.0,0.0,1.0,0.9750000000000001,0.16666666666666666,0.1891943517273972,0.08603372116161678,0.39346922960223485,0.0,True,False
0.37807980508575423,0.5,False,0.0,0.0,0.875,0.875,0.3333333333333333,0.3966811722119189,0.06853050034590445,0.26058888510346256,0.0,False,False
0.3812257049397215,0.0,False,0.0,1.0,0.875,0.8500000000000001,0.16666666666666666,0.06609842854407648,0.05141631754470489,0.7028065971264996,0.0,True,False
0.44057145634586703,0.5,False,0.0,1.0,0.875,0.9000000000000001,0.0,0.12556540616045617,0.17105242093232498,0.5064537050189524,0.0,False,False
0.15766729729734064,0.0,False,1.0,0.0,0.625,0.8625,0.16666666666666666,0.3274376171201504,0.3065246863300204,0.28034075535902425,0.0,True,False
0.12010660440501664,0.0,False,1.0,0.0,1.0,0.8500000000000001,0.16666666666666666,0.5058466146578784,0.17613258518623204,0.2746351819847306,0.0,True,False
0.43104151603444596,0.5,False,0.0,0.0,0.875,0.8375000000000001,0.16666666666666666,0.13188239257717507,0.1097981360035038,0.4165737531429765,0.0,False,False
0.18235264390969064,0.0,False,0.0,0.0,0.875,0.9625000000000001,0.16666666666666666,0.16639054701606285,0.0668411654599278,0.4052600918342475,0.0,True,False
0.23071219467756687,0.0,False,1.0,0.0,0.875,0.8875,0.16666666666666666,0.056925090390779656,0.060507391450004964,0.6494748275739302,0.0,True,False
0.16654509119764926,0.25,False,1.0,0.0,0.875,0.8875,0.16666666666666666,0.4672182205880689,0.11404244515579168,0.2268217807486559,0.0,True,False
0.30814172754735114,0.0,False,1.0,0.0,0.875,0.875,0.16666666666666666,0.42700461154307884,0.2664872207790827,0.22510722820350537,0.0,True,False
0.08221400771487952,0.25,False,0.0,1.0,0.875,0.9000000000000001,0.16666666666666666,0.44283784752498173,0.08933405049456945,0.269426849936782,0.0,True,False
0.1491384508511061,0.0,False,0.0,0.0,1.0,1.0,0.16666666666666666,0.2059026020166342,0.20169148919300608,0.47143625331300254,0.0,True,False
0.4834468346483859,1.0,False,0.0,1.0,0.875,0.9625000000000001,0.3333333333333333,0.09769241177713682,0.033588204447885774,0.640369473492826,0.0,False,False
0.1491384508511061,0.0,False,1.0,0.0,0.875,0.8875,0.16666666666666666,0.2471593566257352,0.09919365599731539,0.37545942631940954,0.0,True,False
0.29922617658697714,0.0,False,0.0,1.0,1.0,0.75,0.16666666666666666,0.06648565618982608,0.06907704506372095,0.48001188608329004,0.0,True,False
0.30726640843748776,0.0,False,1.0,0.0,0.875,0.9125000000000001,0.16666666666666666,0.2229380665035994,0.28073247945159496,0.3894599541006427,0.0,True,False
0.13021977345814928,0.0,False,0.0,1.0,0.75,0.75,0.16666666666666666,0.1615137372780502,0.09618923541533142,0.38072762730916576,0.0,True,False
0.14176687734287585,0.0,False,1.0,0.0,1.0,1.0,0.16666666666666666,0.41111727090072364,0.08609041392799409,0.30130608353696564,0.0,True,False
0.16654509119764926,0.0,False,0.0,0.0,1.0,1.0,0.16666666666666666,0.11271468357733551,0.13737287080458946,0.4460816740121354,0.0,True,False
0.20169498752407222,0.0,False,0.0,0.0,1.0,1.0,0.16666666666666666,0.19563402222653545,0.09556533079137089,0.38902383522158157,0.0,True,False
0.19738131690723237,0.0,False,0.0,0.0,1.0,0.9750000000000001,0.16666666666666666,0.18105577843141338,0.07627775076153359,0.3808004338913915,0.0,True,False
0.1341371873724625,0.0,False,0.0,0.0,0.875,0.875,0.16666666666666666,0.19339997891890232,0.060391909897451974,0.36715266735283025,0.0,True,False
0.2463394869693064,0.0,False,1.0,0.0,0.875,0.8500000000000001,0.16666666666666666,0.09406843868167446,0.10643716495816294,0.5188161421447646,0.0,True,False
0.3107467850440585,0.0,True,0.0,0.0,1.0,0.9875,0.16666666666666666,0.3911413105282615,0.4110406410688035,0.2355381612184253,0.0,True,False
0.19738131690723237,0.0,False,0.0,1.0,0.875,0.8625,0.16666666666666666,0.10479664902831617,0.07039423152760234,0.6197383857940615,0.0,True,False
0.1776342231555602,0.0,False,0.0,0.0,0.75,0.875,0.16666666666666666,0.3977209425438791,0.19615999253189048,0.2937742329024906,0.0,True,False
0.12010660440501664,0.0,False,0.0,1.0,1.0,0.9375,0.16666666666666666,0.3310127664205526,0.15847032095062843,0.37803568017115086,0.0,True,False
0.3605344981575084,0.0,False,0.0,0.0,1.0,0.9875,0.16666666666666666,0.1330002675573493,0.10465958168841438,0.5348685866977596,0.0,True,False
0.38738445376403063,0.0,True,1.0,0.0,1.0,1.0,0.16666666666666666,0.24913895634462394,0.08224136291949162,0.37923818999079706,0.0,True,False
0.32879566198707366,0.0,True,1.0,0.0,0.875,0.9750000000000001,0.16666666666666666,0.3023148820430536,0.18599300779080866,0.29124367321221256,0.0,True,False
0.22310338924130446,0.0,False,0.0,1.0,0.875,0.8875,0.16666666666666666,0.5037233625587956,0.15474858703728236,0.17332917301706985,0.0,True,False
0.4047684125653369,0.5,False,0.0,1.0,0.875,0.8375000000000001,0.16666666666666666,0.059761184287572294,0.07521981866201519,0.5881410979565433,0.0,False,False
0.29012011082306344,0.0,False,1.0,0.0,1.0,0.9750000000000001,0.16666666666666666,0.28267794963962883,0.13916188813931313,0.3072393772642754,0.0,True,False
0.22310338924130446,0.0,False,0.0,0.0,1.0,0.925,0.16666666666666666,0.13198449419746738,0.03821598219699473,0.40357131183763273,0.0,True,False
0.21919698502686302,0.0,False,0.0,0.0,1.0,0.9750000000000001,0.16666666666666666,0.2037713776546906,0.10657125756670376,0.3828957040054297,0.0,True,False
0.13950588713035217,0.0,False,1.0,0.0,0.625,0.7000000000000001,0.16666666666666666,0.550390573357803,0.2103124423593926,0.14522248195682996,0.0,True,False
0.3617673850533235,0.5,False,0.0,1.0,0.875,0.75,0.16666666666666666,0.18375046084261357,0.02323740709835253,0.37087508778457123,0.0,False,False
0.11802640583139079,0.0,True,0.0,0.0,1.0,0.9375,0.0,0.6290973623680823,0.3443443999965872,0.13660384079323684,0.0,True,False
0.49854263223364315,1.0,False,0.0,1.0,0.875,0.8625,0.16666666666666666,0.17076184227221314,0.12620519777198308,0.4009236336252955,0.0,True,False
0.10950116530744503,0.0,False,1.0,0.0,0.875,0.875,0.16666666666666666,0.33855056452918975,0.15886522870257694,0.33204752678766036,0.0,True,False
0.23417405287941573,0.0,False,0.0,0.0,1.0,0.925,0.16666666666666666,0.118002181498933,0.07658930305584763,0.4174629050850882,0.0,True,False
0.19149362807169223,0.0,False,1.0,0.0,1.0,0.9125000000000001,0.16666666666666666,0.2230065026916243,0.1167297161338605,0.38373465448003263,0.0,True,False
0.1491384508511061,0.0,False,1.0,0.0,1.0,0.9375,0.16666666666666666,0.3243419396120957,0.15137631000210433,0.3500959787736939,0.0,True,False
0.28821404423334107,0.0,False,0.0,1.0,1.0,1.0,0.16666666666666666,0.35326970539800473,0.3141097143921146,0.2568803812937628,0.0,True,False
0.13950588713035217,0.0,False,0.0,1.0,0.75,0.8,0.16666666666666666,0.4045666951306306,0.10313731293402627,0.31093506504204327,0.0,True,False
0.32879566198707366,1.0,False,1.0,0.0,1.0,1.0,0.16666666666666666,0.07914422063894239,0.03499953707064359,0.7937209602079394,0.0,True,False
0.19738131690723237,0.0,False,1.0,0.0,0.875,0.8375000000000001,0.16666666666666666,0.06126916570467675,0.051512535429763175,0.7204884873588431,0.0,True,False
0.19738131690723237,0.0,False,0.0,1.0,1.0,0.9125000000000001,0.16666666666666666,0.06689751829649217,0.09104009183259372,0.5739446640566206,0.0,True,False
0.19119502627069151,0.0,True,1.0,0.0,1.0,1.0,0.16666666666666666,0.2452606350272937,0.13848549718945918,0.48500821499039115,0.0,True,False
0.4334141991058512,0.5,False,0.0,1.0,0.875,0.875,0.3333333333333333,0.27527692893495453,0.09862448858923582,0.317658826167746,0.0,False,False
0.13021977345814928,0.0,True,0.0,0.0,0.875,0.9625000000000001,0.16666666666666666,0.575658144094518,0.18786792338264696,0.15435856465503095,0.0,True,False
0.27026488318664244,0.0,False,1.0,0.0,0.875,0.8875,0.16666666666666666,0.1286692843679967,0.08259646801765831,0.5586065520471764,0.0,True,False
0.18235264390969064,0.0,False,0.0,0.0,1.0,0.9625000000000001,0.16666666666666666,0.0963226973636152,0.030674514262486602,0.6244615557441782,0.0,True,False
0.2045240485274159,0.0,True,1.0,0.0,1.0,0.9625000000000001,0.16666666666666666,0.5236972189521292,0.09047959689125534,0.17133080282443536,0.0,True,False
0.1379854216615023,0.0,False,0.0,0.0,0.75,0.8,0.16666666666666666,0.5045770136318888,0.22853400075198207,0.27139534002949617,0.0,True,False
0.2045240485274159,0.0,False,1.0,0.0,0.75,0.7375,0.16666666666666666,0.21580548425253618,0.0904787810207965,0.34597832916368265,0.0,True,False
0.2495635452349113,0.0,False,1.0,0.0,0.875,0.7750000000000001,0.16666666666666666,0.09978226575711081,0.14073188337450698,0.4630152940297221,0.0,True,False
0.27519771860536413,0.0,False,1.0,0.0,0.875,0.875,0.16666666666666666,0.13232527401340452,0.04547778711367759,0.5557114431069812,0.0,True,False
0.17921840882110474,0.0,False,1.0,0.0,1.0,0.9000000000000001,0.16666666666666666,0.08018569502192907,0.0727748231917559,0.4690818190214556,0.0,True,False
0.682922027462958,0.0,True,0.0,0.0,1.0,0.9875,0.16666666666666666,0.10994202422287111,0.09177937427648948,0.5574692353371771,0.0,True,False
0.5375641935144176,0.5,True,0.0,1.0,1.0,0.9750000000000001,0.3333333333333333,0.11646632354112478,0.19142272924517942,0.5153602921444493,0.0,False,False
0.18999651059371547,0.0,False,1.0,0.0,1.0,0.9625000000000001,0.16666666666666666,0.15253938429007438,0.10039882490562042,0.4346362056548052,0.0,True,False
0.18235264390969064,0.0,False,1.0,0.0,1.0,0.9375,0.0,0.2951787108027535,0.14658560425952763,0.4550551799332896,0.0,True,False
0.32958878812953685,0.0,False,0.0,1.0,1.0,0.9125000000000001,0.16666666666666666,0.13627861147586412,0.20044793657750845,0.5152034787432513,0.0,True,False
0.20169498752407222,0.0,True,0.0,0.0,1.0,0.9375,0.16666666666666666,0.4019010116765608,0.05662439508509116,0.3085475719569508,0.0,True,False
0.1744308782194427,0.25,False,0.0,0.0,1.0,0.9375,0.16666666666666666,0.5701889769917418,0.2818605262134008,0.1914204654352556,0.0,True,False
0.16654509119764926,0.25,False,0.0,0.0,0.875,0.75,0.16666666666666666,0.41489115638390583,0.11055295738145572,0.3004094414186178,0.0,True,False
0.5345560832970105,1.0,False,0.0,1.0,0.875,0.9375,0.3333333333333333,0.4393809635280878,0.27465780457854305,0.209958476628739,0.0,False,False
0.07723047886437417,0.0,False,0.0,1.0,0.875,0.8625,0.16666666666666666,0.058609709400690005,0.04275008302098404,0.7844042418957851,0.0,True,False
0.23071219467756687,0.0,False,1.0,0.0,1.0,0.8625,0.16666666666666666,0.20217306841084628,0.06370146879281516,0.38271033264702914,0.0,True,False
0.4108503689631494,0.5,False,0.0,1.0,0.75,0.675,0.16666666666666666,0.22030514714031685,0.1978503083520861,0.3713204430204624,0.0,False,False
0.38738445376403063,0.75,True,0.0,0.0,1.0,0.9500000000000002,0.3333333333333333,0.1429154609312658,0.035410234169294376,0.5212615736020303,0.0,True,False
0.5611190740850739,0.25,False,0.0,0.0,0.875,0.825,0.16666666666666666,0.13217261891238893,0.11294293298365345,0.5454904072339972,0.0,False,False
0.29922617658697714,0.5,False,0.0,0.0,1.0,0.75,0.16666666666666666,0.22040369263174026,0.13700307073474405,0.39314824497534917,0.0,True,False
0.1055532308386048,0.0,False,1.0,0.0,0.875,0.875,0.16666666666666666,0.12339067621418108,0.034906903852574576,0.4690288590522902,0.0,True,False
0.24841756378014168,0.0,True,0.0,0.0,0.875,0.9375,0.16666666666666666,0.0559411631497015,0.03896494392520495,0.7423311669299992,0.0,True,False
0.19738131690723237,0.0,False,0.0,1.0,0.875,0.825,0.16666666666666666,0.10811768380777588,0.08365955180173348,0.6062553140854285,0.0,True,False
0.25764137249870733,0.0,True,0.0,1.0,1.0,0.875,0.16666666666666666,0.13451588423117322,0.10167658862618312,0.5380997873301059,0.0,True,False
0.18999651059371547,0.0,False,1.0,0.0,0.875,0.9625000000000001,0.16666666666666666,0.24770066224344192,0.18955306890988644,0.45244744779714585,0.0,True,False
0.45224202162818716,0.5,False,0.0,0.0,0.875,0.825,0.3333333333333333,0.41712248496611076,0.2505415834357128,0.23249060463855042,0.0,False,False
0.16654509119764926,0.0,False,1.0,0.0,1.0,1.0,0.16666666666666666,0.09297770920503061,0.03719290552886451,0.6824549432768117,0.0,True,False
0.13021977345814928,0.0,False,0.0,1.0,1.0,0.8375000000000001,0.16666666666666666,0.15248257882666574,0.11384984202025386,0.387231244329199,0.0,True,False
0.04466885854335578,0.0,False,0.0,0.0,0.875,0.7750000000000001,0.16666666666666666,1.0000000000000002,0.4140359700036124,0.0,0.0,True,False
0.2086999458571831,0.25,False,1.0,0.0,1.0,1.0,0.16666666666666666,0.3233061247145046,0.17336790674992658,0.3610438432219476,0.0,True,False
0.29922617658697714,0.0,False,1.0,0.0,0.75,0.825,0.16666666666666666,0.4148014878404482,0.22113495530619534,0.23632278235654347,0.0,True,False
0.3476604067009895,0.0,False,0.0,0.0,1.0,1.0,0.16666666666666666,0.28534202295891176,0.061005911240505604,0.37213505717017936,0.0,True,False
0.20141005087890218,0.0,False,1.0,0.0,0.75,0.8500000000000001,0.16666666666666666,0.025338641709657123,0.06788226133638398,0.5756061106901618,0.0,True,False
0.4130205699691011,0.5,False,0.0,1.0,0.5,0.5,0.16666666666666666,0.10012038687085897,0.1122628986390266,0.4493152583333462,0.0,True,False
0.18235264390969064,0.0,False,1.0,0.0,0.875,0.7875000000000001,0.0,0.4834750354988191,0.10441816553804284,0.18738961635235185,0.0,True,False
0.061014917104809885,0.0,False,0.0,0.0,0.875,0.75,0.16666666666666666,0.5659004035293758,0.12645203503214916,0.1482391245930823,0.0,True,False
0.0960533426341309,0.0,False,0.0,0.0,0.75,0.8500000000000001,0.16666666666666666,0.42715011229035893,0.1023667740110924,0.2302664007011317,0.0,True,False
0.23709820784555535,0.0,False,0.0,0.0,1.0,0.9500000000000002,0.16666666666666666,0.4586728397076651,0.3315559064335108,0.3135020086310023,0.0,True,False
0.19738131690723237,0.0,False,0.0,0.0,1.0,0.9375,0.16666666666666666,0.2804432597362968,0.03690568115523437,0.3272574579306886,0.0,True,False
0.18235264390969064,0.0,True,0.0,0.0,1.0,0.9625000000000001,0.16666666666666666,0.3333730820603777,0.29579066579406416,0.27962862936008115,0.0,True,False
0.1944573559628856,0.0,False,1.0,0.0,0.875,0.8875,0.16666666666666666,0.20358996844807134,0.10356784956161709,0.3526922636517418,0.0,True,False
0.08660377490514592,0.0,False,1.0,0.0,1.0,0.875,0.16666666666666666,0.5941698075335765,0.07484309011334422,0.1939498255492027,0.0,True,False
0.5375641935144176,0.5,True,0.0,1.0,1.0,0.9875,0.3333333333333333,0.13569990450033587,0.18802706338046773,0.5240837919724421,0.0,False,False
0.3478060940012787,0.0,False,0.0,0.0,1.0,0.8500000000000001,0.16666666666666666,0.12999958731758252,0.09038445554340384,0.5418299853670496,0.0,False,False
0.19149362807169223,0.0,False,1.0,0.0,0.875,0.9125000000000001,0.16666666666666666,0.4121163750466922,0.21925976535492714,0.2382792663809783,0.0,True,False
0.18999651059371547,0.0,False,1.0,0.0,1.0,0.9000000000000001,0.16666666666666666,0.15794706213022888,0.04129664835509326,0.3890219064867997,0.0,True,False
0.24979202012358492,0.0,False,1.0,0.0,0.875,0.8625,0.16666666666666666,0.3068827009160836,0.1721648692259823,0.4213616550487582,0.0,True,False
0.37488782458937375,0.25,False,0.0,1.0,0.875,0.9000000000000001,0.16666666666666666,0.11188731182981705,0.10008821960814938,0.590358935444613,0.0,True,False
0.4834468346483859,1.0,False,0.0,1.0,1.0,1.0,0.5,0.08168401398371612,0.022534503653828402,0.6205276740657144,0.0,False,False
0.23071219467756687,0.0,True,0.0,0.0,1.0,0.9625000000000001,0.3333333333333333,0.42515322666111355,0.058480921672798496,0.24362775057616637,0.0,True,False
0.21787913240949408,0.0,True,1.0,0.0,1.0,0.9750000000000001,0.16666666666666666,0.25373815615792,0.09017131451936888,0.5329491611527448,0.0,True,False
0.1959242404935334,0.0,False,0.0,0.0,1.0,0.9750000000000001,0.16666666666666666,0.313456319208197,0.22591321824728794,0.3968944621093786,0.0,True,False
0.260703623183438,0.0,False,1.0,0.0,1.0,1.0,0.16666666666666666,0.28517902327521777,0.18487008544768235,0.4043190789741,0.0,True,False
0.22464655223625163,0.0,False,0.0,1.0,0.875,0.8500000000000001,0.16666666666666666,0.038793620795987166,0.028617757950572406,0.5305947793999732,0.0,True,False
0.3617673850533235,0.25,False,0.0,1.0,0.75,0.825,0.16666666666666666,0.130030877502359,0.073330725006571,0.546239191056213,0.0,True,False
0.24517637926293945,0.0,False,1.0,0.0,1.0,0.9125000000000001,0.16666666666666666,0.2161072062285462,0.09628177060499737,0.3465410845712935,0.0,True,False
0.2114400734862546,0.25,False,1.0,0.0,1.0,1.0,0.16666666666666666,0.5287680289498838,0.06935493829800099,0.19474899377572852,0.0,True,False
0.13950588713035217,0.0,False,1.0,0.0,0.875,0.8,0.16666666666666666,0.2989961384481982,0.0970643464101003,0.3924013892339069,0.0,True,False
0.27519771860536413,0.0,False,0.0,0.0,1.0,0.9125000000000001,0.16666666666666666,0.47998449012551814,0.17024623150431922,0.19073552104873315,0.0,True,False
0.31670681412378243,0.0,False,0.0,1.0,1.0,1.0,0.16666666666666666,0.23016965586924967,0.09150237326575206,0.5674856431930564,0.0,True,False
0.4334141991058512,0.5,False,0.0,1.0,1.0,0.925,0.3333333333333333,0.2638495693322762,0.13894701401493614,0.3221902156854719,0.0,False,False
0.1221671335128639,0.0,False,1.0,0.0,1.0,0.9625000000000001,0.16666666666666666,0.7401392220650408,0.10371825134756862,0.09543757546970877,0.0,True,False
0.22464655223625163,0.0,False,0.0,1.0,0.875,0.825,0.16666666666666666,0.20839862446761434,0.14355038957921004,0.3663088622138029,0.0,True,False
0.6382045849170416,0.75,False,0.0,1.0,1.0,0.925,0.5,0.09500105776765261,0.09620489175546026,0.49283757930679983,0.0,False,False
0.43104151603444596,0.25,False,1.0,0.0,0.875,0.9500000000000002,0.16666666666666666,0.17642638588349366,0.10752376462097331,0.39108368290127493,0.0,True,False
0.19738131690723237,0.0,False,1.0,0.0,0.875,0.9500000000000002,0.16666666666666666,0.09118045377752129,0.08712385698326754,0.4529629482239079,0.0,True,False
0.24864724269350724,0.0,False,1.0,0.0,0.875,0.7625,0.16666666666666666,0.23299907871269954,0.1811540538946319,0.36823575975407574,0.0,True,False
0.17921840882110474,0.0,False,0.0,0.0,0.0,0.0,0.0,0.37621758982357,0.3427161600310681,0.25092635908534033,0.0,True,False
0.32070147190330356,0.0,False,0.0,0.0,1.0,0.9625000000000001,0.16666666666666666,0.07417931053887025,0.0995344820342449,0.5416057584770602,0.0,True,False
0.25093081518220284,0.0,False,0.0,1.0,0.625,0.7375,0.16666666666666666,0.5046856220835683,0.2927810197012201,0.25982631406491463,0.0,True,False
0.2086999458571831,0.0,False,0.0,1.0,0.875,0.8875,0.16666666666666666,0.06848324538454643,0.08828057019543688,0.6058722711879803,0.0,True,False
0.1262306470342195,0.0,False,0.0,0.0,0.875,0.8375000000000001,0.16666666666666666,0.5206547061728666,0.09144858172337608,0.18718906061967822,0.0,True,False
0.1763585301969256,0.0,False,1.0,0.0,0.875,0.8375000000000001,0.16666666666666666,0.19442929078768018,0.05645941844343163,0.38903379773909363,0.0,True,False
0.3476604067009895,0.0,False,0.0,1.0,1.0,1.0,0.16666666666666666,0.10385872287584785,0.09501775034198608,0.5034421185831193,0.0,True,False
0.24841756378014168,0.0,False,1.0,0.0,0.875,0.625,0.16666666666666666,0.08872066457474015,0.10171621065869803,0.5503042169313557,0.0,True,False
0.23071219467756687,0.0,True,1.0,0.0,1.0,0.9750000000000001,0.16666666666666666,0.513877417686531,0.10309582333841039,0.17580475906492143,0.0,True,False
0.2804185526406079,0.0,False,1.0,0.0,0.75,0.8,0.16666666666666666,0.2370511397505347,0.016753010733764888,0.37538197032234866,0.0,True,False
0.23685602136352257,0.0,False,0.0,0.0,0.875,0.9000000000000001,0.16666666666666666,0.12177792508372916,0.07726483872730218,0.5651405054391103,0.0,True,False
0.26901402776990835,0.0,False,0.0,0.0,0.875,0.8875,0.16666666666666666,0.15391956305102514,0.11999374350164703,0.45654580406895695,0.0,True,False
0.241649338240845,0.0,False,0.0,0.0,1.0,0.9375,0.16666666666666666,0.20327837600074675,0.12172340881974789,0.43796412712688615,0.0,True,False
0.30550515132656375,0.0,False,1.0,0.0,0.875,0.9125000000000001,0.16666666666666666,0.23717217871133223,0.29154414874839546,0.3738806984480687,0.0,True,False
0.2683858972451899,0.0,False,0.0,0.0,0.875,0.9500000000000002,0.16666666666666666,0.10625926846992007,0.08564137251120926,0.6117734492396887,0.0,True,False
0.4101950717160826,0.5,False,0.0,1.0,0.75,0.7250000000000001,0.16666666666666666,0.1614380350785612,0.13652215599807577,0.412941840810199,0.0,True,False
0.13021977345814928,0.0,False,1.0,0.0,0.875,0.8875,0.16666666666666666,0.1890013366970427,0.1228364157224962,0.3611754064646817,0.0,True,False
0.10950116530744503,0.0,True,0.0,0.0,1.0,0.9625000000000001,0.16666666666666666,0.9241780401536022,1.0,0.028915479007535883,0.0,True,False
0.19738131690723237,0.0,False,1.0,0.0,0.625,0.825,0.16666666666666666,0.26726190667430516,0.08817634511519377,0.5159280629941516,0.0,True,False
0.1379854216615023,0.0,False,0.0,1.0,0.875,0.875,0.16666666666666666,0.1796828717217538,0.039197261841053745,0.3916108967329288,0.0,True,False
0.13950588713035217,0.0,False,0.0,0.0,0.75,0.825,0.16666666666666666,0.3787885296707124,0.1360343498791595,0.2725652925741979,0.0,True,False
0.16654509119764926,0.0,False,1.0,0.0,0.625,0.75,0.16666666666666666,0.20993857178081549,0.09893346291447684,0.3912649867757225,0.0,True,False
0.5862120866628179,0.5,False,0.0,1.0,1.0,0.9750000000000001,0.3333333333333333,0.0348446135388777,0.01233948591063834,0.5379740409613791,0.0,False,False
0.23709820784555535,0.0,True,0.0,0.0,1.0,0.9500000000000002,0.16666666666666666,0.16126443637880858,0.1637540047246225,0.493403259240605,0.0,True,False
0.23709820784555535,0.0,False,1.0,0.0,1.0,0.9500000000000002,0.16666666666666666,0.3847870215560071,0.027608044625718874,0.259044581154368,0.0,True,False
0.28121077101185155,0.0,False,1.0,0.0,0.875,0.9125000000000001,0.16666666666666666,0.0403986152429163,0.06668846638214727,0.6187551148562669,0.0,True,False
0.10062878017869592,0.0,False,1.0,0.0,0.875,0.8875,0.16666666666666666,0.43730648497955293,0.12506627349224841,0.22968579213442775,0.0,True,False
0.46237428136991354,0.5,False,0.0,1.0,0.875,0.8375000000000001,0.16666666666666666,0.45565274980690834,0.2276016314802851,0.20232142627806393,0.0,False,False
0.3769360708599351,0.5,False,1.0,0.0,0.875,0.8500000000000001,0.16666666666666666,0.11848456319323701,0.047003701207798204,0.585100641595635,0.0,True,False
0.2114400734862546,0.0,False,0.0,0.0,1.0,0.9750000000000001,0.16666666666666666,0.42747310393438875,0.09493728522571719,0.2307029946994903,0.0,True,False
0.14511497704022547,0.0,False,1.0,0.0,0.75,0.8125,0.16666666666666666,0.2012688153476594,0.1121239308893242,0.38658453542640814,0.0,True,False
0.13021977345814928,0.0,False,0.0,1.0,1.0,0.75,0.16666666666666666,0.16117910869196406,0.09811434020427011,0.3808877706373386,0.0,True,False
0.19268396044224734,0.0,True,1.0,0.0,1.0,0.8500000000000001,0.16666666666666666,0.19836787885432428,0.027574694156449156,0.3553818011762122,0.0,True,False
0.24864724269350724,0.0,False,0.0,0.0,1.0,0.8875,0.16666666666666666,0.23094508389578605,0.21385536884865305,0.3630608137741349,0.0,True,False
0.15591777176702204,0.0,False,0.0,1.0,1.0,1.0,0.16666666666666666,0.18377058926556533,0.06778242106894773,0.38908045113513134,0.0,True,False
0.1491384508511061,0.0,False,1.0,0.0,0.875,0.9750000000000001,0.16666666666666666,0.32634972522238925,0.13437671566606038,0.3364343755678476,0.0,True,False
0.1491384508511061,0.0,False,0.0,0.0,1.0,1.0,0.16666666666666666,0.45554615313720703,0.09388385038632714,0.22983587104082837,0.0,True,False
0.13021977345814928,0.0,False,1.0,0.0,1.0,0.9125000000000001,0.16666666666666666,0.6021385205501659,0.08042696723693513,0.12931184996663103,0.0,True,False
0.16654509119764926,0.0,False,0.0,1.0,1.0,0.9500000000000002,0.16666666666666666,0.18181941131310686,0.051053717927853966,0.37177672794478034,0.0,True,False
0.22154922054981407,0.25,False,0.0,0.0,0.75,0.8375000000000001,0.16666666666666666,0.0820475732585215,0.01909753346408365,0.8550366170127948,0.0,True,False
0.22464655223625163,0.0,True,1.0,0.0,1.0,0.9625000000000001,0.16666666666666666,0.5302796875731176,0.08832888191150504,0.18211467568984885,0.0,True,False
0.15766729729734064,0.0,False,1.0,0.0,0.875,0.9000000000000001,0.16666666666666666,0.24627880371591185,0.11187590978853076,0.5151390793534207,0.0,True,False
0.47564983384767656,0.25,False,0.0,1.0,0.875,0.9125000000000001,0.16666666666666666,0.13008404081736327,0.01934356670908672,0.5447783547047802,0.0,True,False
0.18235264390969064,0.0,False,0.0,0.0,0.75,0.8125,0.16666666666666666,0.13713089006470106,0.0659295448707154,0.43821187243711845,0.0,True,False
0.45350099603858485,0.5,False,0.0,1.0,0.75,0.8375000000000001,0.16666666666666666,0.2318721399510713,0.16326401780479735,0.347545471306242,0.0,False,False
0.2344192367306569,0.0,False,0.0,1.0,0.5,0.75,0.16666666666666666,0.0710313119093259,0.09280232384233858,0.6049743389856184,0.0,True,False
0.2344192367306569,0.0,False,0.0,1.0,1.0,1.0,0.16666666666666666,0.05313010383758736,0.04609738584018924,0.6515869162027279,0.0,True,False
0.08660377490514592,0.0,False,1.0,0.0,1.0,0.9375,0.16666666666666666,0.5723316845486447,0.21812557812331987,0.14728045660588873,0.0,True,False
0.4234558614724916,0.75,True,0.0,0.0,1.0,0.9500000000000002,0.3333333333333333,0.3784384946184127,0.38275864793296194,0.24712117775194087,0.0,False,False
0.10950116530744503,0.0,False,1.0,0.0,0.75,0.7875000000000001,0.16666666666666666,0.19238923880708167,0.08296170489541198,0.39228269335640453,0.0,True,False
0.29012011082306344,0.0,False,0.0,0.0,1.0,0.875,0.16666666666666666,0.11260856220398271,0.19295532876730312,0.5101100478808798,0.0,False,False
0.08660377490514592,0.0,False,0.0,0.0,0.875,0.8500000000000001,0.16666666666666666,0.560811669577724,0.16904842182346577,0.18165103359295842,0.0,True,False
0.30656361284425115,0.0,True,1.0,0.0,0.875,0.9125000000000001,0.16666666666666666,0.19579935936760542,0.08063294466840436,0.670564481916442,0.0,True,False
0.2862911586480613,0.0,False,0.0,1.0,1.0,0.875,0.0,0.09058260694856304,0.052595490057084714,0.6653202101637004,0.0,True,False
0.16654509119764926,0.0,False,0.0,1.0,0.875,0.75,0.16666666666666666,0.14899278759047832,0.07584435792911567,0.39733385529625953,0.0,True,False
0.18235264390969064,0.25,False,0.0,0.0,0.75,1.0,0.16666666666666666,0.8024146551366217,0.06335034293053422,0.07135307906473476,0.0,True,False
0.2114400734862546,0.0,False,0.0,1.0,0.875,0.825,0.16666666666666666,0.1417344291060666,0.05018390088926879,0.43651358130915496,0.0,True,False
0.5583656607005282,1.0,False,0.0,1.0,0.75,0.25,0.3333333333333333,0.3887994398622441,0.026316901282423987,0.31935195800881777,0.0,False,False
0.24841756378014168,0.0,False,0.0,1.0,0.875,0.8375000000000001,0.16666666666666666,0.15529771899883574,0.07465676877020745,0.3864968043442394,0.0,True,False
0.08660377490514592,0.0,False,1.0,0.0,0.875,0.7250000000000001,0.16666666666666666,0.2294777145295127,0.015358686702822762,0.7150223960410869,0.0,True,False
0.449884452457057,0.0,False,0.0,1.0,1.0,0.9500000000000002,0.16666666666666666,0.5331473984291767,0.08206636865265722,0.17039636655888168,0.0,True,False
0.1491384508511061,0.0,False,1.0,0.0,0.875,0.8125,0.16666666666666666,0.19074115408936368,0.1559729000450186,0.4934944092889151,0.0,True,False
0.2425954782507257,0.0,False,1.0,0.0,1.0,0.9375,0.16666666666666666,0.12104947477128143,0.08338593906178521,0.4771413376330631,0.0,True,False
0.17281137281862657,0.25,False,1.0,0.0,0.625,0.6625000000000001,0.0,0.2622192482691615,0.22285268050208293,0.43203729978496086,0.0,True,False
0.3150205166791181,0.0,True,1.0,0.0,0.875,0.9750000000000001,0.16666666666666666,0.07786517384001408,0.11571027440782619,0.5215676555357982,0.0,True,False
0.1744308782194427,0.0,False,1.0,0.0,0.75,0.8375000000000001,0.16666666666666666,0.11285727520237866,0.05123671933141418,0.7233424825050476,0.0,True,False
0.1491384508511061,0.0,False,0.0,0.0,1.0,0.8875,0.16666666666666666,0.20047544109510895,0.06854032003784756,0.387041063386524,0.0,True,False
0.5455845191194862,0.0,False,0.0,0.0,1.0,1.0,0.16666666666666666,0.19598126062679622,0.11032471985884759,0.356729157584176,0.0,True,False
0.10062878017869592,0.0,False,1.0,0.0,0.75,0.9000000000000001,0.16666666666666666,0.45083096793493826,0.06878203870085334,0.26040394978088055,0.0,True,False
0.22464655223625163,0.0,False,0.0,0.0,1.0,0.9125000000000001,0.16666666666666666,0.09462170023677309,0.047521647663138156,0.7059159750791708,0.0,True,False
0.31670681412378243,0.0,True,0.0,0.0,1.0,1.0,0.16666666666666666,0.10065026463288643,0.0671561538543285,0.6039024686222496,0.0,True,False
0.19854000383641235,0.0,False,1.0,0.0,1.0,0.9000000000000001,0.16666666666666666,0.4639924655871726,0.1279047967784025,0.200253464656323,0.0,True,False
0.17921840882110474,0.0,False,1.0,0.0,0.875,0.9000000000000001,0.16666666666666666,0.3748136824222627,0.03190740190742709,0.26977826082007406,0.0,True,False
0.22464655223625163,0.0,False,0.0,1.0,1.0,0.8500000000000001,0.16666666666666666,0.19980955016519675,0.09528821462039243,0.3663342131005569,0.0,True,False
0.18235264390969064,0.0,True,0.0,0.0,0.875,0.875,0.16666666666666666,0.20271806227405975,0.16114622573960227,0.4425895519240455,0.0,True,False
0.21387707107058385,0.0,False,0.0,0.0,1.0,0.9750000000000001,0.16666666666666666,0.4026781986709426,0.04159463680133444,0.2707730036719511,0.0,True,False
0.18848903661177763,0.0,False,1.0,0.0,1.0,1.0,0.16666666666666666,0.5303814700800015,0.11162197714158884,0.2487004156220669,0.0,True,False
0.13021977345814928,0.0,False,0.0,1.0,1.0,0.9125000000000001,0.16666666666666666,0.19576401061996224,0.05567845643473364,0.811435887953436,0.0,True,False
0.14176687734287585,0.0,False,0.0,0.0,0.75,0.75,0.16666666666666666,0.11555735215535763,0.059886685461959945,0.4253205137354321,0.0,True,False
0.1527327886607558,0.0,False,1.0,0.0,1.0,1.0,0.16666666666666666,0.36473617853103013,0.07157189892146587,0.3675482155524341,0.0,True,False
0.23709820784555535,0.0,True,1.0,0.0,1.0,0.9750000000000001,0.16666666666666666,0.14953938412322018,0.12010675063730053,0.41800137362214174,0.0,True,False
0.22464655223625163,0.0,False,0.0,1.0,0.75,0.75,0.16666666666666666,0.1807139268320224,0.0,0.3792892574979454,0.0,True,False
0.5375641935144176,0.5,True,0.0,1.0,1.0,0.9500000000000002,0.3333333333333333,0.13832770504103425,0.1922342363053774,0.5214614285576591,0.0,False,False
0.18235264390969064,0.0,False,0.0,0.0,1.0,0.9500000000000002,0.16666666666666666,0.17083048285249736,0.017200746780035695,0.39691431790651066,0.0,True,False
0.18697106184228562,0.0,False,1.0,0.0,0.625,0.8,0.16666666666666666,0.21849611995021245,0.08273421202035347,0.6082590323208446,0.0,True,False
0.1491384508511061,0.0,False,1.0,0.0,0.875,0.925,0.16666666666666666,0.27560424538457734,0.13828985026997034,0.4649569199937693,0.0,True,False
0.23685602136352257,0.0,False,0.0,0.0,1.0,1.0,0.16666666666666666,0.236861934756496,0.22908438794623126,0.441931856601538,0.0,True,False
0.22310338924130446,0.5,True,1.0,0.0,1.0,1.0,0.3333333333333333,0.45781400187046534,0.3360840477771461,0.31326810868277555,0.0,True,False
0.6211497784210541,1.0,False,0.0,1.0,0.75,0.75,0.16666666666666666,0.08399174252543708,0.09810289228525493,0.6292015203698127,0.0,True,False
0.32494795039328717,0.0,False,1.0,0.0,1.0,0.9750000000000001,0.3333333333333333,0.11430403677015706,0.09552247386899931,0.5528648263156901,0.0,True,False
0.3617673850533235,0.0,False,0.0,0.0,0.875,0.925,0.16666666666666666,0.028233910955640474,0.05958014788527397,0.5159041191436151,0.0,True,False
0.18079116112193871,0.0,False,0.0,0.0,0.875,0.7750000000000001,0.16666666666666666,0.1332330696861371,0.10159247697414371,0.5399623461200558,0.0,True,False
0.10950116530744503,0.0,False,1.0,0.0,0.875,0.8625,0.16666666666666666,0.4176852132889524,0.12530997014819537,0.28511100758692987,0.0,True,False
0.18235264390969064,0.0,False,0.0,0.0,1.0,0.9375,0.16666666666666666,0.01659076199004217,0.0549198723866009,0.5747900197415479,0.0,True,False
0.15766729729734064,0.0,True,0.0,0.0,1.0,0.9625000000000001,0.16666666666666666,0.583824531860543,0.20615285939431777,0.17003245967079805,0.0,True,False
0.14176687734287585,0.0,False,0.0,0.0,0.875,0.8500000000000001,0.16666666666666666,0.20123536199319517,0.07649276342318556,0.6732333086203359,0.0,True,False
0.1491384508511061,0.0,False,0.0,1.0,1.0,0.875,0.16666666666666666,0.28067552786163863,0.13766449648424295,0.4627256549157832,0.0,True,False
0.22464655223625163,0.0,False,0.0,0.0,1.0,0.9125000000000001,0.16666666666666666,0.12298952745334792,0.07176519455191709,0.571675682067623,0.0,True,False
0.2641514441160139,0.0,False,0.0,0.0,1.0,0.9750000000000001,0.16666666666666666,0.1198161892164616,0.06433905887979846,0.6414138065000214,0.0,True,False
0.407664684050551,0.0,False,0.0,1.0,1.0,1.0,0.16666666666666666,0.1630695060962299,0.030222458742927803,0.38702165387563126,0.0,True,False
0.22820532932234439,0.0,False,1.0,0.0,1.0,1.0,0.16666666666666666,0.07553629867335075,0.12812337231828222,0.5091063329026602,0.0,True,False
0.2045240485274159,0.25,False,1.0,0.0,1.0,0.925,0.16666666666666666,0.5519069028745106,0.1687299897086374,0.16634770053518766,0.0,True,False
0.12663286180731126,0.0,False,0.0,0.0,1.0,0.9375,0.16666666666666666,0.6425231941167048,0.1843754633530007,0.16375279492638017,0.0,True,False
0.40810686741068813,0.0,False,0.0,0.0,1.0,1.0,0.16666666666666666,0.2095584197505569,0.07215034885671882,0.3827470737414058,0.0,True,False
0.21787913240949408,0.0,True,1.0,0.0,1.0,0.9375,0.16666666666666666,0.5234810411552736,0.08790103607804832,0.17162085468308397,0.0,True,False
0.2804185526406079,0.0,False,0.0,0.0,1.0,1.0,0.16666666666666666,0.12403441345464707,0.034677742514502806,0.5653941252795409,0.0,True,False
0.1944573559628856,0.0,False,0.0,1.0,0.75,0.7000000000000001,0.16666666666666666,0.05396975577436011,0.04651406366160212,0.4905603253575883,0.0,True,False
0.44057145634586703,0.5,False,0.0,1.0,1.0,0.8875,0.16666666666666666,0.13173519264922562,0.1408022013977858,0.4923310749920562,0.0,False,False
0.17281137281862657,0.0,False,1.0,0.0,0.875,0.8875,0.16666666666666666,0.46509175371831846,0.13084545752864066,0.21401057478326235,0.0,True,False
0.2540881408954355,0.0,False,1.0,0.0,0.75,0.75,0.16666666666666666,0.37144498422410804,0.20372650766054715,0.3545360665527151,0.0,True,False
0.23709820784555535,0.0,False,1.0,0.0,1.0,0.9625000000000001,0.16666666666666666,0.11543592674057444,0.05721280119036758,0.8874360135668948,0.0,True,False
0.22946236675190324,0.0,True,0.0,0.0,1.0,1.0,0.16666666666666666,0.2868423528941575,0.04448970438490483,0.3158287250332814,0.0,True,False
0.30103870614969186,0.0,True,1.0,0.0,1.0,0.9750000000000001,0.16666666666666666,0.1902749167528233,0.09127677113112367,0.41270303391502927,0.0,True,False
0.13606979892523585,0.0,False,1.0,0.0,0.875,0.8125,0.16666666666666666,0.1370036582406974,0.1318815632451125,0.48458515414567316,0.0,True,False
0.37047030843532525,0.25,True,1.0,0.0,1.0,1.0,0.3333333333333333,0.08470923115140215,0.06525354188398867,0.44929377407211213,0.0,True,False
0.1944573559628856,0.0,False,0.0,1.0,1.0,0.9125000000000001,0.16666666666666666,0.48622207308888926,0.13256740827274466,0.18486838701883812,0.0,True,False
0.53206932159522,0.0,False,0.0,1.0,1.0,1.0,0.3333333333333333,0.4977688819869556,0.17494420404939223,0.28540261844961656,0.0,False,False
0.5862120866628179,0.5,True,0.0,0.0,1.0,0.9875,0.3333333333333333,0.38618421273045134,0.03933329279245574,0.25671916539089756,0.0,False,False
0.25764137249870733,0.0,False,0.0,1.0,0.875,0.8875,0.16666666666666666,0.04942845991927275,0.06273317207422519,0.5629149353973895,0.0,True,False
0.2380642711450397,0.0,False,1.0,0.0,1.0,1.0,0.16666666666666666,0.24208388318076493,0.03689100978476766,0.6328217785333381,0.0,True,False
0.21521927450523404,0.0,False,1.0,0.0,0.875,0.8875,0.16666666666666666,0.2820675082539116,0.11854833856745442,0.47463509044002516,0.0,True,False
0.30726640843748776,0.0,False,1.0,0.0,1.0,0.8625,0.16666666666666666,0.33120350929865033,0.14402985246736036,0.3809976695551607,0.0,True,False
0.16654509119764926,0.0,False,0.0,0.0,0.875,0.8125,0.16666666666666666,0.17679074768172973,0.06545038962192173,0.4157031324765519,0.0,True,False
0.3812257049397215,0.0,True,0.0,1.0,1.0,1.0,0.16666666666666666,0.48892441918066126,0.03510817983292393,0.2541009138462038,0.0,True,False
0.24841756378014168,0.0,False,1.0,0.0,0.875,0.925,0.16666666666666666,0.002884676483204689,0.025656742253188904,0.5344765273367678,0.0,True,False
0.1527327886607558,0.25,True,1.0,0.0,0.875,0.925,0.16666666666666666,0.5619164285467911,0.1671574880564269,0.1815159028481752,0.0,True,False
0.1491384508511061,0.0,True,0.0,0.0,1.0,0.925,0.16666666666666666,0.251418523937028,0.060896787078276775,0.5647047129495684,0.0,True,False
0.31670681412378243,0.0,False,0.0,0.0,1.0,0.9125000000000001,0.16666666666666666,0.11688373185963909,0.02994750130760273,0.5914826191155664,0.0,True,False
0.2440070303170766,0.0,False,1.0,0.0,0.875,0.9000000000000001,0.16666666666666666,0.03158195918732931,0.047856380418906386,0.6263295576083407,0.0,True,False
0.3957243595033836,0.0,False,0.0,0.0,1.0,0.75,0.16666666666666666,0.16364172473304034,0.07487954903598201,0.3798675589586791,0.0,True,False
0.14176687734287585,0.0,False,0.0,1.0,1.0,1.0,0.16666666666666666,0.18241933199916271,0.010235380687670406,0.3773020471502633,0.0,True,False
0.1379854216615023,0.0,False,1.0,0.0,1.0,0.9625000000000001,0.16666666666666666,0.2998109669827152,0.08939531330129763,0.3695016648204261,0.0,True,False
0.3535551327957952,0.0,False,0.0,1.0,1.0,0.75,0.16666666666666666,0.1677616973247996,0.08713028935353262,0.47752801454606164,0.0,True,False
0.15766729729734064,0.0,True,0.0,0.0,1.0,0.9625000000000001,0.16666666666666666,0.41848636496426006,0.1416934141355817,0.268120986250276,0.0,True,False
0.03263596170236882,0.0,False,0.0,0.0,1.0,0.9125000000000001,0.16666666666666666,0.47829861596359474,0.2909518462162086,0.2955597806213981,0.0,True,False
0.13568464533276103,0.0,False,0.0,1.0,0.875,0.75,0.16666666666666666,0.7041112402232175,0.19890384313257112,0.11031738501062183,0.0,True,False
0.23071219467756687,0.0,False,1.0,0.0,0.875,0.875,0.16666666666666666,0.037622189712035556,0.07340551412626736,0.6265075544232797,0.0,True,False
0.16112476655243813,0.0,True,0.0,1.0,1.0,0.9625000000000001,0.16666666666666666,0.22974742857661906,0.05773927212978829,0.38137404235216144,0.0,True,False
0.4834468346483859,1.0,False,0.0,1.0,1.0,0.9375,0.3333333333333333,0.10433601675864952,0.05237532997103135,0.6175005711909483,0.0,False,False
0.15974835452086278,0.0,False,1.0,0.0,1.0,0.825,0.16666666666666666,0.06605006405633307,0.027010855380646147,0.6835408426114364,0.0,True,False
0.16654509119764926,0.0,True,1.0,0.0,1.0,0.9500000000000002,0.16666666666666666,0.5244342270988078,0.09001414399093986,0.16897014570288338,0.0,True,False
0.242831372789175,0.0,False,0.0,0.0,0.875,0.9000000000000001,0.16666666666666666,0.17305821584975725,0.0665532980124566,0.4219538689280309,0.0,True,False
0.5691237933015362,0.0,False,0.0,0.0,0.75,0.75,0.16666666666666666,0.3856983150475315,0.040532441125865244,0.36725707189781764,0.0,True,False
0.3150205166791181,0.0,True,1.0,0.0,1.0,0.9500000000000002,0.16666666666666666,0.07436187882731786,0.11396409029106537,0.5191304302430702,0.0,True,False
0.27026488318664244,0.0,False,1.0,0.0,0.75,0.9000000000000001,0.16666666666666666,0.09189383463532541,0.062085375270625666,0.6589273798946549,0.0,True,False
0.22464655223625163,0.0,False,0.0,1.0,1.0,0.875,0.16666666666666666,0.1658839446407469,0.12516048329741458,0.3767251597387642,0.0,True,False
0.3150205166791181,0.0,False,0.0,1.0,0.75,0.6000000000000001,0.16666666666666666,0.18771019351024515,0.10736275242301575,0.4402498104388872,0.0,False,False
0.20564546873051193,0.0,False,0.0,0.0,1.0,0.8500000000000001,0.16666666666666666,0.3165985998061437,0.2729282346791526,0.2862646988787809,0.0,True,False
0.22464655223625163,0.0,False,0.0,1.0,0.875,1.0,0.16666666666666666,0.19254392507512308,0.10030977464269057,0.3613158512874346,0.0,True,False
0.4214914969969069,0.0,False,0.0,1.0,1.0,1.0,0.16666666666666666,0.17405251453310372,0.015057274254370704,0.383345230859784,0.0,True,False
0.23685602136352257,0.0,True,1.0,0.0,1.0,0.9375,0.16666666666666666,0.19849948255826894,0.22904857531331607,0.4217772232326056,0.0,True,False
0.08660377490514592,0.0,False,1.0,0.0,0.5,0.6375000000000001,0.16666666666666666,0.26537208185794897,0.04426972681392463,0.3126855509437616,0.0,True,False
0.21787913240949408,0.0,False,1.0,0.0,0.875,0.9125000000000001,0.16666666666666666,0.1492620453193021,0.09665315983374471,0.4504074441701653,0.0,True,False
0.13021977345814928,0.0,False,0.0,1.0,1.0,0.875,0.16666666666666666,0.18607626621349804,0.07577509536780701,0.708487466550138,0.0,True,False
0.0741847234838332,0.0,False,0.0,0.0,1.0,1.0,0.16666666666666666,0.5861167840959499,0.14987422764514094,0.13819428845274917,0.0,True,False
0.13021977345814928,0.0,False,1.0,0.0,1.0,0.9125000000000001,0.16666666666666666,0.49598983844371997,0.09412755965315876,0.17950963351621874,0.0,True,False
0.43104151603444596,0.0,False,1.0,0.0,1.0,0.9625000000000001,0.16666666666666666,0.17410287018124787,0.14268872626813675,0.4036392458702669,0.0,True,False
0.16654509119764926,0.0,False,0.0,0.0,1.0,1.0,0.0,0.5164475526472091,0.09483486411048186,0.17333413037750023,0.0,True,False
0.24841756378014168,0.0,False,0.0,0.0,1.0,1.0,0.16666666666666666,0.11503278421984743,0.078490108001101,0.5839086334733121,0.0,True,False
0.5638381315747728,1.0,False,1.0,0.0,1.0,1.0,0.3333333333333333,0.24330003934578007,0.020970607133534103,0.3763875126833187,0.0,False,False
0.44057145634586703,0.25,False,0.0,1.0,1.0,0.9375,0.16666666666666666,0.14196650314415782,0.17801586166171465,0.5224448788966669,0.0,False,False
0.23071219467756687,0.0,False,0.0,0.0,0.875,0.9500000000000002,0.16666666666666666,0.090303438963271,0.08540739941608491,0.5964486049562752,0.0,True,False
0.18235264390969064,0.0,False,1.0,0.0,1.0,1.0,0.16666666666666666,0.10314481068853111,0.16636142505194962,0.5139628513822259,0.0,True,False
0.25764137249870733,0.0,True,0.0,1.0,0.875,0.9000000000000001,0.16666666666666666,0.1471286243401434,0.12633176619381375,0.5054395528370512,0.0,True,False
0.1055532308386048,0.0,False,0.0,0.0,1.0,0.9500000000000002,0.16666666666666666,0.610295140103535,0.2471674665950431,0.1649257428962927,0.0,True,False
0.24841756378014168,0.25,False,0.0,1.0,0.875,0.8500000000000001,0.16666666666666666,0.1914123535611581,0.10189437255885887,0.36172420401131955,0.0,True,False
0.4208674744693143,0.0,False,0.0,0.0,0.875,0.8,0.16666666666666666,0.11781609117430368,0.0820619064691296,0.4687480983733481,0.0,False,False
0.19738131690723237,0.0,False,1.0,0.0,0.875,0.8375000000000001,0.16666666666666666,0.23375436773945518,0.06427096828775931,0.3518274273328077,0.0,True,False
0.18235264390969064,0.0,False,0.0,0.0,1.0,0.925,0.16666666666666666,0.10326000193389226,0.08220698452051586,0.6214254107612793,0.0,True,False
0.2733609656120751,0.25,True,1.0,0.0,1.0,0.9625000000000001,0.16666666666666666,0.06640914291215678,0.06987527761668681,0.5207072939626454,0.0,True,False
0.16283314549952832,0.0,False,0.0,1.0,0.625,0.6000000000000001,0.16666666666666666,0.2047052857468218,0.05055681009299746,0.37599566052103195,0.0,True,False
0.3476604067009895,0.0,False,0.0,0.0,0.625,0.825,0.16666666666666666,0.57021871349691,0.14861386546732033,0.14644979306829686,0.0,True,False
0.25983307656246224,0.0,False,0.0,1.0,0.875,0.9125000000000001,0.16666666666666666,0.08270338355497511,0.11858625385356635,0.5147624415499592,0.0,True,False
0.32494795039328717,0.0,False,1.0,0.0,1.0,1.0,0.16666666666666666,0.06339746466730141,0.09561473811532328,0.5412415071223249,0.0,True,False
0.1491384508511061,0.0,False,0.0,1.0,1.0,0.9375,0.16666666666666666,0.39306802585799255,0.08630237038051071,0.28351516885999817,0.0,False,True
0.5493711626901808,1.0,False,0.0,1.0,1.0,0.9750000000000001,0.3333333333333333,0.039237279003820805,0.036624052469448456,0.5015879483076207,0.0,False,False
0.15415408668750807,0.0,False,1.0,0.0,0.875,0.8500000000000001,0.16666666666666666,0.36434119903488404,0.0674316810225647,0.2830333290935809,0.0,True,False
0.10288097117737627,0.0,False,1.0,0.0,0.75,0.8375000000000001,0.16666666666666666,0.09171289987482793,0.05127311747648034,0.5125734219994478,0.0,True,False
0.4155966007039439,1.0,False,0.0,1.0,0.875,0.625,0.5,0.09024144871106533,0.0423539217834923,0.6164973634499276,0.0,False,False
0.5638381315747728,1.0,False,0.0,1.0,0.5,0.75,0.5,0.28692586289497485,0.1324203242654285,0.3032488553567534,0.0,False,False
0.15591777176702204,0.0,False,1.0,0.0,0.5,0.75,0.16666666666666666,0.3221809827216444,0.100049510071564,0.31994719708322905,0.0,True,False
0.19738131690723237,0.0,False,1.0,0.0,1.0,0.9125000000000001,0.16666666666666666,0.5251683004380773,0.06771482523092673,0.1861177140443826,0.0,True,False
0.260703623183438,0.0,True,0.0,0.0,1.0,0.9625000000000001,0.16666666666666666,0.20865747698754133,0.11584397619539989,0.4273454570259758,0.0,True,False
0.3659613869023369,0.0,False,0.0,1.0,1.0,0.9125000000000001,0.16666666666666666,0.06428439152616928,0.018314875647296516,0.471917952589441,0.0,True,False
0.449884452457057,0.0,False,1.0,0.0,0.875,0.875,0.16666666666666666,0.3479168459905583,0.20366533895431585,0.28847845967501673,0.0,True,False
0.13988435166420954,0.0,False,0.0,0.0,0.875,0.9500000000000002,0.16666666666666666,0.27758493819854635,0.16718887003397248,0.40471993492054525,0.0,True,False
0.4681511300571394,0.5,False,0.0,1.0,1.0,0.8500000000000001,0.16666666666666666,0.29455047453501637,0.1758376486467203,0.41828115391494647,0.0,False,False
0.12663286180731126,0.0,True,1.0,0.0,1.0,1.0,0.16666666666666666,0.4602462085910165,0.3578197839988132,0.3028240810800462,0.0,True,False
0.03263596170236882,0.0,False,0.0,0.0,0.75,0.825,0.16666666666666666,0.5034227695213586,0.19423169530780215,0.27639294789439206,0.0,True,False
0.20703917708001895,0.0,False,0.0,0.0,0.875,0.8625,0.16666666666666666,0.481234248355684,0.1450679942294921,0.2058161343176692,0.0,True,False
0.09651523364878123,0.25,False,0.0,1.0,1.0,0.8375000000000001,0.16666666666666666,0.45274600786866515,0.11482124008966763,0.30436871699343504,0.0,True,False
0.1944573559628856,0.5,False,0.0,1.0,0.75,0.7875000000000001,0.16666666666666666,0.5639090983249561,0.16090412215286465,0.16127274109832213,0.0,False,True
