realSum,person_capacity,host_is_superhost,multi,biz,cleanliness_rating,guest_satisfaction_overall,bedrooms,dist,metro_dist,attr_index,day,room_type_Private room,room_type_Shared room
0.404531634766221,0.0,False,0.0,1.0,1.0,0.9625000000000001,0.125,0.4144195608644887,0.02943072859909788,0.298934054155372,1.0,True,False
0.6092044572728162,1.0,True,0.0,1.0,1.0,1.0,0.25,0.22475856001107347,0.09810213400104541,0.5025135579389604,1.0,False,False
0.501909814228726,1.0,False,1.0,0.0,0.875,0.9125000000000001,0.375,0.02563523493871393,0.013733200705708099,0.853791264454669,1.0,False,False
0.3871957219118992,0.25,False,0.0,0.0,1.0,1.0,0.25,0.32734008655602526,0.011471098234854274,0.3864219875254806,1.0,True,False
0.21366389568809163,0.0,False,1.0,0.0,0.875,0.9500000000000002,0.125,0.20868786490910732,0.03528870091577295,0.5218739844295919,1.0,True,False
0.4502090433431062,1.0,False,0.0,1.0,0.875,0.7875000000000001,0.25,0.1635072163281412,0.04015373435224421,0.5447123691419453,1.0,False,False
0.2205431121343724,0.5,False,0.0,1.0,0.875,0.8500000000000001,0.125,0.12207951650434491,0.041827400776952545,0.6250475327524865,1.0,True,False
0.2002739202454118,0.0,False,0.0,0.0,1.0,1.0,0.125,0.3843995085061454,0.28041025273221254,0.3203513715921922,1.0,True,False
0.19532552244298607,0.0,False,1.0,0.0,0.75,1.0,0.125,0.46793510680544514,0.03943334907249876,0.2464684370257948,1.0,True,False
0.20674262387937503,0.0,True,0.0,0.0,1.0,1.0,0.125,0.4102216744310776,0.07815186084357735,0.31335765330272136,1.0,True,False
0.46237131956615796,0.0,True,0.0,1.0,1.0,1.0,0.125,0.227627693556495,0.015477099324565839,0.5872314692248468,1.0,False,False
0.15804989442992912,0.0,False,1.0,0.0,0.75,0.875,0.125,0.22697195752556112,0.03998050280989003,0.6403715506448582,1.0,True,False
0.3135891779560066,0.0,False,0.0,0.0,1.0,0.9750000000000001,0.125,0.34410053940437846,0.04895994179144262,0.3391866853456835,1.0,False,False
0.22141163867521685,0.0,False,1.0,0.0,0.875,0.8875,0.0,0.3990009932667178,0.0035532108449344963,0.31453068675452056,1.0,False,False
0.314232232266615,0.0,False,0.0,1.0,1.0,0.0,0.0,0.20078691741616678,0.01850780692661874,0.537722588297888,1.0,False,False
0.329947722434342,0.25,False,0.0,0.0,0.875,0.8875,0.125,0.12866290283795345,0.06170692376303161,0.6122730354939177,1.0,False,False
0.21115733074156973,0.5,False,1.0,0.0,1.0,0.875,0.125,0.39238999286762194,0.011914511899043289,0.3235278991229269,1.0,True,False
0.35076678750857593,0.5,False,0.0,1.0,0.875,0.75,0.125,0.14634467508797216,0.011865510503727944,0.620357796958336,1.0,False,False
0.16503045611886513,0.0,True,1.0,0.0,1.0,0.9750000000000001,0.125,0.2965038892484496,0.13808070134051784,0.37766828183012935,1.0,True,False
0.10253379815408603,0.0,False,1.0,0.0,0.75,0.6625000000000001,0.125,0.45493409232884696,0.09536372807400108,0.29044619594555865,1.0,True,False
0.3723829450910586,0.0,False,0.0,0.0,1.0,1.0,0.125,0.3003435882717428,0.06333895362497055,0.43240014314575004,1.0,True,False
0.3018724491345818,0.0,False,0.0,0.0,0.875,0.9500000000000002,0.125,0.4680525988613393,0.03617348425944202,0.22516802195142716,1.0,False,False
0.27358105135248967,0.0,False,0.0,1.0,0.875,0.8125,0.125,0.17570613673524588,0.03619512265794326,0.5224780812120822,1.0,False,False
0.23151531420482074,0.0,False,0.0,1.0,0.875,0.875,0.125,0.19386337521831862,0.025108172026836358,0.5412148090920459,1.0,True,False
0.38280176667589993,0.0,False,0.0,1.0,1.0,0.8375000000000001,0.125,0.2801102569482114,0.04675371007870495,0.4708647489674518,1.0,True,False
0.20508806235318777,0.0,False,0.0,1.0,0.875,0.8125,0.125,0.23429656391987574,0.056012841007171466,0.5469238059198123,1.0,True,False
0.3387719465619622,0.0,False,0.0,0.0,0.75,0.75,0.125,0.43610877691016714,0.17997831464478392,0.24666688504167422,1.0,True,False
0.357431904366342,0.5,False,0.0,0.0,1.0,0.9750000000000001,0.25,0.3288580213641508,0.23352656260121954,0.35381531956346524,1.0,False,False
0.25487131554953746,0.0,False,0.0,1.0,0.875,0.9125000000000001,0.125,0.23795107212984878,0.09276472022566072,0.4978232059654686,1.0,True,False
0.20508806235318777,0.0,False,0.0,1.0,0.875,0.8125,0.125,0.23690630266097654,0.05392943443584694,0.5361369459863625,1.0,True,False
0.22313604194574843,0.0,False,0.0,0.0,1.0,1.0,0.125,0.5541707020523808,0.22953688294310814,0.18133979907243925,1.0,True,False
0.09650701885096291,0.0,False,0.0,1.0,0.625,0.6875,0.125,0.3168938027736245,0.10466894773972642,0.4175794177409218,1.0,True,False
0.26933346996197427,0.0,False,0.0,0.0,1.0,0.9625000000000001,0.125,0.20461708849070467,0.06719364096040636,0.5053358057236919,1.0,True,False
0.4410889520817213,0.0,False,0.0,0.0,1.0,0.9750000000000001,0.125,0.47064251928352135,0.14258262510511047,0.2570325289599591,1.0,False,False
0.21115733074156973,0.5,False,1.0,0.0,1.0,0.9000000000000001,0.125,0.39036966522679334,0.022806286861439526,0.3234397647105889,1.0,True,False
0.42263847940498345,0.5,False,1.0,0.0,0.875,0.9125000000000001,0.25,0.2839506255669882,0.03842211624512396,0.4434875282601116,1.0,False,False
0.19781696967121776,0.0,True,0.0,1.0,1.0,0.9750000000000001,0.125,0.3380725147710363,0.04540123086906857,0.39059106859737236,1.0,True,False
0.16885782018472062,0.0,True,0.0,0.0,1.0,0.9625000000000001,0.125,0.4258173963549833,0.35045766805874534,0.28755344979522035,1.0,True,False
0.42927292528133776,0.5,False,0.0,0.0,0.75,0.75,0.25,0.3668456402839321,0.0536632410598439,0.3434248474943591,1.0,False,False
0.1602036306527207,0.0,False,0.0,1.0,0.75,0.7375,0.125,0.25054300259170154,0.06547415951508556,0.5479276400620614,1.0,True,False
0.40133879808483675,0.5,False,0.0,1.0,0.875,0.875,0.125,0.18221869022517762,0.06379610920104505,0.5948653838471463,1.0,False,False
0.0731399783700506,0.0,False,1.0,0.0,0.875,0.8500000000000001,0.125,0.4654268745255885,0.4962778821583103,0.24813353767780066,1.0,True,False
0.26086773083427817,0.0,True,0.0,0.0,1.0,0.9750000000000001,0.125,0.23834564393524035,0.08040754527350841,0.47819330800080073,1.0,True,False
0.3058197399667294,0.0,True,1.0,0.0,1.0,0.9750000000000001,0.125,0.3410556730847948,0.042629285479908643,0.37706491797632236,1.0,True,False
0.38753578808500955,0.5,False,0.0,0.0,1.0,1.0,0.25,0.17420304306297507,0.09720462925186717,0.5219350859575604,1.0,False,False
0.42622590426254237,0.5,False,0.0,1.0,0.875,0.9125000000000001,0.0,0.2706400868717216,0.047290020034268486,0.4748900394013662,1.0,False,False
0.1831230291801338,0.0,False,0.0,0.0,1.0,0.9875,0.125,0.2621623872616357,0.12770916406218005,0.40630439642046023,1.0,True,False
0.3626871491849605,0.0,False,0.0,0.0,1.0,0.925,0.125,0.4520261034236428,0.4033787266766247,0.26716991243395594,1.0,False,False
0.3801653325883635,0.5,False,1.0,0.0,0.875,0.825,0.125,0.21402206582247651,0.17953954716486772,0.46779331377926003,1.0,False,False
0.2550506038158944,0.0,False,0.0,0.0,1.0,1.0,0.125,0.399047498748549,0.39347210109228675,0.29766089731583745,1.0,True,False
0.2005177546003617,0.0,False,0.0,1.0,1.0,0.9125000000000001,0.125,0.12616417409779992,0.029236216676541277,0.6232342137236664,1.0,True,False
0.29656355200595164,0.0,False,1.0,0.0,0.875,0.9125000000000001,0.125,0.40297441330314937,0.03103999686586541,0.3190899776818348,1.0,True,False
0.36958581832005943,0.5,False,0.0,1.0,0.875,1.0,0.25,0.3403226329214194,0.07500554037221932,0.33680436864574337,1.0,False,False
0.3489815014395631,0.25,False,0.0,1.0,0.75,0.75,0.25,0.14658700722441526,0.014684249962788958,0.6069694363324114,1.0,False,False
0.5600144429673976,0.5,False,0.0,1.0,1.0,0.9625000000000001,0.25,0.09272233895003743,0.050065058086733095,0.6672602964974943,1.0,False,False
0.3009063535150319,0.0,False,0.0,1.0,0.625,0.6625000000000001,0.125,0.18550646619593764,0.026520710282141487,0.5478820782616867,1.0,False,False
0.32004148953752243,0.5,False,0.0,1.0,0.75,0.65,0.0,0.3409314738106252,0.03683745960197473,0.3756031431154654,1.0,False,False
0.2514299621559002,0.0,False,0.0,1.0,0.875,0.8875,0.125,0.11106220640421906,0.031609796093360544,0.6756925985375433,1.0,True,False
0.3124257749366902,1.0,False,0.0,1.0,0.875,0.9125000000000001,0.375,0.8604859244587054,0.46762931461166407,0.05365862020049095,1.0,False,False
0.26052055428457976,0.0,True,0.0,1.0,1.0,0.9125000000000001,0.125,0.2897094966581149,0.026728719801842327,0.37133039075644425,1.0,True,False
0.3466441438462381,0.0,False,0.0,1.0,0.75,0.75,0.0,0.1840931370722533,0.025225324431112174,0.5459549266368744,1.0,False,False
0.23212809351563968,0.0,False,0.0,0.0,1.0,0.75,0.125,0.3226580724668936,0.030986137201195283,0.3884213694324601,1.0,True,False
0.14320669321579982,0.0,False,0.0,1.0,0.875,0.825,0.125,0.33177942481471556,0.009444728446131468,0.3885958458518819,1.0,True,False
0.3502435652856163,0.5,False,0.0,0.0,0.875,0.925,0.125,0.3021513009795894,0.0054116810477669985,0.38608363681090907,1.0,False,False
0.30132103870755766,0.75,False,1.0,0.0,0.5,0.75,0.125,0.3610527869811691,0.2958799144760049,0.33432329117096615,1.0,False,True
0.34546381748910326,0.0,False,0.0,0.0,1.0,1.0,0.125,0.44690494489879107,0.0828387220995053,0.25854003815843973,1.0,True,False
0.27898645911348063,0.0,False,1.0,0.0,1.0,1.0,0.125,0.30997052028286926,0.15847232670090383,0.35805033509754547,1.0,True,False
0.27867301131389066,0.0,False,0.0,0.0,1.0,1.0,0.125,0.0731668105862626,0.02031171442828224,0.781087843301131,1.0,True,False
0.16885782018472062,0.25,False,1.0,0.0,1.0,0.9375,0.125,0.5284228850610234,0.4363073528701188,0.18994155227918386,1.0,True,False
0.30595429969375776,0.0,False,0.0,0.0,1.0,1.0,0.125,0.35418785366686556,0.00237903307489444,0.3281154335853711,1.0,False,False
0.16885782018472062,0.0,True,1.0,0.0,1.0,1.0,0.125,0.43137431046519176,0.3263445883532087,0.2647716333656991,1.0,True,False
0.11201104130645712,0.0,False,1.0,0.0,1.0,1.0,0.125,0.463971960805375,0.2264686503050829,0.24821418971080678,1.0,True,False
0.2402973393912795,0.0,False,1.0,0.0,1.0,0.9500000000000002,0.125,0.4737893120292419,0.03583039239033868,0.24351100212104249,1.0,True,False
0.23151531420482074,0.0,False,0.0,0.0,0.875,1.0,0.125,0.261851321739474,0.03429767445021395,0.43811774708152607,1.0,True,False
0.27277206622777384,0.0,False,1.0,0.0,1.0,0.9750000000000001,0.125,0.13503467937997532,0.02159728188252476,0.614412977971567,1.0,True,False
0.10379904476824553,0.0,False,0.0,0.0,1.0,1.0,0.125,0.5157627050409234,0.3677060271515174,0.26429183810845713,1.0,True,False
0.16562468127914087,0.0,False,0.0,0.0,1.0,1.0,0.125,0.4614280450556348,0.3399724080651463,0.2846014566290873,1.0,True,False
0.2782017990288237,0.0,False,0.0,0.0,1.0,0.9375,0.0,0.47178769033798323,0.1519847039574959,0.25558226092617664,1.0,False,False
0.2347592869000048,0.0,False,0.0,1.0,1.0,1.0,0.125,0.2314685730272037,0.030000170914182233,0.5897835260044062,1.0,True,False
0.4491318580363467,1.0,False,0.0,1.0,0.875,0.7000000000000001,0.25,0.2458733694646246,0.011372990632025229,0.4662055013822166,1.0,False,False
0.39856700200613393,0.0,False,0.0,1.0,1.0,0.9750000000000001,0.125,0.23076165734224793,0.07586272320931056,0.5195189508709903,1.0,False,False
0.20532537490782832,0.0,False,0.0,0.0,0.875,0.9000000000000001,0.125,0.21898616351547895,0.19262853566093197,0.46304546884986997,1.0,True,False
0.3431884303016989,0.5,False,0.0,1.0,0.875,0.8625,0.125,0.19124893910397303,0.06986475304025334,0.6099591242980651,1.0,False,False
0.26532028250539186,0.0,False,0.0,0.0,1.0,0.75,0.125,0.4257472356615171,0.04796949521267703,0.285350846919991,1.0,True,False
0.1759938981343364,0.0,False,0.0,0.0,1.0,1.0,0.125,0.3783871597958343,0.1370967349888749,0.3442766795216399,1.0,True,False
0.325666580763066,0.5,False,1.0,0.0,0.875,0.7875000000000001,0.125,0.5780869283808489,0.2731861210745514,0.15813313184462952,1.0,False,False
0.22335041887289453,0.0,True,0.0,0.0,1.0,0.9875,0.125,0.23546242176563187,0.026943458056303368,0.5127230557967337,1.0,True,False
0.4961554958411202,0.5,False,0.0,1.0,1.0,0.9500000000000002,0.25,0.1365467507405343,0.013481882193697144,0.6567754473062832,1.0,False,False
0.2587744092683798,0.0,False,1.0,0.0,0.875,0.8375000000000001,0.125,0.28017433810627096,0.015102552994424133,0.4600515550394966,1.0,True,False
0.11947545703969908,0.0,False,0.0,1.0,0.75,0.7000000000000001,0.125,0.29599523387731397,0.04282552777446262,0.4328196191512943,1.0,True,False
0.1331678261903072,0.0,False,1.0,0.0,0.875,0.925,0.125,0.2669138863916493,0.08661365662138039,0.5079978646263172,1.0,True,False
0.42395769289542573,1.0,False,0.0,0.0,1.0,1.0,0.375,0.21201347142407162,0.033953595288803075,0.49970376356344626,1.0,False,False
0.16885782018472062,0.0,False,0.0,0.0,1.0,1.0,0.125,0.5314518803523148,0.19188034470981905,0.19575128699262834,1.0,True,False
0.4453706889934642,1.0,False,0.0,1.0,0.0,0.0,0.25,0.23795603503793758,0.08033096067173771,0.4678090524320959,1.0,False,False
0.2351606452976025,0.0,False,1.0,0.0,0.875,0.825,0.125,0.1806860765058453,0.07721341731806156,0.5241326329552674,1.0,True,False
0.12920631771671887,0.0,False,0.0,1.0,0.625,0.7625,0.125,0.30993677075352466,0.0053733977237012814,0.4072981305241563,1.0,True,False
0.1533447944555858,0.0,False,0.0,1.0,0.875,0.8875,0.125,0.24964043890120194,0.050141077431025055,0.5359331176004003,1.0,True,False
0.34449222197372376,0.5,False,0.0,1.0,0.625,0.5875,0.125,0.1217544436250821,0.039778602953773036,0.6386846874666627,1.0,True,False
0.4179066497640941,1.0,False,0.0,0.0,1.0,1.0,0.5,0.5828468206188546,0.3193927170439322,0.1557216530055976,1.0,False,False
0.3786537803145139,0.5,False,0.0,1.0,1.0,1.0,0.25,0.3432138887735205,0.19809319133153808,0.32899475421221824,1.0,False,False
0.256122545949362,0.0,True,0.0,1.0,0.875,0.9375,0.0,0.21793963708607744,0.05321752651338269,0.5143609915646989,1.0,False,False
0.13352361620659736,0.5,False,1.0,0.0,0.625,0.75,0.125,0.5210147909994529,0.5805397036116428,0.21228164961831886,1.0,True,False
0.3821025386962299,0.25,True,0.0,0.0,1.0,0.9750000000000001,0.125,0.2723224829332366,0.019119071608490745,0.45459251678116663,1.0,False,False
0.1255265552107213,0.0,True,0.0,0.0,0.875,0.9625000000000001,0.125,0.488699503274896,0.21667597873471678,0.22126772116333826,1.0,True,False
0.253249517103329,0.0,True,0.0,0.0,1.0,0.9875,0.125,0.18103909074748062,0.053190206664432235,0.5172964743143529,1.0,True,False
0.2397121763990986,0.0,False,0.0,1.0,0.75,0.75,0.0,0.3465984942000929,0.03443676518685972,0.36118040206522006,1.0,False,False
0.11241183227452445,0.0,False,0.0,0.0,0.75,0.75,0.125,0.3877981093965843,0.3430937935211967,0.31021375840127496,1.0,True,False
0.18339158825813184,0.0,False,0.0,0.0,0.75,0.9000000000000001,0.125,0.571473277855871,0.10287857508849435,0.1658612070696195,1.0,True,False
0.28679784357906746,0.0,False,0.0,1.0,0.75,0.5,0.0,0.27597050974645254,0.04309466667120983,0.4779528315102861,1.0,True,False
0.2235645371255457,0.0,False,1.0,0.0,1.0,1.0,0.25,0.2437356500900008,0.013337632314905043,0.4678437128281814,1.0,True,False
0.16885782018472062,0.0,False,0.0,1.0,0.75,0.75,0.125,0.3290764184141827,0.0439102374622431,0.3884322422037343,1.0,True,False
0.41119652374371507,0.5,False,0.0,1.0,1.0,1.0,0.0,0.2706408029542861,0.04728938523709119,0.4748886811589357,1.0,False,False
0.3587354045385184,0.0,False,0.0,1.0,0.875,0.8500000000000001,0.125,0.3186196811248178,0.012494028318578904,0.3671883230852031,1.0,False,False
0.6184108835086831,0.0,False,0.0,1.0,1.0,0.75,0.0,0.21841205096627372,0.0522697701209293,0.5399725415225605,1.0,False,False
0.14253229716796056,0.0,False,0.0,1.0,0.75,0.6875,0.125,0.27411883932326647,0.08352749064511798,0.4912932853266736,1.0,True,False
0.18841847275158208,0.25,False,0.0,0.0,1.0,0.9750000000000001,0.125,0.305792198831048,0.18795660277813034,0.371515622113864,1.0,True,False
0.3921467904147661,0.0,False,0.0,1.0,1.0,0.9750000000000001,0.125,0.09807135133677312,0.0345871064529436,0.7206759204451805,1.0,False,False
0.2397121763990986,0.0,True,1.0,0.0,1.0,0.9750000000000001,0.125,0.2312300970137948,0.05170988235760304,0.6476189510409176,1.0,True,False
0.26532028250539186,0.0,False,0.0,1.0,0.75,0.8625,0.125,0.07624156552614476,0.036627799195084035,0.7025432422492908,1.0,True,False
0.26916805342900985,0.0,False,1.0,0.0,0.875,0.9500000000000002,0.125,0.36662231152441405,0.35557545343744906,0.3173717115190646,1.0,False,False
0.19954040040265897,0.0,False,1.0,0.0,1.0,0.75,0.125,0.29993184014463753,0.018077862304306695,0.3610355106569241,1.0,True,False
0.3981674729949455,0.0,False,0.0,0.0,0.875,0.9125000000000001,0.125,0.3955501791204818,0.24087625310149677,0.28952180899771696,1.0,False,False
0.22313604194574843,0.0,False,1.0,0.0,0.875,0.8625,0.125,0.365748226796583,0.054039913019214715,0.3593695223903628,1.0,True,False
0.4059154231455081,0.5,True,0.0,1.0,1.0,1.0,0.25,0.28347205561531313,0.0747623491226104,0.4340824053650838,1.0,False,False
0.46855747495324607,0.5,False,1.0,0.0,0.875,0.9125000000000001,0.25,0.40843645758266794,0.0388078236842744,0.3023011737300998,1.0,False,False
0.19075082257961895,0.0,False,1.0,0.0,0.75,0.825,0.125,0.15282452159868967,0.018003699410247275,0.6367654509535763,1.0,True,False
0.3201656894734407,0.0,False,0.0,1.0,0.875,0.9000000000000001,0.0,0.22536473807824153,0.037818567049862147,0.6402296584857536,1.0,False,False
0.3800767732757747,0.5,False,0.0,1.0,1.0,0.9000000000000001,0.125,0.31691640506024793,0.014874590617399189,0.3687069736038051,1.0,False,False
0.11947545703969908,0.0,True,0.0,0.0,1.0,0.9500000000000002,0.125,0.641117432305544,0.6610936509923984,0.14960032177837101,1.0,True,False
0.1839274901469682,0.0,True,1.0,0.0,1.0,0.9875,0.125,0.4655291158913971,0.2494689228549073,0.2377833707972279,1.0,True,False
0.33297666012078986,0.25,False,0.0,1.0,1.0,1.0,0.125,0.21560144226438124,0.04357510566065222,0.5217791504077669,1.0,False,False
0.4075921955624361,0.0,False,1.0,0.0,0.75,0.75,0.0,0.20917768974923726,0.032809570799938285,0.5193905029793549,1.0,False,False
0.24977625633037193,0.0,False,0.0,1.0,1.0,1.0,0.125,0.19708436095266127,0.10094535582358596,0.5659151150744608,1.0,True,False
0.228210932524332,0.0,False,1.0,0.0,0.875,0.925,0.125,0.49027919895445427,0.0885899734635549,0.2869422908077257,1.0,True,False
0.24528951452963388,0.0,True,1.0,0.0,1.0,0.9875,0.125,0.4895632897619581,0.27553366618462455,0.3350371355642763,1.0,True,False
0.14488155464167207,0.0,True,1.0,0.0,1.0,0.9875,0.125,0.34433124289085393,0.1838722954997762,0.3317154936510127,1.0,False,True
0.2905049056005683,0.5,True,1.0,0.0,1.0,0.9750000000000001,0.25,0.5831199610071949,0.2595652483432001,0.2282490099071075,1.0,True,False
0.5582706784973067,0.5,False,0.0,1.0,1.0,0.9625000000000001,0.25,0.0667058733873306,0.012903750983917849,0.754133697531028,1.0,False,False
0.3336683641045276,0.0,False,0.0,0.0,0.875,0.7875000000000001,0.0,0.2548915438810205,0.033558227715662345,0.5095279685469261,1.0,False,False
0.22841926890440012,0.25,False,0.0,1.0,0.875,0.8625,0.125,0.12816405480459567,0.01672963467710062,0.617326119014626,1.0,True,False
0.4504475324493401,1.0,False,0.0,1.0,0.875,0.8625,0.25,0.1865617047681668,0.08787442631914864,0.5002102812535165,1.0,False,False
0.44931184362174215,0.5,False,1.0,0.0,1.0,0.9625000000000001,0.25,0.4357323046666019,0.06540318217145652,0.3098659864692239,1.0,False,False
0.3736733338281718,0.0,False,0.0,1.0,0.25,0.625,0.0,0.03514732903855353,0.029984362394737295,0.8197035434677731,1.0,False,False
0.20485043200541464,0.0,True,1.0,0.0,1.0,1.0,0.125,0.43892257348100894,0.13726813469586238,0.2766540704190683,1.0,True,False
0.319169647423149,0.0,False,1.0,0.0,1.0,0.625,0.125,0.47967072803345445,0.08581138582455884,0.2875062836044129,1.0,True,False
0.19831108880083492,0.0,False,0.0,0.0,0.75,1.0,0.125,0.7382810744125888,0.46610395603877575,0.11333787633902026,1.0,True,False
0.13352361620659736,0.0,False,0.0,0.0,1.0,0.9500000000000002,0.125,0.43046058617553234,0.05032620205256173,0.2874947629154381,1.0,True,False
0.34546381748910326,0.5,False,1.0,0.0,0.75,0.75,0.25,0.387250957694311,0.21657827247429456,0.3093710461243151,1.0,False,False
0.2724474366768552,0.0,False,1.0,0.0,0.875,0.7625,0.0,0.37997676976311556,0.05714320491076553,0.30385808344953924,1.0,False,False
0.32722448951913174,1.0,False,0.0,1.0,0.875,0.8125,0.125,0.42558173423347606,0.0598447622992334,0.3164270337726467,1.0,False,False
0.3825398789570088,0.0,False,0.0,0.0,1.0,0.9375,0.125,0.37166472820868673,0.02081929745411929,0.3157433104412286,1.0,False,False
0.21746934944105067,0.0,False,0.0,1.0,1.0,0.9375,0.125,0.4515757805019573,0.03320257928266607,0.26214366429062697,1.0,True,False
0.3937122393982392,0.0,True,1.0,0.0,0.875,0.9375,0.125,0.24306700119274718,0.015728883808647738,0.5443746392244608,1.0,True,False
0.9557231791810396,0.0,False,0.0,0.0,0.75,0.8625,0.375,0.24669081423071332,0.07497053767508902,0.5030635107651336,1.0,True,False
0.25124697627785897,0.5,False,0.0,0.0,0.875,0.9125000000000001,0.125,0.2515301106805111,0.028859687027923433,0.4477234718545653,1.0,True,False
0.4016528355308261,0.5,True,0.0,0.0,1.0,0.9750000000000001,0.25,0.2742417970898086,0.08623381821301318,0.448043386945302,1.0,False,False
0.1759938981343364,0.25,False,0.0,1.0,0.875,0.875,0.125,0.1597037740149763,0.032943305448562034,0.6219126237908896,1.0,True,False
0.2343570186517372,0.0,True,1.0,0.0,1.0,1.0,0.125,0.24549320758567938,0.01374599458897682,0.46541858352280174,1.0,True,False
0.3539767781193147,0.25,False,0.0,1.0,0.875,0.8500000000000001,0.0,0.2585272476998291,0.04097723572035373,0.5005427526541639,1.0,False,False
0.1623315399495997,0.0,False,0.0,0.0,0.875,0.9625000000000001,0.125,0.3459947738934779,0.17520103598570025,0.32343213457552067,1.0,True,False
0.395913333323466,0.75,False,0.0,1.0,0.875,0.925,0.25,0.2522693740495459,0.02720632473360448,0.46131173167399053,1.0,False,False
0.340662399340533,0.75,False,1.0,0.0,0.875,0.875,0.25,0.35632198849163116,0.03736754266287848,0.3222202665883156,1.0,False,False
0.16885782018472062,0.0,False,0.0,0.0,1.0,0.9500000000000002,0.125,0.45616420369891425,0.32092351037433137,0.23918914008827663,1.0,True,False
0.12138868484715493,0.0,False,1.0,0.0,0.75,0.7875000000000001,0.125,0.6179761431139275,0.2740541303698445,0.19173299328303606,1.0,True,False
0.08935891432104215,0.0,False,0.0,1.0,0.75,0.75,0.125,0.47399522903613894,0.08137039216377537,0.29153352587916403,1.0,True,False
0.3260273140576445,0.0,True,1.0,0.0,0.875,1.0,0.125,0.21569803003303503,0.05863538044721501,0.4860614909543046,1.0,True,False
0.4451252734188894,1.0,False,0.0,1.0,0.75,0.625,0.25,0.12931469733972847,0.026842897329524443,0.6713363102260437,1.0,False,False
0.40599198478695564,0.25,False,0.0,1.0,0.875,0.8,0.0,0.018301429252388857,0.01309305878245481,0.8718557947744059,1.0,False,False
0.36798098651048894,0.5,True,1.0,0.0,1.0,0.9750000000000001,0.125,0.1846351888875222,0.018589128787850014,0.542654140499705,1.0,False,False
0.12328150458496767,0.0,True,1.0,0.0,0.625,0.75,0.125,0.5720812122828287,0.06086765584260748,0.16150764803637507,1.0,True,False
0.06755853425954395,0.0,False,0.0,1.0,0.625,0.7250000000000001,0.125,0.3071160577985512,0.06475014881080352,0.42457758733122963,1.0,True,False
0.215688708956697,0.0,True,0.0,1.0,0.875,0.8625,0.125,0.32647294463723375,0.047618525733935685,0.35614357307022715,1.0,True,False
0.29123711464002977,0.5,False,0.0,1.0,1.0,1.0,0.125,0.3340164742195973,0.2299158099985492,0.3456306747274638,1.0,False,False
0.3388837089179356,0.5,False,1.0,0.0,0.875,0.7250000000000001,0.125,0.26132746014923935,0.01859841240938714,0.453493844092528,1.0,False,False
0.2550506038158944,0.5,False,1.0,0.0,0.875,0.7875000000000001,0.125,0.3994781348498056,0.10374878351611837,0.28207892682737135,1.0,True,False
0.3733976107957918,0.75,True,0.0,0.0,1.0,0.875,0.25,0.20491610643391206,0.05339122957986199,0.5116163330845209,1.0,False,False
0.283011683321037,0.5,False,0.0,1.0,1.0,1.0,0.125,0.8172492637419246,0.5412583773267947,0.07392234577358026,1.0,False,False
0.40925327198760797,0.25,False,0.0,0.0,1.0,1.0,0.25,0.19505549244461629,0.07233367971425197,0.5067818292557074,1.0,False,False
0.25106380151150653,0.0,True,1.0,0.0,1.0,0.9875,0.125,0.11478731478545853,0.048133676847148386,0.6557609670657727,1.0,True,False
0.15174828993494538,0.0,False,0.0,0.0,0.5,0.5,0.125,0.5440046483885227,0.5602717007048433,0.19056802309784238,1.0,True,False
0.12920631771671887,0.0,False,0.0,1.0,0.875,0.8625,0.125,0.3181932309412238,0.012153953357878795,0.40006425273777424,1.0,True,False
0.34632301448615566,0.25,False,0.0,0.0,0.75,0.8375000000000001,0.125,0.34153419742269797,0.11682155154536848,0.34477128153938263,1.0,False,False
0.19707320155702213,0.0,False,1.0,0.0,1.0,1.0,0.125,0.2859537939227319,0.09047042521074543,0.46819093404327483,1.0,True,False
0.29356008484014373,0.25,False,0.0,1.0,0.875,0.8875,0.0,0.4308066496265178,0.06816458089858367,0.3127127858259855,1.0,False,False
0.1083625951338244,0.25,False,0.0,1.0,0.75,0.7250000000000001,0.125,0.47903209771251726,0.1079143181108629,0.2877005041233749,1.0,True,False
0.4062214717143001,0.5,False,0.0,1.0,1.0,0.9375,0.125,0.10403546045732902,0.03206398497966644,0.6861062317324986,1.0,False,False
0.23912507738431443,0.0,False,0.0,1.0,0.75,0.7000000000000001,0.125,0.5476619482256351,0.03532077991260714,0.1754634390325176,1.0,True,False
0.2237783973272004,0.0,False,0.0,0.0,1.0,1.0,0.125,0.2815484848443297,0.0941366778827616,0.4263766120450849,1.0,True,False
0.2737424067449248,0.0,False,1.0,0.0,1.0,0.9750000000000001,0.125,0.21789689346632027,0.04333506311210358,0.45507353809126094,1.0,True,False
0.3701487820458734,0.75,False,0.0,1.0,0.75,0.7250000000000001,0.0,0.26389830222081223,0.04657736594260237,0.48812068271395104,1.0,False,False
0.21069776311509292,0.0,False,0.0,0.0,0.875,0.8625,0.125,0.08669694463244186,0.06913638948915692,0.7435748142517506,1.0,True,False
0.215688708956697,0.0,False,0.0,0.0,1.0,1.0,0.125,0.37302549493263,0.20795556146293262,0.3008585977393017,1.0,True,False
0.24434032517638404,0.5,False,0.0,1.0,0.875,0.8625,0.125,0.12049222651482686,0.008822368997496931,0.6328712748901992,1.0,True,False
0.16050918442021356,0.0,True,0.0,0.0,1.0,0.9875,0.125,0.483217896490493,0.4475126183523142,0.2285173266594127,1.0,True,False
0.35160074734161817,0.25,False,1.0,0.0,0.875,0.8500000000000001,0.125,0.02637225464383933,0.015065299465557609,0.8552338600717952,1.0,True,False
0.41862095384408715,0.5,False,0.0,1.0,0.75,0.8375000000000001,0.25,0.21976837001482016,0.016506243459956337,0.4518833730808154,1.0,False,False
0.5009710962899644,0.5,False,0.0,1.0,0.875,0.925,0.25,0.2123247559150839,0.04661943095728423,0.49324256944301315,1.0,False,False
0.14818458643442645,0.0,False,1.0,0.0,1.0,0.75,0.125,0.2902003456898357,0.09357092146301102,0.37408486022696885,1.0,True,False
0.3648236727142832,0.0,False,1.0,0.0,1.0,1.0,0.125,0.18436785199984282,0.08338532612720995,0.5180105072129948,1.0,True,False
0.4528149588716198,0.5,False,0.0,1.0,1.0,0.8875,0.125,0.2788843923039101,0.03146965608749731,0.46006296625514254,1.0,False,False
0.41783506095781375,0.5,False,0.0,0.0,0.875,1.0,0.25,0.40661591345702314,0.1515293363534201,0.27849743107644787,1.0,False,False
0.35753251426047294,0.25,False,0.0,0.0,1.0,0.9375,0.25,0.3768180575659991,0.13715894033728293,0.3487725837187874,1.0,False,False
0.27550769953506316,0.0,True,1.0,0.0,1.0,0.9625000000000001,0.125,0.20800098273455941,0.0593035432033713,0.4935012502394327,1.0,True,False
0.4091781048809616,0.75,False,0.0,1.0,0.75,0.7250000000000001,0.125,0.12619997354836868,0.06161232963285444,0.6202186008371755,1.0,False,False
0.30297015610439615,0.0,False,0.0,1.0,0.875,0.8625,0.125,0.22084416347428132,0.018881074152930978,0.5735325300418783,1.0,True,False
0.24717279598310937,0.5,False,0.0,1.0,0.875,0.8500000000000001,0.125,0.1817254206706549,0.08704715051402474,0.5621629277589462,1.0,True,False
0.21524074289585682,0.0,False,0.0,0.0,0.625,0.7875000000000001,0.125,0.18423483281750064,0.02794187249177651,0.5362880980719793,1.0,True,False
0.44314963341156666,0.5,False,0.0,1.0,0.875,0.75,0.25,0.25676363602621743,0.0294903604526185,0.44375453961695444,1.0,False,False
0.3514967164492818,0.0,False,0.0,1.0,1.0,1.0,0.125,0.26394543299779566,0.02866836199988315,0.441461194284529,1.0,False,False
0.21115733074156973,0.0,True,0.0,0.0,1.0,0.9750000000000001,0.125,0.5373787042479736,0.20233267895380835,0.28072366791296766,1.0,True,False
0.23536098458677301,0.0,False,1.0,0.0,0.875,0.8625,0.125,0.34158867266897414,0.1430903582239461,0.32742176803521805,1.0,True,False
0.28679784357906746,0.0,True,0.0,0.0,1.0,0.9750000000000001,0.125,0.12191095654206717,0.031327052986255495,0.6344621763877436,1.0,True,False
0.34546381748910326,0.5,False,0.0,0.0,1.0,0.9750000000000001,0.25,0.41457335404599854,0.2439651572429909,0.31233612977397285,1.0,False,False
0.2863477466931945,0.5,False,0.0,1.0,1.0,0.9000000000000001,0.125,0.24244709797873815,0.052948725429603855,0.5233014432075842,1.0,True,False
0.2993774959246073,0.0,False,0.0,1.0,1.0,0.5,0.0,0.2042450105136264,0.025680299052876564,0.5315972088616474,1.0,False,False
0.44395489179783165,0.5,False,0.0,1.0,0.875,0.8875,0.125,0.17059268718129325,0.017376388895603716,0.704817259660433,1.0,False,False
0.3921467904147661,0.5,True,0.0,1.0,0.875,0.9625000000000001,0.125,0.25160714105172083,0.11102282531344256,0.47612712046160865,1.0,False,False
0.3326297943954285,0.5,False,1.0,0.0,0.875,1.0,0.125,0.19942466754176555,0.04349244705022199,0.5198122248236552,1.0,False,False
0.3489815014395631,0.0,False,1.0,0.0,1.0,0.925,0.125,0.1339619194151243,0.030978462584408752,0.6048815418930809,1.0,False,False
0.3895626119953187,1.0,False,0.0,1.0,0.875,0.9375,0.25,0.24978408031030172,0.0887242082904331,0.48853161701058556,1.0,False,False
0.22076064262299389,0.0,False,0.0,0.0,1.0,0.9625000000000001,0.125,0.3602735464260807,0.0820890382469305,0.36613305265452056,1.0,True,False
0.062327502764905285,0.0,False,1.0,0.0,1.0,0.5,0.5,0.8079610335811145,0.5271034342496397,0.07848413231020568,1.0,True,False
0.39856700200613393,0.0,False,0.0,1.0,1.0,1.0,0.125,0.23514556594591346,0.08327338817346802,0.5088080066517668,1.0,False,False
0.4611975326575767,1.0,True,1.0,0.0,1.0,1.0,0.25,0.38429431663649866,0.05205658390012475,0.3214421999159589,1.0,False,False
0.2550506038158944,0.0,False,0.0,0.0,0.875,0.9125000000000001,0.125,0.1456703886497611,0.03805085032610393,0.5952969171572191,1.0,True,False
0.2816286450518882,0.25,False,1.0,0.0,1.0,1.0,0.0,0.23600064951016994,0.009779297628734411,0.4958623304174701,1.0,False,False
0.2433860312682724,0.0,False,0.0,1.0,1.0,0.9875,0.125,0.29143285821412085,0.0284820246539002,0.36945910415954275,1.0,True,False
0.14253229716796056,0.0,False,0.0,1.0,0.875,0.825,0.125,0.3027393344994015,0.031341641516802625,0.41037173127989135,1.0,True,False
0.39280761084183624,0.5,False,0.0,1.0,0.75,1.0,0.0,0.21848421303013005,0.045110460553037045,0.5074759760538299,1.0,False,False
0.19657561857560946,0.0,False,0.0,0.0,0.625,0.8875,0.125,0.39218458929061684,0.24695047988666985,0.2923874432705955,1.0,True,False
0.3172868642569945,1.0,False,0.0,1.0,0.875,0.8375000000000001,0.125,0.2185292093803244,0.06279621025964613,0.530975436848296,1.0,False,False
0.3751366645866464,0.0,False,0.0,0.0,0.875,0.8625,0.125,0.11283059795104299,0.06280694368755767,0.64229703943059,1.0,False,False
0.20485043200541464,0.0,False,0.0,1.0,0.875,0.8875,0.125,0.3852152813985761,0.09974732010489963,0.34591431894742986,1.0,True,False
0.3300651810942702,0.0,False,0.0,1.0,0.875,0.875,0.125,0.1363188078126229,0.01819605606599456,0.6193470158993177,1.0,False,False
0.4290714102493064,0.0,True,0.0,0.0,1.0,0.9875,0.125,0.18216219816483348,0.05269425204494686,0.5187357875038481,1.0,False,False
0.1697294568213059,0.0,True,0.0,1.0,1.0,0.9750000000000001,0.125,0.4201308776409107,0.2374295540743988,0.26151190576620276,1.0,True,False
0.37766881102012706,0.5,False,0.0,1.0,0.625,0.6375000000000001,0.25,0.1955674982691543,0.0061199136381520445,0.5486830866531063,1.0,False,False
0.28101048429246245,0.0,False,0.0,1.0,0.875,0.9000000000000001,0.125,0.16127795066911552,0.047095985843839804,0.6954786017422285,1.0,True,False
0.40789536828869066,0.5,False,1.0,0.0,1.0,0.925,0.25,0.42178083269800415,0.05588124892277791,0.33005019357382626,1.0,False,False
0.15174828993494538,0.0,False,0.0,1.0,0.875,0.875,0.125,0.4609005876866131,0.1364724732232498,0.297583247393564,1.0,True,False
0.29356008484014373,0.0,False,0.0,0.0,0.875,0.9000000000000001,0.125,0.35077472405514304,0.10873465592686786,0.31546319843364556,1.0,False,False
0.2827052716824804,0.0,True,0.0,0.0,1.0,0.9750000000000001,0.125,0.5659835058165151,0.09221733998476479,0.16894439556374818,1.0,False,False
0.14320669321579982,0.0,False,0.0,1.0,0.875,0.7125,0.125,0.3555075022635791,0.03813310396787883,0.36203821856614615,1.0,True,False
0.42717948514233617,0.25,True,0.0,1.0,1.0,1.0,0.125,0.19062950883780325,0.008807141785318013,0.5942473548385485,1.0,False,False
0.43041054129057066,0.25,False,0.0,1.0,0.875,0.375,0.125,0.19528825627546026,0.005330667111040979,0.5413653332931379,1.0,False,False
0.5057903616617357,0.75,False,0.0,1.0,1.0,1.0,0.25,0.11784099924034404,0.04298059698088832,0.6679165883111025,1.0,False,False
0.28784365104576903,0.5,False,0.0,1.0,0.75,0.7625,0.125,0.13946526204381884,0.06084502625857089,0.582848234022137,1.0,True,False
0.3315851104298452,0.25,False,0.0,1.0,1.0,0.9375,0.125,0.2039747865997696,0.024314820694926756,0.5294433499175963,1.0,False,False
0.16856632059829957,0.0,True,0.0,0.0,1.0,0.9875,0.125,0.3385291197063178,0.13344931809800334,0.3364432426475623,1.0,True,False
0.15866791960860183,0.0,False,0.0,0.0,1.0,0.925,0.125,0.23156493726073776,0.08132899875509898,0.4482398089120607,1.0,True,False
0.404531634766221,0.5,True,0.0,0.0,1.0,0.9750000000000001,0.25,0.27131574525820845,0.050620121185144765,0.39233858453645,1.0,False,False
0.1167618027271069,0.0,False,0.0,1.0,0.75,0.7750000000000001,0.125,0.25431217474825,0.10540877318293164,0.47357002475424714,1.0,True,False
0.36307752624711676,0.0,False,0.0,0.0,1.0,1.0,0.125,0.21756991234953316,0.08386084386433051,0.6299396249377249,1.0,True,False
0.3478166710323848,0.25,False,0.0,1.0,0.875,0.9750000000000001,0.125,0.11519918449665575,0.011508622397889582,0.6522208913077994,1.0,False,False
0.2769390810492902,0.0,False,0.0,1.0,1.0,0.9625000000000001,0.125,0.3389713495939323,0.25843346690478586,0.34348098204441957,1.0,True,False
0.40560884582436596,0.5,False,0.0,0.0,1.0,0.0,0.25,0.4346300105775174,0.013765999171237706,0.24863674432557326,1.0,False,False
0.11870435249276634,0.0,False,0.0,1.0,0.625,0.6625000000000001,0.125,0.49172483375995263,0.15353815467999737,0.28945439599612466,1.0,True,False
0.19781696967121776,0.0,False,0.0,0.0,0.875,0.9125000000000001,0.125,0.17593426305279336,0.0689414858552997,0.5313376457870926,1.0,True,False
0.4011815707069014,0.5,False,0.0,1.0,0.75,0.75,0.125,0.18249583510215814,0.06367506773688363,0.5943698323576401,1.0,False,False
0.17487123497386725,0.0,False,0.0,1.0,0.75,0.7750000000000001,0.125,0.23864901726863771,0.03956133580868474,0.5719185151183082,1.0,True,False
0.5053536400872095,0.5,False,1.0,0.0,1.0,0.9125000000000001,0.25,0.013740533741333964,0.011718814474354557,0.8855044411961623,1.0,False,False
0.2550506038158944,0.0,False,0.0,0.0,0.375,0.5,0.125,0.5039014303807757,0.13948709202569182,0.22416196940471345,1.0,False,False
0.20341792829417205,0.0,False,0.0,0.0,1.0,1.0,0.125,0.35194918002822384,0.18510894488579158,0.3248420651274242,1.0,True,False
0.16081421295707443,0.0,False,0.0,1.0,0.75,0.75,0.125,0.2508638457480367,0.07957985671511111,0.5561493192126725,1.0,True,False
0.3135891779560066,0.0,True,0.0,0.0,1.0,0.9875,0.125,0.010062676963856486,0.012573886167145646,0.9479751302386252,1.0,True,False
0.1552418311750694,0.0,True,0.0,0.0,1.0,0.9750000000000001,0.125,0.5047128024212718,0.06009788149382066,0.20564570175054886,1.0,True,False
0.31125469405241224,0.5,False,0.0,1.0,0.75,0.8625,0.125,0.39661559047301614,0.05003647294950981,0.3135836009098316,1.0,False,False
0.2745469902200719,0.5,False,0.0,0.0,1.0,0.9750000000000001,0.125,0.5970888656458245,0.5627691318376417,0.17908606239269864,1.0,False,False
0.3806957623345478,0.5,False,1.0,0.0,1.0,0.75,0.125,0.22307887202381188,0.04125074422905722,0.5211260326014566,1.0,False,False
0.3545914152789188,0.5,False,0.0,1.0,0.875,0.8625,0.125,0.45563427992629413,0.08230814199260106,0.2986988102983801,1.0,False,False
0.1647325956691652,0.0,False,0.0,1.0,0.75,0.8125,0.125,0.3880796258334173,0.06367434325654447,0.3170889911706025,1.0,True,False
0.3723829450910586,0.0,False,0.0,0.0,1.0,0.9125000000000001,0.125,0.12867694178951491,0.052281795767012085,0.6184920065407153,1.0,False,False
0.264642504397139,0.0,True,1.0,0.0,1.0,0.9375,0.125,0.45750325632792943,0.03167560334642105,0.24514502485809397,1.0,True,False
0.16885782018472062,0.0,False,0.0,1.0,1.0,0.9125000000000001,0.5,0.24854430326082153,0.025566467116617128,0.5324186291227324,1.0,True,False
0.16050918442021356,0.0,False,0.0,0.0,1.0,1.0,0.125,0.519610489792084,0.5709476909827285,0.20927226124621812,1.0,True,False
0.14253229716796056,0.0,False,0.0,1.0,0.75,0.7375,0.125,0.2541860483870102,0.04901777531619059,0.5189792044390846,1.0,True,False
0.3918983469302467,0.5,False,1.0,0.0,0.0,0.0,0.125,0.2841567028381221,0.03798426731926071,0.44358330384341427,1.0,False,False
0.08890245099564842,0.0,False,0.0,0.0,0.875,0.9125000000000001,0.125,0.42237858092307873,0.33288665717677,0.2668509198929594,1.0,True,False
0.3175390592151929,0.0,False,0.0,1.0,1.0,0.925,0.0,0.2124590718007173,0.03848931939689932,0.5208407360219587,1.0,False,False
0.4191192613678013,0.0,False,0.0,0.0,1.0,0.9750000000000001,0.125,0.09545091848866766,0.03601992171289282,0.6852021923125711,1.0,False,False
0.1839274901469682,0.0,True,0.0,1.0,0.875,0.8375000000000001,0.125,0.25246206501403906,0.052466327495999394,0.5250358978607546,1.0,True,False
0.12920631771671887,0.0,False,0.0,0.0,0.875,0.8375000000000001,0.125,0.4399697941556683,0.39692870094705474,0.2735746769590841,1.0,True,False
0.2622496842503297,0.5,False,1.0,0.0,0.875,0.8875,0.125,0.28312517010863414,0.13880409450857062,0.38310633231993774,1.0,True,False
0.2554086378279916,0.0,False,1.0,0.0,1.0,1.0,0.125,0.6176555076916218,0.2640619721910882,0.19166807117752094,1.0,True,False
0.2347592869000048,0.0,False,1.0,0.0,0.75,0.8125,0.125,0.44211767893753295,0.061087242049617574,0.24359944343790318,1.0,False,False
0.19126498563031902,0.0,False,0.0,1.0,0.75,0.8125,0.125,0.2929002310391348,0.04697621540090613,0.45516832706918176,1.0,True,False
0.42347280714862745,0.5,False,0.0,0.0,0.875,0.9375,0.125,0.13741640402043787,0.011093452719023815,0.659116256546489,1.0,False,False
0.4368943792784973,1.0,False,1.0,0.0,1.0,1.0,0.125,0.336085830575204,0.09318230046751562,0.3923660524828263,1.0,False,False
0.3337833864184797,0.0,False,0.0,0.0,1.0,0.75,0.125,0.1762145808881132,0.06949250881831932,0.5354647822215899,1.0,False,False
0.26481219177777016,0.0,False,1.0,0.0,0.875,0.7625,0.0,0.3394592623362814,0.04287838915294421,0.37750044506705405,1.0,False,False
0.2743863651066005,0.0,False,0.0,1.0,1.0,1.0,0.125,0.12028126063442643,0.010181841368624305,0.6407688730554062,1.0,True,False
0.5190646832288562,0.75,True,1.0,0.0,1.0,0.9750000000000001,0.25,0.02141337274310691,0.027657292818721847,0.9173771062206533,1.0,False,False
0.17738731210750946,0.0,False,0.0,1.0,0.875,0.9125000000000001,0.125,0.4059008444113267,0.055548002120849524,0.30528785566660077,1.0,True,False
0.3540793656014395,0.0,True,0.0,1.0,0.875,1.0,0.0,0.2581928251034046,0.045307123524994,0.4481611285777598,1.0,False,False
0.4083491583967803,0.5,False,0.0,1.0,1.0,0.9000000000000001,0.125,0.16496112084484324,0.03817639950955161,0.5420359254317444,1.0,False,False
0.4011815707069014,0.5,False,0.0,1.0,0.875,0.75,0.125,0.17829252909729618,0.05204294588375669,0.5857762338894614,1.0,False,False
0.4569408934592304,0.0,False,0.0,1.0,1.0,0.9375,0.125,0.06518889088365211,0.04246225834481615,0.8515103640396524,1.0,False,False
0.21702586163541515,0.0,True,1.0,0.0,1.0,0.9375,0.125,0.35427843570049794,0.06066656408145929,0.32464679556636034,1.0,True,False
0.35003384366221735,0.25,False,0.0,1.0,1.0,1.0,0.125,0.3278211032756024,0.017847407707087332,0.39349407588248764,1.0,True,False
0.12138868484715493,0.0,False,0.0,0.0,1.0,0.8875,0.125,0.49924105152092313,0.11670595748034204,0.20746436788758937,1.0,True,False
0.3967216742433918,0.0,False,1.0,0.0,1.0,0.925,0.125,0.06513651818088673,0.029776386309886996,0.7172917907415202,1.0,True,False
0.4722841715906797,0.0,False,1.0,0.0,1.0,1.0,0.125,0.15789069465009586,0.024878361472783547,0.6358082242612406,1.0,False,False
0.5305063448612307,0.5,False,0.0,0.0,0.875,0.875,0.25,0.0723789772946503,0.03236987325587225,0.717724090717577,1.0,False,False
0.21524074289585682,0.0,False,1.0,0.0,1.0,1.0,0.125,0.29951216204184783,0.10194959374345022,0.40185589584052916,1.0,True,False
0.4941175393040885,0.75,False,0.0,1.0,0.875,0.75,0.25,0.16358789409962704,0.06521031389051389,0.6385290444473202,1.0,False,False
0.2343570186517372,0.0,False,0.0,0.0,0.875,0.9000000000000001,0.125,0.4053796556807282,0.016656708071952287,0.3050258279875513,1.0,True,False
0.4829172791194559,0.5,False,1.0,0.0,1.0,1.0,0.25,0.20366254428579292,0.004455751646087634,0.6620890325919824,1.0,False,False
0.33584113990699616,0.0,False,0.0,1.0,0.75,0.75,0.0,0.10707063638462812,0.022636900670566982,0.6460683835948879,1.0,False,False
0.1734578435901587,0.75,False,0.0,1.0,1.0,1.0,0.125,0.3177212023065974,0.0715859056964861,0.3855416158844551,1.0,True,False
0.5908224421003648,1.0,False,1.0,0.0,1.0,1.0,0.25,0.05029636501941067,0.025957114623903602,0.8048120743178102,1.0,False,False
0.4246480964742484,0.0,False,0.0,1.0,0.75,0.75,0.125,0.05076420153738743,0.04048834960018137,0.762921179698008,1.0,False,False
0.18365974150551534,0.0,False,0.0,1.0,1.0,0.9125000000000001,0.125,0.40332439036683965,0.08243511405072755,0.3052720510121105,1.0,True,False
0.2745469902200719,0.0,False,1.0,0.0,0.875,0.8500000000000001,0.125,0.5001603057375812,0.33921383259125537,0.2955634040605941,1.0,True,False
0.3350437354547905,0.25,False,0.0,0.0,1.0,0.9500000000000002,0.125,0.3095952338927787,0.03836900222613159,0.4108975804035766,1.0,False,False
0.20884749730392682,0.25,False,0.0,1.0,1.0,1.0,0.125,0.17585560815479737,0.08164724982344182,0.5258909302639567,1.0,True,False
0.5147631313476831,0.5,False,0.0,1.0,1.0,0.9375,0.25,0.0596542490473524,0.03834510165270781,0.8482053993022949,1.0,False,False
0.34589393600387897,0.0,False,0.0,1.0,1.0,1.0,0.125,0.11028546386609184,0.05771212776530039,0.648899013393208,1.0,True,False
0.2550506038158944,0.0,False,0.0,0.0,1.0,1.0,0.125,0.3526581788394743,0.05268189832501351,0.35330784536120685,1.0,True,False
0.1273759746024915,0.0,False,0.0,0.0,1.0,0.9125000000000001,0.125,0.512093094865321,0.05611554982801678,0.1967578450908063,1.0,True,False
0.2043742145179328,0.0,False,0.0,0.0,1.0,0.9375,0.125,0.3670525925090283,0.15946768172321837,0.32957281069392486,1.0,True,False
0.19075082257961895,0.25,False,0.0,1.0,0.875,0.825,0.125,0.507166013479271,0.12232579664099993,0.20178634728710887,1.0,True,False
0.30888908858793085,0.0,False,0.0,0.0,0.875,0.825,0.125,0.17538027386193938,0.058673496090706934,0.5237687879137067,1.0,False,False
0.1768312588239036,0.0,False,0.0,1.0,0.625,0.625,0.125,0.20603137583388012,0.023379428078788126,0.5254638956452404,1.0,True,False
0.23912507738431443,0.0,False,0.0,1.0,0.75,0.7625,0.125,0.5488133278300217,0.030361794517826276,0.1748383968415328,1.0,True,False
0.3863426943103089,0.75,False,0.0,1.0,0.875,0.8125,0.125,0.2793590210953205,0.16352927200760375,0.4108587992006869,1.0,False,False
0.3489815014395631,0.0,False,1.0,0.0,0.875,0.925,0.0,0.126056018146916,0.024898867346475374,0.6235935114060549,1.0,False,False
0.3255461731870096,0.0,False,0.0,1.0,1.0,0.8625,0.0,0.22536524741333297,0.03781915574445993,0.6402298966360034,1.0,False,False
0.3736733338281718,1.0,False,0.0,1.0,0.875,0.875,0.25,0.2563545149755036,0.017040272882752155,0.4181858982679121,1.0,False,False
0.4321364390395489,0.25,False,1.0,0.0,1.0,0.9375,0.125,0.20338062610571883,0.0791866628519904,0.5448671799859217,1.0,False,False
0.11201104130645712,0.0,False,1.0,0.0,1.0,0.9625000000000001,0.125,0.450513213900221,0.25950189463211454,0.2566944644009761,1.0,True,False
0.13352361620659736,0.0,False,0.0,0.0,0.875,0.9125000000000001,0.125,0.37735467257994626,0.04079859159253588,0.3068306751374039,1.0,True,False
0.2499607643133207,0.75,False,0.0,0.0,1.0,0.9375,0.25,0.46009639111381007,0.3757251865661917,0.24032473287701794,1.0,False,False
0.33135212084661003,0.0,False,1.0,0.0,0.875,0.8375000000000001,0.125,0.18425842448623594,0.030261891995240753,0.5788642921908487,1.0,True,False
0.22335041887289453,0.0,True,0.0,0.0,0.875,0.925,0.125,0.10454244813958559,0.03936250115399617,0.6885189979304616,1.0,True,False
0.19330686823577015,0.5,False,0.0,1.0,0.75,0.7750000000000001,0.125,0.3574613909579389,0.07790242932342019,0.3651123078261147,1.0,True,False
0.32983018597443314,0.0,False,0.0,1.0,0.875,0.75,0.0,0.23983345134719913,0.045363112308228384,0.5357060223274752,1.0,False,False
0.298537988166803,0.0,False,0.0,0.0,1.0,1.0,0.0,0.34385034039959844,0.031278331985118465,0.3644315075470492,1.0,False,False
0.5069641692672479,0.0,False,1.0,0.0,1.0,0.9750000000000001,0.125,0.13515764417828854,0.03527451244412668,0.6992530186598023,1.0,False,False
0.2541523455280844,0.0,True,0.0,0.0,1.0,1.0,0.125,0.19134883700994954,0.024538642916752396,0.5467108292418978,1.0,True,False
0.298537988166803,0.0,False,0.0,1.0,0.875,0.7750000000000001,0.0,0.33760868081452855,0.03226206033605709,0.3799564912790674,1.0,False,False
0.14219413557029703,0.0,False,0.0,1.0,0.75,0.7375,0.125,0.24171277813007877,0.05037684777338613,0.5253494599509376,1.0,True,False
0.3340132076179655,0.0,False,0.0,1.0,0.875,0.75,0.0,0.3222919586918065,0.0061992931773142655,0.3633612936116102,1.0,False,False
0.2412683432816859,0.0,False,1.0,0.0,1.0,1.0,0.125,0.5776812504148668,0.0764413258256158,0.1583272652508596,1.0,True,False
0.3325140216513377,0.0,False,0.0,0.0,1.0,1.0,0.125,0.28634720916387574,0.07534741616923452,0.38998341024789074,1.0,False,False
0.2827052716824804,0.25,False,0.0,1.0,0.75,0.75,0.125,0.2781641308396924,0.06433591227039552,0.4468353033541528,1.0,False,False
0.15206874199191067,0.0,False,1.0,0.0,1.0,1.0,0.125,0.6147437968980485,0.21174068082419847,0.19189033532741528,1.0,True,False
0.2235645371255457,1.0,False,1.0,0.0,0.25,0.0,0.125,0.1580461178474821,0.07148476139177457,0.5617229810496085,1.0,True,False
0.13173748931548046,0.0,False,1.0,0.0,0.875,1.0,0.0,0.8341957579081593,0.6712176643675893,0.06651109800980781,1.0,True,False
0.2797676648230015,0.0,False,0.0,1.0,0.625,0.25,0.0,0.22689526042847305,0.05942013757682517,0.4814698965501567,1.0,False,False
0.20317804933718453,0.0,True,1.0,0.0,1.0,1.0,0.125,0.32083001168649095,0.03787137695335303,0.3917787044658083,1.0,True,False
0.27470747007027463,0.0,True,1.0,0.0,1.0,0.9375,0.125,0.24784524216296508,0.06584749618079895,0.4361653505153482,1.0,True,False
0.3060887574624257,0.25,True,0.0,1.0,1.0,0.9750000000000001,0.125,0.12173376662993135,0.004999506051400079,0.634888006553648,1.0,True,False
0.24068637877449328,0.0,False,0.0,0.0,1.0,1.0,0.125,0.3630536797106813,0.22337558437617175,0.3149026891049771,1.0,True,False
0.35201626209856707,0.25,False,0.0,0.0,0.875,0.9500000000000002,0.125,0.5250717720254964,0.4122215950042865,0.24274793870261746,1.0,False,False
0.4959250851100231,0.0,False,0.0,0.0,0.875,0.9125000000000001,0.125,0.1657458788239225,0.06689682205256466,0.5556868640990862,1.0,False,False
0.14488155464167207,0.0,True,0.0,0.0,1.0,0.9875,0.125,0.6414039268517248,0.5700373375981342,0.15601946761716912,1.0,True,False
0.2428109818112687,0.0,False,0.0,1.0,0.875,0.9375,0.125,0.14476103080724792,0.013699973437169758,0.6450387799984836,1.0,True,False
0.3450326538877585,0.25,False,1.0,0.0,0.875,0.75,0.125,0.20918102478629738,0.11566462628664567,0.5522680982164778,1.0,False,False
0.16856632059829957,0.0,True,0.0,0.0,0.875,0.9500000000000002,0.125,0.3542621094240861,0.11140078799137548,0.3127156779125453,1.0,True,False
0.44665358164311464,1.0,False,1.0,0.0,1.0,1.0,0.25,0.2551569372248331,0.036203668543467474,0.5087045964306323,1.0,False,False
0.3332075278298613,0.0,False,0.0,1.0,0.875,0.9125000000000001,0.125,0.24873941814376307,0.01119377084683006,0.4567035894488827,1.0,False,False
0.16050918442021356,0.0,False,0.0,1.0,0.875,0.8,0.125,0.25282791597555326,0.06030169412450776,0.533811441635549,1.0,True,False
0.42109861505628843,0.5,False,1.0,0.0,0.75,1.0,0.25,0.47334832238226743,0.41597428045062357,0.23347799582007478,1.0,False,False
0.26532028250539186,0.0,False,1.0,0.0,1.0,1.0,0.125,0.11716276123962738,0.04104902240832092,0.6482256544495848,1.0,True,False
0.30662557203613117,0.25,False,0.0,0.0,1.0,1.0,0.125,0.362107588114962,0.005975869083608821,0.3495444289852634,1.0,False,False
0.21702586163541515,0.0,True,0.0,0.0,1.0,0.9750000000000001,0.125,0.15242046759872574,0.06423080548389834,0.5648660991763383,1.0,True,False
0.15174828993494538,0.0,False,1.0,0.0,1.0,0.9000000000000001,0.25,0.5093192405400253,0.01054294205591606,0.20380365252490273,1.0,True,False
0.19126498563031902,0.0,False,0.0,0.0,1.0,1.0,0.125,0.4632497013354976,0.016840280976406517,0.24024804604884364,1.0,True,False
0.2357609858994052,0.0,False,0.0,0.0,0.875,0.9125000000000001,0.0,0.3260379009457774,0.021038123883480808,0.3571665973678215,1.0,False,False
0.18339158825813184,0.0,False,0.0,0.0,1.0,1.0,0.125,0.4251796230533643,0.24284004600117096,0.2551264312407604,1.0,True,False
0.7074242955329456,1.0,False,1.0,0.0,1.0,1.0,0.375,0.2578610442916826,0.015335303709349652,0.41655363206833473,1.0,False,False
0.11637072787099811,0.0,False,0.0,0.0,1.0,1.0,0.125,0.5168747696530925,0.48439170537712084,0.23003864850223943,1.0,True,False
0.15174828993494538,0.0,False,0.0,1.0,0.75,0.7750000000000001,0.125,0.3728349838476614,0.04828463601816713,0.34037629703404515,1.0,True,False
0.2816286450518882,0.0,False,0.0,1.0,0.875,0.9125000000000001,0.125,0.023630556791761327,0.013202940909375148,0.8558338797522187,1.0,True,False
0.4563079106862923,1.0,False,0.0,1.0,0.75,0.7125,0.25,0.25742681014676805,0.04719260616159794,0.45892573910468326,1.0,False,False
0.22674568866245648,0.0,False,0.0,0.0,1.0,1.0,0.125,0.15382914054830368,0.03990489226794431,0.5917600769953686,1.0,True,False
0.42208007358024957,0.5,False,0.0,0.0,1.0,0.875,0.25,0.31915062096515695,0.09673213593053773,0.3734658652904308,1.0,False,False
0.19954040040265897,0.0,False,1.0,0.0,0.875,0.9500000000000002,0.125,0.4184839221980913,0.10711483841847688,0.2714178196060171,1.0,True,False
0.3268661841772992,1.0,False,0.0,1.0,1.0,0.875,0.25,0.8983491251560808,0.5871808880949226,0.03859639715179353,1.0,False,False
0.46736987685972575,0.0,False,1.0,0.0,0.875,1.0,0.125,0.08989012702066401,0.02811272013961429,0.7072105082077829,1.0,False,False
0.15555604159834224,0.0,False,0.0,0.0,1.0,1.0,0.125,0.24434383606542115,0.16876780727849888,0.4362170580924354,1.0,True,False
0.1839274901469682,0.0,False,0.0,0.0,0.625,0.75,0.125,0.5671072126243089,0.27131112411499947,0.16431408501255196,1.0,True,False
0.16532781743217495,0.0,False,0.0,0.0,1.0,0.9375,0.125,0.4951302798297916,0.13737261696213368,0.20961946655842167,1.0,True,False
0.3028333135086977,0.5,False,0.0,1.0,0.875,0.9125000000000001,0.25,0.47660249016397366,0.18820691908114753,0.22860273071981574,1.0,False,False
0.37247542754863716,1.0,False,0.0,1.0,0.625,0.6625000000000001,0.0,0.08365439597799135,0.0400369706440309,0.8028530199060424,1.0,False,False
0.18737195064672119,0.0,True,0.0,1.0,0.875,0.925,0.125,0.3240059206985414,0.07447072926910078,0.33856026934405437,1.0,True,False
0.1894588591278764,0.0,False,1.0,0.0,0.875,0.9000000000000001,0.125,0.3375083725700348,0.05247273413356564,0.37051862945196845,1.0,True,False
0.41319224202474947,1.0,False,1.0,0.0,0.875,0.75,0.25,0.1234464322293048,0.031495393208273666,0.6455668718379903,1.0,False,False
0.36826524881740663,0.5,False,0.0,0.0,1.0,1.0,0.25,0.5745569981303429,0.06062180840431192,0.16024145193023043,1.0,False,False
0.34610860493463325,0.25,False,1.0,0.0,0.75,0.75,0.125,0.3533476005389548,0.032794995557486245,0.36276408835860297,1.0,False,False
0.20269731641740818,0.0,False,1.0,0.0,1.0,0.8375000000000001,0.25,0.27223606611395085,0.1569247560365711,0.39798664717171217,1.0,True,False
0.19781696967121776,0.0,True,0.0,0.0,1.0,0.9875,0.125,0.3932077324397283,0.21020926590522893,0.2878780497878852,1.0,True,False
0.13493968528381228,0.0,False,0.0,0.0,0.75,0.8875,0.125,0.25319739881573833,0.07010048297480831,0.41186318781883635,1.0,True,False
0.1878959831851006,0.0,False,1.0,0.0,0.75,1.0,0.125,0.10718399131550144,0.050946792496705924,0.6843267242323599,1.0,True,False
0.3514967164492818,0.0,False,0.0,0.0,1.0,1.0,0.125,0.2609221713245021,0.02210168227009657,0.43651842280633724,1.0,True,False
0.20485043200541464,0.0,False,0.0,0.0,1.0,0.9750000000000001,0.125,0.2554598854006114,0.20403433419294084,0.4335334730765197,1.0,True,False
0.2737424067449248,0.25,False,1.0,0.0,0.625,0.625,0.0,0.4273946697635542,0.33355579738268676,0.2629081244446918,1.0,False,False
0.23912507738431443,0.0,False,0.0,0.0,1.0,1.0,0.125,0.36916583186497803,0.13813994228988927,0.29934828081004095,1.0,True,False
0.35773356308094006,0.5,False,0.0,1.0,1.0,1.0,0.125,0.19974805904972892,0.019191847482410724,0.5382287723745456,1.0,False,False
0.30716076756480104,0.5,False,1.0,0.0,0.75,0.75,0.125,0.45756340526502004,0.08052776686446333,0.29784772524113823,1.0,False,False
0.6001616924785548,0.0,False,1.0,0.0,0.625,0.75,0.125,0.4370352061612575,0.1547470766960991,0.30904201900401485,1.0,True,False
0.3489815014395631,0.25,False,1.0,0.0,0.875,1.0,0.125,0.4105987435083154,0.04799710605732614,0.29994408909119574,1.0,False,False
0.18123164832544447,0.25,True,1.0,0.0,1.0,0.9375,0.125,0.47247141608474286,0.49022871579887417,0.2453381479607395,1.0,True,False
0.27325789973996917,0.0,False,0.0,0.0,1.0,0.925,0.125,0.05767591912192505,0.037393232686082314,0.7596975441852662,1.0,True,False
0.5496943383696579,1.0,True,0.0,1.0,1.0,0.9625000000000001,0.5,0.155825457284707,0.020059637716069886,0.7353016032181761,1.0,False,False
0.38539960332752454,0.0,False,0.0,0.0,1.0,1.0,0.125,0.2619374997308429,0.03426335854436677,0.4657162593837767,1.0,False,False
0.15492706339564766,0.0,False,1.0,0.0,1.0,0.9500000000000002,0.125,0.4615788078399417,0.10067064830272476,0.2361308424925237,1.0,True,False
0.15174828993494538,0.0,False,0.0,0.0,1.0,1.0,0.125,0.342015362085224,0.040947717209367074,0.3493401729543544,1.0,True,False
0.5093315063718781,1.0,False,0.0,1.0,1.0,0.9375,0.25,0.11942924365918,0.07484026286935959,0.6269255619075347,1.0,False,False
0.2780444497937604,0.0,False,1.0,0.0,1.0,1.0,0.125,0.15018418665406835,0.028700761524023555,0.585018851988802,1.0,True,False
0.1647325956691652,0.0,False,0.0,1.0,0.875,0.7750000000000001,0.125,0.39855417392502346,0.02491099403506096,0.32498615511021023,1.0,True,False
0.5408256244354946,0.5,False,0.0,1.0,1.0,0.8875,0.125,0.09369894519994021,0.0385674961871826,0.6690546696086344,1.0,False,False
0.16856632059829957,0.0,False,0.0,0.0,1.0,0.9375,0.125,0.285205556198678,0.11303397307986532,0.38852151529847934,1.0,True,False
0.2740646780362662,0.0,False,0.0,0.0,0.875,1.0,0.125,0.34925460447079687,0.23407006442378067,0.3306046184836553,1.0,True,False
0.12138868484715493,0.0,False,1.0,0.0,0.875,0.9375,0.125,0.44422841087130505,0.08972254816484335,0.26827234446872716,1.0,True,False
0.41589116475210586,0.25,False,1.0,0.0,1.0,1.0,0.125,0.14223622774002304,0.03357626639125003,0.6069681032241139,1.0,False,False
0.21988891610179528,0.0,True,1.0,0.0,1.0,0.9750000000000001,0.125,0.33984197526747867,0.2992196180439757,0.33770880079798693,1.0,True,False
0.3622959114322287,1.0,False,1.0,0.0,1.0,1.0,0.375,0.5331900964281939,0.21957039417701094,0.1952811152513929,1.0,False,False
0.19855763336115373,0.0,False,0.0,0.0,0.875,0.9125000000000001,0.125,0.27839851833255386,0.1431936558666532,0.3901050246122706,1.0,True,False
0.528445270124939,1.0,False,0.0,0.0,0.75,0.9125000000000001,0.375,0.35391328191910093,0.05866774808352293,0.35153740069833517,1.0,False,False
0.314232232266615,0.0,False,0.0,0.0,1.0,1.0,0.125,0.2635607291224842,0.0305212798234006,0.4643497507450056,1.0,True,False
0.4503283279615692,1.0,True,0.0,1.0,0.75,0.75,0.25,0.8172133454372679,0.5399319370878704,0.07375939802519271,1.0,False,False
0.29384832955464446,0.0,False,0.0,0.0,0.875,1.0,0.125,0.20895497245414946,0.026123679060885936,0.5058968156536301,1.0,False,False
0.15174828993494538,0.0,False,0.0,0.0,0.875,0.9125000000000001,0.125,0.33760913627925476,0.09273093076442505,0.3268864972900709,1.0,True,False
0.32983018597443314,0.0,False,0.0,1.0,0.75,0.75,0.0,0.23983217731418083,0.04536610603430783,0.5357074442379071,1.0,False,False
0.18841847275158208,0.0,False,0.0,1.0,0.75,0.8375000000000001,0.125,0.24658201876376792,0.03683369606101984,0.41815682413898836,1.0,True,False
0.22695575141330848,0.0,False,0.0,1.0,0.875,0.8125,0.125,0.19594172114871264,0.034987664691815516,0.5515341596522101,1.0,True,False
0.26532028250539186,0.0,False,0.0,1.0,1.0,0.9500000000000002,0.125,0.105611458603824,0.031442190554137855,0.6819200970260901,1.0,True,False
0.19381368873224358,0.5,False,0.0,1.0,0.75,0.7250000000000001,0.125,0.2527762868830682,0.06315716001996916,0.5368019772165675,1.0,True,False
0.2343570186517372,0.75,True,0.0,1.0,1.0,1.0,0.25,0.5574664990545285,0.5511370952348731,0.1799819215897247,1.0,True,False
0.18365974150551534,0.0,False,1.0,0.0,1.0,0.8500000000000001,0.125,0.29528490160883847,0.07213812910378833,0.3975651682833756,1.0,True,False
0.3398864151360462,0.25,False,0.0,1.0,1.0,0.9500000000000002,0.125,0.20278033843316984,0.015974912635309087,0.5418474685126964,1.0,False,False
0.1411757669663588,0.0,False,1.0,0.0,0.875,0.9125000000000001,0.125,0.47624356535613865,0.22445493086137872,0.21940219133479544,1.0,True,False
0.19781696967121776,0.0,False,0.0,0.0,0.875,0.875,0.125,0.2246504787574802,0.11772514504048978,0.44755771081415374,1.0,True,False
0.2737424067449248,0.0,False,0.0,1.0,0.875,0.8125,0.125,0.2298791219972934,0.037831781425817626,0.6053559038657901,1.0,True,False
0.18339158825813184,0.0,True,0.0,0.0,1.0,0.9625000000000001,0.125,0.48402273558174236,0.01824689262251149,0.25459994103538475,1.0,True,False
0.3736733338281718,0.0,False,0.0,0.0,1.0,1.0,0.125,0.19070718083161925,0.031744408128611755,0.5028512978185731,1.0,False,False
0.2792993542175678,0.0,False,0.0,0.0,0.875,0.9500000000000002,0.125,0.2664856229616474,0.01771085424658805,0.3955260494365973,1.0,False,False
0.1552418311750694,0.0,False,0.0,1.0,0.625,0.75,0.125,0.2695958694809417,0.06275790629802096,0.49562814223292917,1.0,True,False
0.2347592869000048,0.0,False,0.0,1.0,1.0,0.9125000000000001,0.125,0.5750546255861829,0.07271197712868514,0.15978241097533608,1.0,True,False
0.351808626339993,0.75,False,0.0,1.0,1.0,0.875,0.125,0.19062404779367778,0.04147152624872179,0.5369891385108192,1.0,False,False
0.24547874464902375,0.5,False,0.0,0.0,1.0,0.925,0.125,0.34828225159165715,0.13132143323724882,0.3193736543195178,1.0,True,False
0.08935891432104215,0.0,True,0.0,1.0,1.0,0.9125000000000001,0.125,0.5613725853405882,0.5589526939062053,0.17771069892624158,1.0,True,False
0.21769067839603506,0.0,False,0.0,1.0,1.0,0.9625000000000001,0.0,0.3169805771249831,0.04708048181337061,0.34598370341072404,1.0,False,False
0.38025384772625104,1.0,False,0.0,1.0,0.875,0.7000000000000001,0.25,0.34062690453190864,0.015618168166066064,0.369270799943862,1.0,False,False
0.26156005283736583,0.0,False,1.0,0.0,1.0,0.9500000000000002,0.125,0.3123683838646168,0.07822140521010193,0.39034270469320287,1.0,True,False
0.19126498563031902,0.75,False,1.0,0.0,0.75,0.8375000000000001,0.125,0.5565848406934587,0.03373531132463267,0.17035529306271968,1.0,True,False
0.19075082257961895,0.25,False,0.0,1.0,0.875,0.7875000000000001,0.125,0.12744500320504315,0.05011275806438828,0.6203309915659894,1.0,True,False
0.35773356308094006,0.0,False,1.0,0.0,1.0,1.0,0.125,0.2702754945641323,0.13842113631788944,0.3984603827175144,1.0,True,False
0.5444054198365192,1.0,False,0.0,0.0,1.0,0.9000000000000001,0.375,0.13691566460461294,0.07472423399700784,0.588114468337557,1.0,False,False
0.3092855526577146,0.0,False,1.0,0.0,0.875,0.9125000000000001,0.125,0.04984423512346252,0.03524223992250489,0.7705885676580633,1.0,True,False
0.17203310413582473,0.0,False,0.0,0.0,0.75,0.75,0.125,0.6527209864988053,0.790601877792192,0.133992709898485,1.0,False,True
0.22800235125920598,0.0,False,1.0,0.0,1.0,0.9375,0.125,0.2692068479958091,0.07723237410580279,0.3951298732576045,1.0,True,False
0.23151531420482074,0.25,False,0.0,1.0,0.625,0.7375,0.125,0.30063812077020025,0.02592525454993975,0.4141992783072901,1.0,True,False
0.3279389370305342,0.25,False,0.0,1.0,0.875,0.8625,0.0,0.2538925673042613,0.029621182348608884,0.5119477451775838,1.0,False,False
0.43501948355428166,1.0,False,0.0,0.0,1.0,1.0,0.375,0.2620765811042392,0.0699238264308255,0.4021718807744836,1.0,False,False
0.24165526198413423,0.0,False,0.0,0.0,1.0,1.0,0.125,0.2738382613434441,0.2119774666785147,0.4152821774351798,1.0,True,False
0.29727123237862674,1.0,False,0.0,1.0,0.75,0.75,0.25,0.3896234304842502,0.04561451609525598,0.3230597725555655,1.0,False,False
0.43592707917461515,0.0,False,1.0,0.0,1.0,1.0,0.125,0.20920580401079017,0.022022529607351286,0.6686265614373346,1.0,True,False
0.314232232266615,0.0,False,0.0,1.0,0.875,0.8500000000000001,0.0,0.1967274273550228,0.014067910012945566,0.5434416369629955,1.0,False,False
0.19023516541383312,0.0,True,0.0,1.0,0.875,0.9500000000000002,0.125,0.266364243499779,0.20379286652810766,0.4227853673041433,1.0,True,False
0.2864979058744641,0.0,False,0.0,1.0,1.0,0.9500000000000002,0.125,0.13488787538207883,0.010331808020806525,0.6198301382063249,1.0,True,False
0.3201656894734407,0.5,False,0.0,1.0,1.0,1.0,0.125,0.32554124315500443,0.012334482555140955,0.3854764251870255,1.0,True,False
0.08935891432104215,0.0,False,0.0,0.0,1.0,1.0,0.125,0.4080304905838262,0.36868693831771265,0.2945386311441489,1.0,True,False
0.2651510805228984,0.0,False,0.0,0.0,0.875,0.875,0.125,0.49485335713126233,0.02479862313642721,0.2077280687132761,1.0,True,False
0.4476248360474674,0.25,False,0.0,1.0,0.875,0.9125000000000001,0.125,0.2780135932795215,0.17505339712740575,0.40543094187980966,1.0,False,False
0.16050918442021356,0.0,False,0.0,1.0,0.625,0.7250000000000001,0.125,0.24662471164798894,0.05190809891765397,0.5513505819121616,1.0,True,False
0.46584680154359426,0.25,False,0.0,1.0,1.0,0.8375000000000001,0.125,0.24444650925196512,0.05253237990761577,0.561509106583677,1.0,False,False
0.14320669321579982,0.0,False,0.0,1.0,0.75,0.7750000000000001,0.125,0.3538893206631427,0.03732576859659372,0.3643057122913693,1.0,True,False
0.3969634602247728,0.75,False,0.0,1.0,1.0,1.0,0.25,0.28950657501238375,0.02184942177503449,0.3717996839218065,1.0,False,False
0.4909686244013677,0.5,False,0.0,1.0,1.0,1.0,0.25,0.06536083480115351,0.03811681992592905,0.738657046144771,1.0,False,False
0.37477196164219906,0.75,False,0.0,1.0,1.0,1.0,0.125,0.5344822368401486,0.03179216866298862,0.24189759726838433,1.0,False,False
0.21479164310401644,0.25,False,0.0,1.0,0.75,0.7625,0.125,0.2605392665089161,0.035414606104263606,0.48573448643571004,1.0,True,False
0.25361119986513825,0.0,False,0.0,0.0,0.875,0.9625000000000001,0.125,0.45291264460031583,0.10107941293648776,0.2448357584860612,1.0,False,False
0.42284742939067355,0.5,False,0.0,0.0,1.0,1.0,0.25,0.2321509705536449,0.098617922546729,0.4613424299576383,1.0,False,False
0.31320222383114726,0.0,True,1.0,0.0,1.0,1.0,0.125,0.3718127138629498,0.04532985732023746,0.3454471190912396,1.0,True,False
0.3672207199021408,0.5,True,0.0,1.0,0.875,0.8875,0.125,0.22781345455984828,0.02800395202462798,0.4885849728245315,1.0,False,False
0.34610860493463325,0.0,False,0.0,1.0,0.75,0.7000000000000001,0.125,0.08020877931395505,0.01385143615433274,0.7062133962807811,1.0,True,False
0.38262721781504616,0.0,False,1.0,0.0,1.0,0.9500000000000002,0.125,0.159145649749642,0.0223024785693991,0.5478038520993005,1.0,True,False
0.48533211577034974,0.0,False,0.0,0.0,1.0,1.0,0.125,0.09360230925558419,0.031139209125187983,0.7120980964659434,1.0,True,False
0.367601260364658,0.0,False,1.0,0.0,1.0,1.0,0.125,0.2933425529822117,0.11770134633085208,0.40131613881693284,1.0,False,False
0.34286098008460353,0.5,False,1.0,0.0,0.875,0.825,0.25,0.4304995572479679,0.041071772407518414,0.2879416593623949,1.0,False,False
0.34610860493463325,0.0,False,0.0,1.0,1.0,1.0,0.125,0.2316870821347502,0.0487276519751947,0.6229467409961655,1.0,False,False
0.09430401041918213,0.0,False,0.0,0.0,0.875,0.8875,0.125,0.5044017940874143,0.14009005847613568,0.21353116113932802,1.0,True,False
0.2649817170498764,0.5,False,0.0,0.0,0.875,0.9500000000000002,0.125,0.42696573945879274,0.11369753365200169,0.3027415620656686,1.0,False,False
0.3476040597321882,0.0,False,0.0,1.0,0.5,0.75,0.125,0.2680485542601033,0.042847875836226575,0.4550728282445209,1.0,False,False
0.28101048429246245,0.0,False,1.0,0.0,1.0,0.75,0.125,0.06213754748123849,0.03994843198750341,0.9157696748309219,1.0,True,False
0.16503045611886513,0.0,False,0.0,1.0,0.75,0.7625,0.125,0.14159527246423712,0.03665610851590483,0.5993379507872474,1.0,True,False
0.2870972751670433,0.5,False,0.0,0.0,1.0,1.0,0.0,0.29353564772341295,0.09022711748656931,0.4088969262265685,1.0,False,False
0.26616388079783704,0.0,False,0.0,1.0,0.875,0.75,0.125,0.1944896286667826,0.037824130848670624,0.5499521946579831,1.0,True,False
0.14253229716796056,0.0,False,0.0,1.0,0.875,0.75,0.125,0.26993511258303443,0.07645142392516238,0.49861368134715334,1.0,True,False
0.1210076859605198,0.0,False,1.0,0.0,0.875,0.9125000000000001,0.0,0.5227107884341267,0.23041684310242772,0.19098175611689694,1.0,False,False
0.28239833003520975,0.0,False,0.0,0.0,1.0,0.9625000000000001,0.125,0.4008463282839217,0.270758128313294,0.2942893140563574,1.0,False,False
0.28574583608421156,0.5,False,0.0,1.0,1.0,0.875,0.125,0.23959743152132243,0.02714150789243185,0.5473897967224386,1.0,False,False
0.15206874199191067,0.0,False,0.0,1.0,1.0,1.0,0.125,0.16876966404999402,0.01818903047793789,0.5536001687662164,1.0,True,False
0.2205431121343724,0.0,False,1.0,0.0,1.0,1.0,0.125,0.38560902964648974,0.3392717693800068,0.3120984997867988,1.0,True,False
0.4689336863443928,0.5,False,0.0,0.0,0.875,0.9125000000000001,0.25,0.1453273518021886,0.02760058918197513,0.6655918468219864,1.0,False,False
0.31320222383114726,0.0,False,0.0,1.0,0.875,0.8,0.125,0.08020850868139467,0.013852203008648848,0.7062136313859639,1.0,True,False
0.2254800631863605,0.0,True,0.0,0.0,1.0,0.9500000000000002,0.125,0.2122151493551226,0.01721088434849556,0.5062228118433845,1.0,True,False
0.21115733074156973,0.0,False,1.0,0.0,0.875,0.9625000000000001,0.125,0.38817106200487717,0.18785416971211677,0.2863650872465173,1.0,True,False
0.31879468553043033,0.25,False,0.0,1.0,0.75,0.7625,0.125,0.333005341159495,0.022197126592666233,0.3779693250575078,1.0,False,False
0.41319224202474947,0.75,True,1.0,0.0,1.0,0.9875,0.375,0.5690065816033346,0.1902564162746097,0.23403842946888354,1.0,False,False
0.3626871491849605,0.0,False,0.0,1.0,0.875,0.6625000000000001,0.125,0.4143224285592445,0.06516755681649075,0.323818256574133,1.0,False,False
0.15206874199191067,0.0,False,0.0,1.0,0.625,0.825,0.125,0.24848433092366493,0.04489919499443667,0.5332783511647905,1.0,True,False
0.215688708956697,0.0,False,0.0,1.0,0.625,0.675,0.125,0.11997088559031438,0.03455583231891762,0.6437731103088438,1.0,True,False
0.26052055428457976,0.0,True,0.0,0.0,1.0,0.9500000000000002,0.125,0.32822761449628285,0.08577536747315878,0.33448102593212337,1.0,False,False
0.3135891779560066,0.25,True,0.0,1.0,1.0,0.9875,0.125,0.3125561137963345,0.07344508939899785,0.3487964287213421,1.0,True,False
0.3742234979571576,0.5,True,1.0,0.0,0.875,0.9000000000000001,0.25,0.31182875782123654,0.016184930058756337,0.402723504409211,1.0,False,False
0.13564350462413632,0.0,True,0.0,0.0,1.0,0.9625000000000001,0.125,0.40367179218960036,0.2027636007175518,0.2731359886550109,1.0,True,False
0.36807579121799316,0.0,False,0.0,1.0,1.0,0.0,0.125,0.30918582590221644,0.030971974929217588,0.3760188483829796,1.0,False,False
0.3539767781193147,0.0,False,0.0,1.0,1.0,1.0,0.0,0.2579040172482516,0.0384934248916767,0.5020349632096286,1.0,False,False
0.2651510805228984,0.0,False,0.0,1.0,1.0,0.9375,0.125,0.12876550000602913,0.08348675028166935,0.6040850269226543,1.0,True,False
0.1411757669663588,0.0,False,1.0,0.0,0.875,0.875,0.125,0.30642644121682316,0.1864871687426846,0.37570489548116637,1.0,True,False
0.062327502764905285,0.0,False,0.0,0.0,1.0,1.0,0.125,0.5514033121350123,0.20449986502513587,0.1730339252031643,1.0,True,False
0.37302931238938364,0.5,False,0.0,1.0,0.75,0.825,0.0,0.180951868991373,0.025626409921710072,0.558238603600548,1.0,False,False
0.6445909932774646,0.5,False,1.0,0.0,1.0,0.875,0.25,0.3440569474014852,0.02409446538289472,0.3779543429780323,1.0,True,False
0.3308852219345225,0.0,True,0.0,0.0,1.0,0.9375,0.125,0.246625844541005,0.04088503411717639,0.5359708154877598,1.0,True,False
0.33955280887912653,0.25,False,0.0,0.0,0.875,1.0,0.125,0.2850952391808045,0.04529962375758586,0.4267995810703935,1.0,False,False
0.37712924172165085,0.5,False,0.0,1.0,0.75,0.8,0.25,0.4354175806824249,0.012361341457777075,0.2768746822862276,1.0,False,False
0.19482300767235994,0.0,False,0.0,1.0,0.625,0.5375000000000001,0.125,0.3410971975480791,0.04138779981923886,0.37323219094674687,1.0,True,False
0.3966410056506132,0.5,False,1.0,0.0,1.0,1.0,0.25,0.1093671727591014,0.04633316302715323,0.6736644665878315,1.0,False,False
0.2654893233050304,0.0,False,0.0,0.0,1.0,1.0,0.125,0.20858799806760972,0.08541474041997554,0.47538877234829946,1.0,False,False
0.19978524407306764,0.0,False,0.0,1.0,0.875,0.8500000000000001,0.125,0.2378271794381183,0.05725112789545148,0.5345437226804017,1.0,True,False
0.29442341813256856,0.0,False,0.0,0.0,0.75,0.6875,0.125,0.27156367390499736,0.16007582045784743,0.41397046128795556,1.0,False,False
0.42947421173040634,1.0,True,1.0,0.0,0.875,0.9500000000000002,0.25,0.3386337377434318,0.02221759743551115,0.377296955075191,1.0,False,False
0.39768684775591023,0.0,False,1.0,0.0,0.875,0.825,0.125,0.24339050253580038,0.013035655773023935,0.46895430364317936,1.0,False,False
0.3539767781193147,0.5,False,0.0,1.0,0.25,0.25,0.125,0.27065065662329607,0.03563372370861979,0.4747156891250539,1.0,False,False
0.09430401041918213,0.0,False,0.0,0.0,1.0,1.0,0.125,0.8101539796944665,0.62691762413878,0.07777748120363737,1.0,True,False
0.1514272581382603,0.0,False,1.0,0.0,1.0,0.9500000000000002,0.125,0.4497076083783525,0.47452830661620066,0.25580674311926654,1.0,True,False
0.33228224931863937,0.25,False,0.0,1.0,0.25,0.0,0.125,0.11042095017309071,0.029554857179242007,0.6714761363233337,1.0,True,False
0.40086669740682523,1.0,False,1.0,0.0,0.875,0.75,0.25,0.24962799359995083,0.030187888261936472,0.46523748656372765,1.0,False,False
0.215688708956697,0.0,False,0.0,0.0,1.0,1.0,0.125,0.2597133847002767,0.12232141399719207,0.4175564800854612,1.0,True,False
0.39991871124796174,0.0,False,0.0,1.0,1.0,0.5,0.0,0.18349758951046102,0.052595997417774154,0.6088750185919642,1.0,False,False
0.21680370139973126,0.0,False,0.0,1.0,1.0,0.9500000000000002,0.125,0.25270140375330447,0.03765417681205051,0.45283341373853836,1.0,True,False
0.2237783973272004,0.0,False,0.0,0.0,0.875,0.9500000000000002,0.125,0.20373222380528658,0.07125254277717362,0.4956205220452148,1.0,True,False
0.4433977946537283,1.0,True,0.0,1.0,0.875,0.9000000000000001,0.375,0.2931319248949131,0.023540465955686082,0.36782495001562565,1.0,False,False
0.25576595090664944,0.0,True,1.0,0.0,1.0,0.9625000000000001,0.0,0.32660032106653125,0.07573228510704906,0.3363756188171654,1.0,True,False
0.3755006195185925,0.5,False,0.0,0.0,1.0,1.0,0.25,0.3264955825438494,0.02740845687694368,0.39135094660160297,1.0,False,False
0.1682743413758333,0.0,False,0.0,0.0,0.875,0.9375,0.125,0.285855882951718,0.032953836313291865,0.39893427531903836,1.0,True,False
0.1083625951338244,0.0,False,0.0,1.0,1.0,0.75,0.125,0.21695648801200862,0.039030615167890775,0.4983674231273034,1.0,True,False
0.3067595223219207,0.5,True,1.0,0.0,1.0,0.9750000000000001,0.25,0.6051267261526218,0.664429540474264,0.16697622604403772,1.0,False,False
0.16353612880950064,0.0,False,0.0,1.0,0.625,0.75,0.125,0.44746731788146976,0.11312242372270453,0.2925198835154057,1.0,True,False
0.20485043200541464,0.0,False,1.0,0.0,0.75,0.7750000000000001,0.125,0.18766528830016044,0.030144201365186484,0.5440713926099672,1.0,True,False
0.17959426306389814,0.0,False,0.0,0.0,0.875,1.0,0.125,0.3167414668714184,0.04739899068945811,0.391613347204848,1.0,True,False
0.1370428236348713,0.0,False,0.0,0.0,1.0,0.925,0.125,0.46599625625489244,0.47904755387714226,0.24982283901453273,1.0,True,False
0.44171593186322344,1.0,False,0.0,1.0,0.75,0.75,0.25,0.24755717517897405,0.03034619947850586,0.5283109257488772,1.0,False,False
0.3028333135086977,0.0,False,0.0,0.0,1.0,1.0,0.125,0.4372672577905299,0.16470923971946894,0.24583984074256104,1.0,False,False
0.16856632059829957,0.0,False,0.0,0.0,1.0,0.9875,0.125,0.3298910032619298,0.07239956768094274,0.3340951615230001,1.0,True,False
0.2745469902200719,0.0,False,0.0,1.0,0.875,0.9125000000000001,0.125,0.0773977265178566,0.030474031541646646,0.7391699429254714,1.0,True,False
0.3673159315509854,0.5,False,0.0,0.0,0.875,0.9125000000000001,0.25,0.2325447922476423,0.052940058467697365,0.5601410297917577,1.0,False,False
0.16532781743217495,0.0,False,1.0,0.0,0.875,0.8875,0.125,0.37485204838390807,0.14762681958743662,0.29458159433352793,1.0,True,False
0.2229214057183464,0.0,False,0.0,1.0,0.875,0.8375000000000001,0.125,0.1077403086461244,0.04284186156208093,0.6794154954290974,1.0,True,False
0.2229214057183464,0.0,True,0.0,0.0,1.0,0.9375,0.125,0.38798926074975465,0.09467435148558667,0.29179452897931135,1.0,True,False
0.18919933382519116,0.0,False,0.0,1.0,1.0,0.9750000000000001,0.125,0.4549447099759662,0.25502511772152153,0.25310949280576467,1.0,True,False
0.04388181869188723,0.0,False,1.0,0.0,0.75,0.6125,0.125,0.8073563466949,0.5258306944649417,0.0787715097478685,1.0,True,False
0.14320669321579982,0.0,False,0.0,1.0,0.75,0.7625,0.125,0.34455574352103224,0.0183526552445711,0.3738251211258907,1.0,True,False
0.3297125716114121,0.5,False,1.0,0.0,1.0,1.0,0.125,0.2764926786763643,0.016156043288412948,0.4162354251195679,1.0,False,False
0.19482300767235994,0.0,True,0.0,1.0,0.875,0.9500000000000002,0.125,0.29960395224832076,0.07527967689889675,0.3859984472086009,1.0,True,False
0.3872807995717006,0.5,False,1.0,0.0,0.5,0.5,0.125,0.130067611991549,0.019238188580943037,0.6300126240486748,1.0,False,False
0.2235645371255457,0.5,False,1.0,0.0,0.5,0.125,0.125,0.15942096401052835,0.06357377951223507,0.563133238385165,1.0,True,False
0.19831108880083492,0.0,False,0.0,0.0,1.0,1.0,0.125,0.4068670354865085,0.22365961176526963,0.2750826442978753,1.0,True,False
0.38060746741076124,0.5,False,1.0,0.0,0.875,0.8125,0.0,0.1882112685241442,0.06264499169436186,0.5832917477375281,1.0,False,False
0.2351606452976025,0.0,False,0.0,0.0,0.0,0.0,0.0,0.7794097375909979,0.47183595451182736,0.09299117024372561,1.0,True,False
0.40560884582436596,0.0,True,1.0,0.0,0.875,0.9750000000000001,0.125,0.2320480127577628,0.04610342641392413,0.6031152016295707,1.0,True,False
0.4390040592722705,0.0,False,0.0,1.0,1.0,0.75,0.0,0.15439620415275015,0.02486433541210188,0.6039854039109431,1.0,False,False
0.41370600734448726,1.0,False,0.0,1.0,1.0,1.0,0.25,0.5566137842443547,0.03260471086534101,0.17054373949739254,1.0,False,False
0.2005177546003617,0.0,False,0.0,0.0,0.75,0.8625,0.125,0.26253491292253134,0.018838536833342887,0.4351813166939962,1.0,True,False
0.31665480429401416,0.0,False,0.0,0.0,1.0,1.0,0.125,0.6168385864584286,0.5798220911736536,0.16745892400971307,1.0,True,False
0.3619038091852885,0.0,False,0.0,1.0,1.0,0.9375,0.125,0.2266581662023499,0.04564065652985937,0.5568884778882719,1.0,True,False
0.19831108880083492,0.0,True,0.0,1.0,0.75,1.0,0.125,0.3059649958325047,0.06164320850382532,0.37868823430388465,1.0,True,False
0.14219413557029703,0.0,False,0.0,1.0,0.875,0.8125,0.125,0.35888534353188706,0.07358478294106038,0.3630213192539913,1.0,True,False
0.15586969663578798,0.5,False,0.0,1.0,0.75,0.7625,0.125,0.3032862599401358,0.014704108548100272,0.4132128660906267,1.0,True,False
0.35003384366221735,1.0,False,1.0,0.0,0.75,0.9500000000000002,0.25,0.31454828284390374,0.05360557907235311,0.3922626668887943,1.0,False,False
0.22883520930470913,0.0,True,0.0,1.0,1.0,0.9500000000000002,0.125,0.442090234077481,0.05471973563410854,0.25863029310477037,1.0,True,False
0.4613096569994547,1.0,False,0.0,0.0,1.0,0.9375,0.375,0.5235052183150928,0.10300088881451547,0.19685468419636298,1.0,False,False
0.27260982568717207,0.5,False,1.0,0.0,1.0,0.875,0.25,0.858104589032823,0.4591839887358616,0.05460953655510181,1.0,False,False
0.19855763336115373,0.0,False,1.0,0.0,0.875,0.925,0.0,0.31643072008342843,0.06024298693046237,0.3686875285344742,1.0,True,False
0.11241183227452445,0.25,False,0.0,1.0,1.0,0.8875,0.125,0.4590098126416158,0.18745578417427833,0.3037012872983138,1.0,True,False
0.26481219177777016,0.0,False,0.0,0.0,1.0,0.9125000000000001,0.125,0.26339909531660116,0.03700977999860987,0.43617714639658955,1.0,True,False
0.39206401456258055,0.5,False,0.0,1.0,1.0,0.875,0.25,0.3522408006334806,0.04344208950289963,0.367376754620081,1.0,False,False
0.19075082257961895,0.0,False,0.0,0.0,1.0,1.0,0.125,0.33480784442388334,0.03772975130556715,0.3697250519934734,1.0,True,False
0.07062469980970476,0.0,False,1.0,0.0,0.25,0.25,0.125,0.4422727790303248,0.2668798205498587,0.30635634320496674,1.0,True,False
0.14219413557029703,0.0,False,0.0,1.0,0.75,0.75,0.125,0.29378389933325894,0.10746718331084773,0.4555914946751891,1.0,True,False
0.3404410356107398,0.0,False,0.0,0.0,0.875,0.875,0.0,0.31855140880230226,0.1034845555342212,0.37297736376752955,1.0,False,False
0.2854441134176109,0.25,False,1.0,0.0,0.875,0.7875000000000001,0.125,0.11103893599009138,0.05092506244171425,0.6679356872603082,1.0,True,False
0.14253229716796056,0.0,False,0.0,1.0,0.75,0.7625,0.125,0.2542919897906131,0.040132511645485786,0.513288473788996,1.0,True,False
0.41377928111365436,1.0,False,1.0,0.0,0.5,0.5,0.25,0.18552450636633733,0.02574872103542998,0.5440322373199236,1.0,False,False
0.41783506095781375,1.0,False,0.0,1.0,0.75,0.75,0.25,0.1923422265514949,0.01281779261060612,0.5297424951689358,1.0,False,False
0.36307752624711676,0.5,True,0.0,1.0,1.0,1.0,0.125,0.37015953503062643,0.008721385028317213,0.31979880348241974,1.0,False,False
0.3623938017677343,0.5,False,1.0,0.0,0.875,1.0,0.125,0.5060286585125459,0.021594034735365315,0.20568235035097615,1.0,False,False
0.6514975949853031,1.0,False,1.0,0.0,1.0,0.9125000000000001,0.375,0.2817656449278095,0.07255598073444917,0.4418841366418569,1.0,False,False
0.15206874199191067,0.0,False,1.0,0.0,1.0,1.0,0.125,0.689530750756351,0.38494467340977323,0.14122829961481242,1.0,True,False
0.2239920000991058,0.0,False,0.0,0.0,1.0,0.9750000000000001,0.125,0.15527535919481458,0.06304376604135307,0.5794163415136138,1.0,True,False
0.42622590426254237,0.0,False,0.0,1.0,1.0,0.9125000000000001,0.0,0.27655888505727816,0.021886868231664514,0.4639141453539528,1.0,False,False
0.5087319013166692,0.75,False,0.0,0.0,0.875,0.8375000000000001,0.125,0.4052276661709566,0.0556265554331827,0.30483641428513675,1.0,False,False
0.15897612689682528,0.0,False,0.0,0.0,1.0,1.0,0.125,0.47887566186820435,0.2638767999294584,0.2293595657803682,1.0,True,False
0.2993774959246073,0.0,False,0.0,0.0,0.875,0.9125000000000001,0.125,0.21839961266574245,0.04653800942313569,0.5119062393216796,1.0,True,False
0.25912501556490786,0.0,False,0.0,1.0,0.875,0.875,0.125,0.18656811176755325,0.027915036934310414,0.5424880028161976,1.0,False,False
0.4054553583101014,0.5,True,0.0,1.0,1.0,1.0,0.25,0.17666890282367637,0.048026573321153586,0.542342458719425,1.0,False,False
0.3474976584788031,0.0,False,0.0,0.0,1.0,0.9750000000000001,0.125,0.21679660946260274,0.18469476616852848,0.46730414447299307,1.0,False,False
0.1876341603567594,0.0,False,0.0,1.0,0.875,0.8625,0.125,0.3452062724928146,0.044817581096069356,0.3557235913323007,1.0,True,False
0.415818758039031,0.5,False,0.0,1.0,0.5,0.75,0.125,0.06340494009096787,0.03114122696955794,0.7325134752904998,1.0,False,False
0.3326297943954285,0.0,True,1.0,0.0,1.0,0.9750000000000001,0.125,0.0411217296393747,0.019109389495410474,0.8335296221953561,1.0,True,False
0.2118444582293666,0.0,False,0.0,0.0,1.0,0.9875,0.125,0.3492998670830251,0.2280104892967115,0.32721154933602326,1.0,True,False
0.3709898929749723,0.5,True,1.0,0.0,0.875,1.0,0.25,0.18635940051606925,0.07830912382489041,0.5947348183698762,1.0,False,False
0.36151083861523803,0.25,False,0.0,0.0,0.875,0.9625000000000001,0.125,0.14975048836823832,0.06473238056995038,0.5709871354021294,1.0,False,False
0.47557256619854604,0.75,False,0.0,1.0,0.875,0.925,0.25,0.08337746082328915,0.04428272974675964,0.6861856132449926,1.0,False,False
0.13912132738650163,0.0,False,0.0,1.0,0.75,0.7625,0.125,0.17834577542020974,0.0165042306620755,0.5439781069962355,1.0,True,False
0.07903505181335913,0.0,False,1.0,0.0,0.875,1.0,0.125,0.5560592158909299,0.17341110937773033,0.17027327959341898,1.0,True,False
0.3367480930866914,0.25,False,1.0,0.0,1.0,0.9750000000000001,0.0,0.20238510174990854,0.019946003444030552,0.5260209884917055,1.0,False,False
0.423680777586103,0.25,False,1.0,0.0,0.875,0.8375000000000001,0.125,0.28089969005195753,0.009974249297192456,0.4470604907205702,1.0,False,False
0.38770557709533604,0.0,False,0.0,1.0,1.0,1.0,0.125,0.4370228198571524,0.08030641738063936,0.3086526470831319,1.0,False,False
0.41574632176920157,0.0,False,0.0,0.0,1.0,0.9500000000000002,0.125,0.016718775443439537,0.004777896763217625,0.9087424108800612,1.0,True,False
0.3601285476950019,0.25,False,1.0,0.0,1.0,0.9625000000000001,0.125,0.2510910709586598,0.12610395924519993,0.4680496457407721,1.0,False,False
0.39575122233064663,1.0,False,1.0,0.0,0.75,0.8875,0.25,0.3284574202933224,0.06360437431357094,0.3986810522261337,1.0,False,False
0.21658126268110822,0.0,True,1.0,0.0,1.0,0.9875,0.125,0.6782314948851161,0.4551028042882967,0.14532070352776172,1.0,True,False
0.42326459268612326,0.5,False,0.0,1.0,0.0,0.0,0.25,0.23660709819735193,0.02833616485016353,0.528069819122005,1.0,False,False
0.11870435249276634,0.25,False,1.0,0.0,0.875,0.825,0.125,0.6791433138087932,0.5902527828231132,0.13648219776371984,1.0,True,False
0.367601260364658,0.25,False,0.0,1.0,1.0,1.0,0.125,0.3708678022725466,0.03912675721360631,0.3271196578075044,1.0,False,False
0.42567869131748937,0.0,False,0.0,1.0,0.875,0.9625000000000001,0.125,0.24755314066549788,0.1074870192483421,0.4840227734807492,1.0,True,False
0.44314963341156666,0.5,False,0.0,1.0,1.0,0.875,0.25,0.22837023197440062,0.05424667435609645,0.4795713571659195,1.0,False,False
0.29712992190435517,0.5,False,1.0,0.0,1.0,0.9500000000000002,0.25,0.5894076208186747,0.2872072378586616,0.15197060782622662,1.0,False,False
0.15555604159834224,0.0,False,0.0,0.0,1.0,1.0,0.125,0.4333064860884365,0.2830795370520835,0.2616055852647632,1.0,True,False
0.2743863651066005,0.25,False,0.0,1.0,1.0,1.0,0.125,0.44051822646777145,0.13642574404216737,0.2519139335625129,1.0,False,False
0.23110561590342615,0.0,False,0.0,1.0,0.875,0.925,0.125,0.18635687744050405,0.04378414253095017,0.5487934072338843,1.0,True,False
0.32433758239179855,0.0,False,0.0,0.0,1.0,1.0,0.125,0.23084953827029853,0.11416016842619597,0.4571533429370076,1.0,False,False
0.2081486433206151,0.5,False,1.0,0.0,1.0,1.0,0.125,0.6835582063179314,0.40094735280769606,0.1443639527536158,1.0,True,False
0.15174828993494538,0.0,False,1.0,0.0,1.0,0.9500000000000002,0.125,0.3988175558347152,0.34990705375866576,0.30239039191142436,1.0,True,False
0.3733976107957918,0.0,False,1.0,0.0,0.875,0.8875,0.125,0.33475514897330017,0.012443427007228234,0.40318486615865146,1.0,False,False
0.2451000824035493,0.0,False,1.0,0.0,0.875,0.8500000000000001,0.125,0.2619797934521234,0.023996523716314652,0.4875579750805452,1.0,True,False
0.39639877960853875,0.5,False,0.0,1.0,0.875,0.825,0.25,0.21164199725739094,0.031841002908046534,0.5013575190036133,1.0,False,False
0.21769067839603506,0.0,False,0.0,1.0,0.875,0.9000000000000001,0.125,0.19610160549785177,0.10877134947868772,0.4959237882492151,1.0,True,False
0.24547874464902375,0.0,False,0.0,0.0,1.0,0.9125000000000001,0.125,0.23830592094291217,0.08059616878187066,0.46800385992423865,1.0,True,False
0.3762262975745997,0.5,False,1.0,0.0,0.875,0.75,0.25,0.3534802324186749,0.18625691393195393,0.3263358441961841,1.0,False,False
0.4958328369828987,1.0,False,0.0,1.0,0.875,0.9125000000000001,0.375,0.28089118604826524,0.04800447449859098,0.4696473139787636,1.0,False,False
0.13352361620659736,0.0,False,0.0,0.0,0.875,0.875,0.125,0.43592895758411915,0.1632324217851973,0.24679115401043394,1.0,True,False
0.25999851255513073,0.0,False,1.0,0.0,0.875,0.875,0.125,0.2931632117320579,0.0942612549299256,0.4550320214371373,1.0,True,False
0.0870647645210545,0.0,False,0.0,1.0,0.875,0.875,0.125,0.5243392036294804,0.09463072808191954,0.18901229473082348,1.0,True,False
0.46097307120864583,0.75,False,0.0,1.0,0.875,0.8375000000000001,0.25,0.19289529759943258,0.00601516896032254,0.5444653768841903,1.0,False,False
0.1083625951338244,0.0,False,0.0,1.0,1.0,1.0,0.125,0.19597796735191947,0.014983517744201648,0.5350986059445566,1.0,True,False
0.3260273140576445,0.0,False,0.0,0.0,0.875,0.8375000000000001,0.125,0.22750627524443043,0.01808400421678935,0.590348229327611,1.0,False,False
0.6545416682566753,0.5,False,0.0,0.0,1.0,1.0,0.25,0.11468020938905496,0.05592396755717369,0.655695448500802,1.0,False,False
0.14253229716796056,0.0,False,0.0,1.0,0.875,0.7250000000000001,0.125,0.24185886144739313,0.043701798047843875,0.5278162076135413,1.0,True,False
0.46125360368439405,0.0,False,0.0,1.0,1.0,0.75,0.125,0.120819394039238,0.008945164361998046,0.6395896919599608,1.0,True,False
0.21923229936250388,0.0,True,1.0,0.0,1.0,0.9500000000000002,0.125,0.22955630921277534,0.06245780873722957,0.48282383487207836,1.0,True,False
0.3914834999159701,1.0,False,1.0,0.0,1.0,0.9625000000000001,0.125,0.13149424106640875,0.049220032473832324,0.6021951835669155,1.0,False,False
0.2688367570481631,0.0,False,0.0,1.0,0.875,0.9375,0.125,0.46585954039515365,0.09166810670435929,0.2751178704272166,1.0,True,False
0.25859884600537375,0.0,False,0.0,1.0,1.0,0.75,0.125,0.20767567643300291,0.01664057958859122,0.5098199658911231,1.0,True,False
0.22313604194574843,0.0,True,1.0,0.0,1.0,1.0,0.25,0.3609001773658066,0.06597004022530775,0.3339013690969106,1.0,True,False
0.4478668212853233,0.5,False,0.0,1.0,0.25,0.25,0.25,0.2428094895822378,0.03609627872798147,0.4780861500583631,1.0,False,False
0.4272474023790801,0.5,True,0.0,0.0,0.875,0.9625000000000001,0.125,0.0318054318177962,0.027494515093455015,0.8385975145581481,1.0,False,False
0.39321937742805646,0.0,False,0.0,1.0,1.0,0.9125000000000001,0.125,0.1975802435083958,0.02003290851498153,0.5393242308076238,1.0,False,False
0.32983018597443314,0.0,False,0.0,1.0,1.0,0.5,0.0,0.23983130852386617,0.045361053568520514,0.5357131745905364,1.0,False,False
0.34589393600387897,0.0,False,1.0,0.0,0.75,0.7625,0.125,0.4374591366408522,0.05442611827026856,0.30941756764793116,1.0,False,False
0.1935604594262752,0.0,False,0.0,1.0,0.875,0.825,0.125,0.11727956791963151,0.07667369612979104,0.6415726317036836,1.0,True,False
0.23455826676495228,0.0,False,1.0,0.0,0.5,0.6625000000000001,0.125,0.29770445740977797,0.07677722127351548,0.38890255946831465,1.0,True,False
0.28285854363842466,0.0,False,0.0,0.0,1.0,1.0,0.125,0.2728830308907146,0.07162789592474783,0.4245932291499712,1.0,False,False
0.18365974150551534,0.0,False,0.0,0.0,0.75,0.8625,0.125,0.29434226948638653,0.04374835846917942,0.3673007625630442,1.0,True,False
0.3851415244207145,0.5,False,0.0,1.0,0.75,0.9125000000000001,0.25,0.19246796913414016,0.10157044857262942,0.5000356657618914,1.0,False,False
0.19279859605348382,0.0,False,1.0,0.0,0.875,0.9125000000000001,0.125,0.07239723205507445,0.016329025258601942,0.7629509287820704,1.0,True,False
0.13669402701256517,0.0,False,0.0,0.0,0.875,0.925,0.125,0.5291295532228332,0.03809551788113403,0.19176986521625383,1.0,True,False
0.23912507738431443,0.0,False,0.0,1.0,0.875,0.75,0.125,0.5476629343435406,0.03532301345650356,0.1754628460475154,1.0,True,False
0.28054544643909585,0.0,False,0.0,1.0,0.875,0.5,0.0,0.44652442704618495,0.01046465013444098,0.2666424208291007,1.0,False,False
0.4057622006931453,0.5,False,0.0,1.0,0.75,0.8625,0.125,0.09018099458413299,0.027920759771790062,0.6784615865920807,1.0,False,False
0.3397752827221884,0.0,False,0.0,1.0,0.75,0.75,0.0,0.20514648277079825,0.027439165525026527,0.5300915962153949,1.0,False,False
0.19406655718505061,0.5,False,0.0,0.0,1.0,1.0,0.125,0.43590956134731285,0.05687475810401267,0.3101845923959077,1.0,True,False
0.3782962419140491,0.5,False,1.0,0.0,1.0,0.9500000000000002,0.25,0.4056827697288737,0.01848236526832147,0.3065244647659848,1.0,False,False
0.24792054755360438,0.0,False,0.0,1.0,1.0,1.0,0.125,0.19479296360863324,0.08464462912765741,0.588865222674199,1.0,True,False
0.22987081477479465,0.0,False,0.0,0.0,1.0,1.0,0.125,0.20915706651603705,0.094370164361978,0.48342760006399654,1.0,True,False
0.2770974130574285,0.0,False,0.0,0.0,1.0,1.0,0.125,0.2582827089196867,0.04364318397081469,0.5101135226434734,1.0,True,False
0.39639877960853875,1.0,False,0.0,1.0,1.0,0.75,0.25,0.3413756039140971,0.0392307409088475,0.36062561394207515,1.0,False,False
0.16413537063823236,0.0,False,0.0,0.0,1.0,1.0,0.125,0.3131909164849606,0.03220336098249434,0.37284066274438965,1.0,True,False
0.1697294568213059,0.0,True,0.0,0.0,1.0,0.9875,0.125,0.4615450035354453,0.12057447494670719,0.2474856490944548,1.0,True,False
0.33389833422413695,0.0,True,1.0,0.0,1.0,0.9375,0.125,0.1834595181428123,0.07832875036161584,0.5417750826050007,1.0,False,False
0.25487131554953746,0.25,False,0.0,0.0,1.0,0.75,0.0,0.18518087557835688,0.028371008802299456,0.5462343469085427,1.0,False,False
0.07363878386911371,0.0,False,1.0,0.0,0.875,0.8375000000000001,0.125,0.39375751140810855,0.049564509820599734,0.3266884891179296,1.0,True,False
0.29642167662952257,0.0,False,0.0,1.0,1.0,1.0,0.0,0.28069831949313123,0.0464498823454584,0.4696652517554296,1.0,True,False
0.3877904107176021,0.5,False,0.0,0.0,1.0,1.0,0.125,0.2829514645348462,0.05749009707266446,0.39032705503253884,1.0,False,False
0.1647325956691652,0.0,False,0.0,1.0,0.875,0.8,0.125,0.38099642388554267,0.03708060358509534,0.3260569380452105,1.0,True,False
0.42608925914471796,0.0,False,1.0,0.0,0.875,0.75,0.125,0.1401744309825086,0.013259086984410478,0.6894420311186904,1.0,False,False
0.14253229716796056,0.0,False,0.0,1.0,0.75,0.7375,0.125,0.3078148379101595,0.054889149400253905,0.4213020928603941,1.0,True,False
0.22313604194574843,0.0,False,0.0,0.0,0.75,0.8500000000000001,0.125,0.12673108779214484,0.057886513401764025,0.624518996708201,1.0,True,False
0.3138466793870843,0.5,False,0.0,0.0,1.0,1.0,0.125,0.36547779480013975,0.08069450794585546,0.34457688256575203,1.0,False,False
0.2239920000991058,0.0,False,1.0,0.0,1.0,0.9625000000000001,0.125,0.29125338516946636,0.11106650815923926,0.37422881909331984,1.0,True,False
0.29698849880982003,0.25,True,0.0,1.0,1.0,0.9375,0.125,0.08273326179974937,0.02050666195665264,0.7275258498323329,1.0,True,False
0.22966417662094474,0.0,False,0.0,0.0,1.0,0.925,0.125,0.3875073473289322,0.03664139885422827,0.322750449986825,1.0,True,False
0.48973144818507286,0.5,False,0.0,1.0,0.625,0.6625000000000001,0.125,0.12980623641815398,0.04608845575666723,0.6212359772188041,1.0,False,False
0.21023700219550734,0.0,False,1.0,0.0,1.0,1.0,0.25,0.3373006774993807,0.07018336889073727,0.34577687553444725,1.0,True,False
0.06807325516926865,0.0,False,0.0,0.0,1.0,1.0,0.125,0.8169634041004376,0.8841083742028487,0.06554851506232406,1.0,True,False
0.2550506038158944,0.0,False,0.0,1.0,1.0,0.925,0.125,0.3599868584668617,0.024743171352290854,0.31991141995222794,1.0,True,False
0.4667187303729686,1.0,False,0.0,1.0,0.75,0.75,0.375,0.3737780051287057,0.08259585190364119,0.3292322108780872,1.0,False,False
0.24566777319209177,0.0,True,0.0,0.0,1.0,1.0,0.125,0.22033215405610548,0.052291095991574936,0.49015176863920606,1.0,True,False
0.2118444582293666,0.0,False,1.0,0.0,0.875,0.9000000000000001,0.125,0.33387390366040376,0.16650447378456235,0.33580415582592016,1.0,True,False
0.17738731210750946,0.0,False,0.0,1.0,0.75,0.8125,0.125,0.402483762169429,0.023523715477369592,0.34936041067842627,1.0,True,False
0.3423138833685727,0.0,False,0.0,1.0,0.625,0.75,0.0,0.2398324019586665,0.04536286897717986,0.5357090115850509,1.0,False,False
0.35479582214730054,0.25,False,0.0,1.0,0.625,0.5625,0.0,0.25755594198820214,0.03669422789737904,0.5027311545269804,1.0,False,False
0.19431906581166813,0.0,True,0.0,0.0,1.0,0.9750000000000001,0.125,0.3079531048120133,0.17003590863658713,0.37320651539840366,1.0,True,False
0.3736733338281718,0.5,False,0.0,1.0,0.5,0.5,0.125,0.3849674225526328,0.058829219436049324,0.3201914841844897,1.0,False,False
0.31371797537952617,0.0,False,0.0,1.0,1.0,1.0,0.0,0.2018380878992299,0.01971410920908126,0.53646982471099,1.0,False,False
0.16856632059829957,0.0,False,0.0,0.0,1.0,1.0,0.125,0.2716095355917813,0.23574817123861183,0.4165116180816859,1.0,True,False
0.3734895660834897,0.0,False,0.0,0.0,1.0,1.0,0.125,0.14040345337983132,0.069259244654031,0.5966550268203126,1.0,False,False
0.35284438407636187,0.0,False,0.0,0.0,0.875,0.875,0.125,0.40828651922063863,0.13200825110447612,0.3212687697181198,1.0,False,False
0.4791055702992998,1.0,False,0.0,1.0,1.0,1.0,0.375,0.376390230757866,0.08571274766956534,0.326467841910449,1.0,False,False
0.3380998901827291,0.25,False,0.0,1.0,0.5,0.625,0.125,0.15743117976865123,0.06866019944678549,0.5590263546770367,1.0,False,False
0.15206874199191067,0.0,False,1.0,0.0,1.0,1.0,0.125,0.6303586489615272,0.41290799168383097,0.1765514716312444,1.0,True,False
0.2719593761040271,0.0,True,0.0,0.0,1.0,0.9375,0.0,0.22958760620308644,0.07207777865937111,0.49879176200805486,1.0,True,False
0.4686112682950666,0.5,False,1.0,0.0,0.75,0.7750000000000001,0.0,0.06125639018284238,0.019384920224271285,0.7872805445495055,1.0,False,False
0.0870647645210545,0.0,False,1.0,0.0,0.875,0.875,0.125,0.8780263219414544,0.4552304059454787,0.046185331016397546,1.0,True,False
0.25964962956097737,0.0,False,0.0,0.0,1.0,0.9375,0.125,0.2368276510642036,0.04300843648595214,0.5838409695705018,1.0,True,False
0.35346294920397836,0.5,False,0.0,0.0,0.875,0.9125000000000001,0.125,0.34287919419039503,0.06919341260619136,0.3630680510514437,1.0,False,False
0.2451000824035493,0.0,False,0.0,1.0,0.75,0.75,0.125,0.12934525333853553,0.013404895694092832,0.6208888681960074,1.0,True,False
0.3325140216513377,0.25,False,0.0,1.0,0.875,0.9000000000000001,0.0,0.2538924689155255,0.029621031499843922,0.5119480240293812,1.0,False,False
0.20485043200541464,0.0,False,0.0,0.0,1.0,1.0,0.125,0.5685905314876051,0.08489448544006824,0.23071710524237266,1.0,True,False
0.41480194957242655,1.0,False,1.0,0.0,0.875,0.9500000000000002,0.25,0.14593087101484767,0.027671363484017966,0.5744476597933632,1.0,False,False
0.1411757669663588,0.0,False,0.0,0.0,0.5,0.6125,0.125,0.3294769555573795,0.04564394286721045,0.3852660685791549,1.0,True,False
0.3628824450656146,0.5,False,0.0,0.0,0.875,1.0,0.25,0.4307894084445774,0.24213445876494816,0.26216236205467536,1.0,False,False
0.15206874199191067,0.0,False,1.0,0.0,1.0,0.9375,0.125,0.45109761581186253,0.05359841361701899,0.2804416820172422,1.0,True,False
0.41421828947650596,0.0,False,0.0,0.0,1.0,0.9750000000000001,0.125,0.3044135294549411,0.1698722538942435,0.3651157813595991,1.0,False,False
0.29356008484014373,0.0,True,0.0,1.0,1.0,0.9750000000000001,0.0,0.2608257820650263,0.04600119961935628,0.48374967974052274,1.0,False,False
0.2634501275135426,0.5,False,1.0,0.0,1.0,0.9375,0.125,0.26509878884538624,0.07798443769222757,0.4165560903466181,1.0,True,False
0.3051454065277114,0.5,True,0.0,0.0,1.0,0.9875,0.125,0.21151038656132937,0.05665427876491852,0.5346102034261224,1.0,True,False
0.43740812472783885,0.75,False,0.0,1.0,1.0,0.625,0.25,0.29932897592591884,0.013235755541883559,0.3618205772542227,1.0,False,False
0.19507444293858867,0.0,False,1.0,0.0,0.5,1.0,0.125,0.42948297656757634,0.19292041681763214,0.2616827324439366,1.0,True,False
0.20768120691436276,0.0,True,1.0,0.0,1.0,0.9875,0.125,0.33362022185357953,0.17224519071523253,0.3363870350302893,1.0,True,False
0.37477196164219906,0.5,False,0.0,0.0,0.875,0.9375,0.125,0.21863672203096543,0.04847445040451235,0.4887245382693275,1.0,False,False
0.1878959831851006,0.25,False,0.0,1.0,0.875,0.9000000000000001,0.125,0.141709146593873,0.03705949083045496,0.5969023358741075,1.0,True,False
0.16050918442021356,0.0,False,0.0,0.0,1.0,1.0,0.125,0.25927933799985564,0.19248192159180616,0.4178357317465382,1.0,True,False
0.15835917607605532,0.0,False,1.0,0.0,1.0,1.0,0.125,0.4419686073742651,0.05221413017114946,0.26159214642814166,1.0,True,False
0.44555452819224073,0.75,False,1.0,0.0,1.0,1.0,0.25,0.1437799899564847,0.015251534975516673,0.5789226551653919,1.0,False,False
0.37703915378164654,0.5,False,0.0,1.0,0.875,0.825,0.125,0.18179925629479549,0.023966917733055194,0.5579844217021337,1.0,False,False
0.3622959114322287,0.5,True,1.0,0.0,1.0,1.0,0.25,0.3499078537701677,0.21723649382915095,0.3280123884230335,1.0,False,False
0.30662557203613117,0.0,False,0.0,0.0,1.0,1.0,0.125,0.36498048048890736,0.04658876772777898,0.3403377613746674,1.0,True,False
0.30595429969375776,0.0,True,1.0,0.0,0.875,0.9000000000000001,0.125,0.1518325804940699,0.033213635989921164,0.5773693478405262,1.0,True,False
0.21115733074156973,0.0,False,1.0,0.0,1.0,1.0,0.125,0.3486876749751873,0.04711908049782451,0.33108158933359544,1.0,False,False
0.5100568848881383,0.5,True,0.0,0.0,1.0,0.9375,0.375,0.34666362807567014,0.05247159606352839,0.3549197653105729,1.0,False,False
0.29384832955464446,0.0,True,1.0,0.0,1.0,0.9625000000000001,0.125,0.21792476803744681,0.050703816169060806,0.5119875852366771,1.0,True,False
0.8050731688009635,0.25,True,0.0,1.0,1.0,0.9875,0.25,0.018915676777205362,0.012436887870243985,0.8709430831635969,1.0,True,False
0.3394414672750782,0.0,False,0.0,1.0,1.0,0.9750000000000001,0.125,0.1414638173771179,0.021917859813029107,0.6024153901094094,1.0,True,False
0.12138868484715493,0.0,False,0.0,0.0,0.875,0.825,0.125,0.977096669267738,0.6131856650716736,0.008308483344154682,1.0,True,False
0.26447265459765357,0.0,False,0.0,1.0,0.875,0.8500000000000001,0.125,0.06425246350457321,0.03007230804618038,0.8242235096726542,1.0,True,False
0.35753251426047294,0.0,False,0.0,0.0,0.875,1.0,0.125,0.4182537645416774,0.19449331517917998,0.27098262994509437,1.0,False,False
0.19126498563031902,0.25,False,0.0,1.0,0.875,0.9375,0.125,0.22216319473901863,0.03013881002276265,0.5636184347033579,1.0,True,False
0.1514272581382603,0.0,False,0.0,0.0,1.0,1.0,0.125,0.46572514314133623,0.41683972523759266,0.23876693015928718,1.0,True,False
0.22010724953117922,0.0,False,1.0,0.0,0.875,0.8875,0.125,0.4203010945260055,0.18586085402694455,0.2688800048432114,1.0,True,False
0.23695560814284378,0.25,False,0.0,1.0,0.0,0.0,0.0,0.3163771307408291,0.0432519760945092,0.34786530764975554,1.0,False,False
0.21069776311509292,0.0,False,1.0,0.0,1.0,0.75,0.125,0.28558296856581983,0.007753010790560162,0.4494465188069685,1.0,True,False
0.13352361620659736,0.0,False,1.0,0.0,1.0,1.0,0.125,0.409287671443261,0.23939666422820802,0.3147018389812768,1.0,True,False
0.16532781743217495,0.0,False,0.0,0.0,1.0,0.9500000000000002,0.125,0.3741419111301608,0.10874868701539621,0.3538241100487505,1.0,True,False
0.30214751313210064,0.0,False,1.0,0.0,1.0,1.0,0.125,0.43371063885207434,0.020400094937695148,0.31808268851634414,1.0,True,False
0.14851153312476129,0.25,False,0.0,1.0,0.75,1.0,0.125,0.21621750319684854,0.03802472270423705,0.49805382097877904,1.0,True,False
0.5587567788577313,1.0,False,0.0,1.0,1.0,0.925,0.375,0.20928563216395316,0.03405533412376561,0.5008472675783464,1.0,False,False
0.2179117316381719,0.25,False,0.0,1.0,1.0,0.925,0.125,0.20227333069553824,0.10455359141409046,0.4867521916831996,1.0,True,False
0.1533447944555858,0.0,False,0.0,1.0,0.875,0.8125,0.125,0.250042924191305,0.05324625883773541,0.5380117217053249,1.0,True,False
0.15866791960860183,0.5,False,0.0,1.0,0.75,0.6625000000000001,0.125,0.4834152984658273,0.1008327149947066,0.2858459126626991,1.0,True,False
0.3297125716114121,0.0,False,0.0,0.0,0.75,0.8125,0.125,0.43207460018199007,0.07231723689542063,0.31178545999630813,1.0,False,False
0.42745099826132626,0.5,True,0.0,1.0,0.75,1.0,0.125,0.04871659579481938,0.037225594013016984,0.7620985872455632,1.0,False,False
0.1552418311750694,0.0,False,0.0,1.0,0.75,0.7625,0.125,0.24263657739704747,0.04554386468646678,0.5616205388570743,1.0,True,False
0.5140984041011033,0.5,False,0.0,1.0,0.875,0.875,0.25,0.08020822813221547,0.013851990296756694,0.7062145874182275,1.0,False,False
0.351808626339993,1.0,False,0.0,1.0,1.0,1.0,0.25,0.3540213149409466,0.03396878789259993,0.36297255695368036,1.0,False,False
0.2743863651066005,0.0,True,1.0,0.0,0.75,0.8,0.125,0.3709017902741011,0.12059073103543243,0.35848861377436414,1.0,True,False
0.13912132738650163,0.0,True,0.0,1.0,1.0,0.925,0.125,0.43757449001254123,0.05598977844197432,0.2816641362857062,1.0,True,False
0.2343570186517372,0.0,False,0.0,0.0,1.0,1.0,0.125,0.5844117369162417,0.6251621929451731,0.16642779249803263,1.0,True,False
0.2235645371255457,0.5,False,0.0,1.0,0.75,0.875,0.125,0.6848009002312714,0.3639493827101334,0.14443660338853181,1.0,True,False
0.5036400814064411,1.0,False,0.0,1.0,1.0,1.0,0.375,0.4114261838326252,0.029109620056124705,0.30036239342027216,1.0,False,False
0.2451000824035493,0.0,False,0.0,0.0,1.0,1.0,0.125,0.15217176528658216,0.027164157096708653,0.5671255265209472,1.0,True,False
0.14253229716796056,0.0,False,0.0,1.0,0.75,0.75,0.125,0.30213859858338815,0.03423176740209353,0.4104513930845808,1.0,True,False
0.1910080903280098,0.0,True,1.0,0.0,1.0,0.9750000000000001,0.125,0.3322338182089776,0.041702336678710664,0.3777853117256702,1.0,True,False
0.26276515465118755,0.0,True,1.0,0.0,1.0,0.9875,0.125,0.06568294893404163,0.03864680023447696,0.7375214174686544,1.0,True,False
0.3655942564375413,0.5,False,0.0,1.0,1.0,1.0,0.125,0.35080989702396875,0.02560540975113912,0.3675909121482577,1.0,False,False
0.25361119986513825,0.0,True,1.0,0.0,1.0,0.9750000000000001,0.125,0.13411852725977813,0.019810381042298503,0.615234557628741,1.0,True,False
0.33481524590754275,0.0,True,1.0,0.0,1.0,0.9875,0.125,0.3307444163415107,0.06496382464954849,0.3340662475799465,1.0,False,False
0.29727123237862674,0.0,False,0.0,0.0,1.0,0.9625000000000001,0.125,0.28763228289374393,0.11404083078469998,0.37736265389058277,1.0,False,False
0.3746806686684955,0.5,False,0.0,0.0,0.875,0.925,0.125,0.25368235689003765,0.14288631716050712,0.45816291125221276,1.0,False,False
0.31602048495499047,0.0,False,0.0,0.0,0.625,0.7875000000000001,0.125,0.18163427881327746,0.010871620512032344,0.510778237903982,1.0,False,False
0.4011815707069014,0.5,False,0.0,1.0,1.0,1.0,0.125,0.17688441660759463,0.05603991455476486,0.5972082439926745,1.0,False,False
0.19431906581166813,0.5,False,0.0,1.0,0.75,0.7875000000000001,0.125,0.30762704047882933,0.04843781638414244,0.4140977130613759,1.0,True,False
0.32983018597443314,0.0,False,0.0,1.0,0.75,1.0,0.0,0.23983152182958004,0.04536097501465425,0.5357126528424554,1.0,False,False
0.3051454065277114,0.0,False,0.0,0.0,1.0,0.9750000000000001,0.125,0.29702575493987854,0.14391225391893886,0.41058551057581827,1.0,True,False
0.40133879808483675,0.75,False,0.0,0.0,1.0,1.0,0.125,0.18453286432468263,0.03015475359528796,0.7111829023562413,1.0,False,False
0.3304170913024208,0.25,False,1.0,0.0,0.875,1.0,0.25,0.4801535803898058,0.42425347489079224,0.25354759699738505,1.0,False,False
0.5128033656789818,0.5,False,0.0,0.0,0.5,0.875,0.125,0.08686835886705523,0.024290843544388194,0.6779806547569667,1.0,False,False
0.1768312588239036,0.25,False,1.0,0.0,0.875,0.8375000000000001,0.125,0.24413326803810786,0.03675981280878728,0.5486736199296607,1.0,True,False
0.21501633507485973,0.0,False,1.0,0.0,1.0,0.9375,0.125,0.4781198832978307,0.12342743927563952,0.23276178009232962,1.0,False,True
0.270487088158605,0.0,False,0.0,1.0,0.75,0.5875,0.125,0.24358558646393208,0.02790666464334792,0.47999687233283583,1.0,False,False
0.39098439991518685,1.0,False,0.0,1.0,0.75,0.75,0.25,0.2870925826737528,0.023435516643784387,0.4462603887029377,1.0,False,False
0.38262721781504616,0.5,False,1.0,0.0,0.875,0.9000000000000001,0.125,0.31304877934714276,0.06616711371826572,0.35107744723052114,1.0,False,False
0.5206763268040039,0.75,True,1.0,0.0,0.875,0.9125000000000001,0.25,0.23293154532410368,0.03778498414197939,0.5934179629714094,1.0,False,False
0.20532537490782832,0.0,True,0.0,1.0,1.0,0.9000000000000001,0.125,0.26414376440195914,0.20419518198538186,0.42532163908584475,1.0,True,False
0.37070996541347856,0.25,True,0.0,1.0,0.875,0.8625,0.125,0.34966747575616275,0.026694419175669195,0.3699705762370189,1.0,False,False
0.14320669321579982,0.0,False,1.0,0.0,1.0,1.0,0.125,0.5104125755428904,0.08112853597911077,0.266306538414669,1.0,True,False
0.4409004253518728,1.0,False,0.0,1.0,0.875,0.8,0.125,0.10475495554433452,0.062423946740218575,0.6673548026436533,1.0,False,False
0.22569162861852088,0.0,True,0.0,1.0,1.0,0.9500000000000002,0.125,0.8189051336626388,0.5372143750104944,0.07289628867524844,1.0,True,False
0.2010044204517747,0.25,False,1.0,0.0,0.875,0.9000000000000001,0.125,0.43600351375744967,0.07051083979757275,0.248148309249967,1.0,False,False
0.4398283072811612,0.75,False,0.0,1.0,1.0,0.925,0.25,0.26173631376880147,0.05034346873275969,0.48886078669416255,1.0,False,False
0.2227065095626536,0.0,False,0.0,1.0,0.75,0.7000000000000001,0.125,0.2307047922525727,0.0448266049226798,0.4906766653309218,1.0,False,False
0.15866791960860183,0.0,False,0.0,0.0,0.875,0.9125000000000001,0.125,0.32999371912545744,0.04286088693966475,0.38529621422384697,1.0,True,False
0.14851153312476129,0.0,False,1.0,0.0,1.0,0.9625000000000001,0.125,0.390768948947346,0.11905523827119484,0.3179293690731815,1.0,True,False
0.3596322511930946,0.0,False,0.0,1.0,0.875,0.8625,0.125,0.18417818960454652,0.07128238175575558,0.6600141205501617,1.0,False,False
0.34033025010585416,0.0,False,0.0,1.0,0.875,0.7125,0.0,0.2860192093372228,0.025725673841633705,0.4400970011260632,1.0,False,False
0.21069776311509292,0.0,True,1.0,0.0,1.0,0.9625000000000001,0.125,0.1532374014570286,0.022667219986057596,0.5597031741814928,1.0,True,False
0.32722448951913174,0.5,False,1.0,0.0,0.75,1.0,0.0,0.08222097182408715,0.0245843037237005,0.8004965661750894,1.0,False,False
0.3495084526417568,0.5,False,0.0,1.0,1.0,0.8375000000000001,0.0,0.2696179541353367,0.051216504298817425,0.4361189511350687,1.0,False,False
0.4885336657355722,0.5,False,0.0,1.0,1.0,0.9875,0.125,0.1732363175517222,0.04075937669729312,0.5879716572534885,1.0,False,False
0.4128243539539712,0.25,False,0.0,0.0,0.75,0.8125,0.0,0.2764322081050518,0.024373222408319233,0.465052060791211,1.0,False,False
0.2116157112398308,0.0,False,0.0,1.0,0.625,0.5,0.125,0.6794613664664203,0.36587599449833047,0.14756561845392957,1.0,True,False
0.46142171053903935,0.5,False,0.0,1.0,0.875,1.0,0.125,0.149845034321346,0.013014970817767148,0.6476815411528758,1.0,False,False
0.10125946535180486,0.0,False,0.0,1.0,0.875,0.825,0.125,0.4932729811383487,0.16583892192195315,0.2926383440872964,1.0,True,False
0.3780276145630673,0.0,False,0.0,1.0,0.875,0.8,0.125,0.1451019482018877,0.03800354086703737,0.6145482772939936,1.0,False,False
0.39023310792752486,0.25,True,1.0,0.0,1.0,0.9625000000000001,0.125,0.12747337717292062,0.01536611507562789,0.6305857699544326,1.0,True,False
0.2237783973272004,0.0,False,0.0,0.0,0.875,0.9375,0.125,0.27986382867966153,0.23039315180662073,0.39861203487541585,1.0,True,False
0.1331678261903072,0.0,True,0.0,1.0,1.0,1.0,0.125,0.5724265416459952,0.5772770951140688,0.1710873778319637,1.0,True,False
0.4292057790277314,0.5,False,0.0,1.0,0.5,0.5625,0.25,0.24286250134580925,0.05196494345466464,0.523936065781943,1.0,False,False
0.4958328369828987,1.0,True,0.0,1.0,1.0,0.9875,0.25,0.1745283118626605,0.06690395975689059,0.5199674548214308,1.0,False,False
0.27260982568717207,0.0,False,1.0,0.0,1.0,1.0,0.125,0.21098974862889402,0.08088773953862616,0.6561874643376542,1.0,True,False
0.6191953253742885,1.0,True,0.0,1.0,1.0,1.0,0.375,0.11068652240650856,0.03074506903239865,0.6694157487492016,1.0,False,False
0.5007019765387307,0.5,True,1.0,0.0,1.0,1.0,0.25,0.4894365057644633,0.10372157386134441,0.28138124872456993,1.0,False,False
0.3525342910471897,0.0,False,0.0,1.0,0.875,0.8125,0.125,0.10166792348399209,0.022774467698775894,0.6564852762184343,1.0,False,False
0.4592238006066457,1.0,False,0.0,0.0,0.875,0.8500000000000001,0.125,0.22797000958169647,0.0304193071428913,0.6004825643498397,1.0,False,False
0.49848875299872775,1.0,False,0.0,0.0,1.0,0.8375000000000001,0.25,0.02948286101368804,0.030118052107577477,0.8433255462628191,1.0,False,False
0.36327239320100924,1.0,False,1.0,0.0,0.75,0.8375000000000001,0.25,0.9985169302122464,0.5803567037737484,0.00048072090291140235,1.0,False,False
0.4528149588716198,0.5,False,0.0,0.0,0.75,0.7000000000000001,0.25,0.33326111122367785,0.10693499040120628,0.35552812745368123,1.0,False,False
0.24049196569802778,0.0,True,1.0,0.0,1.0,0.9500000000000002,0.125,0.2161725083259736,0.10463083991048808,0.4791941423724777,1.0,True,False
0.3821900930193708,0.75,False,1.0,0.0,1.0,1.0,0.25,0.44898377936560385,0.07998190107928643,0.2848986382889771,1.0,False,False
0.34165513299320593,0.25,False,1.0,0.0,0.875,0.925,0.125,0.2075204210295918,0.04691919944106631,0.5329729893998618,1.0,False,False
0.25576595090664944,0.0,False,0.0,1.0,0.75,0.75,0.125,0.2143773896302889,0.025521752540583666,0.7365825529061651,1.0,True,False
0.2993774959246073,0.0,False,0.0,1.0,0.875,0.8500000000000001,0.0,0.20331065841973217,0.020361264993345958,0.536942674620247,1.0,False,False
0.19557624719088196,0.25,False,0.0,1.0,0.75,0.75,0.125,0.4655374317500154,0.12061399223747678,0.24990924277687498,1.0,True,False
0.19152150956336766,0.0,False,0.0,1.0,0.875,0.8625,0.125,0.2123604134517426,0.03763785012721517,0.5220868768223139,1.0,True,False
0.4348894472647621,0.75,True,0.0,1.0,1.0,1.0,0.25,0.790542574304218,0.4903994957066469,0.0872436362411757,1.0,False,False
0.3268661841772992,0.0,False,1.0,0.0,1.0,0.9125000000000001,0.125,0.12011826919500153,0.06149955021000186,0.6449885917457583,1.0,True,False
0.15174828993494538,0.0,False,0.0,1.0,1.0,1.0,0.125,0.2997624648233684,0.1100964132606106,0.44515945236346255,1.0,True,False
0.30214751313210064,0.0,True,0.0,0.0,1.0,0.9750000000000001,0.125,0.173522078654724,0.03605032692005027,0.6012866628952946,1.0,True,False
0.15174828993494538,0.0,True,0.0,0.0,1.0,0.9625000000000001,0.125,0.5499057740591944,0.4076567026091927,0.17540939063350125,1.0,True,False
0.16856632059829957,0.0,False,1.0,0.0,1.0,1.0,0.125,0.5778901029234753,0.27317425974077253,0.15824234050340702,1.0,True,False
0.26259349750500316,0.0,False,1.0,0.0,1.0,1.0,0.125,0.36479347846595134,0.07557387176209551,0.35636305375193533,1.0,False,False
0.13912132738650163,0.5,False,0.0,0.0,0.875,0.825,0.125,0.6252188162482656,0.7118057232474995,0.14551817369632047,1.0,False,True
0.15711880197023254,0.25,False,0.0,1.0,0.625,0.7000000000000001,0.125,0.2969938830597587,0.03305664128713021,0.4176313094475199,1.0,True,False
0.22484384923597567,0.0,False,0.0,1.0,0.875,0.875,0.125,0.23469090116099312,0.04703804750210388,0.5401983346616925,1.0,True,False
0.1623315399495997,0.0,True,1.0,0.0,1.0,0.9500000000000002,0.125,0.4027785017043253,0.019561761143284985,0.28477243261495166,1.0,True,False
0.3543867726813287,0.0,False,0.0,1.0,0.75,0.75,0.0,0.2844496225633411,0.03966716405839216,0.4420965355771287,1.0,False,False
0.20627146412145259,0.0,False,0.0,1.0,1.0,0.9750000000000001,0.125,0.45494470226751743,0.255025692862391,0.2531094385312169,1.0,True,False
0.2017319257813619,0.0,False,0.0,1.0,0.875,0.8375000000000001,0.125,0.24406646266709023,0.057357098188895374,0.5191174115311232,1.0,True,False
0.30297015610439615,0.0,False,0.0,1.0,1.0,0.9375,0.125,0.23295498423098673,0.05802891454342126,0.5584530892994723,1.0,True,False
0.3107317225520799,0.0,True,0.0,0.0,1.0,0.9750000000000001,0.125,0.41644465553069937,0.029623833327991064,0.30364484660682356,1.0,False,False
0.4909686244013677,1.0,False,0.0,1.0,0.875,0.9500000000000002,0.25,0.3367254119631164,0.058427161602419675,0.3927626958833066,1.0,False,False
0.220977906775482,0.0,False,1.0,0.0,1.0,1.0,0.125,0.1684525353435671,0.03319433235937686,0.5338518036889603,1.0,True,False
0.3895626119953187,0.5,False,0.0,1.0,0.875,0.7875000000000001,0.125,0.08919116121317477,0.046899704842199234,0.6916441771810571,1.0,False,False
0.16885782018472062,0.0,False,0.0,0.0,1.0,1.0,0.125,0.43922143558605403,0.008622297741214867,0.27322131814466655,1.0,True,False
0.2014897552530831,0.0,False,0.0,0.0,1.0,0.9375,0.125,0.29503656779517073,0.022890383350704036,0.395710917029926,1.0,True,False
0.18472832059975486,0.0,False,1.0,0.0,1.0,0.9375,0.125,0.29292296587137095,0.10782930182752895,0.3723001867112292,1.0,True,False
0.22076064262299389,0.0,False,0.0,0.0,1.0,0.9750000000000001,0.125,0.28604547681880216,0.01668139512955902,0.39133221799347306,1.0,True,False
0.24242657760571618,0.5,False,0.0,0.0,0.875,0.9000000000000001,0.125,0.473993962191235,0.26736411453899084,0.23254425501394094,1.0,True,False
0.14521463827643755,0.0,True,0.0,0.0,0.875,0.9500000000000002,0.125,0.5597203363254281,0.46687725979834677,0.17070655434329773,1.0,True,False
0.4091781048809616,1.0,True,0.0,1.0,1.0,0.9750000000000001,0.25,0.13469617860820152,0.025216655142732313,0.6281141311392817,1.0,False,False
0.15492706339564766,0.0,False,1.0,0.0,1.0,0.9375,0.25,0.467581258783059,0.08848514171900729,0.23208800551671604,1.0,True,False
0.33389833422413695,0.0,False,0.0,1.0,0.75,0.5,0.125,0.2543620348264081,0.042049832083814805,0.46337960429478087,1.0,False,False
0.15174828993494538,0.0,True,1.0,0.0,1.0,0.9875,0.125,0.49057132461298275,0.5173588846010228,0.2340557739357314,1.0,True,False
0.10505533384932164,0.0,True,1.0,0.0,1.0,0.9750000000000001,0.125,0.3513519476910632,0.24034772967908377,0.3310501318728083,1.0,True,False
0.35773356308094006,0.5,False,0.0,1.0,0.875,0.7875000000000001,0.125,0.23281135897485566,0.020690335781823624,0.4949291851351245,1.0,False,False
0.1776646867011754,0.25,False,0.0,1.0,0.875,0.8375000000000001,0.125,0.293504132272239,0.09342833912949483,0.45428245579887294,1.0,True,False
0.23814224178568866,0.0,False,0.0,0.0,1.0,1.0,0.125,0.34926423123847156,0.1627560725437369,0.3438834912473012,1.0,False,False
0.3138466793870843,0.0,False,1.0,0.0,1.0,1.0,0.125,0.21366938630709384,0.08603519741142346,0.6462974193807591,1.0,True,False
0.12365765771466408,0.0,False,0.0,0.0,0.875,0.9375,0.125,0.5520185283247581,0.17879279448469138,0.251093074100188,1.0,True,False
0.19431906581166813,0.5,False,0.0,1.0,0.875,0.8,0.125,0.26345970893833515,0.10080882819836617,0.5211347642241715,1.0,True,False
0.17203310413582473,0.0,False,0.0,1.0,0.875,0.8875,0.125,0.41706340056169827,0.03635230864414314,0.2974667479487232,1.0,True,False
0.16532781743217495,0.0,False,0.0,1.0,0.75,0.825,0.125,0.12753669596638217,0.055415868748438304,0.6146997116691306,1.0,True,False
0.3915665469418873,0.5,False,0.0,1.0,0.625,0.75,0.125,0.12293878002191823,0.039517041817231,0.665483026657502,1.0,False,False
0.12138868484715493,0.0,False,0.0,0.0,1.0,0.9500000000000002,0.0,0.8206775557150164,0.5533633739750665,0.07254596699778215,1.0,True,False
0.37676861522205896,0.75,False,0.0,1.0,0.875,0.9125000000000001,0.25,0.09269884250309443,0.006959831705004372,0.686281712168126,1.0,False,False
0.16202911071139625,0.0,False,0.0,0.0,1.0,1.0,0.125,0.4702644317416569,0.15253628885234977,0.2568987001188454,1.0,True,False
0.15586969663578798,0.0,True,1.0,0.0,1.0,0.9875,0.125,0.4992642406556522,0.17812028246702305,0.21853271372033967,1.0,True,False
0.23007721258233038,0.0,False,1.0,0.0,0.75,0.75,0.125,0.28831342811774396,0.05606068115994303,0.404527122374142,1.0,True,False
0.4964315943858929,0.75,False,0.0,1.0,1.0,0.875,0.25,0.24602051276521184,0.03930800076910944,0.5358281329857957,1.0,False,False
0.3468579076836874,0.5,False,1.0,0.0,1.0,0.75,0.125,0.33383958297615934,0.09603238802623791,0.3956059651998187,1.0,False,False
0.3207853885551156,0.5,True,0.0,1.0,1.0,0.925,0.25,0.44037405714975447,0.05585825692129559,0.2795667405072684,1.0,False,False
0.39264263629844576,0.0,False,0.0,0.0,1.0,1.0,0.125,0.3217570647085992,0.023900654050374837,0.39929385740386025,1.0,True,False
0.3825398789570088,0.25,False,0.0,1.0,1.0,0.8375000000000001,0.125,0.20466662136165006,0.03261675289215739,0.5939759919891325,1.0,False,False
0.36404972811715164,0.0,False,0.0,0.0,1.0,1.0,0.125,0.2739415454747023,0.15870365234216666,0.41385971642539254,1.0,False,False
0.37748913682025453,0.0,True,1.0,0.0,1.0,1.0,0.125,0.18459580087078092,0.05819777074037941,0.6253549588168132,1.0,True,False
0.4843504340250476,0.25,False,0.0,1.0,0.875,0.9000000000000001,0.125,0.2455088308630608,0.05577371116224278,0.5603037596492773,1.0,False,False
0.3207853885551156,0.0,True,0.0,0.0,1.0,0.9625000000000001,0.125,0.1566941643954741,0.07171806745114644,0.5700178048898241,1.0,True,False
0.16050918442021356,0.0,False,0.0,1.0,0.75,0.7375,0.125,0.24755790716414036,0.06424655570984814,0.5596208831727558,1.0,True,False
0.24792054755360438,0.0,False,1.0,0.0,0.625,0.8375000000000001,0.125,0.3508505464277009,0.03209775006345564,0.3277903617369431,1.0,True,False
0.2881413245974592,0.25,False,0.0,1.0,0.875,0.625,0.125,0.4593810419729612,0.09915193082735997,0.25517923914471585,1.0,False,False
0.2387325961309844,0.0,False,0.0,1.0,0.875,0.8375000000000001,0.125,0.5487472514560916,0.029514374183990798,0.1748847839151484,1.0,True,False
0.21069776311509292,0.0,False,0.0,1.0,1.0,0.9125000000000001,0.125,0.45194006296714917,0.25728568045804173,0.25561978675565555,1.0,True,False
0.23375190125738088,0.0,False,0.0,1.0,1.0,1.0,0.125,0.5733546954621057,0.07934653181515813,0.16067164199160233,1.0,True,False
0.41531108210445666,1.0,False,0.0,1.0,1.0,1.0,0.25,0.15442485986374233,0.04245586382569263,0.5746211542644553,1.0,False,False
0.15206874199191067,0.5,False,0.0,0.0,1.0,1.0,0.25,0.8169078736579007,0.5878659391621579,0.07462498128609196,1.0,True,False
0.4642002967325477,0.75,False,0.0,1.0,1.0,0.9375,0.25,0.2172645532862233,0.01586308108181565,0.58539491385456,1.0,True,False
0.27470747007027463,0.0,False,0.0,1.0,1.0,0.8500000000000001,0.125,0.3119394220104827,0.1122904732102869,0.3791254080099744,1.0,False,False
0.18339158825813184,0.0,False,0.0,0.0,0.75,0.9125000000000001,0.125,0.5539837188285193,0.022272723342564922,0.17199191021560645,1.0,True,False
0.17794162840544014,0.25,False,0.0,1.0,0.75,0.7250000000000001,0.125,0.2929802260810215,0.10152743118406234,0.45635608716609233,1.0,True,False
0.26379162497329345,0.25,False,0.0,1.0,0.625,0.7250000000000001,0.125,0.22643048016008382,0.029432114988231357,0.5035342494504809,1.0,False,False
0.3622959114322287,0.5,True,1.0,0.0,1.0,1.0,0.125,0.35400488732534474,0.04419786323806899,0.3597197295802148,1.0,False,False
0.1857905033904771,0.0,False,0.0,1.0,0.875,0.9000000000000001,0.125,0.2563777547443519,0.0319596745104488,0.42230907695931275,1.0,True,False
0.36892676200707386,0.0,False,0.0,1.0,0.75,0.825,0.0,0.17634876114704284,0.01627780957413585,0.554611859801565,1.0,False,False
0.1839274901469682,0.0,False,1.0,0.0,0.875,0.8875,0.125,0.13741530819467257,0.0564230061086982,0.5907925090569981,1.0,True,False
0.4909686244013677,1.0,False,0.0,1.0,1.0,0.9500000000000002,0.25,0.345345432186862,0.07050642228959828,0.37223348702536585,1.0,False,False
0.14785703624482216,0.0,False,0.0,0.0,0.875,0.875,0.125,0.48342807599170534,0.47027600498858696,0.2288958134695911,1.0,True,False
0.3340132076179655,0.0,True,0.0,1.0,1.0,1.0,0.125,0.36460597453928417,0.01678068618001487,0.32152925548695355,1.0,False,False
0.3769490200827309,0.5,False,0.0,1.0,0.875,0.9000000000000001,0.125,0.15826977995927521,0.045321224104042046,0.5832007603195624,1.0,False,False
0.21658126268110822,0.5,False,0.0,0.0,0.375,0.375,0.125,0.2536117770500647,0.023687776362602934,0.47589880686498387,1.0,True,False
0.19806420122279356,0.0,False,0.0,1.0,0.625,0.5,0.125,0.20975721467934866,0.07857332743632617,0.4665118850962582,1.0,False,False
0.15429584783447814,0.0,True,1.0,0.0,1.0,1.0,0.125,0.47563037827270194,0.4456735257763165,0.23324375589213586,1.0,True,False
0.15897612689682528,0.0,False,0.0,0.0,1.0,1.0,0.125,0.4162401799674987,0.044500792593237574,0.29981263523636414,1.0,True,False
0.36131402650554933,0.75,False,0.0,1.0,0.75,0.7875000000000001,0.25,0.29034173941065916,0.03148682139058665,0.44605211845920123,1.0,False,False
0.2740646780362662,0.5,False,0.0,0.0,1.0,1.0,0.125,0.3458399390538801,0.23136445376867307,0.33378345644909446,1.0,False,False
0.2743863651066005,0.0,True,1.0,0.0,1.0,1.0,0.125,0.2224193004936047,0.0115935501319396,0.44837858993197566,1.0,True,False
0.4225687746983068,0.5,False,0.0,1.0,1.0,0.8875,0.125,0.06045318064487946,0.017722398670613614,0.7356832074109971,1.0,False,False
0.1839274901469682,0.25,False,0.0,0.0,1.0,1.0,0.125,0.176937640732911,0.015271507832610493,0.55366227903013,1.0,True,False
0.37477196164219906,0.0,False,0.0,1.0,1.0,1.0,0.125,0.06754513404250205,0.01795191460891619,0.7745676618827821,1.0,False,False
0.30662557203613117,0.75,False,1.0,0.0,1.0,1.0,0.25,0.42848577487611317,0.25046671294936024,0.2640822230982285,1.0,False,False
0.20389671558586597,0.0,False,0.0,1.0,0.875,0.8125,0.0,0.22148805357821652,0.03470785675552877,0.5659242380476173,1.0,True,False
0.4995762301911736,0.0,False,1.0,0.0,0.75,1.0,0.125,0.3389730139425196,0.015091432188964573,0.3982939359874824,1.0,True,False
0.3693977661540647,1.0,False,0.0,1.0,0.625,0.6375000000000001,0.0,0.10540819562220152,0.035274899727682614,0.6482494027993804,1.0,False,False
0.1831230291801338,0.0,False,1.0,0.0,0.875,0.925,0.125,0.4325848971808464,0.24485801862536305,0.27410807531567327,1.0,True,False
0.28101048429246245,0.25,False,0.0,1.0,0.625,0.6875,0.125,0.27443251444095673,0.06167409640287605,0.4550092428128443,1.0,False,False
0.41179019119527915,1.0,False,0.0,1.0,0.875,0.9500000000000002,0.25,0.43732921058772395,0.0626688610786907,0.30904917148228783,1.0,False,False
0.3531539361672976,0.25,False,0.0,1.0,0.5,0.25,0.0,0.16976066320172634,0.03671673252981153,0.594035455185848,1.0,False,False
0.2393209929603174,0.0,False,0.0,1.0,0.875,0.875,0.0,0.28472600116963237,0.13833434336320555,0.42368611176825777,1.0,False,False
0.45387008262259465,0.5,False,0.0,1.0,0.875,0.8125,0.125,0.06662595030803581,0.03006603802135743,0.7962302370706653,1.0,False,False
0.35294762811768343,1.0,False,0.0,1.0,0.875,0.8375000000000001,0.25,0.3943721453022192,0.34207046774557553,0.2910527973815018,1.0,False,False
0.2347592869000048,0.0,False,0.0,0.0,1.0,1.0,0.125,0.3809438836560027,0.17035664670185371,0.288772692015961,1.0,True,False
0.15174828993494538,0.0,False,0.0,0.0,1.0,0.9625000000000001,0.125,0.5419410935103199,0.04961532394661332,0.18352135041236317,1.0,True,False
0.41201230543707534,0.25,True,0.0,0.0,1.0,0.9875,0.125,0.08848477842160052,0.024480904659999515,0.6826213373247527,1.0,False,False
0.26532028250539186,0.5,False,0.0,1.0,0.75,0.6375000000000001,0.125,0.17240342173318057,0.07042186337627637,0.5740238577570496,1.0,True,False
0.15742970927088884,0.0,False,0.0,0.0,0.875,0.9000000000000001,0.125,0.6657735502820481,0.8081156359202193,0.12695776903651912,1.0,False,False
0.4895403454714097,1.0,True,0.0,1.0,1.0,0.9125000000000001,0.125,0.23640628924777576,0.009303201850955808,0.49553663543727855,1.0,False,False
0.3232427676734092,0.75,False,1.0,0.0,1.0,0.925,0.125,0.28217646115909684,0.12606515655414086,0.39253093333491695,1.0,False,False
0.16914884170831468,0.0,False,1.0,0.0,1.0,1.0,0.125,0.30493928491507355,0.09108861779772683,0.3824052939364053,1.0,True,False
0.15206874199191067,0.0,False,0.0,0.0,1.0,1.0,0.125,0.2956629674715088,0.25012575294076117,0.3917026763155613,1.0,True,False
0.3782962419140491,1.0,False,0.0,1.0,0.875,0.9125000000000001,0.25,0.43394900559108074,0.05621476383179193,0.31139984637645557,1.0,False,False
0.4014173595638896,0.75,False,0.0,1.0,0.875,0.8375000000000001,0.125,0.2353236658659291,0.03615093809514755,0.4706151418156612,1.0,False,False
0.2737424067449248,0.0,False,0.0,0.0,1.0,0.9500000000000002,0.125,0.140823689786381,0.03858210701904771,0.5878223909848372,1.0,True,False
0.1717467783888943,0.0,False,0.0,0.0,1.0,0.9375,0.125,0.24638728416011504,0.11321394632250917,0.42178046370388134,1.0,True,False
0.1841948354016394,0.5,False,0.0,0.0,0.875,0.8875,0.125,0.26077994640114754,0.022675342888855383,0.4563587113577272,1.0,True,False
0.15492706339564766,0.0,False,0.0,1.0,0.75,0.7875000000000001,0.125,0.4206037830079746,0.04141310370933157,0.2900846361008811,1.0,True,False
0.2235645371255457,0.0,True,0.0,0.0,1.0,0.9625000000000001,0.125,0.3905675288313798,0.1360909009492626,0.2910488783575933,1.0,True,False
0.2541523455280844,0.25,False,1.0,0.0,0.875,0.8875,0.125,0.41554573918487336,0.029467443444666296,0.2832773157052848,1.0,True,False
0.32373018608981996,0.25,False,1.0,0.0,0.75,0.8,0.0,0.2851273391216214,0.0640447351349198,0.4369681349913017,1.0,False,False
0.11281172005477969,0.0,False,0.0,0.0,0.75,0.75,0.125,0.43718574641322205,0.38833804420267076,0.2761993958329545,1.0,True,False
0.310075833289598,0.5,False,0.0,1.0,0.75,0.8125,0.0,0.1956688499678706,0.031716853866582156,0.5549445799723693,1.0,False,False
0.24184840542655606,0.0,False,0.0,1.0,0.875,0.9500000000000002,0.125,0.23436434368184728,0.08863229878427334,0.5020542351461852,1.0,True,False
0.28285854363842466,0.0,False,0.0,0.0,1.0,1.0,0.125,0.2729292393535134,0.06590535375760097,0.45667383365904435,1.0,True,False
0.39639877960853875,1.0,False,0.0,1.0,1.0,0.625,0.25,0.34137704176504974,0.03923321461326086,0.3606238473139558,1.0,False,False
0.16885782018472062,0.0,False,0.0,0.0,1.0,1.0,0.125,0.3727142947038415,0.12819481816441108,0.35219978188568635,1.0,True,False
0.3337833864184797,0.5,False,0.0,0.0,0.75,0.6875,0.125,0.23011748126355966,0.0425258746040938,0.49728999552967545,1.0,False,False
0.2724474366768552,0.75,False,0.0,1.0,0.75,0.8,0.0,0.1921323786598709,0.010172384451978234,0.5379677694255411,1.0,False,False
0.28285854363842466,0.5,False,1.0,0.0,0.875,0.825,0.25,0.4090914677379545,0.2142012921898661,0.27875206294816834,1.0,True,False
0.1910080903280098,0.0,False,0.0,1.0,1.0,1.0,0.125,0.24223269351699375,0.09921554488676279,0.4865070263546529,1.0,True,False
0.4365725314259131,0.5,False,0.0,0.0,1.0,0.9875,0.125,0.14165214904149726,0.03500837826630465,0.6673911433053044,1.0,False,False
0.21069776311509292,0.25,False,1.0,0.0,1.0,1.0,0.125,0.46980081212068464,0.1392008496301378,0.25673315758370774,1.0,True,False
0.1844617784831757,0.0,False,1.0,0.0,1.0,0.9750000000000001,0.125,0.3330298810241857,0.11422623028491871,0.3547842492526325,1.0,True,False
0.40560884582436596,0.75,False,0.0,1.0,1.0,0.9375,0.25,0.22646907987860362,0.03132777516860237,0.49131672951232885,1.0,False,False
0.23536098458677301,0.0,False,0.0,0.0,1.0,0.9750000000000001,0.125,0.21538160745104148,0.08325302930361281,0.6862339860245497,1.0,True,False
0.061795817342488846,0.0,False,1.0,0.0,0.5,0.5875,0.125,0.39192257860589635,0.050374737983008025,0.3284298925090776,1.0,True,False
0.3998394833253841,0.25,False,0.0,1.0,0.875,0.9125000000000001,0.125,0.13347874308435342,0.02761899285083501,0.6217448655300055,1.0,False,False
0.33228224931863937,0.25,False,0.0,0.0,0.875,0.9125000000000001,0.125,0.25532826069333064,0.0782101661349583,0.538365308164998,1.0,False,False
0.18068753024402562,0.0,False,1.0,0.0,1.0,1.0,0.375,0.47763781337294015,0.07197362639004078,0.22470564566151197,1.0,True,False
0.19831108880083492,0.0,False,0.0,0.0,0.25,0.75,0.125,0.31771590159436586,0.06686594549091714,0.3579361094057747,1.0,True,False
0.3486645779682803,0.0,False,0.0,1.0,0.625,0.6625000000000001,0.125,0.27962304145578903,0.04471666474725069,0.4713342654641397,1.0,True,False
0.17543345438459523,0.25,False,0.0,1.0,0.75,0.7375,0.125,0.15482954490866094,0.02605189090322428,0.6269073871203354,1.0,True,False
0.35753251426047294,0.0,True,1.0,0.0,1.0,0.9750000000000001,0.125,0.10440900157808554,0.010914522056850574,0.6960897380727551,1.0,False,False
0.17374142391159975,0.0,False,0.0,1.0,1.0,1.0,0.125,0.4786857636020048,0.0781175190066781,0.29082395898005653,1.0,True,False
0.20838190059244077,0.0,True,0.0,1.0,1.0,0.9500000000000002,0.125,0.3659007233897176,0.0844060260818848,0.3352138193931691,1.0,True,False
0.3267465881087811,0.0,False,0.0,1.0,1.0,1.0,0.125,0.25821645293419915,0.037680715023124756,0.5004592628005815,1.0,False,False
0.26379162497329345,0.0,True,0.0,1.0,0.875,0.9500000000000002,0.0,0.219879022767586,0.05162747765113514,0.5072498272735437,1.0,False,False
0.25576595090664944,0.25,False,0.0,0.0,0.75,0.8625,0.125,0.4727581493374365,0.24248173503849865,0.2326430713859149,1.0,False,False
0.1539793960592688,0.0,False,0.0,0.0,0.875,0.875,0.125,0.23297010749944191,0.1892910002431006,0.4457967125414035,1.0,True,False
0.3369741089395214,0.0,False,0.0,1.0,0.875,0.8875,0.125,0.23569489963570234,0.08198624960657092,0.4647644059978191,1.0,True,False
0.12290455240716902,0.0,False,0.0,1.0,0.75,0.8,0.125,0.4024521868479852,0.10243778480780602,0.32253381231877887,1.0,True,False
0.15774007279117597,0.0,False,0.0,1.0,0.875,0.825,0.125,0.13604276770303644,0.04568627161620291,0.639293497385383,1.0,True,False
0.26276515465118755,0.0,False,0.0,1.0,0.625,0.5,0.125,0.34802397851537387,0.03395583662127341,0.36434419963119646,1.0,False,False
0.41589116475210586,0.5,False,0.0,0.0,1.0,0.9500000000000002,0.25,0.23212277685962096,0.06763798962389345,0.5825607032033506,1.0,False,False
0.3733976107957918,0.0,False,1.0,0.0,0.75,0.75,0.125,0.12390369448503517,0.021067119755143124,0.6207901094418711,1.0,True,False
0.3064915205604598,0.0,False,0.0,1.0,1.0,1.0,0.125,0.27403860077181147,0.05669476838933833,0.38905558319964784,1.0,True,False
0.21501633507485973,0.0,True,0.0,0.0,1.0,0.9875,0.125,0.5591501286392193,0.18142548816429854,0.24348483198661852,1.0,True,False
0.32983018597443314,0.0,False,0.0,1.0,0.875,0.625,0.0,0.2398323266754998,0.04536220349085903,0.535709660912153,1.0,False,False
0.21343748359103298,0.0,True,1.0,0.0,1.0,0.9500000000000002,0.125,0.5385448265500034,0.04158904769389679,0.1854613874965687,1.0,True,False
0.1255265552107213,0.25,False,1.0,0.0,0.875,0.7875000000000001,0.125,0.2156938649384149,0.11486371884503435,0.4716146309482596,1.0,True,False
0.16856632059829957,0.0,False,1.0,0.0,1.0,1.0,0.125,0.29144945305104425,0.05865035296054076,0.40079073266140086,1.0,True,False
0.2451000824035493,0.25,False,0.0,0.0,1.0,0.9125000000000001,0.125,0.4425318198857081,0.05544738609870789,0.26139483063679547,1.0,False,False
0.38323738914002103,0.0,False,0.0,0.0,1.0,1.0,0.125,0.0832394874793263,0.040937316891643157,0.6823617855392463,1.0,False,False
0.1759938981343364,0.5,False,1.0,0.0,0.75,0.8875,0.125,0.41962037123362933,0.2329901262078894,0.313429889451609,1.0,True,False
0.4318720064503173,0.5,True,1.0,0.0,1.0,0.9625000000000001,0.125,0.31070980477746757,0.23147578610339375,0.36308142131664556,1.0,False,False
0.22569162861852088,0.0,True,0.0,0.0,1.0,0.9750000000000001,0.125,0.3666236038476971,0.13429109491675528,0.30147554219193373,1.0,True,False
0.22779352453265422,0.0,False,1.0,0.0,1.0,0.9625000000000001,0.125,0.17198939043694011,0.00766403372536111,0.5690535139059172,1.0,True,False
0.09997591491453772,0.0,False,0.0,0.0,1.0,1.0,0.125,0.8415554758343093,0.5895498913955863,0.06293720384990165,1.0,True,False
0.6079825495991621,0.75,False,0.0,1.0,1.0,1.0,0.25,0.2696064200109876,0.04300996987856125,0.47687735731511927,1.0,False,False
0.26966384115039865,0.25,True,0.0,1.0,1.0,0.875,0.0,0.29274040894015285,0.19879455599670526,0.3901821043595446,1.0,False,False
0.2724474366768552,0.0,False,1.0,0.0,1.0,0.9375,0.125,0.2554521038460158,0.04710586976003347,0.5161031115581263,1.0,True,False
0.38315035015762355,0.5,False,0.0,1.0,1.0,0.9750000000000001,0.125,0.1807246299184549,0.05615447497927115,0.5828461141791557,1.0,False,False
0.2947102650160843,0.0,False,0.0,1.0,0.875,0.875,0.0,0.2758510941409618,0.045796058814415036,0.47883346776901137,1.0,True,False
0.25930005928277244,0.0,False,0.0,0.0,1.0,0.9750000000000001,0.125,0.287063948588849,0.18110277836698735,0.39961432501814875,1.0,True,False
0.4064506622428027,0.0,False,0.0,1.0,0.5,0.4125000000000001,0.125,0.09613971454059535,0.03810544132133053,0.6644608769610518,1.0,False,False
0.16885782018472062,0.0,False,0.0,0.0,0.875,0.9375,0.125,0.36521307369980605,0.09907636510621258,0.3427826891118495,1.0,True,False
0.2041356256633543,0.0,False,1.0,0.0,1.0,1.0,0.125,0.23585326946994348,0.12388751318147764,0.43942695251330655,1.0,True,False
0.2351606452976025,0.0,False,0.0,1.0,1.0,1.0,0.125,0.294410470028315,0.08722648928964521,0.39698595235062983,1.0,True,False
0.4766038849849933,1.0,False,0.0,0.0,0.75,0.8625,0.375,0.4479656915903356,0.09453321758468332,0.2872197021483407,1.0,False,False
0.42499229356865265,0.0,False,0.0,0.0,0.875,0.7750000000000001,0.125,0.1090820659386737,0.01503735145090228,0.6427206072133806,1.0,False,False
0.22463127001525063,0.0,False,0.0,1.0,0.875,0.8625,0.125,0.12603505119768657,0.01916967396552521,0.6193038295430857,1.0,True,False
0.3116459136988182,1.0,False,0.0,1.0,1.0,0.9750000000000001,0.25,0.572342181466134,0.0745994877914224,0.16125570814823798,1.0,True,False
0.20931187557619513,0.0,False,0.0,0.0,1.0,0.9875,0.125,0.32324676006090935,0.019447441485862197,0.3556834992963427,1.0,True,False
0.34589393600387897,0.0,False,0.0,1.0,1.0,1.0,0.125,0.18545162517584593,0.026324160350794497,0.5447242292710441,1.0,False,False
0.25487131554953746,0.0,False,0.0,0.0,1.0,1.0,0.125,0.831475075163588,0.5064945268332396,0.06680343294308355,1.0,True,False
0.3194191825672693,0.5,False,0.0,1.0,0.875,0.75,0.125,0.6370710168709537,0.6263561913668754,0.1538849649618006,1.0,False,False
0.38262721781504616,1.0,False,0.0,1.0,0.5,0.6125,0.25,0.11200901721547905,0.050262695768736654,0.6648508014812711,1.0,False,False
0.3394414672750782,0.0,True,0.0,0.0,1.0,1.0,0.125,0.2324262031960374,0.0789885529743831,0.5144131981083113,1.0,True,False
0.12589798429758992,0.0,False,1.0,0.0,0.875,0.925,0.125,0.9737039328565752,0.3993434365665342,0.008682879633202134,1.0,True,False
0.21069776311509292,0.0,False,1.0,0.0,1.0,1.0,0.125,0.5695763868732101,0.2405315985363468,0.1715150544319386,1.0,True,False
0.15174828993494538,0.0,False,1.0,0.0,0.875,0.925,0.125,0.3624659934912473,0.141928236661614,0.3538158573560859,1.0,True,False
0.15555604159834224,0.0,False,1.0,0.0,1.0,1.0,0.125,0.4022817638018388,0.015493072281095229,0.31124037412772876,1.0,True,False
0.3476040597321882,0.0,False,0.0,1.0,0.75,1.0,0.125,0.2662250296004255,0.04395224069582259,0.4570113691062436,1.0,False,False
0.08380229570857478,0.0,False,0.0,0.0,1.0,1.0,0.125,0.7102217199453169,0.8929105878780801,0.10602255437003727,1.0,True,False
0.2550506038158944,0.0,False,1.0,0.0,0.875,0.9125000000000001,0.125,0.10765938444986335,0.040747408183819035,0.6525112304361578,1.0,True,False
0.11241183227452445,0.0,False,0.0,1.0,1.0,0.9125000000000001,0.125,0.4631246121488822,0.17557440749494926,0.30105917688487915,1.0,True,False
0.18867914175461908,0.25,False,1.0,0.0,0.875,0.8875,0.125,0.24985489964177024,0.021758313269255092,0.52694728022521,1.0,True,False
0.14219413557029703,0.0,False,0.0,1.0,0.75,0.7875000000000001,0.125,0.2584327594597114,0.07990413912527423,0.5281439747130698,1.0,True,False
0.2235645371255457,0.0,False,1.0,0.0,0.0,0.5,0.125,0.6560858861833653,0.8149962507406535,0.13439492974336553,1.0,True,False
0.5628831702959148,0.75,False,0.0,1.0,0.875,0.9125000000000001,0.25,0.15442791637212322,0.04094428377188997,0.5887792431048504,1.0,False,False
0.3559158704108766,0.5,False,0.0,1.0,0.5,0.75,0.125,0.212683602291844,0.018236645954106893,0.5956001397373134,1.0,False,False
0.273903615550818,0.0,False,0.0,0.0,1.0,1.0,0.125,0.1469726583810132,0.04674387053437286,0.5733753606149024,1.0,True,False
0.32263160586749573,0.0,False,1.0,0.0,1.0,1.0,0.125,0.22211536698964007,0.08157792020242981,0.46174166095358293,1.0,True,False
0.44665358164311464,1.0,False,1.0,0.0,1.0,1.0,0.25,0.2488379441777593,0.03422016269782473,0.5241672334163925,1.0,False,False
0.3124257749366902,0.25,False,1.0,0.0,1.0,0.925,0.125,0.4209820213831709,0.16730908709486214,0.2575879542491535,1.0,True,False
0.15555604159834224,0.0,False,0.0,0.0,0.75,1.0,0.125,0.44843024713210855,0.21215533336307213,0.248558960671307,1.0,True,False
0.3273437640392046,0.0,False,0.0,0.0,0.75,0.65,0.125,0.19355682869474403,0.05271412797329089,0.5842984052271902,1.0,False,False
0.39395815799368583,0.5,False,0.0,0.0,1.0,0.75,0.25,0.2892501476061837,0.052498413863838654,0.4546513420179108,1.0,False,False
0.2954253601423583,0.0,False,0.0,0.0,1.0,0.9125000000000001,0.125,0.46413060673378953,0.048510275787956414,0.2372026293207361,1.0,False,False
0.3969634602247728,0.0,False,1.0,0.0,0.75,0.7875000000000001,0.125,0.2548550884065381,0.069064300327987,0.5438172681338169,1.0,True,False
0.14083500787991265,0.0,True,0.0,0.0,1.0,0.9375,0.125,0.4463431723497962,0.05410681080229103,0.2827076620505833,1.0,True,False
0.11281172005477969,0.0,False,1.0,0.0,1.0,1.0,0.25,0.5945824255348321,0.6178957578464567,0.17565619993876336,1.0,True,False
0.22925017703069872,0.5,False,0.0,0.0,0.625,0.9375,0.25,0.3286463455898411,0.18767647850458266,0.34708896440444525,1.0,True,False
0.3234866442354115,0.5,False,0.0,1.0,1.0,1.0,0.25,0.4542517892744866,0.2527967764345284,0.2539921406052599,1.0,True,False
0.1370428236348713,0.0,True,1.0,0.0,1.0,0.9625000000000001,0.125,0.7387526412088908,0.5692805084173836,0.11080402030940162,1.0,True,False
0.062327502764905285,0.0,False,0.0,0.0,1.0,1.0,0.125,0.7834784892369494,0.6986601642286444,0.09191780768273228,1.0,True,False
0.3921467904147661,0.0,False,0.0,1.0,1.0,0.8625,0.125,0.2422319233177025,0.050517402922325,0.5691231946707485,1.0,True,False
0.2397121763990986,0.0,False,1.0,0.0,1.0,0.8375000000000001,0.125,0.3991062042258238,0.24640538190989575,0.3174343973387397,1.0,True,False
0.20365748341934764,0.0,False,0.0,0.0,1.0,0.9125000000000001,0.125,0.23814553613990455,0.06304614986085218,0.5178558698393394,1.0,True,False
0.2952825714676811,0.0,False,0.0,0.0,1.0,0.9500000000000002,0.125,0.1541672643363088,0.005336455941185411,0.6003686379136313,1.0,True,False
0.24566777319209177,0.0,False,0.0,0.0,0.875,0.8500000000000001,0.125,0.21393495391912523,0.10139872852511497,0.5182547677757801,1.0,True,False
0.24810699415119353,0.25,False,0.0,0.0,0.625,0.6625000000000001,0.125,0.08268309818786711,0.03563819402631692,0.7139953231789349,1.0,True,False
0.14253229716796056,0.0,False,0.0,1.0,0.75,0.8,0.125,0.2936299616497933,0.10008535402947027,0.4549688106411449,1.0,True,False
0.3207853885551156,0.5,False,1.0,0.0,0.875,0.9625000000000001,0.25,0.23659307724303086,0.01208191812740482,0.43032495740612076,1.0,False,False
0.18339158825813184,0.0,False,0.0,1.0,0.5,0.7375,0.125,0.16687243405386293,0.04922721702532036,0.6049884332054627,1.0,True,False
0.15110564450040298,0.0,False,1.0,0.0,0.875,0.9500000000000002,0.125,0.7263986565883954,0.38162752321698185,0.12019678256151667,1.0,True,False
0.3502435652856163,0.0,True,1.0,0.0,1.0,0.9875,0.125,0.2295848736381456,0.00913787196894746,0.5728742902425255,1.0,True,False
0.18068753024402562,0.0,False,0.0,0.0,1.0,1.0,0.125,0.44265589798772453,0.018950214864415324,0.242769903084342,1.0,True,False
0.141515872946807,0.0,False,0.0,1.0,0.875,0.9125000000000001,0.5,0.25052586450749703,0.01960003866177051,0.5197514428417094,1.0,True,False
0.19781696967121776,0.0,False,0.0,0.0,1.0,0.9375,0.125,0.48177262188990594,0.1840270573577145,0.2378039794310738,1.0,True,False
0.458143080925809,1.0,False,0.0,1.0,1.0,0.9125000000000001,0.25,0.182620994642025,0.022561144606158306,0.5458854331727283,1.0,False,False
0.11039876335458809,0.0,False,0.0,1.0,0.75,0.7250000000000001,0.125,0.3632882335114025,0.0889461501005828,0.35931338697312154,1.0,True,False
0.24547874464902375,0.25,False,0.0,1.0,0.75,0.7250000000000001,0.125,0.11142934059300422,0.03105469419225163,0.6681368551262361,1.0,True,False
0.1768312588239036,0.0,False,0.0,1.0,0.875,0.8,0.125,0.2789979230778349,0.035604817907669145,0.4617081137315846,1.0,True,False
0.3717342147810302,0.5,False,0.0,1.0,0.75,0.825,0.125,0.3477307095562817,0.03372641625223474,0.3600428923334711,1.0,False,False
0.5020435123345074,1.0,False,0.0,1.0,0.75,0.675,0.25,0.11021834992121544,0.017644676073740605,0.6720084862076123,1.0,False,False
0.3672207199021408,0.5,False,0.0,1.0,0.75,1.0,0.125,0.28008184160325755,0.05070489498779761,0.43045814912751057,1.0,False,False
0.3152562965346811,0.5,False,0.0,0.0,1.0,0.9375,0.125,0.47163877908088536,0.04925713973529476,0.24378216460889623,1.0,False,False
0.27358105135248967,0.0,False,1.0,0.0,1.0,1.0,0.125,0.2173670078094599,0.09317530949147815,0.5530098899954456,1.0,True,False
0.33389833422413695,1.0,False,0.0,1.0,0.625,0.75,0.25,0.5250099443022356,0.411856719210832,0.24288420719067316,1.0,False,False
0.14818458643442645,0.0,False,1.0,0.0,0.75,0.675,0.125,0.335564278009845,0.03622918053825123,0.3872426745325446,1.0,True,False
0.25487131554953746,0.0,False,1.0,0.0,1.0,1.0,0.125,0.28188818080682376,0.21114523389015596,0.4019231559875829,1.0,True,False
0.39550777782053437,1.0,False,0.0,1.0,1.0,0.875,0.375,0.4209688005217705,0.19838037002013842,0.2641234966834638,1.0,False,False
0.48669740992638977,1.0,False,0.0,1.0,0.875,1.0,0.375,0.32934672779003105,0.09770635540553084,0.33263675140624516,1.0,False,False
0.28976966275138094,0.0,False,1.0,0.0,1.0,0.9625000000000001,0.125,0.3554139872248727,0.06115777654275492,0.35872147180316194,1.0,True,False
0.15174828993494538,0.0,False,0.0,1.0,0.625,0.75,0.125,0.13855791196286105,0.06273369920279757,0.5846004789392751,1.0,True,False
0.36712545713985845,0.5,False,0.0,1.0,0.75,0.8,0.125,0.3397019611351314,0.009967618584442103,0.37093271879261525,1.0,False,False
0.3304170913024208,0.5,False,1.0,0.0,0.875,0.825,0.125,0.23627211495618544,0.1096576716052272,0.44389635170782893,1.0,False,False
0.30809349314989165,0.25,False,1.0,0.0,1.0,0.9500000000000002,0.125,0.33520531522974295,0.024730612461915987,0.3673141261392525,1.0,False,False
0.35066226641081755,0.0,False,0.0,1.0,0.875,0.9500000000000002,0.125,0.23580696886240796,0.06851592550428853,0.5679149078706802,1.0,True,False
0.2433860312682724,0.5,False,1.0,0.0,0.875,0.9125000000000001,0.125,0.3380192473539596,0.011052167870319582,0.372563187697025,1.0,True,False
0.3625894205846688,1.0,True,1.0,0.0,1.0,0.8875,0.25,0.39621371972748154,0.08255857582089716,0.30948676864170377,1.0,False,False
0.3877904107176021,0.75,False,1.0,0.0,0.875,0.8125,0.125,0.2696623143089183,0.0322334037546415,0.4693517830199292,1.0,False,False
0.37080332367410807,1.0,False,0.0,0.0,1.0,1.0,0.25,0.23057007479365016,0.10647662414968923,0.439714651542807,1.0,False,False
0.15206874199191067,0.25,False,1.0,0.0,0.875,0.875,0.125,0.5903829174184806,0.24407831805603303,0.15128911386788158,1.0,True,False
0.20317804933718453,0.0,True,1.0,0.0,1.0,0.9500000000000002,0.125,0.328705800252313,0.03263876894572143,0.384524968129506,1.0,True,False
0.2675053514421566,0.0,False,0.0,0.0,0.75,0.8125,0.125,0.21816406867637475,0.04837897450803678,0.5090472655235829,1.0,True,False
0.20365748341934764,0.0,True,0.0,1.0,0.75,0.8,0.125,0.31131613531017815,0.04462372587913831,0.37282516255624243,1.0,True,False
0.3364085286288315,0.5,False,1.0,0.0,1.0,0.9500000000000002,0.125,0.22279704093760472,0.09338436936141077,0.469612851816154,1.0,False,False
0.4541620625753092,0.0,False,0.0,1.0,1.0,0.9500000000000002,0.125,0.017661408076637797,0.02320340774134194,0.8620335332460076,1.0,False,False
0.1759938981343364,0.0,False,0.0,0.0,0.75,0.8625,0.125,0.3732553031484044,0.0720486867493119,0.3212272041157105,1.0,True,False
0.38787520380299145,0.5,False,1.0,0.0,0.875,1.0,0.25,0.368481655035662,0.050166787866588076,0.3495786681752988,1.0,False,False
0.19330686823577015,0.5,False,0.0,1.0,0.875,0.825,0.125,0.30569816680712963,0.07907405592267891,0.4300519297457335,1.0,True,False
0.23455826676495228,0.0,False,0.0,0.0,0.875,0.9125000000000001,0.125,0.2324219430479011,0.11714209496573336,0.4899601359864767,1.0,True,False
0.19381368873224358,0.5,False,0.0,1.0,0.75,0.7750000000000001,0.125,0.29466820367107244,0.096098192361305,0.45252492677321676,1.0,True,False
0.4717037060798229,0.75,False,0.0,0.0,1.0,1.0,0.25,0.030414621150984023,0.01971247974803171,0.8522799675718353,1.0,False,False
0.32698569969628044,0.0,False,1.0,0.0,0.75,0.5875,0.0,0.1805267364450237,0.022033355955139413,0.5496180693240318,1.0,False,False
0.22484384923597567,0.0,False,0.0,1.0,0.875,0.8875,0.125,0.06966190884264621,0.04206103178516486,0.7526747669539935,1.0,True,False
0.4482895030358859,1.0,True,0.0,0.0,0.75,0.75,0.25,0.4318073184707521,0.11952046339077023,0.283055275960747,1.0,False,False
0.37229041440906585,0.0,False,0.0,1.0,1.0,0.925,0.125,0.23334181369988638,0.07093054751005719,0.5518316251052513,1.0,True,False
0.298818265612499,0.0,False,0.0,1.0,1.0,0.9000000000000001,0.0,0.12109902631211929,0.03598949459892369,0.619240245862605,1.0,False,False
0.1632357473303182,0.0,False,0.0,0.0,1.0,0.9750000000000001,0.125,0.4743163800241522,0.20281855228655843,0.2417889001636968,1.0,True,False
0.23415554204266942,0.0,False,0.0,1.0,0.75,0.7750000000000001,0.125,0.15805537012092344,0.041150500272704296,0.5665099184411506,1.0,True,False
0.34610860493463325,0.0,True,1.0,0.0,0.75,0.75,0.125,0.28469571949725514,0.03964390243906202,0.4409866983582382,1.0,True,False
0.35034833322260506,0.75,False,1.0,0.0,0.75,0.75,0.125,0.18749247187998308,0.03296675971876838,0.5386900650127311,1.0,False,False
0.12290455240716902,0.0,False,0.0,1.0,0.75,0.7750000000000001,0.125,0.4022045527535794,0.09873934988322015,0.32245228619639943,1.0,True,False
0.26666812144352936,0.0,False,0.0,1.0,0.375,0.3375,0.125,0.10640744604101172,0.009960926828094952,0.6878270589632782,1.0,True,False
0.3273437640392046,0.5,False,1.0,0.0,0.5,0.75,0.125,0.22828710933398969,0.04365809779552619,0.4797183240233889,1.0,False,False
0.28903136084746694,0.5,False,0.0,0.0,0.875,0.925,0.125,0.3376717233018034,0.0813232675644677,0.33901484691848394,1.0,False,False
0.1839274901469682,0.0,False,0.0,0.0,1.0,0.9500000000000002,0.125,0.46858416756041626,0.07428327167415287,0.2245992009284512,1.0,True,False
0.2550506038158944,0.0,False,0.0,1.0,0.625,0.5625,0.125,0.2159326637902327,0.019710229087748454,0.656478993134503,1.0,True,False
0.2347592869000048,0.0,False,0.0,0.0,1.0,1.0,0.125,0.48174633321579324,0.03710274412574316,0.22646373002602727,1.0,True,False
0.2550506038158944,0.5,False,0.0,1.0,0.5,0.7125,0.25,0.12932502569524582,0.054116906526714054,0.6195435229942112,1.0,True,False
0.2999349693770291,0.0,False,0.0,1.0,0.875,0.75,0.125,0.131050813683035,0.01365535238077948,0.6227073171782318,1.0,True,False
0.18867914175461908,0.75,False,0.0,0.0,1.0,0.925,0.125,0.3925341607757873,0.12458371290156461,0.33343716302222015,1.0,True,False
0.2499607643133207,0.0,False,0.0,1.0,1.0,0.9500000000000002,0.125,0.23028179373070365,0.07530661516236765,0.5001001586463427,1.0,True,False
0.3190447481395339,0.0,False,0.0,1.0,1.0,0.75,0.125,0.12305740467753119,0.04685242951322036,0.6345680739572614,1.0,True,False
0.31929445885789687,0.0,True,1.0,0.0,1.0,0.9875,0.125,0.18568868792266047,0.0392147832915108,0.5289858851925522,1.0,False,False
0.48562556440485916,0.5,False,0.0,1.0,1.0,1.0,0.25,0.2758023049424643,0.13481348030126394,0.4002220605625302,1.0,False,False
0.380430745654048,0.0,False,0.0,0.0,1.0,0.9125000000000001,0.125,0.3318277078077071,0.029011977626606712,0.3892685529903539,1.0,False,False
0.030425265422015402,0.0,False,0.0,0.0,0.5,1.0,0.125,0.5543637058943395,0.6276079897812782,0.18826807653655986,1.0,True,False
0.2860470465974916,0.0,False,1.0,0.0,0.875,0.8125,0.125,0.023621043854309694,0.01685214267826389,0.8641700796323675,1.0,True,False
0.16532781743217495,0.0,False,1.0,0.0,0.75,0.75,0.125,0.13066270626148194,0.022097713302216118,0.6239073479738599,1.0,True,False
0.2651510805228984,0.0,False,0.0,0.0,0.875,1.0,0.125,0.36047992054645855,0.12074502133638196,0.35807295817756324,1.0,False,False
0.29684696291536883,0.0,False,0.0,1.0,0.75,0.7125,0.0,0.3403484758471223,0.02481253567014206,0.3763870410161214,1.0,False,False
0.47343943714124237,1.0,False,0.0,1.0,0.875,0.7750000000000001,0.25,0.20906852051922858,0.029150914835848016,0.591430677203975,1.0,False,False
0.298818265612499,0.0,False,0.0,1.0,1.0,0.9750000000000001,0.125,0.4217438056286603,0.3582287715484408,0.28831859895017753,1.0,True,False
0.25576595090664944,0.0,False,0.0,0.0,0.875,1.0,0.125,0.40654244506343445,0.06362317908279849,0.3298675179392636,1.0,True,False
0.18867914175461908,0.25,False,1.0,0.0,0.875,0.8875,0.125,0.236558186242061,0.058354282781080374,0.5853289498599412,1.0,True,False
0.26532028250539186,0.0,False,0.0,1.0,0.875,0.8500000000000001,0.125,0.1383231318204299,0.05747711654742647,0.5875739435303453,1.0,True,False
0.25379176517616986,0.0,False,0.0,1.0,1.0,1.0,0.125,0.4716776634539291,0.10922401610221365,0.2733004175962619,1.0,True,False
0.2981167402054462,0.25,False,0.0,1.0,0.875,0.9000000000000001,0.0,0.18352196947427762,0.06402157694681751,0.5915946565070547,1.0,True,False
0.4702175321293226,1.0,False,0.0,1.0,1.0,0.9750000000000001,0.25,0.20695141650199803,0.16630217407589418,0.47747621231214343,1.0,False,False
0.19152150956336766,0.0,False,0.0,1.0,0.875,0.8375000000000001,0.125,0.0984170893262239,0.05359099405328325,0.6956334879181933,1.0,True,False
0.4698440356370467,0.75,False,0.0,1.0,1.0,0.9125000000000001,0.25,0.22230160684882772,0.025213581089771668,0.5672550902374232,1.0,False,False
0.5246817556983813,1.0,False,1.0,0.0,0.75,0.75,0.25,0.24850714855771597,0.027364732289521944,0.46136295101317115,1.0,False,False
0.22335041887289453,0.0,False,0.0,0.0,1.0,1.0,0.125,0.43198881474574685,0.13574890088636696,0.25836940968675015,1.0,True,False
0.40078789170443174,0.0,False,0.0,1.0,1.0,1.0,0.0,0.2759481398217481,0.03860604291610475,0.4594388428894809,1.0,False,False
0.49518575384323904,1.0,False,0.0,1.0,0.875,0.8125,0.25,0.1983610404889562,0.010682918792771513,0.5369142228095498,1.0,False,False
0.2743863651066005,0.0,True,1.0,0.0,1.0,0.9625000000000001,0.125,0.36222373183498296,0.12237249992528972,0.3667220752086777,1.0,True,False
0.16885782018472062,0.0,False,0.0,0.0,1.0,1.0,0.125,0.28867748776222607,0.02050049989805644,0.375247597434337,1.0,True,False
0.3628824450656146,0.75,False,0.0,0.0,1.0,0.9375,0.25,0.2543202498897812,0.08250558631804107,0.5491015029094706,1.0,False,False
0.20508806235318777,0.0,False,0.0,1.0,1.0,0.9000000000000001,0.125,0.13583824527581168,0.019875840803386405,0.6152772358354159,1.0,True,False
0.3194191825672693,0.0,False,0.0,1.0,1.0,1.0,0.0,0.22728992617690508,0.0424526145418684,0.6263678742740533,1.0,False,False
0.29211179594370196,0.0,True,0.0,0.0,1.0,1.0,0.125,0.16782302508837305,0.06052223141756217,0.5361867681626185,1.0,True,False
0.228210932524332,0.0,True,0.0,0.0,1.0,0.9875,0.125,0.5421033724639508,0.14634440686881736,0.25420657776206945,1.0,True,False
0.2235645371255457,0.25,False,0.0,1.0,0.875,0.8625,0.125,0.14533003391942156,0.016920232559048985,0.5986521286452979,1.0,True,False
0.3446004401088444,0.0,False,0.0,1.0,1.0,0.9125000000000001,0.125,0.24458150494507935,0.020255366912195386,0.47946392970379526,1.0,False,False
0.4091781048809616,0.5,False,0.0,0.0,1.0,1.0,0.125,0.471421638156833,0.135366159996338,0.25578566178156104,1.0,False,False
0.1839274901469682,0.0,True,0.0,1.0,0.875,0.8375000000000001,0.125,0.2524629598545869,0.052468041368653275,0.5250340846951724,1.0,True,False
0.18710935290994468,0.0,False,0.0,0.0,1.0,1.0,0.125,0.5282485955855071,0.19928381628260364,0.19818621188451857,1.0,True,False
0.40660329164017595,0.0,False,1.0,0.0,1.0,1.0,0.125,0.083404284624041,0.019834966204551857,0.7432669992245771,1.0,True,False
0.2554086378279916,0.0,False,0.0,0.0,1.0,1.0,0.125,0.46480637628376575,0.048861542711731556,0.24029088731152215,1.0,True,False
0.14219413557029703,0.0,False,0.0,1.0,0.875,0.875,0.125,0.30428509023190714,0.060144961203357945,0.42741193269802946,1.0,True,False
0.24395922323095953,0.0,False,0.0,1.0,0.875,0.9750000000000001,0.0,0.2383984899909737,0.011730184077409384,0.4915436111444733,1.0,False,False
0.40690815715893935,0.0,True,1.0,0.0,0.875,0.875,0.125,0.10925865179463927,0.026537396139060213,0.6806854265870377,1.0,False,False
0.2651510805228984,0.0,False,0.0,1.0,1.0,0.75,0.125,0.1817275849093814,0.06075205308964394,0.5871818682478431,1.0,False,False
0.3687380097405183,1.0,False,0.0,1.0,0.875,0.8125,0.25,0.3438326994822725,0.02041965399535602,0.3654168035759344,1.0,False,False
0.19126498563031902,0.25,False,0.0,1.0,0.75,0.8,0.125,0.09382953585955042,0.04924468858316378,0.7090577730168537,1.0,True,False
0.4467144410354785,0.25,True,0.0,0.0,0.875,0.9000000000000001,0.125,0.27970490232132744,0.17375394253084436,0.4051218972418673,1.0,True,False
0.19152150956336766,0.0,False,1.0,0.0,1.0,0.9750000000000001,0.125,0.8200608926480569,0.6856967084325101,0.07326290135725277,1.0,True,False
0.311776128813647,0.0,False,0.0,1.0,1.0,0.9125000000000001,0.0,0.2253657384731292,0.03782047808321958,0.6402249830419127,1.0,False,False
0.12920631771671887,0.0,False,0.0,1.0,0.75,0.8125,0.125,0.24514305248990173,0.05481629221929131,0.5609048527360176,1.0,True,False
0.2022152776035211,0.0,False,0.0,0.0,0.875,0.9750000000000001,0.125,0.7800050448610433,0.4784404295064452,0.09223009563502305,1.0,True,False
0.21000617231111773,0.0,False,0.0,0.0,0.875,0.9625000000000001,0.125,0.36990797011148896,0.29229757020472363,0.31363716115122675,1.0,True,False
0.15366237894083623,0.0,False,0.0,1.0,0.625,0.6625000000000001,0.125,0.2443114664206967,0.06573706621771462,0.4997597659067132,1.0,True,False
0.28559503887890614,0.0,False,0.0,1.0,0.875,0.8500000000000001,0.0,0.1763515438563231,0.019112759819358963,0.5548099119270564,1.0,False,False
0.21069776311509292,0.0,False,0.0,1.0,0.875,0.8,0.125,0.175165742068386,0.06917177143535226,0.5842274440931086,1.0,True,False
0.35222365518590626,0.0,False,0.0,0.0,1.0,1.0,0.125,0.20108196424243677,0.023556122954280535,0.5352112609519473,1.0,False,False
0.3010446896158524,0.0,False,0.0,0.0,0.875,0.925,0.125,0.13144820347715735,0.02376379399824375,0.6721924102589134,1.0,True,False
0.2402973393912795,0.0,False,0.0,1.0,0.875,0.8125,0.125,0.21114064318465361,0.024438578667585333,0.5918833308982412,1.0,True,False
0.14219413557029703,0.0,False,0.0,1.0,0.75,0.7000000000000001,0.125,0.2936554273082799,0.10540042658966571,0.4555864914463881,1.0,True,False
0.2775715632042868,0.0,False,0.0,1.0,0.875,0.8500000000000001,0.125,0.03314541154419756,0.0328493765408056,0.8257396763339266,1.0,True,False
0.2402973393912795,0.0,False,0.0,1.0,1.0,0.9625000000000001,0.125,0.5695697251283054,0.05700168423986639,0.1629144723789271,1.0,True,False
0.27630433649348274,0.0,False,0.0,1.0,0.875,0.9125000000000001,0.125,0.1396239725371635,0.0360624542966886,0.6256775202339768,1.0,True,False
0.2737424067449248,0.5,False,0.0,1.0,1.0,1.0,0.125,0.4462135314905506,0.14303162686577267,0.24785818579810703,1.0,False,False
0.2945668995348184,0.5,False,0.0,1.0,1.0,0.8500000000000001,0.0,0.23439799889304813,0.07525082945084367,0.4862086534996508,1.0,False,False
0.4096286306564786,0.5,False,0.0,1.0,1.0,0.75,0.125,0.17543033913185008,0.05665620474143526,0.6026772825184863,1.0,False,False
0.3732135571427523,1.0,False,0.0,1.0,1.0,1.0,0.125,0.04199432786606824,0.016628383500001422,0.7980038851735891,1.0,False,False
0.29442341813256856,0.0,False,0.0,1.0,1.0,0.875,0.0,0.28353896901087206,0.054212118177862506,0.46593505163403415,1.0,True,False
0.25999851255513073,0.0,False,1.0,0.0,1.0,1.0,0.125,0.3505943278041521,0.03176423256564168,0.3304400694926861,1.0,True,False
0.19831108880083492,0.5,False,0.0,0.0,0.875,0.9125000000000001,0.125,0.11311117133913018,0.056154956948930836,0.6405661680967505,1.0,True,False
0.26532028250539186,0.0,False,1.0,0.0,0.875,1.0,0.125,0.5241259918150748,0.2632763530190305,0.18963289363882274,1.0,True,False
0.48439964730794605,0.5,False,0.0,1.0,1.0,1.0,0.125,0.21283150741809576,0.03107987769398218,0.5133068959265417,1.0,False,False
0.37293711822598496,1.0,False,0.0,1.0,0.875,0.8875,0.25,0.28207488542800496,0.05457138656186038,0.4376983426375829,1.0,False,False
0.2343570186517372,0.0,False,0.0,0.0,1.0,0.925,0.125,0.3754136463008855,0.10081779177334112,0.31973491304619706,1.0,False,False
0.4865516298443756,1.0,False,0.0,1.0,0.75,0.5,0.375,0.32278091913897106,0.08717184189387782,0.3387143678597917,1.0,False,False
0.2598241567996118,0.0,False,0.0,1.0,0.875,0.925,0.0,0.23825090837665028,0.0284664701156996,0.5600663564323998,1.0,False,False
0.24049196569802778,0.0,True,0.0,1.0,0.875,0.9500000000000002,0.125,0.1751282368946681,0.05249957638781233,0.5434675239305664,1.0,True,False
0.4281279690720977,0.5,True,0.0,1.0,1.0,0.75,0.125,0.04297258296837449,0.03152910231301905,0.7749712898384784,1.0,False,False
0.34589393600387897,0.25,False,0.0,0.0,1.0,0.9625000000000001,0.125,0.28354882862410713,0.06562595243328316,0.43054294794998005,1.0,False,False
0.43475931561456005,1.0,False,0.0,1.0,0.875,0.8125,0.25,0.18656256205585767,0.08787518677620826,0.5002088971974723,1.0,False,False
0.1757138975158027,0.0,False,0.0,0.0,1.0,0.9875,0.125,0.49026162041508176,0.04843077658758249,0.21688362322739674,1.0,True,False
0.1839274901469682,0.0,True,1.0,0.0,1.0,0.9750000000000001,0.125,0.5072410085557078,0.03149156309958485,0.20458737843627217,1.0,True,False
0.2451000824035493,0.0,False,0.0,0.0,1.0,1.0,0.125,0.1830770631434455,0.04123649038200361,0.5067414187942072,1.0,False,True
0.21769067839603506,0.0,True,0.0,0.0,0.875,0.9375,0.125,0.24261574869978975,0.060431217142688946,0.44136377084123013,1.0,True,False
0.47562427474088975,0.0,False,0.0,1.0,0.875,0.9000000000000001,0.125,0.046240937526372816,0.02857184866370192,0.8149099579337205,1.0,False,False
0.27898645911348063,0.0,True,0.0,0.0,1.0,0.9750000000000001,0.125,0.26420395820684706,0.11377817046015234,0.4514324154680267,1.0,True,False
0.21702586163541515,0.0,False,0.0,1.0,1.0,1.0,0.0,0.29419561203654654,0.05525920482407059,0.4458845276253822,1.0,True,False
0.301182917957444,0.25,False,1.0,0.0,1.0,0.9500000000000002,0.125,0.3680913847879648,0.15453903075480918,0.29918607800161734,1.0,True,False
0.3844514733451213,0.5,False,0.0,1.0,0.875,0.8500000000000001,0.125,0.2710663502648262,0.024691691293309427,0.45494832186907286,1.0,False,False
0.2578948508235197,0.0,True,1.0,0.0,1.0,0.9625000000000001,0.125,0.26265924513657235,0.22816267255082226,0.42034176133496937,1.0,True,False
0.18737195064672119,0.0,True,0.0,0.0,1.0,0.9625000000000001,0.125,0.2885462448048872,0.03368041707880166,0.39159637613256004,1.0,True,False
0.37201253251302,1.0,True,0.0,0.0,1.0,0.9500000000000002,0.25,0.34618061729497385,0.02202576278940531,0.3764192277738101,1.0,False,False
0.319169647423149,0.0,False,1.0,0.0,0.875,0.9625000000000001,0.125,0.2668586502186009,0.04947856458173114,0.4068335642385459,1.0,False,False
0.20650720037569026,0.25,False,0.0,1.0,0.875,0.8500000000000001,0.125,0.23228428293647171,0.05766728124456304,0.5602151791473025,1.0,True,False
0.4254730506297454,0.5,False,1.0,0.0,1.0,0.925,0.25,0.28128726757807987,0.057898867112527966,0.4375357589396238,1.0,False,False
0.4355386778941134,0.25,False,0.0,1.0,1.0,1.0,0.125,0.10750035480220911,0.04807386852190415,0.6753565144909706,1.0,False,False
0.3897304736398196,0.0,False,0.0,1.0,1.0,0.9375,0.0,0.09771473237654187,0.05114842178945658,0.6627126906721563,1.0,False,False
0.28239833003520975,0.75,False,0.0,0.0,0.875,0.8375000000000001,0.125,0.20240684801202227,0.05776167334697671,0.47594464778657297,1.0,False,False
0.21746934944105067,0.0,False,0.0,0.0,1.0,0.9750000000000001,0.125,0.26372255957374907,0.004570336398767019,0.49658914259643505,1.0,True,False
0.36032667829362286,0.0,False,0.0,0.0,1.0,0.9750000000000001,0.125,0.38594639792272095,0.09838779832765125,0.3184695365708967,1.0,False,False
0.5701925052288922,1.0,False,0.0,1.0,0.625,0.65,0.375,0.09992790832223977,0.055592393874085946,0.6599121877723357,1.0,False,False
0.46220411033703235,0.75,False,0.0,0.0,1.0,0.9750000000000001,0.375,0.36393939306648015,0.22654315109164141,0.31569523734160154,1.0,False,False
0.28239833003520975,0.0,False,0.0,0.0,1.0,1.0,0.125,0.47245480725946487,0.08128921791048092,0.2283288079180943,1.0,True,False
0.39354810412812513,0.0,True,1.0,0.0,1.0,0.875,0.125,0.1798732763180152,0.06316833254985102,0.6168532067490782,1.0,True,False
0.44955154077707105,0.0,False,0.0,1.0,1.0,0.925,0.125,0.06757900888145853,0.0441573558347917,0.836338321564376,1.0,False,False
0.1514272581382603,0.0,False,0.0,1.0,0.5,0.7125,0.125,0.3647150130626564,0.06390587079826765,0.34826584331899446,1.0,True,False
0.2698287963784185,0.75,False,0.0,1.0,0.625,0.75,0.125,0.11488876737940024,0.04477608048247866,0.6564928131581174,1.0,True,False
0.45387008262259465,1.0,False,0.0,0.0,0.625,0.9625000000000001,0.125,0.29727702380042065,0.044747148869402585,0.4312037116329348,1.0,True,False
0.4358624046356586,0.0,True,0.0,0.0,1.0,0.9875,0.125,0.3342675522316252,0.011276110660666722,0.35358604138699423,1.0,False,False
0.16413537063823236,0.0,False,0.0,0.0,1.0,1.0,0.125,0.4431251657836064,0.09509117026507309,0.2514245121775962,1.0,True,False
0.2475470656322637,0.0,False,1.0,0.0,1.0,1.0,0.125,0.35934544370326166,0.10298846417503951,0.36936031156651716,1.0,True,False
0.37712924172165085,0.5,False,0.0,1.0,0.875,0.9125000000000001,0.25,0.08630010228530893,0.04350439375290639,0.6785107934431314,1.0,False,False
0.1968245844728419,0.0,False,0.0,1.0,0.875,0.825,0.125,0.25304901357094617,0.046490707814223785,0.499286228301123,1.0,True,False
0.23375190125738088,0.25,False,0.0,1.0,0.875,0.7750000000000001,0.125,0.24823549265372633,0.03440244958157276,0.494559329725516,1.0,True,False
0.2613872253985209,0.0,False,0.0,1.0,0.875,0.8875,0.0,0.22688932901399902,0.009605028695931044,0.583682663418031,1.0,False,False
0.35201626209856707,1.0,False,1.0,0.0,0.75,0.75,0.25,0.8338057156251473,0.5423286022118428,0.06604960099105428,1.0,False,False
0.42608925914471796,0.5,False,1.0,0.0,0.875,0.8875,0.25,0.2785197815061795,0.054849065614421474,0.4172313142914754,1.0,False,False
0.42567869131748937,0.75,False,0.0,0.0,0.875,0.9750000000000001,0.375,0.2761424467312568,0.04974693515075583,0.4260517846721372,1.0,False,False
0.18258468860567967,0.0,False,0.0,1.0,0.75,0.8625,0.125,0.48542588564934935,0.0849021913733035,0.29027218795961973,1.0,True,False
0.24088057908739002,0.0,True,0.0,0.0,1.0,0.9750000000000001,0.125,0.09809353753994488,0.02595309847112858,0.6961071199262467,1.0,True,False
0.2043742145179328,0.0,False,0.0,0.0,1.0,1.0,0.125,0.40669735498059617,0.1132868056570094,0.2761242924954621,1.0,True,False
0.19781696967121776,0.0,False,0.0,0.0,0.875,0.8125,0.125,0.49436006562866497,0.4691372302029969,0.2221881250963651,1.0,True,False
0.13352361620659736,0.25,False,1.0,0.0,1.0,1.0,0.125,0.2195881595124549,0.12186548579025082,0.46611328314952183,1.0,True,False
0.16856632059829957,0.0,False,0.0,0.0,1.0,0.9500000000000002,0.125,0.5860145175422742,0.23491523374800374,0.1603868235577115,1.0,True,False
0.41919033406411177,0.5,False,0.0,1.0,1.0,0.875,0.125,0.1871608012331797,0.044931701128674166,0.6126235196512964,1.0,False,False
0.38140054457333117,0.0,True,1.0,0.0,1.0,0.9000000000000001,0.125,0.2142811628539662,0.08828291396430478,0.6323294192863091,1.0,False,False
0.30214751313210064,0.0,False,0.0,0.0,1.0,0.9750000000000001,0.125,0.43743154684632424,0.3342353868970333,0.2618480145437667,1.0,False,False
0.18737195064672119,0.0,False,1.0,0.0,1.0,1.0,0.125,0.2967813494886888,0.1885376845717811,0.3857354270137596,1.0,True,False
0.43963843573356554,1.0,False,0.0,1.0,0.875,0.825,0.25,0.1890737706693513,0.016775489461702237,0.5347961824320258,1.0,False,False
0.256122545949362,0.0,True,0.0,0.0,1.0,0.9375,0.125,0.2913008116107766,0.07145316259603361,0.4221732811573764,1.0,True,False
0.37042959557038213,0.0,False,0.0,1.0,0.75,0.75,0.125,0.28055663605575193,0.04702174781202018,0.47006760811349113,1.0,True,False
0.17738731210750946,0.0,False,0.0,1.0,0.875,0.8,0.125,0.40352211517334763,0.0058774536880079175,0.31415033075889887,1.0,True,False
0.39098439991518685,0.75,False,0.0,1.0,0.875,0.6875,0.375,0.4768296438223929,0.19953641976317082,0.2398345551692349,1.0,False,False
0.2925475251036235,0.0,False,0.0,1.0,1.0,0.9375,0.125,0.036251907391941784,0.03444357817476246,0.8109946360977873,1.0,True,False
0.22987081477479465,0.0,False,1.0,0.0,0.875,0.9750000000000001,0.125,0.056092721786894284,0.03514720507718781,0.9058296963398629,1.0,True,False
0.3863426943103089,0.25,False,0.0,0.0,1.0,0.9375,0.25,0.41654365463055243,0.11691822289220562,0.2964629140231765,1.0,False,False
0.26916805342900985,0.0,False,0.0,0.0,0.75,0.7125,0.125,0.26554359175872755,0.016515373408196508,0.4833324511826207,1.0,True,False
0.2517953688024823,0.0,False,0.0,1.0,0.75,0.7125,0.125,0.5487489394159671,0.029515994122513732,0.17488378823464723,1.0,True,False
0.3701487820458734,0.5,False,1.0,0.0,0.5,0.375,0.0,0.2639731462694163,0.0457480830992347,0.4877257442823264,1.0,False,False
0.2347592869000048,0.0,False,0.0,0.0,1.0,0.75,0.125,0.359849930915258,0.18609180608266332,0.3177920258484719,1.0,True,False
0.14253229716796056,0.0,False,0.0,1.0,0.875,0.7750000000000001,0.125,0.26310233330183636,0.030456443403077387,0.4970848940523245,1.0,True,False
0.18339158825813184,0.0,True,1.0,0.0,1.0,0.9875,0.125,0.4153896798621681,0.12745123844973058,0.27107342945268,1.0,True,False
0.16885782018472062,0.0,False,0.0,1.0,0.75,0.8,0.125,0.23269834394665911,0.04891586072929204,0.5323768494929237,1.0,True,False
0.17059683290839522,0.0,False,1.0,0.0,0.875,0.925,0.125,0.22913967670673357,0.16486884071474664,0.48344659136636525,1.0,True,False
0.3078275000186014,0.0,False,0.0,1.0,0.875,0.925,0.0,0.11549781265668209,0.0440687399380141,0.6282283874902936,1.0,False,False
0.19831108880083492,0.0,False,0.0,0.0,1.0,0.0,0.125,0.5075272199981078,0.31385504598830516,0.20000946910157857,1.0,True,False
0.24010249938599726,0.0,False,1.0,0.0,0.75,0.9500000000000002,0.125,0.2746381189225223,0.15215598382178913,0.41764349203805784,1.0,True,False
0.21501633507485973,0.5,False,0.0,1.0,0.625,0.675,0.125,0.2969928676451304,0.033056345333651836,0.4176329124408731,1.0,True,False
0.2347592869000048,0.0,False,0.0,1.0,1.0,0.9125000000000001,0.125,0.5724967316341173,0.06329630182922813,0.16125616418295108,1.0,True,False
0.24810699415119353,0.0,False,1.0,0.0,0.875,0.9125000000000001,0.0,0.2570995890139468,0.02727473578634132,0.4666100293444537,1.0,False,False
0.22335041887289453,0.0,True,0.0,0.0,0.875,0.9375,0.125,0.4337939082676499,0.12490012949655047,0.2811946352370336,1.0,True,False
0.22966417662094474,0.0,False,0.0,1.0,0.875,0.8875,0.125,0.2063281507916504,0.030316062317665444,0.5278211807461282,1.0,True,False
0.19756939318629507,0.0,False,0.0,1.0,0.75,0.675,0.125,0.3456221249735538,0.03825261476895981,0.3674346684437242,1.0,True,False
0.511752051464131,1.0,False,0.0,1.0,0.75,0.75,0.25,0.2168322566799469,0.03925574353572215,0.5228668664199503,1.0,False,False
0.18339158825813184,0.0,False,1.0,0.0,1.0,0.9625000000000001,0.125,0.5072807020108627,0.07510470154197349,0.20685399963671913,1.0,True,False
0.32028980254117856,0.0,True,0.0,0.0,1.0,0.9875,0.125,0.12300887282743898,0.04606387048527127,0.6347918327985473,1.0,True,False
0.29698849880982003,0.0,False,1.0,0.0,1.0,0.9625000000000001,0.125,0.24686648365516134,0.014474713497367024,0.4837009576035787,1.0,False,False
0.34187498828329843,0.5,False,0.0,0.0,1.0,0.75,0.125,0.4162087984870561,0.05968603523069986,0.3228292016817196,1.0,False,False
0.2962796877302484,0.0,False,0.0,0.0,1.0,0.925,0.125,0.23509627704380218,0.011734278092150451,0.49719059074064464,1.0,True,False
0.42109861505628843,1.0,False,0.0,1.0,0.75,1.0,0.25,0.07596110140459225,0.057937723880004746,0.7321431260936397,1.0,False,False
0.4481688395224911,1.0,False,0.0,1.0,0.875,1.0,0.375,0.1291482928151121,0.02874984793813035,0.6707543575276023,1.0,False,False
0.3116459136988182,0.0,False,0.0,0.0,1.0,1.0,0.125,0.4848709478974121,0.09642615149990648,0.285549065700228,1.0,False,False
0.1602036306527207,0.0,False,0.0,1.0,0.75,0.8375000000000001,0.125,0.22913514013161246,0.11288227055724012,0.4591063775056621,1.0,True,False
0.3994428122393511,0.0,False,0.0,0.0,1.0,0.925,0.125,0.2768151876253867,0.04655150135511227,0.46376798076414394,1.0,False,False
0.18123164832544447,0.0,False,1.0,0.0,1.0,1.0,0.125,0.7703817139271285,0.8772713458547834,0.08335445448240919,1.0,True,False
0.29152915438459825,0.25,True,1.0,0.0,0.875,0.9375,0.125,0.2403448041460799,0.07770623861520544,0.44701728432247956,1.0,True,False
0.2412683432816859,0.0,False,0.0,1.0,1.0,1.0,0.125,0.1309530296730116,0.010279929343056757,0.6168326806781588,1.0,True,False
0.23655829365336611,0.25,False,0.0,1.0,0.875,0.8500000000000001,0.125,0.17526927653000507,0.07515482172559612,0.5773724663330113,1.0,True,False
0.14621015424893014,0.0,False,1.0,0.0,1.0,0.9750000000000001,0.125,0.44563447603357564,0.12691699428574393,0.30423439413444475,1.0,True,False
0.2550506038158944,0.0,False,0.0,1.0,1.0,0.7875000000000001,0.0,0.22497989352751305,0.005494580543649343,0.5853508788419004,1.0,False,False
0.28054544643909585,0.0,False,0.0,1.0,1.0,1.0,0.0,0.447613534743009,0.010644904127307453,0.26566983307801917,1.0,False,False
0.3062231134271275,0.0,False,0.0,0.0,1.0,0.9750000000000001,0.125,0.11137109287761729,0.051384718691213215,0.6571164017932958,1.0,True,False
0.15835917607605532,0.0,False,0.0,1.0,1.0,0.875,0.125,0.5464889971354223,0.4645392809935074,0.17859981230907507,1.0,True,False
0.250145080649786,0.0,True,0.0,0.0,1.0,0.9375,0.125,0.37213748076626685,0.2297843321277979,0.32052476018111364,1.0,True,False
0.4565959100641884,0.75,False,0.0,1.0,1.0,1.0,0.375,0.08719318865225363,0.04620959971187653,0.6783806866648843,1.0,False,False
0.23536098458677301,0.0,False,0.0,1.0,0.875,1.0,0.125,0.240911317754841,0.03658381679192252,0.4795896834673621,1.0,True,False
0.4296082759617851,0.5,False,0.0,1.0,0.875,0.75,0.25,0.246201613949015,0.00842017603726202,0.48290746399665796,1.0,False,False
0.19557624719088196,0.25,False,0.0,1.0,0.75,0.825,0.125,0.2288767859345373,0.008247374151552325,0.43992934788084304,1.0,True,False
0.3872807995717006,0.75,False,0.0,1.0,0.75,0.8625,0.375,0.2330822391702259,0.02428301269731464,0.4930007809406505,1.0,False,False
0.3172868642569945,0.5,False,0.0,1.0,0.75,0.7875000000000001,0.125,0.3964578544296483,0.02930894828167483,0.320611354923392,1.0,False,False
0.0870647645210545,0.0,False,0.0,1.0,0.875,0.8375000000000001,0.0,0.48825411980395594,0.15514444962918567,0.29052310338429344,1.0,True,False
0.4560771741693238,1.0,False,0.0,1.0,0.875,0.8125,0.25,0.19550779566000798,0.038079332913845895,0.5144776682288601,1.0,False,False
0.49803366317896225,1.0,True,0.0,1.0,0.875,0.875,0.375,0.4734727331674236,0.21337826539400107,0.30844760179064723,1.0,False,False
0.4049940975947658,0.75,False,0.0,0.0,1.0,0.9875,0.25,0.274698466430408,0.009886513941654079,0.41856643404184246,1.0,False,False
0.3369741089395214,0.5,False,1.0,0.0,0.875,1.0,0.125,0.3022744657259557,0.21841856022407635,0.3793927137156321,1.0,False,False
0.4893490367310339,0.5,False,0.0,1.0,0.875,0.9000000000000001,0.25,0.23994562409419093,0.039609882349998425,0.5664256690588569,1.0,False,False
0.2748678049197125,0.0,True,0.0,0.0,1.0,1.0,0.125,0.42707488907880087,0.027031405875471932,0.284974083897088,1.0,True,False
0.3044685007671454,0.0,False,0.0,1.0,0.0,0.0,0.125,0.09801090591761394,0.06832099518178739,0.6950077744115832,1.0,True,False
0.22695575141330848,0.25,False,0.0,1.0,0.875,0.7750000000000001,0.125,0.12059957507175947,0.01379092740975371,0.6272479640198116,1.0,True,False
0.4135593689740954,1.0,False,0.0,1.0,0.875,0.925,0.25,0.18287441772459218,0.00512014194008633,0.5441965684174228,1.0,False,False
0.35520393086437474,0.25,False,0.0,0.0,1.0,0.9625000000000001,0.25,0.34526013581877046,0.023973367327062175,0.3370864147414345,1.0,False,False
0.32983018597443314,0.0,False,0.0,1.0,0.75,0.6875,0.0,0.24115305182839272,0.06141274574597198,0.5218954826784257,1.0,False,False
0.2743863651066005,0.0,True,1.0,0.0,1.0,0.9875,0.125,0.36809177819166305,0.12979938279817044,0.3608541832324821,1.0,True,False
0.17821813856939095,0.25,False,0.0,1.0,0.75,0.7750000000000001,0.125,0.3074210049286356,0.04484163304829569,0.4138889526422931,1.0,True,False
0.3750455590967342,0.5,False,0.0,1.0,1.0,0.825,0.125,0.22019581274937877,0.09021810175221623,0.4523241077350415,1.0,False,False
0.24049196569802778,0.0,False,1.0,0.0,0.875,0.9375,0.125,0.17352034149065265,0.06359620626871013,0.5404115083732046,1.0,True,False
0.20674262387937503,0.0,True,0.0,0.0,1.0,0.9625000000000001,0.125,0.2534451647921894,0.17744886985332925,0.42098546548955396,1.0,True,False
0.38787520380299145,0.0,True,1.0,0.0,1.0,0.9875,0.125,0.34007733458024114,0.21811345715857586,0.3380680028940213,1.0,False,False
0.3469646931144933,0.25,False,1.0,0.0,0.625,0.875,0.125,0.27372179302912103,0.007916302176191287,0.41984513274333346,1.0,False,False
0.2239920000991058,0.0,True,1.0,0.0,1.0,1.0,0.125,0.28553943814009,0.20097574338735394,0.3878835710129722,1.0,True,False
0.2451000824035493,0.0,False,0.0,0.0,0.875,0.7000000000000001,0.125,0.4078184388347822,0.019720969862339115,0.2760540554806308,1.0,True,False
0.26052055428457976,0.0,False,0.0,0.0,0.875,0.9125000000000001,0.125,0.4527604142026121,0.2721962042283531,0.24736945213577388,1.0,False,False
0.24395922323095953,0.0,False,1.0,0.0,1.0,1.0,0.125,0.41023097381640417,0.22361545310270525,0.3172750277914578,1.0,True,False
0.3460013029308767,0.5,False,0.0,0.0,0.75,0.75,0.25,0.2538673240404474,0.10802242740441781,0.4676380668458915,1.0,False,False
0.1210076859605198,0.0,False,0.0,0.0,0.25,0.5,0.125,0.780721351929221,0.6457396573965275,0.09204453441541949,1.0,True,False
0.11241183227452445,0.0,False,0.0,1.0,0.75,0.8,0.125,0.6789631795679764,0.636801676553373,0.1335490971621316,1.0,True,False
0.27277206622777384,0.0,False,0.0,0.0,1.0,1.0,0.25,0.5605891527939892,0.1661900281110874,0.23914494159340527,1.0,True,False
0.14320669321579982,0.0,False,0.0,1.0,0.875,0.8125,0.125,0.35664894250346413,0.03936321558038767,0.3604958762642474,1.0,True,False
0.48380818518898916,1.0,False,0.0,1.0,0.75,1.0,0.25,0.2515076997144219,0.026276808189557237,0.51859365898252,1.0,False,False
0.42074677444636677,0.25,False,0.0,1.0,0.875,0.9500000000000002,0.125,0.09226902368578399,0.007588339021823523,0.6825249157363684,1.0,False,False
0.260346710962445,0.0,False,0.0,0.0,0.875,0.9375,0.125,0.38183746672315677,0.17071810546179028,0.2880937084181574,1.0,False,False
0.3784751011629198,0.5,False,0.0,1.0,1.0,0.6625000000000001,0.125,0.3178291830069157,0.01431848321911136,0.36813256107731784,1.0,False,False
0.39395815799368583,0.5,False,0.0,1.0,0.625,0.5,0.125,0.18773171829041418,0.014754106799794097,0.54933977290895,1.0,False,False
0.4771173053493173,0.75,False,0.0,1.0,0.875,0.5,0.125,0.08196932736466131,0.006670868757754359,0.7442027776543889,1.0,False,False
0.26379162497329345,0.0,False,1.0,0.0,1.0,0.9000000000000001,0.125,0.5624672793479989,0.0569861607246454,0.16685311563883576,1.0,True,False
0.44955154077707105,0.0,False,0.0,1.0,1.0,0.5,0.125,0.07492350795969809,0.05291475827957919,0.7969008189132003,1.0,False,False
0.43180583668672556,0.25,False,1.0,0.0,1.0,1.0,0.125,0.2382065398778962,0.06868804032582326,0.5219416003074386,1.0,False,False
0.29684696291536883,0.5,False,0.0,0.0,0.875,0.8125,0.125,0.46424358140606614,0.07594690859170253,0.290353418286442,1.0,False,False
0.16885782018472062,0.0,False,0.0,0.0,1.0,1.0,0.125,0.7710245281634327,0.8846441638829748,0.08281447362735705,1.0,True,False
0.23596064893911328,0.0,False,0.0,0.0,1.0,0.9875,0.125,0.18295814237517016,0.08184868196061745,0.529770170089584,1.0,True,False
0.14219413557029703,0.0,False,0.0,1.0,0.875,0.8375000000000001,0.125,0.306327551561964,0.06318253206983113,0.4250540784460983,1.0,True,False
0.46914830671704777,0.0,True,1.0,0.0,1.0,1.0,0.25,0.33948798962727483,0.18949816308598555,0.33195387381468455,1.0,False,False
0.3196683673025521,0.25,False,0.0,1.0,1.0,0.9625000000000001,0.125,0.19175093096591542,0.0984396916423245,0.5040350513771856,1.0,True,False
0.14219413557029703,0.0,False,0.0,1.0,0.75,0.7750000000000001,0.125,0.3113050775406335,0.0784471387645564,0.42189331501584304,1.0,True,False
0.16885782018472062,0.0,False,1.0,0.0,1.0,1.0,0.125,0.2176968163958965,0.1226373820136683,0.47246139145483856,1.0,True,False
0.1210076859605198,0.0,False,0.0,1.0,0.875,0.8125,0.125,0.3207273620347122,0.021419363347765674,0.39466117003735257,1.0,True,False
0.17655257740394903,0.0,False,0.0,0.0,1.0,0.9875,0.125,0.29556742861478646,0.2034503783641136,0.38731617069007584,1.0,True,False
0.14253229716796056,0.0,False,0.0,1.0,0.875,0.875,0.125,0.3671438514939011,0.12154046293166512,0.35770847510251347,1.0,True,False
0.19831108880083492,0.0,False,1.0,0.0,1.0,1.0,0.0,0.33207366980947434,0.04991539811227639,0.40892074206814777,1.0,True,False
0.34165513299320593,0.25,False,1.0,0.0,0.875,0.8625,0.125,0.11138335392341675,0.05123140279742459,0.6359914540967071,1.0,False,False
0.1717467783888943,0.0,False,0.0,1.0,0.875,0.8875,0.125,0.41697333568044687,0.036760285034869535,0.2975617017915104,1.0,True,False
0.21115733074156973,0.0,False,0.0,0.0,1.0,1.0,0.0,0.2984469673986635,0.025223138219377737,0.417619316679291,1.0,True,False
0.5647702100372448,0.5,False,0.0,1.0,1.0,0.8625,0.25,0.06946417087225312,0.026224224585236294,0.8140901028240699,1.0,False,False
0.41747668306967867,1.0,False,0.0,0.0,0.875,0.9750000000000001,0.25,0.21776580224135056,0.1022168224529634,0.47863171552753836,1.0,True,False
0.34567900706557164,0.5,True,1.0,0.0,1.0,0.9625000000000001,0.125,0.1657387467390601,0.011709855068253438,0.5930702142202449,1.0,False,False
0.2433860312682724,0.0,True,1.0,0.0,1.0,0.9125000000000001,0.125,0.31413789097856815,0.03894438272380633,0.40827675539051844,1.0,True,False
0.36492017887781325,0.5,False,0.0,1.0,0.75,0.7000000000000001,0.125,0.24929289281789394,0.03332687650378728,0.47329598292419783,1.0,False,False
0.2622496842503297,0.0,False,1.0,0.0,1.0,0.9750000000000001,0.125,0.2618632461060353,0.1453382133573378,0.4059911699339984,1.0,True,False
0.25558738430249694,0.5,False,1.0,0.0,0.75,0.7750000000000001,0.25,0.23025064782825921,0.07898028139745156,0.514682170846601,1.0,False,False
0.25379176517616986,0.0,False,1.0,0.0,1.0,0.75,0.0,0.3241217444107849,0.04131200456470396,0.4089650596956349,1.0,False,False
0.04388181869188723,0.0,False,0.0,0.0,0.875,0.9125000000000001,0.125,0.425666386901298,0.24468403522681575,0.2570423408335014,1.0,True,False
0.304604088647333,0.25,False,0.0,1.0,1.0,0.9500000000000002,0.125,0.06825602622480985,0.04121298543118939,0.8947943590939884,1.0,True,False
0.233144713316363,0.0,False,0.0,1.0,1.0,1.0,0.125,0.16485762384011088,0.06005643484203273,0.558071048040554,1.0,True,False
0.13101797407266458,0.0,False,0.0,0.0,1.0,0.9500000000000002,0.125,0.4719419817243978,0.12873831277318867,0.22670285103572008,1.0,True,False
0.19607663641723527,0.0,True,1.0,0.0,1.0,0.9625000000000001,0.125,0.2323617425068548,0.020692563985125475,0.5758425860861778,1.0,False,True
0.2235645371255457,0.0,False,0.0,1.0,0.875,0.8375000000000001,0.125,0.07288545612614528,0.03305139811676808,0.7155684224869474,1.0,True,False
0.257541803103415,0.25,False,1.0,0.0,1.0,1.0,0.125,0.3293515930454784,0.2345044793247147,0.366242946129512,1.0,True,False
0.31766502241327654,0.25,True,0.0,1.0,1.0,0.9625000000000001,0.125,0.1736794038215794,0.06789772638636275,0.5214924584342573,1.0,True,False
0.07903505181335913,0.0,False,1.0,0.0,1.0,1.0,0.125,0.9223062307215688,0.6179656292013692,0.0291133697165864,1.0,True,False
0.21023700219550734,0.0,False,0.0,1.0,1.0,0.75,0.125,0.566303000343414,0.06321589140153165,0.16466881390282806,1.0,True,False
0.18123164832544447,0.0,True,1.0,0.0,1.0,0.9750000000000001,0.125,0.26295029124882136,0.02447871190458297,0.39942930170973323,1.0,True,False
0.1632357473303182,0.0,False,1.0,0.0,1.0,0.8875,0.125,0.412293179670786,0.058938128504827714,0.29924082385382444,1.0,True,False
0.20508806235318777,0.0,False,0.0,1.0,0.875,0.8125,0.125,0.2363188343267335,0.07245905277425989,0.5528663672524821,1.0,True,False
0.35581433947160546,0.5,False,0.0,1.0,1.0,1.0,0.125,0.7044028513542638,0.5430196880670662,0.12758677821583464,1.0,False,False
0.35055768371235974,0.5,False,0.0,1.0,0.875,0.8,0.125,0.19570262927962892,0.0012496823830583101,0.5292367442597219,1.0,False,False
0.2813198338470281,0.0,False,1.0,0.0,0.875,0.7875000000000001,0.125,0.15129948895623543,0.045552421361336845,0.5964334341865425,1.0,True,False
0.26156005283736583,0.0,True,0.0,0.0,1.0,1.0,0.125,0.33309027601536406,0.04068488538145326,0.37226623316856955,1.0,True,False
0.24604522726389022,0.25,False,0.0,1.0,1.0,1.0,0.125,0.4510176461734433,0.04569461008717912,0.27723446127130535,1.0,True,False
0.42109861505628843,1.0,False,0.0,1.0,1.0,1.0,0.25,0.0737258020562006,0.04719031486196427,0.7398427402264418,1.0,False,False
0.08935891432104215,0.5,False,0.0,0.0,1.0,0.75,0.25,0.5760188843793733,0.6346600980732321,0.18333598841441345,1.0,True,False
0.3573312373967369,0.25,False,1.0,0.0,0.875,0.8500000000000001,0.0,0.27565782835807306,0.018765994142402334,0.4506807602237295,1.0,False,False
0.27277206622777384,0.0,False,0.0,0.0,1.0,0.9375,0.125,0.17099030968455578,0.030868066505084318,0.5358476694044323,1.0,True,False
0.35662496503960506,0.0,False,0.0,1.0,0.75,0.75,0.125,0.14170698632934556,0.06993632470446756,0.5794977390632348,1.0,True,False
0.4500299659344883,0.0,False,1.0,0.0,1.0,1.0,0.125,0.26300616342897687,0.025550723847552317,0.41096239551224145,1.0,True,False
0.18365974150551534,0.0,False,0.0,0.0,1.0,1.0,0.125,0.5171076403767202,0.10252664993256419,0.20151561330325674,1.0,True,False
0.3234866442354115,0.5,False,1.0,0.0,0.875,0.8125,0.125,0.20948067622339972,0.02403836083455359,0.5944722141813812,1.0,False,False
0.685276986140623,1.0,False,0.0,1.0,1.0,1.0,0.375,0.013178443458424522,0.02003974797761874,0.968686782652493,1.0,False,False
0.380342318733485,0.5,False,0.0,1.0,0.875,0.7750000000000001,0.125,0.07443584426818924,0.019502385720044507,0.7296980721597492,1.0,False,False
0.19831108880083492,0.0,False,0.0,0.0,0.875,0.9125000000000001,0.125,0.463091517125225,0.06972884304408491,0.29567213652304725,1.0,True,False
0.4240268542548794,0.5,False,0.0,1.0,1.0,0.75,0.125,0.24689853812287685,0.035963784621008604,0.47711722355645536,1.0,False,False
0.10795254270854027,0.0,False,0.0,1.0,1.0,1.0,0.125,0.20297926099413355,0.01301801719011794,0.517228430783848,1.0,True,False
0.21879320116125267,0.0,True,1.0,0.0,1.0,0.9375,0.125,0.14882235172718639,0.043845593278194185,0.5850767820887177,1.0,True,False
0.43345272332910445,1.0,False,1.0,0.0,0.875,0.9125000000000001,0.25,0.23780997433422355,0.08106059897095043,0.4666988311873481,1.0,False,False
0.4424653950880447,0.5,False,0.0,1.0,0.75,1.0,0.125,0.2038395200708866,0.1614277972313106,0.482282266402529,1.0,False,False
0.1844617784831757,0.0,False,0.0,0.0,0.625,0.7625,0.0,0.2246667485890365,0.0847465611360381,0.465410289454705,1.0,True,False
0.46823437200101725,0.5,False,0.0,1.0,0.25,0.5,0.125,0.24742894122980633,0.09127539489228478,0.49355868382651624,1.0,False,False
0.17794162840544014,0.0,False,0.0,0.0,0.875,1.0,0.125,0.5197132974701698,0.2264977183054183,0.19248658419618447,1.0,True,False
0.33343809556493376,0.0,False,1.0,0.0,1.0,0.8375000000000001,0.125,0.3361071669668769,0.09487534326500975,0.39257330940941415,1.0,False,False
0.28054544643909585,0.0,False,0.0,1.0,1.0,0.8875,0.0,0.4530630702887078,0.10170055743696045,0.260555799141174,1.0,False,False
0.1602036306527207,0.0,False,0.0,1.0,0.75,0.8125,0.125,0.2261007802340388,0.10765702418551454,0.4632077306758131,1.0,True,False
0.16885782018472062,0.0,False,0.0,0.0,1.0,0.9625000000000001,0.125,0.5107842065482825,0.28699640229680595,0.19771319013919486,1.0,True,False
0.4796118135382884,0.5,False,0.0,0.0,1.0,0.9125000000000001,0.25,0.3137100137296734,0.03922837619719714,0.40579772002410075,1.0,False,False
0.3882139715493874,1.0,False,0.0,1.0,1.0,0.875,0.125,0.2123620030143583,0.015725591911587494,0.6158564301232192,1.0,False,False
0.17904509321601503,0.0,True,1.0,0.0,1.0,1.0,0.125,0.20548537903117414,0.10011871137881587,0.4888104987659274,1.0,True,False
0.14421350584311732,0.0,False,1.0,0.0,1.0,1.0,0.125,0.35748299194748173,0.09025532010471762,0.36458481762533435,1.0,True,False
0.19806420122279356,0.0,False,0.0,0.0,1.0,1.0,0.125,0.30414517062916296,0.04174680664927377,0.453599906180308,1.0,True,False
0.43436834709865646,0.5,False,0.0,1.0,0.75,0.6875,0.25,0.15227546329971134,0.049767136128743665,0.5918426457236763,1.0,False,False
0.19075082257961895,0.0,True,1.0,0.0,1.0,0.9500000000000002,0.125,0.3414717188176732,0.036413482613264624,0.3595667504501203,1.0,True,False
0.3672207199021408,0.75,True,0.0,1.0,0.875,0.8625,0.125,0.14732905505919308,0.03855230115471357,0.6003573657621977,1.0,False,False
0.2235645371255457,0.25,False,0.0,1.0,0.75,0.7625,0.125,0.13038860852925366,0.06030382101865443,0.6162258786499457,1.0,True,False
0.12328150458496767,0.0,False,0.0,1.0,0.75,0.7750000000000001,0.125,0.2499592996212661,0.059692679255254864,0.501826519920993,1.0,True,False
0.41289799260935556,0.75,False,0.0,1.0,0.5,0.6625000000000001,0.25,0.289495898976176,0.026800190211917672,0.37108868437509357,1.0,False,False
0.43094337685468165,0.5,False,0.0,0.0,0.875,0.875,0.25,0.13267783485846726,0.04379530483760103,0.6514609546920531,1.0,False,False
0.20389671558586597,0.0,True,0.0,1.0,1.0,0.9375,0.125,0.32029259168259255,0.07160075832223013,0.3418658492114075,1.0,True,False
0.23496007957282694,0.0,True,0.0,0.0,1.0,1.0,0.125,0.33734823452414336,0.02129259310336965,0.34623515705266494,1.0,True,False
0.11201104130645712,0.0,False,0.0,0.0,1.0,1.0,0.125,0.6414999791358317,0.7335313377023951,0.13648923528957413,1.0,True,False
0.2554086378279916,0.0,False,0.0,0.0,1.0,1.0,0.125,0.4659783257871833,0.11993302981285102,0.2434274537526706,1.0,True,False
0.15774007279117597,0.0,False,0.0,1.0,0.875,0.8375000000000001,0.125,0.14351339352679335,0.029978605989445548,0.614940464398277,1.0,True,False
0.3271051347741546,0.75,False,0.0,1.0,0.875,0.825,0.125,0.34497444368917407,0.040387060910676745,0.33271541678055994,1.0,False,False
0.13564350462413632,0.0,False,1.0,0.0,0.75,0.7875000000000001,0.125,0.36857393455326376,0.11121669696478333,0.36026336661045955,1.0,True,False
0.2864979058744641,0.0,False,0.0,0.0,1.0,1.0,0.0,0.5690112542927174,0.10355958841760857,0.16766195356127755,1.0,False,False
0.378206744639609,0.5,False,0.0,1.0,0.875,0.9125000000000001,0.125,0.3386434330850629,0.060909606629481965,0.37836020611536725,1.0,False,False
0.4083491583967803,1.0,False,0.0,1.0,0.75,0.7625,0.125,0.2145788445067022,0.021577976363199476,0.6340611583338691,1.0,False,False
0.39330161621109505,0.75,False,0.0,1.0,0.875,0.75,0.125,0.2917021500186624,0.15745125922769274,0.3960315169212514,1.0,False,False
0.17959426306389814,0.0,False,0.0,0.0,1.0,1.0,0.125,0.5129658227444827,0.004440792541654026,0.2015318492307825,1.0,True,False
0.3423138833685727,0.0,False,0.0,1.0,0.875,0.7875000000000001,0.0,0.2389875993505179,0.052977835321004044,0.532684284976322,1.0,False,False
0.1210076859605198,0.0,False,0.0,1.0,0.75,0.8375000000000001,0.125,0.25755821018044806,0.10333160325562957,0.46857587407627066,1.0,True,False
0.17627345763448277,0.0,False,1.0,0.0,0.625,0.75,0.125,0.3903632050912144,0.017797816480673606,0.32064408992854143,1.0,True,False
0.2959953686354545,0.25,False,0.0,1.0,0.875,0.7875000000000001,0.0,0.4351322916179198,0.050766156252290764,0.3110562485505568,1.0,False,False
0.2525239324786823,0.0,False,0.0,0.0,0.75,0.875,0.0,0.5433888957084702,0.47861771265464265,0.21864179398461858,1.0,False,False
0.25576595090664944,0.0,False,0.0,0.0,0.75,0.825,0.125,0.2295523177220135,0.030659363262263848,0.5911201920239357,1.0,True,False
0.18285406304126817,0.0,False,0.0,1.0,0.625,0.7750000000000001,0.125,0.2127016761574991,0.03823632089624042,0.516995243944562,1.0,True,False
0.30635736774190725,0.0,True,1.0,0.0,1.0,1.0,0.125,0.562450976426518,0.08565561564075719,0.1709209351781633,1.0,True,False
0.3701487820458734,0.0,True,0.0,0.0,0.875,0.9500000000000002,0.125,0.3641283015735012,0.030084099453906252,0.32916005345258026,1.0,False,False
0.2863477466931945,0.5,False,0.0,1.0,0.625,0.625,0.125,0.24699780188273904,0.045026320242955414,0.5414700122754517,1.0,False,False
0.2104675322041195,0.0,True,0.0,1.0,1.0,0.9875,0.125,0.3485527501138447,0.11312651056363986,0.31699734628203036,1.0,True,False
0.14851153312476129,0.0,False,0.0,1.0,0.875,0.8500000000000001,0.125,0.4414176845153211,0.3054091234764747,0.26052277119781353,1.0,True,False
0.25069688375119514,0.25,False,1.0,0.0,0.875,0.8,0.125,0.18686014710125562,0.007413171657709038,0.5380583707781208,1.0,True,False
0.3882139715493874,0.5,False,1.0,0.0,1.0,0.8875,0.125,0.4178873684776538,0.03295379490071091,0.29289116128416803,1.0,False,False
0.283011683321037,0.0,True,1.0,0.0,1.0,0.9875,0.125,0.10966096775809375,0.020519608520443086,0.6684959805729962,1.0,True,False
0.4836105922467858,1.0,False,0.0,1.0,0.75,0.75,0.125,0.032886600168804604,0.02891341047783738,0.8355909189068309,1.0,False,False
0.2517953688024823,0.0,False,0.0,1.0,0.75,0.7875000000000001,0.125,0.5487487962785896,0.029514609731192586,0.17488388458558002,1.0,True,False
0.2737424067449248,0.0,False,0.0,0.0,1.0,0.9500000000000002,0.125,0.27504321939056103,0.02481073633806362,0.4503764065846261,1.0,False,False
0.25069688375119514,0.5,False,1.0,0.0,1.0,0.9500000000000002,0.125,0.34381469553008387,0.11297556356125558,0.37235391513028904,1.0,False,False
0.2780444497937604,0.0,False,0.0,0.0,0.875,0.9500000000000002,0.25,0.13105312515811668,0.06144529051437572,0.6146646520715859,1.0,True,False
0.321526182057874,0.0,False,0.0,1.0,0.75,0.7875000000000001,0.125,0.22841235067732935,0.11488311707138005,0.45623919549654013,1.0,False,False
0.23253544061032672,0.0,False,0.0,1.0,1.0,0.875,0.0,0.3386760835828019,0.0234742270218046,0.34431270490673516,1.0,False,False
0.19632630288517106,0.0,False,0.0,1.0,0.875,0.8625,0.125,0.3478495207398268,0.04261793794488784,0.35236782213354645,1.0,True,False
0.328057732456874,0.0,False,0.0,1.0,1.0,1.0,0.125,0.07697718931806237,0.03193041229926077,0.7155339172299087,1.0,False,False
0.22779352453265422,0.0,True,0.0,0.0,1.0,0.9625000000000001,0.125,0.31802189361013056,0.04672576815344528,0.3584822155056224,1.0,True,False
0.36327239320100924,0.5,False,0.0,1.0,0.875,0.8625,0.25,0.22519898747466832,0.061871286931608885,0.4561349105572581,1.0,False,False
0.3568270441449498,0.25,False,0.0,0.0,0.875,0.9000000000000001,0.125,0.20332487365810722,0.08170172310645754,0.4901917889355787,1.0,False,False
0.25859884600537375,0.0,True,0.0,1.0,1.0,0.8625,0.125,0.31901492413353516,0.0623610042928955,0.36413370091944874,1.0,True,False
0.33389833422413695,0.0,True,1.0,0.0,1.0,0.9750000000000001,0.125,0.3194242611487982,0.06369397097233018,0.36371320011128994,1.0,True,False
0.3705231014134195,0.75,False,0.0,1.0,0.75,0.8125,0.375,0.3952698962297834,0.08416042498314291,0.29032876842788347,1.0,False,False
0.19831108880083492,0.0,False,0.0,0.0,1.0,0.9750000000000001,0.125,0.7998747355305086,0.6379072232786722,0.08228576088139072,1.0,True,False
0.11947545703969908,0.0,False,0.0,1.0,0.75,0.8125,0.125,0.4686666995019724,0.08932670935734532,0.2925447990664236,1.0,True,False
0.3194191825672693,0.5,False,0.0,1.0,1.0,1.0,0.125,0.6420405526144953,0.644947414858194,0.15021946237917372,1.0,False,False
0.2554086378279916,0.0,False,0.0,0.0,0.75,1.0,0.125,0.34706968624541906,0.14657088628679835,0.3286680929040737,1.0,True,False
0.1331678261903072,0.0,True,1.0,0.0,0.875,0.9375,0.125,0.4714899393125894,0.21796117857168085,0.24230164856769454,1.0,True,False
0.4179066497640941,0.0,False,0.0,1.0,1.0,1.0,0.125,0.1074731901613521,0.043904343812071346,0.6594346194269445,1.0,False,False
0.20556237051819792,0.0,False,0.0,0.0,1.0,0.9750000000000001,0.125,0.2564702618516048,0.07574518706660495,0.4271516859237716,1.0,True,False
0.2347592869000048,0.0,False,0.0,0.0,0.875,0.8375000000000001,0.125,0.36163657539755595,0.06362588663989485,0.35858050964609967,1.0,False,False
0.4083491583967803,1.0,False,0.0,1.0,0.875,0.9000000000000001,0.25,0.20744905268706768,0.005767480878446777,0.576174306075931,1.0,False,False
0.19806420122279356,0.25,False,1.0,0.0,1.0,0.9500000000000002,0.125,0.08235337543780692,0.027348605186390245,0.7378351572653594,1.0,True,False
0.44039670598928315,1.0,False,0.0,1.0,1.0,1.0,0.25,0.39855964560908297,0.08062037061301279,0.30687859756349223,1.0,False,False
0.1839274901469682,0.0,False,1.0,0.0,0.875,0.9375,0.125,0.5163030678448227,0.4126321441802326,0.19701046930561295,1.0,True,False
0.28101048429246245,0.0,False,0.0,1.0,0.875,0.8375000000000001,0.125,0.1615229211488545,0.05902290420778236,0.6598611392497533,1.0,True,False
0.47869953327524584,0.5,False,0.0,1.0,1.0,0.8875,0.25,0.09562476177799473,0.03810659142565336,0.663919362862349,1.0,False,False
0.2905049056005683,0.0,False,1.0,0.0,1.0,0.925,0.125,0.3728598484001199,0.018835008557514413,0.3067211410072934,1.0,False,False
0.13352361620659736,0.0,True,0.0,0.0,1.0,0.9750000000000001,0.125,0.6868462872630675,0.7222574401056795,0.12504572182583673,1.0,True,False
0.3623938017677343,0.5,False,0.0,0.0,1.0,1.0,0.125,0.34749317875233526,0.06607434065816341,0.36822654706178515,1.0,False,False
0.439258082064535,0.5,False,0.0,1.0,0.875,0.8375000000000001,0.125,0.18943265687478675,0.014157456848855962,0.5496334840036319,1.0,False,False
0.33228224931863937,0.5,False,0.0,1.0,0.875,0.6625000000000001,0.125,0.11949077474687095,0.04651768850612548,0.6435611747003742,1.0,True,False
0.17655257740394903,0.0,False,0.0,1.0,1.0,1.0,0.125,0.2451676655239909,0.09918599181605321,0.47746587950638975,1.0,True,False
0.11241183227452445,0.0,False,0.0,0.0,1.0,1.0,0.125,0.5131675912111379,0.019858500210500493,0.20091505511127572,1.0,True,False
0.27081532053030977,0.0,False,0.0,0.0,1.0,1.0,0.125,0.38361521989579184,0.16438451602030674,0.2872303366519928,1.0,False,False
0.05583965655484102,0.0,False,1.0,0.0,0.625,0.75,0.125,0.42549048840426773,0.3044270648334156,0.27378514298109646,1.0,True,False
0.25894979900733195,0.5,False,0.0,1.0,0.875,0.8625,0.125,0.12163497584519165,0.04766001704978494,0.6243298948014315,1.0,True,False
0.21069776311509292,0.0,False,1.0,0.0,1.0,0.9875,0.125,0.16143564956125794,0.01323454858201801,0.5535276648268332,1.0,True,False
0.1539793960592688,0.0,False,1.0,0.0,0.75,0.7875000000000001,0.125,0.3439742450624391,0.030590371867543573,0.376357074108961,1.0,True,False
0.3673159315509854,0.0,False,1.0,0.0,0.875,0.75,0.125,0.19313668173480322,0.023905868046642756,0.7159340000179086,1.0,True,False
0.233144713316363,0.5,False,0.0,1.0,1.0,0.8875,0.125,0.1296668563179983,0.02212819205401823,0.6157701599620222,1.0,True,False
0.39231222637129115,0.5,False,0.0,1.0,0.875,0.8375000000000001,0.125,0.2139146255706242,0.014251183204133192,0.6293013630636373,1.0,False,False
0.3611169958676802,0.5,False,0.0,1.0,1.0,0.9125000000000001,0.25,0.20015781358592394,0.10789444169148235,0.49003129236531295,1.0,True,False
0.3732135571427523,0.5,False,0.0,1.0,1.0,1.0,0.125,0.036728654984672815,0.03364692513461214,0.8090838345398015,1.0,False,False
0.20861485165257365,0.0,False,0.0,0.0,0.875,0.9125000000000001,0.125,0.15750312923050158,0.044103234280934246,0.5696771758565651,1.0,True,False
0.1370428236348713,0.0,False,0.0,0.0,0.875,0.8375000000000001,0.125,0.640703430518608,0.25377743162398464,0.17318056608386878,1.0,True,False
0.3723829450910586,0.25,False,0.0,1.0,0.75,0.75,0.125,0.20730430365481087,0.12077994888665172,0.5467979814703432,1.0,True,False
0.4569408934592304,1.0,False,0.0,1.0,0.5,0.5,0.25,0.12677643430657443,0.02535751943434116,0.6166186274010879,1.0,False,False
0.48395623564052836,1.0,False,0.0,1.0,0.875,0.8625,0.25,0.09704728673975502,0.014193159792660738,0.7019470071351641,1.0,False,False
0.1839274901469682,0.0,True,0.0,0.0,1.0,0.9750000000000001,0.125,0.3245038552194434,0.06157870285611308,0.33885578907589275,1.0,True,False
0.4445102454387856,0.5,False,0.0,1.0,0.875,0.825,0.125,0.07785856625167696,0.055513308778881984,0.8081740918546361,1.0,False,False
0.2745469902200719,0.0,False,0.0,0.0,0.875,0.9500000000000002,0.125,0.2031448347816813,0.02090019646882004,0.6090867985626214,1.0,False,False
0.2271655657901398,0.0,False,1.0,0.0,1.0,0.875,0.125,0.37318913237207335,0.06453827453663907,0.31014243452954404,1.0,True,False
0.3135891779560066,0.0,False,0.0,0.0,1.0,1.0,0.125,0.22778625931766613,0.06138828615308144,0.5439680083616458,1.0,False,False
0.6533302980445258,0.0,False,1.0,0.0,1.0,1.0,0.125,0.21140977226096505,0.055354269550647664,0.46330129129489483,1.0,False,False
0.23596064893911328,0.0,False,0.0,1.0,0.75,0.75,0.125,0.25572771560724433,0.09937867119838023,0.547230063137941,1.0,True,False
0.19831108880083492,0.0,False,0.0,0.0,0.875,0.9625000000000001,0.125,0.41142121565564094,0.07075529271379861,0.30267381688540707,1.0,True,False
0.310075833289598,0.5,False,0.0,0.0,0.875,0.9125000000000001,0.25,0.29756440572646,0.09092989321421978,0.4063551559614327,1.0,False,False
0.175152567339807,0.0,False,0.0,1.0,0.875,0.9125000000000001,0.125,0.37819690208517215,0.04118510820164697,0.32773537579812717,1.0,True,False
0.21115733074156973,0.0,False,1.0,0.0,1.0,1.0,0.125,0.41931532358794726,0.051756651012834554,0.261883008426109,1.0,True,False
0.21702586163541515,0.0,True,0.0,0.0,1.0,0.9625000000000001,0.125,0.22335763170234904,0.0589197533821297,0.4811278705250799,1.0,True,False
0.19831108880083492,0.0,False,0.0,0.0,1.0,1.0,0.125,0.4080172657743191,0.2124065319814635,0.26750823090460507,1.0,True,False
0.4611975326575767,1.0,False,0.0,1.0,0.875,0.9000000000000001,0.25,0.38381825509290735,0.06391514207624827,0.3207797224821458,1.0,False,False
0.40383567280546073,0.5,False,1.0,0.0,1.0,1.0,0.125,0.2192438545833217,0.09844794741205222,0.47805659350303675,1.0,False,False
0.4330588622315975,0.0,False,0.0,0.0,1.0,0.75,0.125,0.017311959554503622,0.01870697056400142,0.8812916245536586,1.0,False,False
0.14421350584311732,0.25,False,0.0,1.0,0.75,0.7375,0.125,0.10468012424815154,0.060726274430715786,0.6784524458783627,1.0,False,True
0.25964962956097737,0.0,True,1.0,0.0,1.0,0.9500000000000002,0.125,0.6362713529447722,0.49970919251260987,0.1647227348893221,1.0,False,False
0.3238518317885356,0.0,True,0.0,0.0,1.0,0.9875,0.125,0.2072219218014897,0.018472334446072776,0.5747349160157176,1.0,True,False
0.4957866949298507,0.75,False,0.0,1.0,0.875,0.8625,0.25,0.379868886207959,0.04763391196742542,0.32566244510557874,1.0,False,False
0.3268661841772992,0.0,False,0.0,1.0,1.0,0.875,0.125,0.30525115208436754,0.0038032851303954327,0.41363714803827856,1.0,False,False
0.2116157112398308,0.0,True,0.0,1.0,0.875,0.8375000000000001,0.125,0.7693440820120507,0.985437812816737,0.07992139347836313,1.0,True,False
0.11519230533871005,0.0,False,0.0,0.0,1.0,1.0,0.125,0.9109218967420146,0.9156257805253805,0.03142554352010163,1.0,True,False
0.30568507812659484,0.25,False,0.0,1.0,0.875,0.875,0.0,0.18117869604983378,0.04637324363428404,0.6365897160595191,1.0,True,False
0.24585660058783687,1.0,True,1.0,0.0,1.0,0.9625000000000001,0.125,0.41861422603774856,0.14750191334838386,0.2864276907616914,1.0,True,False
0.3922295276723452,0.5,False,1.0,0.0,1.0,0.75,0.25,0.4297024515253017,0.06353426413332929,0.31426084846466096,1.0,False,False
0.4131187254012235,1.0,False,0.0,1.0,0.875,0.5,0.25,0.27918574514908817,0.05178881228066731,0.431144342318013,1.0,False,False
0.33193402222412105,0.0,False,0.0,1.0,0.875,0.8625,0.0,0.24393055194897192,0.08923662836565179,0.46811403118843664,1.0,False,False
0.40789536828869066,0.5,False,0.0,1.0,0.875,0.9125000000000001,0.25,0.21590063033975562,0.03700003291355431,0.5010975781260794,1.0,False,False
0.20861485165257365,0.25,False,0.0,1.0,0.75,0.7875000000000001,0.125,0.14036448003823743,0.059259778640867004,0.5813302797246147,1.0,True,False
0.2807005945079062,0.0,False,1.0,0.0,0.875,0.7000000000000001,0.0,0.33690697861877383,0.03078894109375342,0.38089828804063997,1.0,False,False
0.29152915438459825,0.5,True,1.0,0.0,1.0,0.9500000000000002,0.125,0.22768027591736031,0.09934398169267956,0.46633451513735724,1.0,True,False
0.19806420122279356,0.0,True,0.0,0.0,1.0,0.9875,0.125,0.2935638451272046,0.14319781422708405,0.381169381337366,1.0,True,False
0.12478135651244726,0.0,False,0.0,0.0,1.0,0.9125000000000001,0.125,0.5030275088712435,0.11678218063238568,0.20977292475584375,1.0,True,False
0.08935891432104215,0.0,False,0.0,1.0,0.5,0.6125,0.125,0.3376452688021353,0.02921517477156703,0.37768264869662316,1.0,True,False
0.14320669321579982,0.0,False,0.0,1.0,0.75,0.7375,0.125,0.23797185566459655,0.04620791023164123,0.5332985434991466,1.0,True,False
0.3734895660834897,0.5,False,1.0,0.0,1.0,0.9125000000000001,0.25,0.3378027504380194,0.0498928187624687,0.37162869374292407,1.0,False,False
0.5422520139850079,1.0,True,0.0,1.0,1.0,1.0,0.25,0.048788683493081915,0.03282640663852008,0.8098397111430127,1.0,False,False
0.3135891779560066,0.0,False,1.0,0.0,0.75,0.75,0.125,0.4386242948394962,0.13285743250618604,0.277118026454501,1.0,True,False
0.3397752827221884,0.25,False,0.0,1.0,0.875,0.55,0.125,0.17540661975128724,0.015586085012463008,0.5234906429584152,1.0,False,False
0.22335041887289453,0.0,False,0.0,1.0,0.875,0.7250000000000001,0.125,0.11835018191646632,0.04212362145843658,0.6470470691150814,1.0,True,False
0.5515240064827968,1.0,True,1.0,0.0,1.0,0.9750000000000001,0.375,0.3880875529849599,0.05119172081185293,0.3090637528652085,1.0,False,False
0.45304997359091115,1.0,False,0.0,1.0,1.0,1.0,0.25,0.21684531016918787,0.0932241260350695,0.4569131171459775,1.0,False,False
0.16885782018472062,0.0,False,0.0,0.0,0.5,1.0,0.125,0.5599327232569717,0.2219219067511161,0.16816863450108133,1.0,True,False
0.3512884715207659,0.0,False,0.0,1.0,1.0,1.0,0.125,0.2605603739264152,0.024932142871614913,0.443712099681256,1.0,False,False
0.42745099826132626,0.5,False,1.0,0.0,1.0,1.0,0.25,0.5705297960499269,0.11732783716144927,0.16718835778953434,1.0,False,False
0.2839277564095325,0.0,False,0.0,0.0,0.875,0.9125000000000001,0.125,0.3599977977518479,0.1265881469117803,0.3576381737507497,1.0,False,False
0.30954937078703926,0.25,False,1.0,0.0,0.75,0.75,0.0,0.1779941732880451,0.014392400143837044,0.5520064320699003,1.0,False,False
0.2907981518703123,0.0,False,1.0,0.0,1.0,1.0,0.125,0.3225068475400442,0.08921383520986992,0.3393124472651685,1.0,True,False
0.26481219177777016,0.0,False,0.0,1.0,1.0,1.0,0.125,0.06697726910522347,0.02218437616186961,0.7202593823047967,1.0,True,False
0.14253229716796056,0.0,False,0.0,1.0,0.75,0.7875000000000001,0.125,0.29736098186530735,0.02872268214329533,0.41828175890968455,1.0,True,False
0.32177242758324665,0.75,True,0.0,1.0,1.0,0.9375,0.25,0.2694735247661554,0.08136959531010175,0.40445469317021066,1.0,True,False
0.15174828993494538,0.0,False,0.0,0.0,0.875,0.925,0.125,0.3521808837743361,0.1126855486785332,0.3141279074968668,1.0,True,False
0.11715201760842131,0.0,False,0.0,0.0,0.875,0.8125,0.125,0.32378155706577283,0.2845871908471333,0.36264377354165944,1.0,True,False
0.15174828993494538,0.0,False,0.0,1.0,0.75,0.7375,0.125,0.2619881467794188,0.07431309802438404,0.5154262575067237,1.0,True,False
0.4532260305965158,0.5,False,0.0,0.0,1.0,1.0,0.25,0.34166945597676823,0.12964313354748477,0.38756087008123363,1.0,False,False
0.20365748341934764,0.0,True,0.0,0.0,0.875,0.925,0.125,0.3416040366827878,0.038510581436429686,0.4068967809647459,1.0,True,False
0.3786537803145139,0.25,False,0.0,0.0,0.75,0.7000000000000001,0.0,0.1747217377193438,0.11429484367373023,0.5335103035286533,1.0,False,False
0.9672319003384126,0.0,False,0.0,0.0,0.625,0.75,0.125,0.32307272064997633,0.050869406022442054,0.4009482289721069,1.0,True,False
0.18123164832544447,0.0,False,1.0,0.0,1.0,0.9125000000000001,0.125,0.5779412783432987,0.5575769799508341,0.1650331410791046,1.0,True,False
0.18339158825813184,0.0,True,1.0,0.0,1.0,0.9875,0.125,0.5076259028613453,0.055125811020422195,0.20382364396443187,1.0,True,False
0.24547874464902375,0.0,False,0.0,1.0,1.0,0.9375,0.125,0.14062062731256836,0.06454381185058052,0.5806768992643507,1.0,True,False
0.2778869609101591,0.0,False,0.0,1.0,0.875,0.75,0.0,0.42664535310284707,0.053214605290324984,0.28437114398582874,1.0,False,False
0.19126498563031902,0.0,False,0.0,1.0,0.875,0.8375000000000001,0.125,0.35269610233778065,0.12835559701609683,0.36294408187362937,1.0,True,False
0.24959155630198848,0.0,True,0.0,0.0,1.0,0.9625000000000001,0.125,0.5025934041028298,0.2793923793093024,0.3338820784813248,1.0,True,False
0.36327239320100924,0.5,False,0.0,1.0,0.875,0.8875,0.25,0.22449847951350477,0.0611463091499191,0.45761441950919113,1.0,False,False
0.3641466559923002,0.0,False,0.0,1.0,0.625,0.6125,0.0,0.28426682453947544,0.03228397471193236,0.44156933683447575,1.0,False,False
0.3172868642569945,0.0,True,0.0,0.0,0.875,0.9000000000000001,0.125,0.32016281614869246,0.0776497037568728,0.36292142565196706,1.0,False,False
0.13529194389653731,0.0,False,0.0,0.0,1.0,1.0,0.125,0.2938206987481936,0.048056123590239,0.41862484536181244,1.0,True,False
0.08427205109778324,0.0,False,1.0,0.0,0.875,0.9125000000000001,0.125,0.5620201558160062,0.037473800063092276,0.16731065903261433,1.0,True,False
0.45596169330461367,0.0,True,0.0,0.0,1.0,0.9875,0.125,0.26817962814637675,0.04374126075420445,0.4796519148590317,1.0,False,False
0.2775715632042868,0.0,True,0.0,0.0,1.0,0.9625000000000001,0.125,0.22599273327205202,0.03095615040929339,0.5035330830762523,1.0,True,False
0.32004148953752243,0.0,True,0.0,1.0,1.0,0.9875,0.125,0.3329875539517025,0.03876461390323181,0.383953903939827,1.0,True,False
0.31703431036664564,0.5,False,1.0,0.0,0.75,1.0,0.125,0.3022561158109842,0.21851467604164615,0.3793736470226756,1.0,False,False
0.29909810106782675,0.0,False,1.0,0.0,0.75,0.8125,0.125,0.2790799153180464,0.06540720061491667,0.41708124171888405,1.0,True,False
0.47291524862748224,1.0,False,0.0,1.0,0.875,0.6875,0.375,0.14037351335273485,0.014299323451126828,0.8521040172993337,1.0,False,False
0.2737424067449248,0.0,False,0.0,1.0,1.0,1.0,0.0,0.44297321168085657,0.28178566560690066,0.30331257376998066,1.0,False,False
0.38787520380299145,0.0,False,0.0,1.0,0.75,0.625,0.125,0.23878277364417336,0.053952467104755326,0.5325185405159358,1.0,False,False
0.4560771741693238,1.0,False,0.0,1.0,0.875,0.7875000000000001,0.25,0.17058989751301248,0.046681188086918506,0.5724193020049051,1.0,False,False
0.2422340627819508,0.0,False,0.0,0.0,0.875,0.8500000000000001,0.125,0.1205897339028345,0.0466563401744574,0.6272733844882086,1.0,True,False
0.3067595223219207,0.75,False,0.0,0.0,0.625,0.6625000000000001,0.25,0.7857849422380656,0.4853103666590782,0.08944594919551774,1.0,False,False
0.14488155464167207,0.0,False,1.0,0.0,0.875,0.8875,0.125,0.27338185913854923,0.03451256182930608,0.4013695326285176,1.0,True,False
0.37312145867840807,0.5,False,0.0,1.0,0.75,0.7250000000000001,0.125,0.2047431010631322,0.023160747438793896,0.5342637898974378,1.0,False,False
0.18867914175461908,0.5,False,0.0,1.0,0.75,0.825,0.125,0.3337921365668397,0.040480906770694026,0.37771407231739373,1.0,True,False
0.2756673132934415,0.0,False,1.0,0.0,1.0,0.9750000000000001,0.125,0.22000816272469167,0.049450911517416526,0.5045348555014815,1.0,True,False
0.357431904366342,0.75,False,0.0,1.0,0.875,0.8500000000000001,0.25,0.2532101320121651,0.012577845867426727,0.457571674298072,1.0,False,False
0.26069422746428594,0.0,False,1.0,0.0,1.0,1.0,0.125,0.23749727598187512,0.046137577943628494,0.5396737659889068,1.0,True,False
0.4009454681272463,0.0,False,0.0,1.0,1.0,1.0,0.125,0.12895763316032546,0.0039055804121895126,0.631669793219364,1.0,False,False
0.3517047172813942,0.5,True,0.0,1.0,1.0,1.0,0.125,0.274444445385484,0.05199810787198154,0.4256495249121619,1.0,True,False
0.25069688375119514,0.5,False,0.0,0.0,0.75,0.8125,0.125,0.38113113463465176,0.15102408295554084,0.32071997580096134,1.0,False,False
0.3628824450656146,0.0,False,0.0,0.0,0.25,0.5,0.125,0.17755672987634225,0.032653262211653766,0.5611690199342936,1.0,False,False
0.2235645371255457,0.0,False,0.0,1.0,0.875,0.9125000000000001,0.125,0.30190304384681727,0.06416769516132736,0.4376329233677889,1.0,True,False
0.19607663641723527,0.0,False,0.0,0.0,0.75,0.7125,0.125,0.4193243291811978,0.22760542665726852,0.2603098516546529,1.0,False,False
0.30689337157048124,0.5,False,0.0,1.0,1.0,1.0,0.125,0.20303547373904143,0.022538229706915987,0.5341053043686879,1.0,False,False
0.27358105135248967,0.0,False,0.0,1.0,0.75,0.7000000000000001,0.125,0.3007969345436836,0.026971586240271687,0.42441199335829394,1.0,True,False
0.4140720739994729,0.75,False,0.0,1.0,1.0,1.0,0.125,0.08348098021175575,0.008382094320367859,0.701347854984189,1.0,False,False
0.367601260364658,1.0,False,0.0,0.0,1.0,1.0,0.375,0.4182741671301048,0.23564816091739607,0.2630949998131238,1.0,False,False
0.14488155464167207,0.0,False,1.0,0.0,0.5,0.25,0.0,0.8033423671974522,0.5413893984775887,0.08081988794186556,1.0,True,False
0.12328150458496767,0.0,False,0.0,1.0,0.875,0.875,0.125,0.25447758701513273,0.11400648588864688,0.4690701953198644,1.0,True,False
0.24922157850687243,0.0,True,0.0,0.0,1.0,0.9750000000000001,0.125,0.3751787656366682,0.009656697953757327,0.30581798946904204,1.0,False,False
0.3551019916437087,0.5,True,0.0,0.0,0.875,0.9125000000000001,0.25,0.47723631541383166,0.366050304466986,0.27818418914701337,1.0,False,False
0.26481219177777016,0.0,False,0.0,1.0,0.75,0.825,0.125,0.3022813414456046,0.06697942244930839,0.4338695931887928,1.0,True,False
0.24528951452963388,0.0,True,1.0,0.0,1.0,0.9125000000000001,0.125,0.1765820746512757,0.03496656140793242,0.5617463823492257,1.0,True,False
0.21069776311509292,0.0,False,1.0,0.0,1.0,0.9125000000000001,0.125,0.43498103080755735,0.2283057596116696,0.27341678988259455,1.0,True,False
0.3054154474862586,0.0,False,0.0,1.0,0.875,0.9375,0.125,0.24738975765880328,0.023642084151250367,0.4756563684629125,1.0,True,False
0.17374142391159975,0.25,False,0.0,1.0,0.75,0.75,0.125,0.09185026080524564,0.0371246900985788,0.71676492762847,1.0,True,False
0.4358624046356586,1.0,False,0.0,1.0,0.875,0.875,0.25,0.1579979143776622,0.039535774416284475,0.5687956736257624,1.0,False,False
0.1083625951338244,0.0,False,0.0,0.0,1.0,0.9125000000000001,0.125,0.6062552530259919,0.1992403464782396,0.1984154228679207,1.0,True,False
0.34589393600387897,1.0,True,1.0,0.0,1.0,0.9625000000000001,0.25,0.34906420885341566,0.12226019470824838,0.3804151110799707,1.0,False,False
0.24959155630198848,0.0,False,1.0,0.0,1.0,1.0,0.125,0.29241494774958837,0.18896825067652068,0.38645036816951084,1.0,True,False
0.332050173867274,0.5,False,1.0,0.0,1.0,1.0,0.125,0.29656775770184096,0.035101162605644234,0.3697931725837653,1.0,False,False
0.398806288347323,0.5,False,1.0,0.0,0.875,0.8125,0.25,0.11230449186319973,0.044333402343829445,0.6629367303294216,1.0,False,False
0.39477543396637504,1.0,False,0.0,1.0,0.875,0.8500000000000001,0.125,0.5293367682064164,0.26429607337036487,0.18659797737910133,1.0,False,False
0.4720205589937244,0.0,False,0.0,0.0,0.75,1.0,0.125,0.1723902967552136,0.04751873862481498,0.5989073746608837,1.0,False,False
0.17627345763448277,0.5,False,1.0,0.0,0.875,0.875,0.0,0.40227170531922,0.26698812848290177,0.2848874291686254,1.0,True,False
0.34610860493463325,0.0,False,0.0,1.0,0.625,0.625,0.125,0.08020883316569537,0.013853676065886816,0.7062116583638933,1.0,True,False
0.351808626339993,0.25,False,1.0,0.0,0.875,0.8375000000000001,0.0,0.3667075469535498,0.05490744610228179,0.31718996327226856,1.0,False,False
0.15174828993494538,0.0,False,0.0,0.0,0.5,0.0,0.125,0.373075206339043,0.1416355033612385,0.2965600182067005,1.0,True,False
0.4086510417126029,0.5,False,0.0,1.0,0.875,0.875,0.125,0.2865445778215354,0.023857807223164936,0.4514106384333503,1.0,False,False
0.16885782018472062,0.0,False,0.0,0.0,1.0,0.9625000000000001,0.125,0.3618038556035976,0.11359948598809906,0.36708287995978894,1.0,True,False
0.13877659637533346,0.0,False,0.0,0.0,1.0,0.9750000000000001,0.125,0.5948050770227618,0.6456510733043367,0.16081589516026984,1.0,True,False
0.3315851104298452,0.0,False,0.0,1.0,1.0,0.9750000000000001,0.125,0.24496957846009604,0.025613936153172985,0.478800367341069,1.0,True,False
0.09868301252222789,0.0,False,0.0,1.0,0.875,0.825,0.125,0.5654947853412955,0.46825718789294096,0.20793295378041887,1.0,True,False
0.08890245099564842,0.0,True,1.0,0.0,1.0,0.9375,0.125,0.5735870277938925,0.2675536470933016,0.1606184336625449,1.0,True,False
0.2952825714676811,0.0,False,0.0,0.0,1.0,1.0,0.125,0.22936767630740115,0.07717990633368864,0.5304630357338329,1.0,True,False
0.14219413557029703,0.0,False,0.0,1.0,0.875,0.9000000000000001,0.125,0.35542493895010624,0.07346270025828507,0.36713826905663094,1.0,True,False
0.14219413557029703,0.0,False,0.0,0.0,1.0,1.0,0.125,0.4322415008788234,0.17348101854865125,0.2559125118403476,1.0,True,False
0.1370428236348713,0.0,False,0.0,0.0,1.0,0.9500000000000002,0.125,0.3392518851281474,0.09319699547588037,0.32656573080920714,1.0,True,False
0.4323345052065958,0.75,False,1.0,0.0,1.0,1.0,0.25,0.5095159481954599,0.03523172102330426,0.2029909966041754,1.0,False,False
0.13352361620659736,0.0,False,0.0,0.0,1.0,0.9375,0.125,0.6383073922292466,0.24212024023062872,0.17462992283879797,1.0,True,False
0.29698849880982003,0.5,False,0.0,0.0,0.625,0.7750000000000001,0.25,0.45413018255291704,0.32128905535647817,0.29088098860137324,1.0,False,False
0.1839274901469682,0.0,False,0.0,1.0,1.0,0.875,0.125,0.4590028123194904,0.13754432246252887,0.2985229841020056,1.0,True,False
0.44689689407695765,0.5,False,0.0,1.0,1.0,1.0,0.25,0.2433300107629012,0.028646174260394803,0.48007830097354987,1.0,False,False
0.16413537063823236,0.25,False,0.0,1.0,0.75,0.75,0.125,0.33059227406711006,0.0377832517515092,0.38264958571705066,1.0,True,False
0.21879320116125267,0.0,False,1.0,0.0,1.0,0.925,0.125,0.4333203364330544,0.04880082820794291,0.2789285273929136,1.0,True,False
0.37766881102012706,0.5,False,0.0,0.0,0.875,0.9000000000000001,0.25,0.3438864972363207,0.31438319995380615,0.3351504412168045,1.0,False,False
0.23536098458677301,0.0,True,1.0,0.0,1.0,0.9875,0.125,0.29374571963427576,0.1790840680340728,0.3766787234307858,1.0,True,False
0.23695560814284378,0.0,True,1.0,0.0,1.0,0.9750000000000001,0.125,0.2757954268401337,0.15304105327943496,0.41731663958226495,1.0,True,False
0.17655257740394903,0.0,True,0.0,0.0,1.0,0.9875,0.125,0.5460953285059053,0.04670767146598709,0.17628987425551101,1.0,True,False
0.25106380151150653,0.0,False,0.0,0.0,0.875,0.8125,0.125,0.2011463991345545,0.05917290040292105,0.4864570007067417,1.0,True,False
0.42221983986050937,0.5,False,0.0,1.0,1.0,1.0,0.125,0.15367291560855856,0.025993902127816763,0.6057638242623149,1.0,False,False
0.33753789233017695,0.5,False,0.0,1.0,1.0,0.9000000000000001,0.0,0.2768335263288507,0.05424770674022298,0.4232254245224163,1.0,False,False
0.33389833422413695,0.5,False,1.0,0.0,0.875,0.8625,0.125,0.2201112130180126,0.15120558308635895,0.5041227154988279,1.0,False,False
0.1623315399495997,0.0,False,0.0,0.0,1.0,0.9875,0.125,0.49749092764831204,0.06624292315749211,0.20642331040758077,1.0,True,False
0.16856632059829957,0.5,True,0.0,0.0,1.0,0.9625000000000001,0.125,0.26207833004119196,0.12398686549314347,0.40455379707494066,1.0,True,False
0.4344335683667834,0.5,True,1.0,0.0,1.0,0.9000000000000001,0.125,0.17806181603560525,0.02085273154859495,0.5539436600236272,1.0,False,False
0.49835234855863264,1.0,False,0.0,1.0,1.0,0.9375,0.375,0.2748805742635711,0.04275190254859978,0.4799498089604679,1.0,False,False
0.566482543257714,0.5,False,0.0,0.0,1.0,1.0,0.25,0.4864764980505328,0.09332670659886151,0.28704772870691286,1.0,False,False
0.5283300610222307,0.75,False,1.0,0.0,0.875,0.9750000000000001,0.25,0.22930974241686247,0.04547713535310277,0.5647270001446665,1.0,False,False
0.4541620625753092,0.0,False,1.0,0.0,1.0,1.0,0.125,0.07595925719886594,0.041575889113760076,0.7247257918684515,1.0,True,False
0.16050918442021356,0.0,True,1.0,0.0,0.875,0.9500000000000002,0.125,0.3341710301603583,0.07142658786506585,0.331281501084451,1.0,True,False
0.17487123497386725,0.0,False,0.0,0.0,1.0,0.8875,0.125,0.5338569702265937,0.1536566668857008,0.2639326427725308,1.0,True,False
0.20365748341934764,0.0,False,0.0,0.0,0.875,0.8,0.125,0.4274990030524236,0.06206036142464326,0.3150671685189306,1.0,True,False
0.18971800542409967,0.0,False,0.0,0.0,0.75,0.875,0.125,0.23926439460194834,0.1270517228696759,0.4347195185781023,1.0,True,False
0.38315035015762355,0.5,False,0.0,1.0,0.875,0.8375000000000001,0.125,0.1773015759713309,0.05279533199359032,0.590741216945837,1.0,False,False
0.15835917607605532,0.0,False,0.0,1.0,0.875,0.8625,0.125,0.41899199388305536,0.20029656050555508,0.2657506945654722,1.0,True,False
0.2116157112398308,0.0,False,0.0,1.0,0.875,0.8,0.125,0.2198565753748011,0.15109758944712443,0.5030398357853358,1.0,False,False
0.15206874199191067,0.0,False,0.0,0.0,0.875,0.8500000000000001,0.125,0.2903333037103632,0.2632476740580887,0.3946684667217981,1.0,True,False
0.16050918442021356,0.0,False,0.0,1.0,0.875,0.9500000000000002,0.375,0.4554669055973562,0.04966867952569629,0.27108649432478593,1.0,True,False
0.23754991685616444,0.0,False,0.0,1.0,0.75,0.5,0.0,0.3293826233169014,0.011036287642749599,0.3847263699229577,1.0,False,False
0.24146190808888657,0.0,False,1.0,0.0,0.875,0.875,0.0,0.2900506596829603,0.06673927276769523,0.40619258630697197,1.0,False,False
0.36817054530228777,0.0,False,0.0,0.0,1.0,0.9875,0.125,0.4973946162198604,0.11163438824580052,0.20932773907134394,1.0,False,False
0.3539767781193147,0.0,False,0.0,1.0,0.875,0.8375000000000001,0.0,0.26230720327097723,0.047674224414320746,0.49191677692840896,1.0,False,False
0.14253229716796056,0.0,False,0.0,0.0,0.75,0.6625000000000001,0.125,0.5996492037420179,0.22758026885407487,0.20612575897118557,1.0,True,False
0.18710935290994468,0.0,False,0.0,0.0,1.0,0.9750000000000001,0.125,0.316062985892473,0.07730211881739678,0.34509813239443554,1.0,True,False
0.17374142391159975,0.0,True,1.0,0.0,1.0,0.9625000000000001,0.125,0.5268777091692778,0.19426379186502732,0.18767377108443606,1.0,True,False
0.2843840256085215,0.0,False,0.0,0.0,1.0,0.9500000000000002,0.125,0.12450105757254086,0.01894193760208468,0.6304149838435351,1.0,True,False
0.25999851255513073,0.0,False,0.0,1.0,0.875,0.925,0.0,0.21987742141357952,0.05162395834725795,0.5072510164130997,1.0,False,False
0.28362292387145915,0.75,False,0.0,0.0,0.75,0.75,0.25,0.5460041315061932,0.007461976316069105,0.17677824730125624,1.0,False,False
0.19330686823577015,0.5,False,0.0,1.0,0.75,0.7625,0.125,0.2431265345057974,0.05671563889478755,0.5210679768605493,1.0,True,False
0.2909445934787388,0.75,False,1.0,0.0,1.0,1.0,0.25,0.8916266346517182,0.6924810540468977,0.041674058970146755,1.0,False,False
0.24922157850687243,0.0,False,1.0,0.0,1.0,1.0,0.125,0.23502596866141265,0.12416844086411005,0.44750975537034976,1.0,True,False
0.08935891432104215,0.0,False,0.0,0.0,0.875,1.0,0.125,0.6071795423840847,0.26950840529448394,0.14846816299526355,1.0,True,False
0.2833175667781006,0.0,False,1.0,0.0,1.0,1.0,0.125,0.30180216242083846,0.11279513975714481,0.3633945649630137,1.0,True,False
0.21092769570354153,0.0,False,0.0,0.0,0.875,0.9375,0.125,0.3330896999631282,0.118332939149303,0.3639885531942295,1.0,True,False
0.44859080334205326,1.0,False,0.0,1.0,1.0,1.0,0.375,0.45392208875304313,0.11442004838528055,0.24177351576286998,1.0,False,False
0.233144713316363,0.0,True,0.0,0.0,1.0,0.9750000000000001,0.125,0.3164334169679413,0.022594374405614744,0.39424768871515603,1.0,True,False
0.13352361620659736,0.0,False,0.0,0.0,1.0,1.0,0.125,0.8372716590304238,0.5664534034319214,0.06463894396517755,1.0,True,False
0.49200877059982095,0.75,False,0.0,1.0,0.875,0.8500000000000001,0.25,0.27513147292557255,0.04227386918466005,0.4793550295897062,1.0,False,False
0.37712924172165085,0.5,False,0.0,1.0,0.875,0.7250000000000001,0.25,0.4354157142046966,0.012364315182610516,0.27687645366629354,1.0,False,False
0.2116157112398308,0.25,False,0.0,1.0,0.875,0.9375,0.125,0.13276497082157518,0.01554600039377421,0.613228242702522,1.0,True,False
0.460804538598803,1.0,True,0.0,1.0,0.75,0.8500000000000001,0.25,0.2490994012564319,0.03320496573237587,0.5237418065903143,1.0,False,False
0.38262721781504616,0.75,False,0.0,1.0,0.875,0.875,0.125,0.22008164364165606,0.08608099628863829,0.4664441967457147,1.0,False,False
0.34834708746563126,0.0,True,0.0,1.0,1.0,0.9875,0.125,0.33904476948335194,0.0504259330685908,0.37706106344929724,1.0,True,False
0.21724774408458336,0.0,True,1.0,0.0,1.0,0.9625000000000001,0.125,0.23319660986786,0.04261218206209503,0.5754839885778955,1.0,True,False
0.2043742145179328,0.0,False,1.0,0.0,1.0,1.0,0.125,0.4281661200619947,0.12682785526972964,0.3038180440407583,1.0,True,False
0.19632630288517106,0.0,False,0.0,1.0,0.875,0.9000000000000001,0.125,0.1403593110720028,0.018493885559042737,0.5986273794703334,1.0,True,False
0.4304772332994228,0.0,True,1.0,0.0,1.0,0.9750000000000001,0.125,0.09212850003149416,0.019568238700591302,0.675356365776314,1.0,False,False
0.1602036306527207,0.0,False,0.0,1.0,0.75,0.8375000000000001,0.125,0.25158298998710577,0.06470005568265619,0.5430122731848661,1.0,True,False
0.3533600046374453,0.0,False,0.0,1.0,1.0,0.875,0.0,0.04361445438969192,0.03969607544615018,0.777240682200683,1.0,False,False
0.1831230291801338,0.0,False,1.0,0.0,0.75,0.8375000000000001,0.125,0.2143977871371429,0.020825294623322554,0.5027223171246384,1.0,True,False
0.4289369396474886,0.0,False,1.0,0.0,0.875,0.925,0.125,0.14580742009094885,0.06732670687700507,0.5802098172031902,1.0,False,False
0.5223132096103459,0.25,False,0.0,1.0,1.0,1.0,0.125,0.0833103301757433,0.026793540529510558,0.6819547409718276,1.0,False,False
0.2785160795424342,0.0,False,0.0,0.0,1.0,0.9000000000000001,0.125,0.3781243995151964,0.10717612338850424,0.35207938911751513,1.0,False,False
0.5593383470170911,0.0,False,1.0,0.0,0.875,0.9625000000000001,0.125,0.28433728132449526,0.06988154779212304,0.42819180819821767,1.0,True,False
0.38964656266639264,0.5,False,0.0,1.0,0.875,0.875,0.125,0.2798014827781636,0.16731881780586594,0.40964103006015273,1.0,False,False
0.30689337157048124,0.0,False,1.0,0.0,1.0,1.0,0.125,0.2592717906561399,0.21673171039607,0.4276486752962483,1.0,True,False
0.22945729756037014,0.0,False,0.0,1.0,0.875,0.875,0.125,0.22152580597613344,0.029475349890712706,0.5670922589618712,1.0,True,False
0.16914884170831468,0.0,False,0.0,0.0,1.0,1.0,0.125,0.44900339003218126,0.09309111575744577,0.24786355014396966,1.0,True,False
0.12328150458496767,0.0,False,0.0,0.0,0.625,0.75,0.125,0.4281395498799695,0.0623445981928019,0.28878607992936844,1.0,True,False
0.3727525860768989,0.25,False,1.0,0.0,1.0,0.9750000000000001,0.25,0.2209129293686171,0.05616556455964007,0.491414876691471,1.0,False,False
0.1552418311750694,0.0,False,0.0,1.0,0.875,0.9000000000000001,0.125,0.44002470470197735,0.32149851768928916,0.26052185291084595,1.0,True,False
0.39453064616048505,0.25,False,0.0,1.0,0.875,0.65,0.125,0.21050801836883468,0.030356176416607168,0.5888401342804253,1.0,False,False
0.3963179640618252,0.75,False,1.0,0.0,0.875,0.9500000000000002,0.25,0.31656125295187837,0.03145746686220421,0.41937673337547277,1.0,False,False
0.4099283469651437,0.0,False,1.0,0.0,1.0,0.9375,0.125,0.01825515372338279,0.023987109920302375,0.902993636054287,1.0,False,False
0.28285854363842466,0.0,False,0.0,1.0,0.5,0.5875,0.0,0.18356734130932045,0.053976072452403726,0.6061229730014515,1.0,False,False
0.16081421295707443,0.0,False,0.0,1.0,0.75,0.7625,0.125,0.2704577099127682,0.100245589176494,0.5029790071439595,1.0,True,False
0.1270076295043291,0.0,False,0.0,0.0,1.0,0.9125000000000001,0.125,0.533209563993135,0.1373580057148924,0.18362241209936347,1.0,True,False
0.16856632059829957,0.0,False,1.0,0.0,0.75,0.75,0.125,0.33454064778719356,0.1073146992210713,0.4029520511488738,1.0,True,False
0.1839274901469682,0.0,True,1.0,0.0,0.875,0.9125000000000001,0.125,0.4287425902773458,0.11946115902593858,0.2605943502301211,1.0,True,False
0.21769067839603506,0.0,True,0.0,0.0,1.0,0.9875,0.125,0.45326767789313904,0.10048223370237974,0.2681315052395843,1.0,True,False
0.21434140382802636,0.0,False,0.0,1.0,1.0,1.0,0.125,0.39071422875934053,0.08297907290209372,0.31323438603224174,1.0,True,False
0.31320222383114726,0.5,False,1.0,0.0,0.75,0.8375000000000001,0.125,0.1772620852658132,0.04262096016305765,0.5252671874287231,1.0,False,False
0.134586726009698,0.0,True,1.0,0.0,0.875,0.9750000000000001,0.125,0.3922605585198743,0.20588102408412762,0.30604293234210767,1.0,True,False
0.21702586163541515,0.0,False,1.0,0.0,1.0,0.9500000000000002,0.125,0.4358664659876515,0.3665506294292229,0.2582227571101221,1.0,True,False
0.16532781743217495,0.0,False,0.0,0.0,1.0,1.0,0.125,0.5814218914219011,0.6045174226847474,0.18354334256437,1.0,True,False
0.4410889520817213,1.0,True,0.0,1.0,1.0,1.0,0.25,0.3475084579873586,0.06644941845350003,0.36820127244562095,1.0,False,False
0.38770557709533604,1.0,False,0.0,1.0,0.75,0.8125,0.125,0.1567390580328142,0.055382652444971536,0.5696289095640781,1.0,False,False
0.22335041887289453,0.0,False,1.0,0.0,1.0,1.0,0.125,0.6155309295288207,0.25926213417749905,0.19333436160383433,1.0,True,False
0.41862095384408715,0.75,False,0.0,1.0,0.75,0.5,0.25,0.21976877328559755,0.016505418460393235,0.4518828285885932,1.0,False,False
0.3304170913024208,0.5,False,0.0,1.0,0.625,0.7000000000000001,0.125,0.23152154491754626,0.09526446403992268,0.4487471376906349,1.0,False,False
0.3064915205604598,0.0,False,0.0,0.0,1.0,1.0,0.125,0.23910550723467747,0.002042284684891817,0.5598688099116835,1.0,True,False
0.23455826676495228,0.0,True,0.0,0.0,0.875,0.925,0.125,0.24022332345092415,0.08330140573283606,0.4378400006060872,1.0,True,False
0.22227593494282483,0.0,False,0.0,0.0,1.0,0.925,0.125,0.2711699419021897,0.14944649237195698,0.3962427549247258,1.0,True,False
0.25576595090664944,0.5,False,0.0,1.0,0.75,0.75,0.125,0.28734569356092377,0.15102316222480472,0.4181412983969346,1.0,False,False
0.42745099826132626,0.5,False,0.0,1.0,1.0,0.9625000000000001,0.125,0.1844093257164446,0.04766015033164723,0.616191723549576,1.0,False,False
0.1083625951338244,0.0,False,0.0,1.0,0.875,0.875,0.125,0.30496141234711843,0.023691428906461746,0.40954983292570524,1.0,True,False
0.09386010763919217,0.0,False,1.0,0.0,0.875,0.9000000000000001,0.125,0.335032867747482,0.07707561523761323,0.36761188789295596,1.0,True,False
0.29123711464002977,0.5,False,0.0,1.0,1.0,1.0,0.25,0.33581339698958373,0.2308644231409747,0.34373056051272965,1.0,False,False
0.13352361620659736,0.5,True,1.0,0.0,1.0,0.9625000000000001,0.25,0.6052020119965671,0.6989965476517241,0.16467839006386797,1.0,True,False
0.36121553853296307,0.5,False,0.0,1.0,0.875,0.875,0.125,0.07651286316297644,0.030191294464742228,0.8607810298670828,1.0,False,False
0.19381368873224358,0.5,False,0.0,1.0,0.75,0.8,0.125,0.3137548283032633,0.06001213812777198,0.4160701514403953,1.0,True,False
0.36798098651048894,0.75,False,0.0,1.0,0.875,0.8500000000000001,0.25,0.2973133213633306,0.20695520367203463,0.38534750297292253,1.0,False,False
0.31879468553043033,0.0,False,0.0,0.0,0.875,0.875,0.125,0.41124031182000637,0.02351037228879125,0.28645458812092284,1.0,False,False
0.23814224178568866,0.0,False,0.0,1.0,0.875,0.8500000000000001,0.125,0.25366780816852325,0.09330507649995576,0.553040907671001,1.0,True,False
0.23273876403659832,0.0,False,0.0,1.0,0.75,0.8,0.125,0.4983856411875094,0.07416782829443914,0.2059218782794059,1.0,True,False
0.2872468017004989,0.75,False,0.0,1.0,0.875,0.8125,0.125,0.9127946564179711,0.6113985884645797,0.03286252812471124,1.0,False,False
0.7540351757568068,0.0,False,1.0,0.0,1.0,1.0,0.25,0.4420200784942064,0.05428600724141225,0.3068011843885574,1.0,False,False
0.32066162174833923,0.0,True,1.0,0.0,1.0,1.0,0.125,0.14477886718751867,0.058074263505881414,0.5731867704225828,1.0,True,False
0.2402973393912795,0.25,False,0.0,1.0,0.875,0.8125,0.125,0.2089029707379282,0.016322656231294582,0.5450247987026184,1.0,True,False
0.3141038076956596,0.0,True,0.0,0.0,1.0,1.0,0.125,0.21590943849356103,0.05706705456782546,0.5238866991763911,1.0,True,False
0.2235645371255457,0.0,False,0.0,0.0,1.0,1.0,0.125,0.3157747703207103,0.032393941733570825,0.36809357456903524,1.0,True,False
0.228210932524332,0.5,True,0.0,1.0,1.0,0.9625000000000001,0.125,0.43939202621033335,0.04669832385191861,0.2620285396976696,1.0,True,False
0.3341280066962443,0.5,False,1.0,0.0,0.75,0.7375,0.0,0.22621665778149586,0.050893846362686374,0.49604238056816574,1.0,False,False
0.40932840726741004,0.75,False,0.0,1.0,1.0,1.0,0.125,0.2052066116440359,0.10844470458488245,0.4903277373927155,1.0,False,False
0.3336683641045276,1.0,False,0.0,1.0,1.0,0.8625,0.125,0.43328237252304264,0.051136092105523126,0.3121534971305844,1.0,False,False
0.35993019562880557,0.25,False,0.0,0.0,1.0,0.9750000000000001,0.125,0.32074585818825996,0.11246255039702117,0.37989526790430284,1.0,False,False
0.10630279133903131,0.0,False,0.0,0.0,0.875,0.8,0.125,0.2797864682296897,0.2389340639886771,0.4003511210821822,1.0,True,False
0.3397752827221884,0.25,False,0.0,1.0,0.875,0.8625,0.125,0.2693742445475633,0.006899061954527655,0.42548144777813324,1.0,False,False
0.39639877960853875,0.75,False,0.0,1.0,0.875,0.9000000000000001,0.25,0.34137650252593194,0.03923209695834651,0.36062447693101696,1.0,False,False
0.30662557203613117,0.0,False,1.0,0.0,1.0,1.0,0.125,0.4067272664897788,0.056007871425875426,0.2809768741202061,1.0,False,False
0.2939922765215156,0.0,False,0.0,1.0,0.75,0.75,0.125,0.17524688898277066,0.018581339762381518,0.5598622707913004,1.0,False,False
0.24959155630198848,0.0,True,1.0,0.0,1.0,0.9875,0.125,0.31767439718799395,0.06800627857996384,0.4124545843366827,1.0,True,False
0.1839274901469682,0.0,False,1.0,0.0,1.0,1.0,0.125,0.34721897385034556,0.07304909655530767,0.3585431855158414,1.0,True,False
0.2743863651066005,0.0,False,0.0,1.0,0.875,0.8500000000000001,0.125,0.07186124033967296,0.03921446000657456,0.7491516941218319,1.0,True,False
0.5704956716283106,0.5,False,1.0,0.0,1.0,1.0,0.25,0.3190495282019602,0.04318967842851023,0.3421913760158237,1.0,False,False
0.29513966780329415,0.0,False,0.0,0.0,1.0,1.0,0.125,0.2151970461915422,0.05814594232882858,0.48666209195319365,1.0,True,False
0.24585660058783687,0.0,False,0.0,0.0,0.875,0.9125000000000001,0.125,0.3572333233720004,0.2421731765190783,0.31862095652928346,1.0,True,False
0.42663520941100674,1.0,False,0.0,1.0,0.75,0.8625,0.25,0.1621409775452056,0.047770306753657524,0.5711845538362874,1.0,False,False
0.14219413557029703,0.0,False,0.0,1.0,0.75,0.7250000000000001,0.125,0.26437694399789863,0.03004581177888768,0.49500309955494437,1.0,True,False
0.41502032812387946,0.0,False,0.0,1.0,0.875,0.75,0.0,0.22938112626589172,0.04751195487381441,0.49200523160567844,1.0,False,False
0.24698536472083588,0.0,True,0.0,0.0,1.0,0.9750000000000001,0.125,0.5182999721179022,0.10644144813922478,0.20171335018373626,1.0,True,False
0.4583141590579606,0.0,False,0.0,1.0,1.0,1.0,0.125,0.1336660322484272,0.004408389620610227,0.6861260212908746,1.0,True,False
0.1514272581382603,0.0,False,0.0,0.0,1.0,1.0,0.125,0.35912449605439223,0.237188322464631,0.32549192250897074,1.0,True,False
0.21069776311509292,0.0,False,0.0,0.0,1.0,1.0,0.125,0.30414720904052006,0.06457930682887487,0.3814768120569523,1.0,True,False
0.18971800542409967,0.0,True,0.0,0.0,1.0,0.9875,0.125,0.4247450721033505,0.3781451573194582,0.2839138130589156,1.0,True,False
0.15206874199191067,0.0,False,0.0,0.0,1.0,1.0,0.125,0.4113431737020102,0.04679626048367174,0.30143300984157473,1.0,True,False
0.3539767781193147,0.25,False,1.0,0.0,1.0,0.75,0.0,0.2697753453233418,0.045071100534651444,0.4765581317268066,1.0,False,False
0.11479775234119138,0.0,False,0.0,0.0,0.875,0.9125000000000001,0.125,0.38813657322327105,0.11519903189041249,0.2826753251914582,1.0,True,False
0.2005177546003617,0.0,False,0.0,1.0,1.0,0.9125000000000001,0.125,0.12988217628976279,0.02786334812083997,0.6138811112573879,1.0,True,False
0.2116157112398308,0.0,False,0.0,0.0,1.0,1.0,0.125,0.2981003210343286,0.04230727882185246,0.44928790044814293,1.0,True,False
0.5367330010760781,0.75,False,0.0,1.0,1.0,0.25,0.25,0.26791221249769653,0.039174133405982504,0.4778345595503555,1.0,False,False
0.3271051347741546,0.25,False,0.0,1.0,0.875,0.75,0.0,0.12187914929313452,0.009217349301318395,0.6342975209115442,1.0,False,False
0.5115832616700565,0.5,False,0.0,1.0,1.0,0.75,0.125,0.17138614132929636,0.06073993577662762,0.6662277880134759,1.0,False,False
0.46063584577424066,0.5,False,1.0,0.0,1.0,1.0,0.375,0.36427184200678775,0.04914921421278635,0.33489939820337744,1.0,False,False
0.2402973393912795,0.0,False,0.0,0.0,1.0,1.0,0.125,0.44969944263642136,0.04334893551300528,0.2514759748393083,1.0,True,False
0.23273876403659832,0.0,False,0.0,0.0,1.0,0.9750000000000001,0.125,0.28555279252577964,0.0719243868797168,0.4056978247555212,1.0,True,False
0.26532028250539186,0.0,False,0.0,1.0,0.75,0.8500000000000001,0.125,0.11993319983925121,0.011824182023957519,0.6411090667954578,1.0,True,False
0.24566777319209177,0.5,False,1.0,0.0,0.75,0.825,0.125,0.5602586742867847,0.6551128408588117,0.18659820437994123,1.0,True,False
0.16856632059829957,0.0,False,1.0,0.0,0.875,0.8,0.125,0.4320904568213912,0.1073633208484921,0.3043952437992625,1.0,True,False
0.11281172005477969,0.0,True,1.0,0.0,1.0,0.9750000000000001,0.125,0.9668898779308228,0.3707438090696463,0.011021050012350653,1.0,True,False
0.20838190059244077,0.0,False,1.0,0.0,1.0,1.0,0.125,0.12413678348151054,0.04063759562845058,0.6203732830435116,1.0,True,False
0.3190447481395339,0.5,False,0.0,0.0,1.0,1.0,0.125,0.3425791002931807,0.1697300185007786,0.33297400850973835,1.0,False,False
0.12290455240716902,0.0,False,0.0,0.0,0.875,0.9375,0.125,0.44130282963629264,0.1911769446271136,0.3082789166030975,1.0,True,False
0.07903505181335913,0.0,False,0.0,1.0,0.75,0.8125,0.125,0.3132686563964916,0.12070158833874076,0.4239407320691455,1.0,True,False
0.29727123237862674,0.75,False,0.0,1.0,0.875,0.9125000000000001,0.125,0.4291233121758069,0.06245883941719646,0.31402016853112635,1.0,False,False
0.19781696967121776,0.25,False,1.0,0.0,0.75,0.75,0.125,0.5223764542148553,0.4250252217685138,0.19354856397033893,1.0,True,False
0.3733976107957918,0.0,False,0.0,0.0,1.0,1.0,0.0,0.4306554595750986,0.19330436111488358,0.2607692395185217,1.0,False,False
0.4268395084927187,0.25,False,0.0,1.0,0.875,0.9500000000000002,0.125,0.01734881095750869,0.02454426779800202,0.9290249248320861,1.0,False,False
0.5105246723186262,0.5,False,0.0,1.0,0.875,0.9125000000000001,0.25,0.1327726362475163,0.020974441577047108,0.6580798625750406,1.0,False,False
0.2397121763990986,0.0,False,0.0,0.0,1.0,1.0,0.125,0.31752502841541297,0.037777424477575816,0.40818821604897937,1.0,True,False
0.1411757669663588,0.0,False,0.0,0.0,1.0,1.0,0.125,0.5688906386330314,0.6194157491067225,0.18802043719083872,1.0,True,False
0.3121662018195187,0.75,False,0.0,1.0,1.0,1.0,0.125,0.43227866459230485,0.07599899716978491,0.3115448592572898,1.0,False,False
0.16885782018472062,0.0,False,1.0,0.0,0.875,0.9750000000000001,0.125,0.3438381290261104,0.21652187977165357,0.33386211419137246,1.0,True,False
0.41319224202474947,0.5,False,0.0,1.0,1.0,0.925,0.125,0.08436035450579443,0.01772285185908322,0.694265239376457,1.0,False,False
0.340662399340533,0.0,False,0.0,0.0,0.875,0.9500000000000002,0.125,0.39043630139289787,0.21187372553442663,0.3069624520813139,1.0,False,False
0.3138466793870843,0.0,False,0.0,1.0,0.875,0.8625,0.125,0.29809473526861924,0.07080150589122189,0.4509320955068885,1.0,True,False
0.2343570186517372,0.0,False,1.0,0.0,1.0,1.0,0.125,0.389383574004295,0.04732909468280327,0.3055963359411291,1.0,True,False
0.20389671558586597,0.0,True,0.0,1.0,0.875,0.925,0.125,0.30395666651966946,0.05774175966376337,0.3810604931404451,1.0,True,False
0.357431904366342,0.25,False,1.0,0.0,0.875,0.625,0.125,0.279290895381202,0.06258494167501877,0.4452817305398087,1.0,False,False
0.49486132525953963,0.5,False,0.0,1.0,1.0,0.875,0.25,0.2476735244354176,0.06154626403722492,0.5565819448572251,1.0,False,False
0.39461227962118894,1.0,False,0.0,0.0,1.0,0.9625000000000001,0.375,0.34080829130836376,0.10723868062042394,0.3578924338373135,1.0,False,False
0.5114988065280269,0.5,False,0.0,1.0,1.0,0.9750000000000001,0.25,0.24492054755831963,0.041343067190477235,0.4740764037116363,1.0,False,False
0.298818265612499,0.0,False,0.0,1.0,1.0,0.9750000000000001,0.125,0.21736555554779907,0.08237844345343916,0.4699017781670827,1.0,False,False
0.34307934735379086,0.5,False,0.0,1.0,0.75,0.75,0.25,0.36797995081902846,0.06171969966364506,0.32271401326855376,1.0,False,False
0.14320669321579982,0.5,False,1.0,0.0,1.0,1.0,0.125,0.7626465473928143,0.5477168285110057,0.1002361824849749,1.0,True,False
0.2499607643133207,0.0,False,0.0,0.0,0.875,0.8125,0.125,0.11495845909886925,0.033637719239818,0.6540207343174718,1.0,True,False
0.25647842583619074,0.0,False,1.0,0.0,0.875,0.8625,0.625,0.25556233462892275,0.036482304187738686,0.45898948051619315,1.0,True,False
0.25361119986513825,0.5,False,0.0,0.0,0.875,0.8875,0.125,0.19693851052515546,0.09614556741006165,0.5061482006637652,1.0,True,False
0.23273876403659832,0.75,False,0.0,1.0,0.875,0.8,0.125,0.20287103715343976,0.012707468197871991,0.517949819315058,1.0,True,False
0.3761357499440402,1.0,False,0.0,0.0,1.0,1.0,0.375,0.2737557376944447,0.17622451578755927,0.4162162758948127,1.0,False,False
0.2651510805228984,0.0,False,1.0,0.0,0.5,0.5,0.125,0.309709645359994,0.049623416028347585,0.4128468282390281,1.0,True,False
0.24566777319209177,0.5,False,1.0,0.0,1.0,0.9500000000000002,0.25,0.8796434849466057,0.636646589570717,0.046499461724934577,1.0,False,False
0.47869953327524584,0.5,True,0.0,1.0,1.0,0.9500000000000002,0.125,0.17968369798351533,0.05642389995325016,0.6139381121961369,1.0,False,False
0.3228763232373576,0.5,True,1.0,0.0,1.0,0.9625000000000001,0.25,0.5438815589211732,0.07963900103237728,0.1774170559607986,1.0,False,False
0.34395013912910677,0.0,False,0.0,0.0,1.0,1.0,0.125,0.18848079931200692,0.13960926031666188,0.5076544197791162,1.0,True,False
0.3234866442354115,1.0,False,1.0,0.0,1.0,1.0,0.25,0.861093701678186,0.4804510472946866,0.05350443157327822,1.0,False,False
0.25343045063254543,0.25,False,0.0,1.0,1.0,0.925,0.125,0.24621405575429922,0.039638368380802584,0.5310835350688732,1.0,False,False
0.36530567954063675,0.0,False,0.0,1.0,1.0,0.5,0.125,0.4519836952852836,0.034678774677975234,0.24689257269049136,1.0,True,False
0.15586969663578798,0.0,False,1.0,0.0,1.0,1.0,0.125,0.2925042603545148,0.1011737022011964,0.37235983454171095,1.0,True,False
0.19831108880083492,0.0,False,1.0,0.0,1.0,0.9375,0.125,0.2832863227324915,0.18033205783567438,0.4010574535209588,1.0,True,False
0.29909810106782675,0.0,True,1.0,0.0,1.0,0.9875,0.125,0.1928846479868305,0.07771283357859718,0.5981135161542901,1.0,True,False
0.31929445885789687,0.5,False,1.0,0.0,0.75,0.825,0.125,0.25314854444916535,0.12217332668323709,0.43786846135435353,1.0,False,False
0.2651510805228984,0.0,False,0.0,1.0,1.0,0.875,0.125,0.18081788314579003,0.05925831770806067,0.6050666321661202,1.0,False,False
0.1839274901469682,0.0,False,0.0,0.0,0.625,0.75,0.125,0.3631899278991371,0.07094341715991458,0.357685570789644,1.0,True,False
0.20768120691436276,0.25,False,0.0,0.0,0.875,0.9625000000000001,0.125,0.8111839362630314,0.5436298412488928,0.07730440646084502,1.0,False,False
0.14981332910580847,0.0,False,0.0,1.0,0.75,0.8875,0.125,0.2664111481389448,0.06899256715419672,0.4172291901015115,1.0,True,False
0.1839274901469682,0.0,True,0.0,0.0,1.0,0.9875,0.125,0.32996809007124944,0.06436374837478585,0.3349500249971964,1.0,True,False
0.27662199258261644,0.0,False,0.0,0.0,1.0,0.9875,0.125,0.24126545969968,0.09663934753630868,0.4944726929299177,1.0,True,False
0.33629519592700896,0.0,False,1.0,0.0,1.0,1.0,0.125,0.16402926618920488,0.04299843342819477,0.5399881050006587,1.0,True,False
0.25894979900733195,0.0,False,0.0,0.0,0.875,0.9750000000000001,0.125,0.36992205472022643,0.08292475254322412,0.3132446583702351,1.0,True,False
0.27260982568717207,0.0,False,0.0,1.0,1.0,0.9500000000000002,0.125,0.4694479664977853,0.09833532772955342,0.2734627352391148,1.0,True,False
0.29152915438459825,0.0,True,1.0,0.0,0.875,0.9625000000000001,0.125,0.18408805806415032,0.12276474713840883,0.5192584501503537,1.0,True,False
0.3734895660834897,0.75,False,0.0,0.0,0.0,0.0,0.25,0.21610142956828868,0.0837226868360775,0.6025205908763129,1.0,False,False
0.16885782018472062,0.0,False,1.0,0.0,1.0,1.0,0.125,0.2669743405114295,0.08289749402227789,0.4588446397484798,1.0,True,False
0.26532028250539186,0.0,False,0.0,1.0,0.75,0.825,0.125,0.14257583257882753,0.07425041067246689,0.5917663146703929,1.0,True,False
0.4251297856871529,0.5,False,0.0,1.0,1.0,0.875,0.125,0.3535232194114134,0.030883451471186704,0.36304158239673767,1.0,False,False
0.35773356308094006,0.0,False,0.0,0.0,1.0,1.0,0.125,0.23021127495862584,0.05084241718440279,0.44784610773928235,1.0,False,False
0.28903136084746694,0.0,False,0.0,0.0,1.0,1.0,0.125,0.24524945563730763,0.032293335844419506,0.5203365438810184,1.0,True,False
0.3031068932542008,0.5,False,0.0,1.0,1.0,1.0,0.0,0.27649541586708687,0.046046017594031485,0.47765437802603405,1.0,True,False
0.3391070226803393,0.0,False,1.0,0.0,0.875,0.8875,0.125,0.27304783963410767,0.012648142647182871,0.45533988218410415,1.0,True,False
0.29123711464002977,0.25,False,1.0,0.0,0.75,0.75,0.125,0.18678365363588345,0.014323044030626212,0.5383471383603702,1.0,False,False
0.2947102650160843,0.0,True,0.0,0.0,1.0,1.0,0.125,0.31611569355567726,0.11139599316700675,0.37443425845039036,1.0,False,False
0.38453787662035877,0.0,False,0.0,0.0,0.875,0.9000000000000001,0.125,0.28287961071294687,0.011591918534965948,0.4450033198439256,1.0,False,False
0.2698287963784185,0.5,False,0.0,0.0,1.0,1.0,0.0,0.4700063478818552,0.15222356240928295,0.2572955567807673,1.0,False,False
0.16503045611886513,0.0,False,0.0,0.0,1.0,1.0,0.125,0.5701051429719705,0.20375484334159846,0.23507826178550872,1.0,True,False
0.22904281446758656,0.75,False,0.0,1.0,0.875,0.9000000000000001,0.125,0.12021835588399718,0.05239290574940845,0.6410423419968034,1.0,True,False
0.11870435249276634,0.0,False,0.0,1.0,0.75,0.7125,0.125,0.48698386018886636,0.1486593538787054,0.2901522704945432,1.0,True,False
0.6015656335059308,0.5,True,0.0,1.0,0.875,0.875,0.25,0.3400550386368837,0.009521955131872697,0.4147943168860764,1.0,False,False
0.1734578435901587,0.75,False,0.0,1.0,0.875,0.75,0.125,0.3140473575235905,0.04244056893574248,0.39586756416838775,1.0,True,False
0.28362292387145915,0.0,True,1.0,0.0,1.0,1.0,0.125,0.38979379477130577,0.13361224193823343,0.33856162120110356,1.0,True,False
0.30062935736273577,0.5,False,0.0,0.0,0.75,0.8500000000000001,0.25,0.4403547359038508,0.09125684666836968,0.2916168258828751,1.0,False,False
0.2986781822256933,0.0,True,0.0,1.0,0.875,0.8,0.125,0.12943616916113268,0.01740760947742612,0.6172954347994453,1.0,True,False
0.3402193953925473,0.0,False,0.0,0.0,1.0,0.8625,0.125,0.1346160504524715,0.048596493985481985,0.6480855456250572,1.0,False,False
0.3765880267667122,0.5,False,0.0,1.0,0.875,0.7875000000000001,0.125,0.09763396133476251,0.06025163777613377,0.6715200315589454,1.0,False,False
0.29356008484014373,0.0,False,1.0,0.0,0.875,0.9000000000000001,0.125,0.3883280484318939,0.18586651160923173,0.28274268574764805,1.0,True,False
0.18867914175461908,0.0,False,1.0,0.0,1.0,1.0,0.125,0.2377988598110988,0.06022416743321071,0.6087061010676518,1.0,True,False
0.15174828993494538,0.0,False,0.0,0.0,1.0,1.0,0.25,0.40155002404722323,0.19674592583197414,0.27307226385175953,1.0,True,False
0.3125554192462777,0.5,False,0.0,1.0,0.875,0.9750000000000001,0.125,0.6342356087635228,0.6206052702971275,0.15566967490959938,1.0,False,False
0.17821813856939095,0.0,False,0.0,0.0,0.875,0.9500000000000002,0.125,0.3812111679333863,0.17842537272090697,0.29940534499181504,1.0,True,False
0.3404410356107398,0.5,False,0.0,1.0,0.75,0.7125,0.125,0.2325517649123987,0.024452930821230068,0.49379773097317803,1.0,False,False
0.23892894526760478,0.0,False,1.0,0.0,0.875,0.9125000000000001,0.0,0.18241552250177454,0.029189081671592343,0.5518770582509251,1.0,True,False
0.15206874199191067,0.0,True,0.0,1.0,1.0,1.0,0.125,0.5112796958083755,0.22001222792374667,0.19735182219612368,1.0,True,False
0.3800767732757747,0.5,False,0.0,1.0,0.875,0.825,0.125,0.09093267791474448,0.05027133516268885,0.6883286482717899,1.0,False,False
0.4296082759617851,0.5,False,0.0,0.0,1.0,1.0,0.25,0.26209652231739966,0.03739367738044375,0.4503714436438673,1.0,False,False
0.2041356256633543,0.0,True,0.0,0.0,0.875,0.9625000000000001,0.125,0.21767845446456255,0.057214149490907536,0.48499282276839795,1.0,True,False
0.4568834427819103,1.0,False,1.0,0.0,0.75,0.825,0.25,0.20652043593621666,0.023065148106065296,0.5244649850401133,1.0,False,False
0.26379162497329345,0.0,True,0.0,1.0,1.0,0.9500000000000002,0.0,0.21987746877099526,0.051624967727784354,0.5072519082413824,1.0,False,False
0.25270560696805777,0.5,True,1.0,0.0,1.0,0.9875,0.125,0.22992420174009165,0.04194211406054176,0.6295767534504533,1.0,True,False
0.1682743413758333,0.0,False,0.0,0.0,1.0,0.9750000000000001,0.125,0.4778962093456467,0.1958598040692187,0.23940400344452062,1.0,True,False
0.21023700219550734,0.0,False,0.0,1.0,0.875,0.8375000000000001,0.125,0.24058395723354917,0.06940474155120664,0.5271587664172572,1.0,True,False
0.49912392432915953,0.5,True,1.0,0.0,1.0,1.0,0.25,0.22375443293623168,0.05406310660574686,0.5167474884501386,1.0,False,False
0.12062586728341074,0.0,False,1.0,0.0,0.75,0.9125000000000001,0.125,0.44272078914913116,0.08376424029851845,0.25219541422332115,1.0,True,False
0.3546936481453137,0.5,False,0.0,1.0,0.875,0.9125000000000001,0.125,0.3085214498875747,0.053532961997190286,0.40170974929864434,1.0,False,False
0.31320222383114726,0.5,False,1.0,0.0,1.0,1.0,0.125,0.35209638464750925,0.06172882246086617,0.32666701744925986,1.0,False,False
0.3460013029308767,0.0,False,0.0,0.0,1.0,1.0,0.125,0.20576057748464316,0.014094200647696018,0.5708524908768751,1.0,True,False
0.09386010763919217,0.0,False,0.0,1.0,0.75,0.6875,0.125,0.3413905340050655,0.045431725365907914,0.37204247359516307,1.0,True,False
0.1809597978384757,0.0,True,0.0,0.0,1.0,0.9750000000000001,0.125,0.5445571772337084,0.1375713628978888,0.2504150377029226,1.0,True,False
0.2993774959246073,0.0,True,1.0,0.0,1.0,0.9875,0.125,0.12490223732983975,0.039406113868090474,0.6850843650422203,1.0,True,False
0.32004148953752243,0.0,True,0.0,1.0,1.0,0.9500000000000002,0.0,0.35431781664128864,0.07555593599359427,0.36154342919382176,1.0,False,False
0.20884749730392682,0.75,False,0.0,1.0,1.0,1.0,0.125,0.19185262500472902,0.01100845882288246,0.53873947547291,1.0,True,False
0.26532028250539186,0.0,False,0.0,1.0,1.0,0.9375,0.125,0.08071754034294938,0.039408514024097764,0.6932419915554324,1.0,True,False
0.3087567368117331,0.25,False,0.0,0.0,0.875,0.9000000000000001,0.125,0.19011111864730776,0.05961261193568453,0.495022218721594,1.0,False,False
0.22674568866245648,0.0,False,0.0,0.0,1.0,0.9125000000000001,0.125,0.4309734343942056,0.10545736479050648,0.29918046852202584,1.0,True,False
0.49035111448020097,0.0,False,0.0,0.0,0.75,0.75,0.125,0.17243024043998326,0.017534082775851473,0.5546502222308596,1.0,False,False
0.2397121763990986,0.5,False,1.0,0.0,0.875,0.8500000000000001,0.125,0.1325254721649169,0.06902231343304929,0.6042141427844077,1.0,True,False
0.3723829450910586,0.0,False,0.0,1.0,1.0,0.925,0.125,0.23401896774614409,0.048551929252445294,0.5420582518585093,1.0,True,False
0.19781696967121776,0.5,False,1.0,0.0,0.5,0.8375000000000001,0.125,0.2679446252389464,0.11456450663768884,0.40767389567376155,1.0,True,False
0.26052055428457976,0.25,False,0.0,1.0,0.875,0.9125000000000001,0.125,0.2903618833820097,0.06549883332733016,0.4014587673890815,1.0,True,False
0.19254391297671025,0.0,False,0.0,0.0,0.75,0.6875,0.125,0.3867965140678324,0.11302798860390156,0.3437536389695599,1.0,True,False
0.45625025467810654,1.0,False,0.0,1.0,0.875,0.8125,0.25,0.19062139894037464,0.011489710825589023,0.5323018433811009,1.0,False,False
0.298537988166803,0.0,True,1.0,0.0,1.0,1.0,0.125,0.29112395412254544,0.05819156261406028,0.4416081278230064,1.0,True,False
0.4476248360474674,1.0,False,1.0,0.0,1.0,1.0,0.25,0.19249474733909483,0.0559870889726917,0.5212729404124867,1.0,True,False
0.412455701599315,1.0,False,0.0,1.0,0.875,0.65,0.25,0.34268210255491693,0.054301321722470944,0.37343365648040083,1.0,False,False
0.2237783973272004,0.0,False,0.0,0.0,0.75,0.9375,0.125,0.21028976646418282,0.049068694286167835,0.5293174592251151,1.0,True,False
0.4028255509255346,0.0,True,1.0,0.0,1.0,0.9500000000000002,0.125,0.18252162684374662,0.06454347325249557,0.6147658588784592,1.0,False,False
0.2343570186517372,0.5,False,0.0,1.0,1.0,0.9000000000000001,0.125,0.10835093163311746,0.044360020968779425,0.6841204193036674,1.0,True,False
0.14421350584311732,0.0,False,0.0,0.0,1.0,0.9750000000000001,0.125,0.34213390771082586,0.05170327831693704,0.3372614215678307,1.0,True,False
0.37631679902510207,0.5,False,0.0,1.0,0.875,0.8375000000000001,0.0,0.10504669635210437,0.021271232275438343,0.6488596552055439,1.0,False,False
0.21115733074156973,0.0,False,0.0,1.0,0.875,0.9500000000000002,0.125,0.23891904654493978,0.06114511299087072,0.6117464625878095,1.0,True,False
0.3787430524671008,0.75,False,0.0,0.0,0.875,0.8625,0.25,0.14572525955641744,0.03781122060293046,0.5787079290984967,1.0,False,False
0.3727525860768989,0.5,False,0.0,1.0,1.0,0.8875,0.25,0.3353504791913473,0.0464424204473243,0.3696451834624672,1.0,False,False
0.25859884600537375,0.0,False,0.0,0.0,0.875,0.9375,0.125,0.2746781322576396,0.0754221374196086,0.3894773647776739,1.0,True,False
0.21434140382802636,0.25,False,1.0,0.0,0.625,0.7875000000000001,0.125,0.1167182680245357,0.00784145333962559,0.6369819792649145,1.0,True,False
0.2770974130574285,0.0,False,0.0,1.0,0.75,0.8500000000000001,0.125,0.13766329333715802,0.03378914539412821,0.6318689144605059,1.0,True,False
0.4690946759541822,0.5,True,0.0,0.0,1.0,0.9500000000000002,0.25,0.19110379822010246,0.09206517569407774,0.49330109533623623,1.0,False,False
0.15206874199191067,0.0,False,0.0,0.0,1.0,0.75,0.125,0.27919668456640917,0.16015920359819039,0.3985351053404971,1.0,True,False
0.22800235125920598,0.0,False,1.0,0.0,1.0,1.0,0.125,0.53678465477199,0.026866474949292136,0.18229426737142118,1.0,True,False
0.5052224137517273,1.0,False,0.0,1.0,0.75,0.8500000000000001,0.25,0.035211578522013856,0.033829714874800854,0.81580710773917,1.0,False,False
0.38964656266639264,0.75,False,0.0,1.0,0.875,0.875,0.125,0.28869034936191906,0.16334124580593912,0.39887438834219857,1.0,False,False
0.20389671558586597,0.25,True,0.0,1.0,0.875,0.925,0.125,0.31371601735781823,0.06014711738193072,0.3481701158796615,1.0,True,False
0.16885782018472062,0.0,False,0.0,1.0,0.75,0.75,0.125,0.32777284982613286,0.03342525461938359,0.3887721571134859,1.0,True,False
0.3450326538877585,0.0,True,1.0,0.0,1.0,0.9500000000000002,0.125,0.04847287083039018,0.026783958213705078,0.8176423561264552,1.0,True,False
0.4900177169247574,0.75,False,0.0,1.0,1.0,0.875,0.25,0.19608221047448413,0.011098130015829757,0.5403263896018966,1.0,False,False
0.36835990181729794,1.0,False,0.0,0.0,1.0,0.925,0.25,0.8636051914650172,0.41621096191089024,0.05186663536481584,1.0,False,False
0.1717467783888943,0.0,False,1.0,0.0,0.875,0.925,0.125,0.29234174745487035,0.08618388058485851,0.3805107587387697,1.0,True,False
0.33389833422413695,1.0,False,1.0,0.0,0.875,0.925,0.25,0.33832145347747683,0.011534193469061928,0.3735411095282346,1.0,False,False
0.46220411033703235,1.0,False,1.0,0.0,0.25,0.5,0.25,0.12065828472251683,0.008675812230852507,0.6373677060172049,1.0,True,False
0.6559507985986698,0.75,False,1.0,0.0,1.0,0.9500000000000002,0.25,0.05998683355141724,0.029128740774451135,0.8675108476409048,1.0,False,False
0.13877659637533346,0.0,False,0.0,0.0,0.75,0.875,0.125,0.4151709211608947,0.2789768090977461,0.2750153069687713,1.0,True,False
0.5206763268040039,0.75,False,0.0,1.0,1.0,1.0,0.25,0.2258694851059466,0.03635570340845786,0.6181207962933812,1.0,False,False
0.33389833422413695,0.25,False,1.0,0.0,1.0,0.9750000000000001,0.0,0.17847300193380167,0.025195726386879815,0.7377011452031126,1.0,False,False
0.1552418311750694,0.0,False,0.0,0.0,0.875,0.9125000000000001,0.0,0.3834277978228635,0.09783330837794425,0.2971006391526372,1.0,True,False
0.1682743413758333,0.0,False,1.0,0.0,1.0,1.0,0.125,0.5398780438928761,0.44358984888296926,0.1821588939285408,1.0,True,False
0.21501633507485973,0.0,False,0.0,1.0,0.875,0.8500000000000001,0.125,0.11901746852725734,0.014061978900812233,0.6292527981706666,1.0,True,False
0.4685036652993001,0.5,False,0.0,0.0,1.0,1.0,0.25,0.15577991235060362,0.03995372454616477,0.6127779387415973,1.0,False,False
0.30269636530434896,0.0,False,0.0,0.0,0.875,0.9625000000000001,0.125,0.21932552702944466,0.0422407626009484,0.514935963530561,1.0,True,False
0.2235645371255457,0.0,False,1.0,0.0,0.0,0.5,0.125,0.1867232420068169,0.020799753549909476,0.5409923750795964,1.0,True,False
0.3337833864184797,0.5,False,1.0,0.0,1.0,1.0,0.125,0.314064179348623,0.0634335665296077,0.3908157771225167,1.0,False,False
0.2499607643133207,0.0,False,0.0,0.0,1.0,1.0,0.125,0.4757416572882276,0.12803953161943352,0.2537647921750281,1.0,True,False
0.11241183227452445,0.0,False,0.0,0.0,1.0,0.9375,0.125,0.6033320131021552,0.693452326067884,0.16600409213636058,1.0,True,False
0.15078344690847423,0.0,False,0.0,0.0,0.75,0.9625000000000001,0.125,0.344447688283333,0.024954209300622403,0.38145374335903304,1.0,True,False
0.4432737574136626,1.0,False,0.0,1.0,0.875,0.75,0.25,0.19950372535095856,0.02257482324834861,0.5328622854001364,1.0,False,False
0.31320222383114726,0.25,False,1.0,0.0,0.875,0.9625000000000001,0.125,0.2629340367545988,0.03730942783395658,0.43930301349118306,1.0,False,False
0.14320669321579982,0.0,False,0.0,0.0,0.875,0.9125000000000001,0.125,0.33741823923180714,0.0790114790462689,0.36513940384631804,1.0,True,False
0.18710935290994468,0.0,False,0.0,0.0,1.0,0.9750000000000001,0.125,0.3660528451148514,0.12098258466364438,0.3356998706592844,1.0,True,False
0.3786537803145139,0.25,False,1.0,0.0,0.75,0.6875,0.0,0.24254368257716816,0.010504868073086149,0.4865060648372439,1.0,False,False
0.3727525860768989,0.5,False,0.0,0.0,0.875,0.9000000000000001,0.25,0.22210117446000302,0.18778650866323993,0.4576954356746974,1.0,False,False
0.1428698155690863,0.0,False,0.0,0.0,0.75,1.0,0.125,0.45479963952963676,0.13031254242070042,0.26603500079492237,1.0,True,False
0.1602036306527207,0.0,False,0.0,1.0,0.75,0.7750000000000001,0.125,0.25418531084830703,0.05997675489393927,0.527691347096551,1.0,True,False
0.45734252824297383,0.5,False,0.0,1.0,1.0,0.75,0.125,0.5352689853338394,0.022275073899147246,0.2384249887049701,1.0,False,False
0.33955280887912653,0.5,False,0.0,1.0,0.875,0.875,0.125,0.22804991236075023,0.060590501442362076,0.5613014224109261,1.0,False,False
0.19831108880083492,0.0,True,1.0,0.0,1.0,1.0,0.125,0.31470580224761885,0.06985279053224681,0.3708774212797883,1.0,True,False
0.5896299007805733,0.5,False,0.0,1.0,1.0,0.9000000000000001,0.25,0.13015614467817127,0.04275682397070894,0.6342750827082777,1.0,False,False
0.18710935290994468,0.0,False,0.0,0.0,1.0,1.0,0.125,0.20689586449629693,0.09015200930324513,0.47049770420751336,1.0,True,False
0.3138466793870843,0.0,True,1.0,0.0,1.0,0.9875,0.125,0.16604821297009417,0.049912916205537027,0.5734178670734722,1.0,True,False
0.3727525860768989,1.0,False,1.0,0.0,1.0,1.0,0.25,0.18685949729166548,0.06895655950067608,0.6091787289718629,1.0,False,False
0.4469576700932053,0.0,True,0.0,1.0,1.0,1.0,0.125,0.2292137974395886,0.0189271705636677,0.5855681131862096,1.0,False,False
0.14621015424893014,0.0,False,0.0,0.0,0.75,0.8125,0.125,0.3005439377650791,0.038385300895470334,0.4165432852989899,1.0,True,False
0.14320669321579982,0.0,False,0.0,1.0,0.75,0.6625000000000001,0.125,0.2930259888882974,0.11312559046743573,0.45760328938743156,1.0,True,False
0.36826524881740663,0.0,True,0.0,1.0,1.0,1.0,0.125,0.16602272354149522,0.029928968697232886,0.6050417133402384,1.0,False,False
0.13352361620659736,0.0,False,0.0,0.0,1.0,1.0,0.125,0.40122426121955734,0.20234438752572412,0.2756395855823568,1.0,True,False
0.567840611625814,0.5,False,0.0,1.0,1.0,1.0,0.25,0.04930327455256655,0.037667687910614506,0.8064685198636026,1.0,False,False
0.29006412555687155,0.25,True,0.0,1.0,1.0,0.9125000000000001,0.125,0.08124265046965493,0.023963981658231326,0.72977813610167,1.0,True,False
0.25576595090664944,0.25,True,1.0,0.0,1.0,1.0,0.125,0.8180130445690822,0.5301172078405624,0.07324926394827114,1.0,False,False
0.1745894558725003,0.0,True,0.0,0.0,1.0,0.9750000000000001,0.125,0.20906872575204943,0.0643710761965247,0.46670598972757404,1.0,True,False
0.32066162174833923,0.5,False,0.0,0.0,0.875,0.8375000000000001,0.125,0.30826740244857537,0.02673137500552602,0.35264799578984474,1.0,False,False
0.3623938017677343,0.0,False,0.0,1.0,0.75,0.825,0.125,0.23085029430994314,0.08339570572385963,0.5079673864208369,1.0,False,False
0.32275400673775134,0.0,False,0.0,1.0,0.5,0.4125000000000001,0.125,0.13129402533546145,0.017736243640966414,0.6149945575634792,1.0,True,False
0.21115733074156973,0.0,True,1.0,0.0,1.0,0.9750000000000001,0.125,0.3396317371338814,0.04353184985616906,0.3243669076593394,1.0,True,False
0.3460013029308767,0.5,False,0.0,1.0,0.625,0.8125,0.125,0.24054897736043052,0.03175896903465039,0.5422946471184247,1.0,False,False
0.48380818518898916,0.75,False,0.0,1.0,1.0,1.0,0.25,0.165987246045613,0.0193002555595666,0.5730268913112837,1.0,False,False
0.25859884600537375,0.0,False,1.0,0.0,1.0,0.9875,0.125,0.3481225319281945,0.022416289101273745,0.37260371203531495,1.0,True,False
0.26850484098812977,0.0,False,1.0,0.0,0.875,0.8500000000000001,0.125,0.15107928253759703,0.03154724331863614,0.5795091612348819,1.0,True,False
0.20341792829417205,0.0,False,0.0,0.0,1.0,1.0,0.125,0.10371471947158215,0.03610248382414485,0.7439459607028227,1.0,True,False
0.3477103972245915,0.0,True,1.0,0.0,1.0,0.9875,0.125,0.14231602903728907,0.05753861280784167,0.5774195616172739,1.0,True,False
0.39550777782053437,0.5,False,0.0,0.0,0.875,0.9375,0.25,0.20280056271777422,0.07144809298817131,0.5057843214082969,1.0,False,False
0.473962081765806,1.0,False,0.0,1.0,0.875,0.8125,0.375,0.2200541046951437,0.062290132094413975,0.5177752153913926,1.0,False,False
0.19781696967121776,0.0,True,0.0,0.0,1.0,0.9750000000000001,0.125,0.3356875423727063,0.13045714655266893,0.33907008536159466,1.0,True,False
0.3398864151360462,0.0,False,0.0,1.0,1.0,0.9000000000000001,0.0,0.41232051638635153,0.056495138915310154,0.32596362788143796,1.0,False,False
0.2952825714676811,0.0,False,0.0,0.0,0.875,0.8500000000000001,0.125,0.09393125287356544,0.04154957620240857,0.6664177815202756,1.0,True,False
0.2740646780362662,0.0,False,0.0,1.0,0.875,0.8375000000000001,0.125,0.16318546903173842,0.054525001306927036,0.6758093382157724,1.0,True,False
0.19431906581166813,0.0,True,0.0,1.0,1.0,0.9500000000000002,0.125,0.4395753390993127,0.05117668253607749,0.2607953430019623,1.0,True,False
0.29138319459034745,0.0,False,1.0,0.0,0.75,1.0,0.125,0.18779207823505054,0.03201026401274913,0.7247463513385863,1.0,True,False
0.14219413557029703,0.0,False,0.0,1.0,0.75,0.8375000000000001,0.125,0.3226253659432089,0.07883095316869022,0.4075038446148329,1.0,True,False
0.46220411033703235,1.0,False,0.0,1.0,1.0,1.0,0.375,0.30542593208461627,0.037569411263314596,0.3723552978498488,1.0,False,False
0.22945729756037014,0.0,False,1.0,0.0,1.0,1.0,0.125,0.3685500664886598,0.10795258873531047,0.3376326858216261,1.0,True,False
0.3268661841772992,0.0,True,0.0,1.0,1.0,1.0,0.125,0.3546503981148793,0.07423326348917882,0.3619603186467597,1.0,False,False
0.2959953686354545,0.0,True,0.0,1.0,1.0,1.0,0.125,0.10594976421744529,0.02128234594145398,0.6481272432538825,1.0,False,False
0.4365725314259131,0.25,False,0.0,0.0,1.0,1.0,0.125,0.29261517955537114,0.0742578868674538,0.40124773240738354,1.0,False,False
0.3949384384397271,0.5,False,0.0,1.0,1.0,0.8875,0.125,0.132317608121387,0.05058318298256379,0.6158074770902844,1.0,False,False
0.14320669321579982,0.0,False,0.0,1.0,0.75,0.7750000000000001,0.125,0.36103752848564974,0.04884421030267148,0.35648658102956854,1.0,True,False
0.34286098008460353,0.5,False,0.0,1.0,0.75,0.75,0.125,0.2317477652718534,0.1013007888419987,0.44876903421913816,1.0,False,False
0.2952825714676811,0.0,False,0.0,0.0,1.0,0.9625000000000001,0.125,0.28092368557256076,0.0234765399001008,0.41223826243820016,1.0,False,False
0.26532028250539186,0.0,False,0.0,1.0,1.0,0.25,0.125,0.3435121111115498,0.017953310351314766,0.3660786069708424,1.0,True,False
0.2397121763990986,0.0,False,0.0,1.0,1.0,1.0,0.125,0.34293341990080645,0.03636197166718907,0.3651067258871359,1.0,False,False
0.25665609849143534,0.0,True,0.0,0.0,1.0,0.925,0.125,0.07478096315051665,0.028027045025692143,0.7562903019595342,1.0,True,False
0.3479228812318026,0.5,False,1.0,0.0,1.0,0.75,0.125,0.4441039320315367,0.07811804367584219,0.3047381748776452,1.0,False,False
0.20744702615819044,0.0,False,0.0,1.0,0.875,0.7750000000000001,0.125,0.23368420061922113,0.06739565009202506,0.5828455254749236,1.0,True,False
0.3091534963641617,0.25,False,0.0,1.0,0.875,0.7875000000000001,0.125,0.17865557970544688,0.01087735647304849,0.5516489109551463,1.0,False,False
0.1682743413758333,0.0,False,1.0,0.0,1.0,1.0,0.125,0.5025098912595467,0.030803363789315422,0.2078529021701534,1.0,True,False
0.39231222637129115,1.0,False,0.0,1.0,0.875,0.8500000000000001,0.375,0.3919648394028652,0.10081155002655846,0.3182811439125752,1.0,False,False
0.18123164832544447,0.0,False,1.0,0.0,1.0,0.9750000000000001,0.125,0.395286011796105,0.049791376374311754,0.317707177789899,1.0,True,False
0.283011683321037,0.0,False,0.0,0.0,1.0,1.0,0.125,0.13116560938251165,0.023837465043056873,0.6114262919416973,1.0,True,False
0.28239833003520975,0.5,False,0.0,1.0,1.0,0.9125000000000001,0.125,0.23776787030604668,0.029670452378042837,0.563890294245899,1.0,False,False
0.19431906581166813,0.5,False,0.0,1.0,0.875,0.8500000000000001,0.125,0.32131194566274274,0.02310376492285922,0.39398869864921693,1.0,True,False
0.2451000824035493,0.0,False,0.0,0.0,1.0,1.0,0.125,0.33704198471277025,0.04837498297072632,0.3546380498049402,1.0,True,False
0.16081421295707443,0.0,True,1.0,0.0,1.0,0.9750000000000001,0.125,0.4929086786081996,0.37291662579594453,0.2743847318307122,1.0,True,False
0.19431906581166813,0.5,False,0.0,1.0,0.75,0.825,0.125,0.31561600486041413,0.04494550069355997,0.40342967516045225,1.0,True,False
0.2651510805228984,0.0,False,1.0,0.0,1.0,0.875,0.125,0.25641445809776214,0.20105038773635703,0.42966480722755884,1.0,True,False
0.21115733074156973,0.0,False,0.0,0.0,1.0,1.0,0.125,0.2687842496808001,0.07165348917360567,0.4641347292184248,1.0,True,False
0.3359547628795322,0.0,False,0.0,1.0,0.75,0.5,0.125,0.1772303827596859,0.008477542153214723,0.5538161269922277,1.0,False,False
0.23415554204266942,0.0,True,0.0,1.0,1.0,0.9625000000000001,0.125,0.18390747038722027,0.048940685981181536,0.528753071863292,1.0,True,False
0.24604522726389022,0.0,False,1.0,0.0,1.0,0.925,0.125,0.29476616538854816,0.025384291212793526,0.4304365688345335,1.0,True,False
0.42109861505628843,1.0,False,1.0,0.0,1.0,0.75,0.25,0.0808255196889725,0.03936365919152841,0.7267118223849343,1.0,False,False
0.5217161001527236,1.0,False,0.0,1.0,0.875,0.8500000000000001,0.375,0.2719801055907355,0.04128664301219517,0.48507479496228445,1.0,False,False
0.19152150956336766,0.0,True,1.0,0.0,1.0,0.9750000000000001,0.125,0.5815870666920541,0.2523903112919178,0.2292736125788335,1.0,True,False
0.28407997653292283,0.0,False,0.0,0.0,0.875,0.8500000000000001,0.125,0.26463119024552156,0.13261776246871904,0.4127248503998908,1.0,False,False
0.39639877960853875,1.0,False,0.0,1.0,0.5,0.5875,0.25,0.3413761422485468,0.03923130757959812,0.36062489020080757,1.0,False,False
0.18285406304126817,0.0,False,1.0,0.0,1.0,1.0,0.125,0.341860349206332,0.22225445231304328,0.33676888110348924,1.0,True,False
0.5127614324815263,0.5,False,0.0,0.0,1.0,1.0,0.25,0.3056598174584537,0.12758980977810014,0.3675673433793589,1.0,False,False
0.4028255509255346,1.0,False,0.0,1.0,0.75,0.8625,0.125,0.15897850371177574,0.06111100787985213,0.5646738896096202,1.0,False,False
0.24585660058783687,1.0,True,1.0,0.0,1.0,0.9750000000000001,0.25,0.4204049226251142,0.14598338299621713,0.2849115211079922,1.0,True,False
0.2694987324402106,0.0,False,0.0,0.0,1.0,1.0,0.125,0.4561152650917835,0.011932340867074643,0.24524326779774697,1.0,True,False
0.22569162861852088,0.0,False,1.0,0.0,0.875,0.9000000000000001,0.125,0.1154047626248317,0.039117084171522785,0.6699590008200471,1.0,True,False
0.24068637877449328,0.0,True,0.0,0.0,1.0,0.9875,0.125,0.27221426768462886,0.039718055112053466,0.4027931648596159,1.0,True,False
0.16503045611886513,0.0,False,0.0,1.0,0.875,0.8375000000000001,0.125,0.4832415458722832,0.10189291763130925,0.2858899129660393,1.0,True,False
0.2671709333088209,0.0,False,0.0,1.0,1.0,0.8500000000000001,0.125,0.21729494345145645,0.021783739004913382,0.6445941258663521,1.0,True,False
0.23695560814284378,0.0,False,1.0,0.0,1.0,0.9750000000000001,0.125,0.23419944434274792,0.05517976215494041,0.44424130339781587,1.0,True,False
0.2698287963784185,0.0,False,0.0,0.0,0.875,0.9625000000000001,0.125,0.38994163608280863,0.017104419639749822,0.32127774022172306,1.0,False,False
0.2351606452976025,0.0,False,1.0,0.0,1.0,1.0,0.125,0.6252772510361484,0.6919773181287467,0.15529000717844,1.0,True,False
0.24736002948128755,0.0,True,0.0,0.0,1.0,0.9875,0.125,0.1766812565761422,0.03311654645145227,0.556283115101593,1.0,True,False
0.18841847275158208,0.75,False,0.0,1.0,0.875,0.7875000000000001,0.125,0.4858404999183077,0.104084442456686,0.28468403928394714,1.0,True,False
0.21069776311509292,0.0,False,0.0,0.0,1.0,1.0,0.125,0.34135059509161714,0.08575434196078832,0.3351503318949802,1.0,True,False
0.20317804933718453,0.0,False,0.0,1.0,0.875,0.7875000000000001,0.125,0.3098311309026747,0.048343124368100274,0.4174073149659585,1.0,True,False
0.06807325516926865,0.0,False,1.0,0.0,1.0,0.9000000000000001,0.125,0.8946016016196436,0.44981099647448897,0.03936738841171539,1.0,True,False
0.18339158825813184,0.0,False,0.0,0.0,0.875,0.9875,0.0,0.31310873326535005,0.04452161091473744,0.37142971854363105,1.0,True,False
0.2999349693770291,0.25,False,1.0,0.0,1.0,1.0,0.0,0.22180961430340337,0.0227441284643145,0.56936586054345,1.0,False,False
0.14851153312476129,0.25,False,1.0,0.0,0.875,0.925,0.125,0.39744502855163427,0.14550419260560218,0.2753223142202692,1.0,True,False
0.2351606452976025,0.0,False,0.0,1.0,0.75,0.8,0.125,0.08244056936223354,0.015981079263992455,0.6990775156379674,1.0,True,False
0.3784751011629198,1.0,False,0.0,1.0,0.875,0.9000000000000001,0.25,0.2635893259734347,0.09612385856789013,0.4590436906778963,1.0,False,False
0.39231222637129115,0.0,False,0.0,0.0,1.0,1.0,0.125,0.2329758326344114,0.08992824020752649,0.4580751755006227,1.0,False,False
0.11201104130645712,0.0,True,0.0,0.0,1.0,0.9500000000000002,0.125,0.4353889977014702,0.25763107208335795,0.2484868508664424,1.0,True,False
0.36845450435582217,0.25,False,0.0,0.0,1.0,1.0,0.0,0.18692674078414898,0.0888404109829515,0.5077629290593415,1.0,False,False
0.45939384049459464,0.25,False,0.0,1.0,1.0,0.9125000000000001,0.125,0.0868186119211222,0.020144670305458422,0.6769482673065612,1.0,False,False
0.15989754984267934,0.0,False,0.0,0.0,1.0,1.0,0.125,0.42574816019134953,0.2163800780327849,0.2591484552343002,1.0,True,False
0.2947102650160843,0.0,False,0.0,1.0,1.0,1.0,0.0,0.2821544868668767,0.0483634286056052,0.4672998577285348,1.0,True,False
0.11519230533871005,0.0,False,0.0,1.0,0.75,0.8375000000000001,0.125,0.4777696911091094,0.0942289264659197,0.28917671381256516,1.0,True,False
0.351808626339993,0.5,False,0.0,1.0,0.75,0.75,0.125,0.15966201163913332,0.026271041379641702,0.6506128693004358,1.0,False,False
0.3877904107176021,0.75,False,1.0,0.0,1.0,0.875,0.125,0.26268089632524083,0.029681034616168913,0.48545046357159904,1.0,False,False
0.3423138833685727,0.0,False,0.0,1.0,1.0,0.8375000000000001,0.0,0.23983299414445985,0.04536208450507874,0.5357079432553193,1.0,False,False
0.403292475626872,1.0,False,0.0,1.0,0.75,0.8875,0.25,0.2368492160878664,0.0900538804489431,0.45975778572086123,1.0,False,False
0.2554086378279916,0.0,False,1.0,0.0,1.0,0.9625000000000001,0.125,0.27816765522025055,0.056638994143800886,0.38572290855072855,1.0,True,False
0.19254391297671025,0.5,False,0.0,1.0,0.875,0.8125,0.125,0.21213377741229,0.009102920957646797,0.5799341271772782,1.0,True,False
0.3341280066962443,0.0,False,0.0,0.0,1.0,0.9375,0.125,0.3447858207520382,0.2333500022569007,0.32979975930151295,1.0,False,False
0.20485043200541464,0.25,False,1.0,0.0,1.0,0.8500000000000001,0.125,0.43374213274452,0.05132169583691251,0.28485315283882917,1.0,True,False
0.41783506095781375,0.5,False,0.0,0.0,1.0,0.9500000000000002,0.25,0.35920215523237675,0.2808534242121169,0.32353986645693733,1.0,False,False
0.11281172005477969,0.0,False,1.0,0.0,1.0,1.0,0.125,0.6533465259923946,0.7484811401432856,0.13882952973271645,1.0,True,False
0.1411757669663588,0.0,False,1.0,0.0,1.0,0.925,0.125,0.41227900235359166,0.3099742723452196,0.3006021417565665,1.0,True,False
0.2698287963784185,0.5,False,1.0,0.0,1.0,1.0,0.125,0.3465571325680242,0.2950926863490809,0.330891709831568,1.0,False,False
0.4229170247459916,0.5,False,0.0,1.0,1.0,1.0,0.125,0.058820630826287544,0.018586297586562047,0.7390303861642851,1.0,False,False
0.30021305072365656,0.25,False,0.0,1.0,0.875,0.675,0.125,0.17706914110897645,0.02065470252717845,0.5566511971988637,1.0,False,False
0.44314963341156666,1.0,False,0.0,1.0,0.875,0.7375,0.25,0.19401818719625774,0.07945523487658868,0.5069763325468306,1.0,False,False
0.30689337157048124,0.5,True,1.0,0.0,0.875,0.925,0.125,0.21806560270999217,0.08508128181041677,0.48388118636608857,1.0,False,False
0.2397121763990986,0.0,False,1.0,0.0,1.0,1.0,0.125,0.4181517123146133,0.027924805261609408,0.26795381888424585,1.0,True,False
0.20744702615819044,0.0,False,0.0,1.0,0.875,0.875,0.125,0.3067151154232547,0.0301923760983414,0.35816348350594596,1.0,False,False
0.3207853885551156,0.5,False,0.0,0.0,1.0,1.0,0.25,0.5331037883704336,0.07755461378434111,0.18380211709497996,1.0,False,False
0.30662557203613117,0.0,False,0.0,0.0,1.0,1.0,0.125,0.18448603265406988,0.08413539076167831,0.5171581223617776,1.0,False,False
0.6536339167383524,0.5,False,1.0,0.0,1.0,1.0,0.25,0.10735927448323633,0.05422647268639373,0.6759723234421084,1.0,False,False
0.5517934710788662,0.5,False,0.0,0.0,1.0,0.9625000000000001,0.25,0.06822996278850275,0.046225037480166827,0.7088330851131879,1.0,False,False
0.233144713316363,0.0,True,0.0,0.0,1.0,0.9875,0.125,0.3807640567504179,0.04030305975179154,0.3131860056508813,1.0,True,False
0.49486132525953963,0.5,False,0.0,1.0,0.875,0.8375000000000001,0.25,0.24650375522155274,0.04573165412934874,0.5447425912733768,1.0,False,False
0.14219413557029703,0.0,False,0.0,1.0,0.875,0.8125,0.125,0.3502186063845277,0.0702686986896805,0.3732452300689948,1.0,True,False
0.2347592869000048,0.0,False,1.0,0.0,1.0,0.75,0.125,0.528640291193733,0.41582535240702456,0.18849900770374362,1.0,True,False
0.33135212084661003,0.5,False,0.0,1.0,0.875,0.7375,0.0,0.16063137521681706,0.03491147953807517,0.5803751030959814,1.0,False,False
0.260346710962445,0.0,True,0.0,0.0,1.0,0.9875,0.125,0.543766678728192,0.11405889170399908,0.24873024746951944,1.0,True,False
0.2827052716824804,0.5,True,0.0,0.0,1.0,0.9750000000000001,0.125,0.2712000858281603,0.05803310944458642,0.3926509046605784,1.0,True,False
0.24165526198413423,0.0,False,0.0,0.0,1.0,0.9750000000000001,0.125,0.4336720261618348,0.2862730936333402,0.26970721741126313,1.0,True,False
0.26481219177777016,0.0,False,1.0,0.0,1.0,1.0,0.125,0.2904472550943994,0.07211917395502204,0.40370181750094525,1.0,True,False
0.21680370139973126,0.0,False,0.0,1.0,1.0,0.9375,0.125,0.12979242309783356,0.03189004895913098,0.6287560300022563,1.0,True,False
0.2918207142944239,0.0,False,0.0,1.0,1.0,0.8875,0.125,0.2326598622635644,0.0935490024824245,0.4608435855829409,1.0,False,False
0.1614227015399916,0.0,False,0.0,1.0,0.875,0.9125000000000001,0.125,0.38484898073253143,0.06324042344733995,0.3199130466405473,1.0,True,False
0.4049940975947658,0.5,True,0.0,0.0,0.875,0.9375,0.25,0.3620586054229463,0.22916822002093423,0.3118245552306227,1.0,False,False
0.16532781743217495,0.0,False,1.0,0.0,0.875,0.8875,0.25,0.32753321652194034,0.02696499224536879,0.3884121682120907,1.0,True,False
0.23273876403659832,0.75,False,0.0,1.0,0.5,0.5,0.125,0.19986696810996527,0.007438661231827515,0.5232541277102736,1.0,True,False
0.25859884600537375,0.0,False,1.0,0.0,0.875,0.8375000000000001,0.125,0.4678935152665756,0.11301507405329403,0.24801104037896193,1.0,False,False
0.20365748341934764,0.0,False,1.0,0.0,0.5,0.5,0.125,0.2121742917288587,0.08842516687974719,0.47251279838739,1.0,True,False
0.3573312373967369,0.75,True,1.0,0.0,1.0,0.9750000000000001,0.25,0.28255430066378934,0.060008092647323805,0.4405493843658088,1.0,False,False
0.36817054530228777,0.5,False,0.0,1.0,1.0,1.0,0.25,0.19765076368832626,0.05802617197498731,0.49492344645147535,1.0,False,False
0.3777585799440689,0.75,False,0.0,1.0,0.25,0.25,0.25,0.4132334091343853,0.07938428372046456,0.2946676950246032,1.0,False,False
0.36131402650554933,0.5,True,0.0,1.0,0.875,0.8625,0.0,0.2617418303169787,0.06232190399490377,0.511591962493888,1.0,False,False
0.19831108880083492,0.0,False,0.0,0.0,1.0,1.0,0.125,0.5877222957989564,0.4155557929119512,0.20372296268335544,1.0,True,False
0.3871957219118992,0.0,False,0.0,0.0,1.0,1.0,0.125,0.14863809863176464,0.01920806346141683,0.6927190084186416,1.0,False,False
0.44665358164311464,1.0,False,1.0,0.0,1.0,1.0,0.25,0.2547589018968684,0.031939419935667165,0.5098439693628287,1.0,False,False
0.21366389568809163,0.0,False,0.0,1.0,0.75,0.75,0.125,0.5487480004591573,0.029513507086053877,0.17488435725615292,1.0,True,False
0.3874508326192271,0.5,False,0.0,1.0,0.25,0.0,0.125,0.18840464368407464,0.016146291169987767,0.547984454846816,1.0,False,False
0.20884749730392682,0.25,False,0.0,1.0,1.0,1.0,0.125,0.4430452790640704,0.029124703079706146,0.2811444308540305,1.0,True,False
0.3292413330583809,0.5,False,0.0,1.0,0.625,0.65,0.25,0.2485874885359001,0.03294680140856337,0.4671592228196386,1.0,False,False
0.264642504397139,0.0,True,1.0,0.0,1.0,0.9625000000000001,0.125,0.4477639097091923,0.04159983651426452,0.2527883630494372,1.0,True,False
0.1504606632380443,0.0,True,0.0,1.0,1.0,0.9625000000000001,0.125,0.4403896870735148,0.0577164215552321,0.27945682011549233,1.0,True,False
0.6823177370760137,0.0,False,1.0,0.0,1.0,0.9750000000000001,0.125,0.06886248543696288,0.013624431162481278,0.9965905562142967,1.0,True,False
0.2116157112398308,0.0,False,1.0,0.0,0.875,0.8375000000000001,0.125,0.11655794638323635,0.01281051573569366,0.6326076186074387,1.0,True,False
0.19781696967121776,0.5,False,0.0,0.0,0.625,0.6625000000000001,0.125,0.47011881241267567,0.21614069854381054,0.24379979301385246,1.0,True,False
0.19978524407306764,0.0,False,0.0,0.0,1.0,1.0,0.125,0.5816486765413336,0.5123572084212816,0.19266191519230302,1.0,True,False
0.25576595090664944,0.25,True,1.0,0.0,0.875,0.9625000000000001,0.0,0.8133635398004584,0.53256580472055,0.07552888131563518,1.0,False,False
0.3205377685575791,0.75,False,0.0,1.0,0.625,0.8125,0.125,0.4323715717159629,0.0765690127832818,0.3114724553711212,1.0,False,False
0.16562468127914087,0.0,False,1.0,0.0,1.0,0.9750000000000001,0.125,0.2734490872092981,0.09718721222859866,0.44042924520160076,1.0,True,False
0.23754991685616444,0.0,False,0.0,1.0,1.0,1.0,0.125,0.1663528219174381,0.05096606265303399,0.5550606373518512,1.0,True,False
0.12920631771671887,0.0,False,0.0,0.0,0.875,0.9750000000000001,0.125,0.675523900088038,0.2927190097048246,0.15050866133692864,1.0,True,False
0.24717279598310937,0.0,False,0.0,1.0,1.0,0.925,0.125,0.11425479559792037,0.0420601651263432,0.6676673960378645,1.0,True,False
0.21613554699622606,0.0,False,0.0,1.0,0.75,0.7750000000000001,0.125,0.1170868579077443,0.037021119869235265,0.6509912511484961,1.0,True,False
0.11870435249276634,0.0,True,0.0,0.0,0.875,0.9375,0.125,0.24757904248050464,0.16672147700508003,0.42993034116719664,1.0,True,False
0.17959426306389814,0.25,True,1.0,0.0,1.0,0.9500000000000002,0.125,0.40523270162162556,0.03410316666189741,0.3073704464456861,1.0,True,False
0.3790996926429705,0.0,True,1.0,0.0,1.0,0.9500000000000002,0.125,0.2793753409601863,0.2324946111001191,0.402202737541961,1.0,False,False
0.2116157112398308,0.0,True,0.0,0.0,1.0,1.0,0.125,0.5609861634642106,0.22648872401843625,0.17673499754868227,1.0,True,False
0.24566777319209177,0.0,False,0.0,1.0,0.875,0.9125000000000001,0.125,0.47423393634591726,0.10649848406973476,0.2712085992649338,1.0,True,False
0.2550506038158944,0.0,False,1.0,0.0,1.0,1.0,0.125,0.2936114542524252,0.07007086173269547,0.3994324225763992,1.0,True,False
0.4744311493987662,0.5,False,0.0,0.0,0.875,0.9125000000000001,0.125,0.015613937149188158,0.033377663821517294,0.9059189588243557,1.0,False,False
0.3373125938734459,0.5,False,1.0,0.0,0.875,0.9625000000000001,0.125,0.27929714021372487,0.16669310334624024,0.4098188361573052,1.0,False,False
0.27914297563061585,0.25,False,0.0,0.0,1.0,0.9500000000000002,0.0,0.2800563256473657,0.1163295239301493,0.4206900892896843,1.0,False,False
0.09386010763919217,0.0,False,0.0,0.0,0.875,0.8500000000000001,0.125,0.33896083274734073,0.2406492949620583,0.34472854150645116,1.0,True,False
0.19254391297671025,0.0,False,0.0,1.0,0.875,0.8,0.125,0.11125437751615135,0.050374738141643255,0.7160876497714255,1.0,True,False
0.1539793960592688,0.0,False,0.0,1.0,0.75,0.75,0.125,0.2656500044228477,0.09006600818275601,0.5118311420844923,1.0,True,False
0.13352361620659736,0.0,False,0.0,1.0,0.875,0.8875,0.125,0.46325148658585363,0.1439718679701395,0.2971510742751071,1.0,True,False
0.6872175229547145,0.5,False,0.0,0.0,0.5,0.65,0.125,0.18611078571041034,0.025673433375928492,0.540177053777565,1.0,False,False
0.1682743413758333,0.5,False,1.0,0.0,1.0,0.9125000000000001,0.125,0.5430296753060966,0.3664785487143649,0.1788865389892138,1.0,True,False
0.2402973393912795,0.0,False,1.0,0.0,1.0,1.0,0.125,0.3625957078169535,0.0048214411656289785,0.3462883148987064,1.0,True,False
0.4144373870432848,0.0,True,1.0,0.0,1.0,0.9500000000000002,0.125,0.32738654493661,0.02325668755498699,0.3765659899752829,1.0,False,False
0.1759938981343364,0.0,False,0.0,1.0,0.75,0.8625,0.125,0.3517085331009401,0.0473635125548354,0.34850019248490804,1.0,True,False
0.26933346996197427,0.0,False,0.0,1.0,0.75,0.8,0.125,0.09960012533925709,0.04202009226272529,0.700183505452451,1.0,True,False
0.21988891610179528,0.0,False,0.0,1.0,1.0,0.8875,0.125,0.11815688976597696,0.009228248719165617,0.6323695000886991,1.0,True,False
0.19806420122279356,0.0,False,0.0,0.0,0.875,0.8625,0.125,0.40062246137658103,0.07902326810502018,0.33829505958521167,1.0,True,False
0.2909445934787388,0.0,False,0.0,0.0,0.875,0.9625000000000001,0.125,0.13268325409186052,0.019857414304465283,0.6645286959689027,1.0,True,False
0.3087567368117331,0.25,False,0.0,1.0,1.0,1.0,0.125,0.3823960502861816,0.03358423586642401,0.28821550996623,1.0,True,False
0.36835990181729794,0.5,False,0.0,0.0,0.875,0.7250000000000001,0.25,0.3027800073080898,0.0327880959590278,0.3858563134160131,1.0,False,False
0.3975263496242626,0.5,False,0.0,1.0,0.875,0.7750000000000001,0.0,0.17638330245602898,0.021451688170724414,0.5549664361501712,1.0,False,False
0.21115733074156973,0.0,False,1.0,0.0,1.0,0.9750000000000001,0.125,0.46372583515009486,0.14973438344877635,0.260025723016166,1.0,True,False
0.3490870169394459,0.5,False,0.0,0.0,0.75,1.0,0.25,0.3020120303088527,0.05153153299857138,0.4271433374484592,1.0,False,False
0.37748913682025453,0.0,True,1.0,0.0,1.0,1.0,0.125,0.17996712888591535,0.05743277415339172,0.6246671129992594,1.0,True,False
0.36052458791867126,0.25,False,0.0,0.0,1.0,0.9375,0.0,0.18892809942521752,0.09657943182125876,0.5068505872344637,1.0,False,False
0.32103266349813253,0.0,False,1.0,0.0,1.0,0.9500000000000002,0.125,0.13207859971950225,0.04737772398189757,0.6003088553911917,1.0,True,False
0.2081486433206151,0.0,False,0.0,0.0,0.875,0.9375,0.125,0.2735542550874045,0.08430501035844282,0.49268701464211917,1.0,True,False
0.45008967848614956,0.5,False,0.0,1.0,0.75,0.5,0.25,0.2428229186097148,0.021563727712291335,0.48119514791887585,1.0,False,False
0.4140720739994729,0.5,False,0.0,0.0,1.0,1.0,0.25,0.813487424325907,0.5335038413916653,0.07563182400476687,1.0,False,False
0.26650020038237876,0.0,False,0.0,0.0,0.875,0.875,0.125,0.4947017805132929,0.07692828168275248,0.2120228851234529,1.0,True,False
0.1331678261903072,0.0,False,0.0,0.0,1.0,0.9750000000000001,0.125,0.39128679512932174,0.3343563479024232,0.30899372284495685,1.0,True,False
0.2205431121343724,0.25,False,0.0,1.0,0.875,0.8,0.125,0.13896781167411335,0.014404702146426312,0.6031980618773787,1.0,True,False
0.24528951452963388,0.0,True,1.0,0.0,1.0,1.0,0.125,0.5671611844628556,0.09445201368889991,0.16827532152472569,1.0,True,False
0.22076064262299389,0.0,False,0.0,1.0,0.875,0.9000000000000001,0.0,0.30638807409261837,0.02590664844140847,0.3586245690868486,1.0,False,False
0.40133879808483675,0.5,False,0.0,1.0,0.25,0.25,0.125,0.18357482009513817,0.05829325747314198,0.5991190068451862,1.0,False,False
0.22945729756037014,0.0,False,0.0,0.0,1.0,0.9750000000000001,0.125,0.10340725377931866,0.04116168966639937,0.7020704329163121,1.0,True,False
0.17655257740394903,0.0,False,0.0,1.0,0.625,0.6375000000000001,0.125,0.1820503401943791,0.023108080159161163,0.5479236858962864,1.0,True,False
0.3787430524671008,0.5,False,0.0,0.0,0.875,0.8625,0.125,0.3310080738122818,0.011824783755240957,0.3892818146309336,1.0,False,False
0.1404935931743213,0.0,False,0.0,0.0,1.0,0.8625,0.125,0.4597348457083931,0.3989887809541123,0.24204605962799763,1.0,True,False
0.26565820322860956,0.0,False,0.0,1.0,1.0,0.9500000000000002,0.125,0.14484983092730494,0.03378207251964254,0.6064579111729982,1.0,True,False
0.3064915205604598,0.0,False,0.0,1.0,0.875,0.8125,0.125,0.16140609772435188,0.05266464863244902,0.6786292006959731,1.0,True,False
0.40133879808483675,0.5,False,0.0,1.0,0.875,0.9125000000000001,0.125,0.18213628621169,0.06056641380911744,0.585063186515459,1.0,False,False
0.380430745654048,0.0,True,1.0,0.0,1.0,1.0,0.125,0.3796675015265427,0.1177020456969962,0.3480122877880856,1.0,True,False
0.44487951796308345,0.25,False,0.0,1.0,1.0,1.0,0.125,0.01694966843553542,0.014071481594748057,0.8736656725761076,1.0,False,False
0.2041356256633543,0.0,False,1.0,0.0,1.0,1.0,0.125,0.4107355208465918,0.3137146174323965,0.28283961915159117,1.0,True,False
0.2229214057183464,0.0,False,0.0,1.0,0.875,0.7875000000000001,0.125,0.29220707395244055,0.044172748706308024,0.4468482854622,1.0,True,False
0.19152150956336766,0.0,False,0.0,0.0,1.0,1.0,0.125,0.4516326603546275,0.08044363984280645,0.28326664054566253,1.0,True,False
0.07903505181335913,0.0,False,0.0,1.0,0.625,0.675,0.125,0.3442604053874678,0.04329046601636288,0.36922428314247213,1.0,True,False
0.25576595090664944,0.0,False,0.0,1.0,1.0,1.0,0.125,0.27155378833080673,0.054057527803236666,0.40608583033528967,1.0,False,False
0.3238518317885356,0.0,False,0.0,0.0,0.875,0.8625,0.0,0.38893679559718214,0.04230849756646568,0.29697099148571393,1.0,False,False
0.4140720739994729,0.75,False,0.0,0.0,0.75,1.0,0.25,0.2462547681121239,0.031289785167668914,0.5405902226128041,1.0,False,False
0.3201656894734407,0.0,False,0.0,1.0,0.75,0.6875,0.0,0.1412654206285843,0.027617712433272993,0.601273093660665,1.0,False,False
0.35893509587760863,0.0,False,0.0,0.0,1.0,0.925,0.125,0.0,0.018094142408024226,0.9866929423116582,1.0,True,False
0.2775715632042868,0.0,False,0.0,1.0,0.875,0.9125000000000001,0.125,0.1619271712509092,0.04218444283202492,0.5485385259602356,1.0,True,False
0.11241183227452445,0.0,False,1.0,0.0,0.875,0.8375000000000001,0.125,0.8414752160396287,0.5936478259879571,0.06309604218263276,1.0,True,False
0.27277206622777384,0.0,False,1.0,0.0,1.0,0.9375,0.125,0.29120304921929285,0.05604056168861604,0.444405748852263,1.0,True,False
0.15174828993494538,0.0,False,0.0,0.0,1.0,1.0,0.125,0.3286608526788297,0.07524202902443203,0.3535309263391526,1.0,True,False
0.2740646780362662,0.25,False,1.0,0.0,0.75,0.875,0.125,0.5658339788935218,0.5159156249881262,0.1696301414317376,1.0,False,False
0.33076830500389753,0.0,True,0.0,0.0,1.0,0.9500000000000002,0.125,0.2314043116844127,0.026318223213727277,0.5858162480412941,1.0,False,False
0.21069776311509292,0.0,False,1.0,0.0,0.625,0.8375000000000001,0.125,0.19576513985015184,0.041753328564420725,0.52784545232422,1.0,True,False
0.3895626119953187,0.5,False,0.0,1.0,0.75,0.7750000000000001,0.125,0.08402962799421046,0.0372668294158646,0.7054220731875755,1.0,False,False
0.14654075566553715,0.0,False,0.0,1.0,0.875,0.825,0.125,0.27534045857064976,0.06572590618077351,0.44857653479927495,1.0,True,False
0.2393209929603174,0.0,False,0.0,1.0,1.0,0.9125000000000001,0.0,0.2877529852217469,0.1440087328751911,0.4193403422158122,1.0,False,False
0.233144713316363,0.0,False,1.0,0.0,1.0,0.9000000000000001,0.125,0.3590802432287551,0.06945176173832163,0.35640956796314005,1.0,True,False
0.33955280887912653,0.0,False,0.0,1.0,0.875,0.7125,0.125,0.3117497250237736,0.01061656867767584,0.40708914275551256,1.0,False,False
0.22569162861852088,0.0,False,0.0,0.0,1.0,1.0,0.125,0.7999999376624707,0.5094004772741774,0.08232130432950857,1.0,False,True
0.08935891432104215,0.0,False,0.0,0.0,0.875,0.9375,0.125,0.3651845543299336,0.1278892339787239,0.3033298604837611,1.0,True,False
0.062327502764905285,0.0,False,0.0,0.0,1.0,1.0,0.125,0.5087947136548071,0.05241376862809632,0.20533000920009958,1.0,True,False
0.16532781743217495,0.0,False,0.0,1.0,0.875,0.8375000000000001,0.125,0.31334618124783786,0.0414040185097091,0.35093247754132295,1.0,True,False
0.08143468236714269,0.0,False,1.0,0.0,0.875,0.9375,0.125,0.6050437326678106,0.2896140020926859,0.15053636839123175,1.0,True,False
0.2737424067449248,0.25,False,1.0,0.0,0.875,0.9125000000000001,0.125,0.43962354471282455,0.3537000910750093,0.25451219295450356,1.0,True,False
0.43683005639062833,0.75,False,1.0,0.0,1.0,1.0,0.25,0.22005356005896448,0.09590946111242642,0.47796690544900433,1.0,False,False
0.13281132137964757,0.0,False,0.0,0.0,1.0,1.0,0.125,0.4651515652793235,0.31828378785412353,0.22975498720624032,1.0,True,False
0.16562468127914087,0.0,False,1.0,0.0,1.0,0.9125000000000001,0.125,0.2310147915622619,0.013636823472827221,0.437189736640877,1.0,True,False
0.17738731210750946,0.0,False,1.0,0.0,0.625,0.6875,0.125,0.42048467535903045,0.23266091010673098,0.25869961033743216,1.0,True,False
0.14687074229750596,0.5,False,0.0,1.0,0.75,0.7750000000000001,0.125,0.3497892107372244,0.03960554058865037,0.3701556762991023,1.0,True,False
0.38349825022627393,0.25,False,0.0,0.0,1.0,0.9125000000000001,0.125,0.24532271157099084,0.021804046107927442,0.4685477367515174,1.0,False,False
0.3726602479914348,0.0,False,0.0,0.0,1.0,1.0,0.125,0.2834059430708545,0.06901281766799645,0.44188600105000786,1.0,False,False
0.283011683321037,0.0,False,0.0,0.0,0.75,0.625,0.0,0.11888499402784866,0.01357583128542884,0.6419870482680046,1.0,False,False
0.4989880074518195,1.0,False,0.0,1.0,1.0,0.9125000000000001,0.375,0.3116452068748325,0.11656023444658883,0.37873593560164154,1.0,False,False
0.26430264206809273,0.0,False,0.0,1.0,0.875,0.8875,0.125,0.2408943528187308,0.09651628307618913,0.488049042953153,1.0,True,False
0.4649156586360489,0.5,False,0.0,1.0,1.0,1.0,0.25,0.5399511081337789,0.02895778171283905,0.30121285767217354,1.0,False,False
0.1533447944555858,0.0,False,0.0,1.0,0.875,0.7875000000000001,0.125,0.2685151796898329,0.09527709133806328,0.5064235742240621,1.0,True,False
0.23912507738431443,0.0,False,0.0,1.0,0.875,0.8,0.125,0.5403878145043669,0.03715517490895343,0.17972178025962404,1.0,True,False
0.43436834709865646,0.25,False,0.0,1.0,1.0,1.0,0.125,0.006707751462093509,0.02002336397106034,0.9440183789311045,1.0,False,False
0.3234866442354115,0.5,False,0.0,0.0,1.0,0.9750000000000001,0.125,0.4244601166867554,0.10570723011118136,0.2662404306419903,1.0,False,False
0.4893490367310339,0.5,False,0.0,1.0,1.0,0.875,0.25,0.23913958629893664,0.03516075249868727,0.5646476695227096,1.0,False,False
0.2654893233050304,0.0,True,1.0,0.0,1.0,0.9375,0.125,0.18293945695751385,0.13524024948835273,0.5179920882854334,1.0,True,False
0.26532028250539186,0.0,False,1.0,0.0,0.875,0.9125000000000001,0.125,0.2925229718378696,0.12844596706320255,0.45995908761701254,1.0,True,False
0.19632630288517106,0.0,False,0.0,1.0,0.875,0.8875,0.125,0.25734875295646575,0.046394176928273766,0.4658024901561617,1.0,True,False
0.20532537490782832,0.0,True,1.0,0.0,1.0,0.9500000000000002,0.125,0.16245882401603248,0.04491591189331626,0.5436845177794576,1.0,True,False
0.25558738430249694,0.5,False,0.0,1.0,0.75,0.8,0.125,0.11331347780498877,0.037582532284408394,0.6617914594183647,1.0,True,False
0.5753361509843712,0.5,False,0.0,1.0,1.0,1.0,0.25,0.06808941219421089,0.047476823217720836,0.8367044349288237,1.0,False,False
0.08935891432104215,0.0,True,0.0,0.0,1.0,0.9875,0.125,0.553654949178353,0.2076260433884819,0.1717343533023037,1.0,True,False
0.19152150956336766,0.25,True,1.0,0.0,1.0,0.9875,0.125,0.3387798495719877,0.17543664109336363,0.3317703771278242,1.0,True,False
0.28739620234356344,0.0,True,0.0,1.0,1.0,0.9500000000000002,0.125,0.08240602508406475,0.024069718117452857,0.7263115242100691,1.0,True,False
0.12138868484715493,0.0,True,1.0,0.0,1.0,0.9375,0.125,0.8052601986337121,0.7057689534853092,0.09203109056849201,1.0,True,False
0.3882139715493874,1.0,False,1.0,0.0,0.75,0.75,0.25,0.252565816399934,0.030029889324738355,0.42335398985654793,1.0,False,False
0.13739093600892593,0.0,False,0.0,0.0,0.875,0.9125000000000001,0.125,0.2884680463730251,0.19742368681446326,0.39468975816711915,1.0,True,False
0.2239920000991058,0.0,False,0.0,0.0,1.0,1.0,0.125,0.2757947402463636,0.1526498224129571,0.39372511627881224,1.0,True,False
0.4130451783076664,0.0,False,0.0,1.0,1.0,0.8375000000000001,0.125,0.5360018081210046,0.024903594775289924,0.3255296187604928,1.0,False,False
0.34610860493463325,0.0,False,0.0,1.0,0.75,0.75,0.125,0.08020786388216651,0.01385237084177427,0.7062153644703253,1.0,True,False
0.4054553583101014,0.5,False,0.0,1.0,0.875,0.9625000000000001,0.125,0.14642219586272837,0.02387730667362197,0.5895234189530085,1.0,False,False
0.2863477466931945,0.0,True,1.0,0.0,1.0,1.0,0.125,0.18713070330678155,0.08437653684183237,0.5764792207826182,1.0,True,False
0.3793667031782232,0.0,False,1.0,0.0,1.0,0.9500000000000002,0.0,0.16034745653042753,0.05981393656102116,0.6552712420489923,1.0,False,False
0.18971800542409967,0.0,False,0.0,0.0,0.5,0.5,0.125,0.4061916653842381,0.09443079808783388,0.29967857422280586,1.0,True,False
0.40955362241498816,1.0,False,0.0,1.0,0.875,0.8625,0.125,0.16079965829176157,0.06539727013379112,0.560912749573133,1.0,False,False
0.18867914175461908,0.0,True,0.0,0.0,1.0,0.9875,0.125,0.4544671920423491,0.48434731752366467,0.2528334089900419,1.0,True,False
0.21115733074156973,0.0,False,1.0,0.0,1.0,0.9625000000000001,0.125,0.4880367891257947,0.05632448756322051,0.2207399230288729,1.0,True,False
0.42778980649490983,1.0,False,0.0,1.0,1.0,0.925,0.25,0.3409424548303653,0.17254684713740814,0.32959928461998467,1.0,False,False
0.1514272581382603,0.0,False,0.0,1.0,0.5,0.5,0.125,0.15127763115950218,0.06925362573198969,0.5683465326350077,1.0,True,False
0.2351606452976025,0.0,False,0.0,0.0,1.0,1.0,0.125,0.7487839525057095,0.9577175490112997,0.08900051222178162,1.0,True,False
0.20508806235318777,0.0,False,0.0,1.0,0.75,0.825,0.125,0.2913128558824555,0.053076227349959565,0.4589491800730998,1.0,True,False
0.21769067839603506,0.0,False,1.0,0.0,1.0,0.9750000000000001,0.125,0.20918826946914404,0.02778057398138804,0.5297240930514391,1.0,True,False
0.31879468553043033,0.0,False,0.0,1.0,0.5,0.5,0.125,0.12662737906093047,0.022368710597426292,0.6249456209875497,1.0,True,False
0.3255461731870096,0.0,False,0.0,1.0,1.0,0.9000000000000001,0.0,0.22536508998534371,0.03781894346849398,0.6402300296056458,1.0,False,False
0.3135891779560066,0.25,False,0.0,1.0,0.875,0.65,0.125,0.43428218877258384,0.06750383022299125,0.310639683895938,1.0,False,False
0.34610860493463325,0.0,False,0.0,1.0,1.0,0.75,0.125,0.23437837348658402,0.053698681614525616,0.618277176065956,1.0,False,False
0.16914884170831468,0.0,False,0.0,0.0,1.0,0.9500000000000002,0.125,0.24786750185912235,0.0856285687413726,0.43961567012948444,1.0,True,False
0.256122545949362,0.0,True,1.0,0.0,1.0,0.9875,0.125,0.28463706109854087,0.0968308954347024,0.38852137143142795,1.0,True,False
0.2402973393912795,0.0,False,1.0,0.0,1.0,0.9875,0.125,0.7814750807222125,0.4811505831193692,0.09149076371730613,1.0,True,False
0.367601260364658,1.0,False,0.0,0.0,0.75,0.8500000000000001,0.25,0.1838836497239745,0.07435424349079582,0.5222643569145458,1.0,False,False
0.3051454065277114,0.0,True,0.0,0.0,1.0,0.9625000000000001,0.125,0.23241059332987615,0.023217244882885964,0.5785177622022215,1.0,True,False
0.5100568848881383,0.5,False,0.0,1.0,0.5,0.75,0.25,0.27626617908779166,0.07770965587950755,0.44732603011585503,1.0,False,False
0.17821813856939095,0.0,False,1.0,0.0,0.875,0.8875,0.125,0.24193226741943857,0.05319122712238433,0.5737615917140786,1.0,True,False
0.402122852108472,0.5,False,0.0,0.0,0.875,0.8375000000000001,0.25,0.3266504637031902,0.17022767915358403,0.34280367857830263,1.0,False,False
0.39639877960853875,0.75,False,0.0,0.0,0.875,0.8500000000000001,0.375,0.3838533985904275,0.3561307775861352,0.3114109047496938,1.0,False,False
0.35222365518590626,0.0,True,0.0,0.0,1.0,0.9500000000000002,0.125,0.20051429640121038,0.11100757941093456,0.488204583749819,1.0,False,False
0.3350437354547905,0.25,False,1.0,0.0,1.0,0.8,0.125,0.33352951138744413,0.021936183188941877,0.3698746562308972,1.0,False,False
0.2451000824035493,0.0,True,1.0,0.0,0.875,0.9500000000000002,0.125,0.1390276622768042,0.03253619457020685,0.6142603258806005,1.0,True,False
0.41045163548169683,0.0,False,0.0,1.0,0.875,0.6625000000000001,0.125,0.4310751522786599,0.060436398738347996,0.3129131880049012,1.0,False,False
0.28574583608421156,0.0,False,0.0,1.0,0.875,0.6875,0.125,0.33556003593404243,0.005782780618351652,0.3840301048422381,1.0,True,False
0.17288931976518618,0.0,False,0.0,0.0,1.0,0.9500000000000002,0.125,0.4020407127566132,0.2803476290045906,0.292143543400575,1.0,True,False
0.4206763225334532,0.0,False,0.0,1.0,1.0,1.0,0.0,0.06829870073932631,0.026154712786377952,0.7942366160868226,1.0,False,False
0.48713403297628954,0.75,False,1.0,0.0,1.0,1.0,0.25,0.05004037657786098,0.03339778384606072,0.7725827110462475,1.0,False,False
0.26173271211552307,0.25,False,0.0,0.0,0.75,0.8,0.0,0.15492418930324992,0.048501860637877446,0.5780467623241292,1.0,True,False
0.559402848204008,0.0,False,0.0,1.0,0.875,0.875,0.125,0.06773584159812968,0.03696233374497475,0.885766497155283,1.0,True,False
0.2514299621559002,0.0,False,1.0,0.0,1.0,0.9125000000000001,0.125,0.2620370224908985,0.033457695265177424,0.4121196462557799,1.0,True,False
0.46214833889594675,0.25,False,0.0,1.0,1.0,0.8125,0.125,0.16598730398662395,0.01930053459844726,0.5730269723033412,1.0,False,False
0.3138466793870843,0.5,False,0.0,0.0,0.875,0.875,0.25,0.626342617699394,0.7184227537057838,0.1453243418484096,1.0,False,False
0.2422340627819508,0.0,False,0.0,0.0,0.875,0.7000000000000001,0.0,0.28094703113620534,0.052150396277866495,0.381905658763523,1.0,False,False
0.16562468127914087,0.0,True,0.0,1.0,1.0,0.9125000000000001,0.125,0.25711410167443904,0.2035742663473893,0.43421880557654724,1.0,True,False
0.1682743413758333,0.0,False,0.0,1.0,1.0,0.875,0.125,0.323697973785134,0.04267243337925899,0.3947085602543483,1.0,True,False
0.09430401041918213,0.0,True,0.0,0.0,1.0,0.9625000000000001,0.125,0.45159119290505356,0.45478255801024187,0.26000073387954226,1.0,True,False
0.3517047172813942,0.0,False,0.0,1.0,0.625,0.6375000000000001,0.125,0.2768687940498848,0.06610337025296745,0.448698469849214,1.0,False,False
0.22862736097375158,0.5,False,0.0,1.0,0.875,0.8625,0.125,0.28587183369695846,0.07341761404184444,0.40478892853301773,1.0,True,False
0.17904509321601503,0.0,True,0.0,0.0,1.0,0.9625000000000001,0.125,0.43040298072191363,0.24898276958290028,0.25180157169682404,1.0,True,False
0.2999349693770291,0.0,False,0.0,1.0,0.625,0.5375000000000001,0.125,0.1459094606068,0.02728207815421434,0.6226086249407956,1.0,True,False
0.2351606452976025,0.0,False,0.0,0.0,0.875,0.8625,0.0,0.49377330107718703,0.09928078375882812,0.2804502748468305,1.0,True,False
0.07363878386911371,0.0,False,0.0,1.0,0.625,0.675,0.125,0.3127112052587967,0.03614058752534065,0.40620266481727874,1.0,True,False
0.17655257740394903,0.0,False,0.0,1.0,0.625,0.6625000000000001,0.125,0.18919446501948645,0.014010781812300808,0.5428249418378757,1.0,True,False
0.1662169232124454,0.25,False,1.0,0.0,0.875,0.8875,0.125,0.4438642958869948,0.19711300738450968,0.24123977236988492,1.0,True,False
0.3733976107957918,0.0,False,0.0,0.0,0.875,0.9000000000000001,0.125,0.12496985098754863,0.05428579017300522,0.6290536833720002,1.0,False,False
0.19855763336115373,0.0,False,0.0,0.0,1.0,0.9625000000000001,0.125,0.2780322142750883,0.20272722067354018,0.4080119919920997,1.0,True,False
0.29138319459034745,0.0,False,0.0,0.0,1.0,0.9000000000000001,0.125,0.12505139306509006,0.043614512832864404,0.6371537074573279,1.0,True,False
0.2385360294936566,0.0,False,0.0,1.0,1.0,0.8875,0.125,0.03511697501823308,0.030744698855756366,0.8184706405676652,1.0,True,False
0.39048389218080615,0.75,False,0.0,1.0,1.0,1.0,0.25,0.35922497375572165,0.18081364641662873,0.32134374327222814,1.0,True,False
0.21115733074156973,0.0,False,0.0,1.0,1.0,1.0,0.125,0.14440727862699762,0.0236461137335316,0.6896591383906845,1.0,False,True
0.5410760717242885,0.5,False,0.0,0.0,1.0,0.9500000000000002,0.25,0.07874494418955999,0.031022596513815507,0.8482156501496014,1.0,False,False
0.27341954910668875,0.75,False,1.0,0.0,0.875,0.8875,0.25,0.5724247219229904,0.05683947357138837,0.1614046735883845,1.0,False,False
0.17655257740394903,0.0,False,0.0,0.0,1.0,1.0,0.125,0.3118596057465902,0.0444112113394729,0.3506157715906364,1.0,True,False
0.34992888982933856,0.0,False,1.0,0.0,0.875,1.0,0.0,0.22732210398636166,0.025762023003112103,0.5048157968199587,1.0,False,False
0.14320669321579982,0.0,False,0.0,1.0,0.875,0.8125,0.125,0.31454066768250155,0.02746311102489794,0.4030961074875621,1.0,True,False
0.49780567984889956,0.5,True,0.0,1.0,1.0,1.0,0.25,0.07335944136830477,0.0352756886365008,0.719793402218349,1.0,False,False
0.22313604194574843,0.25,False,0.0,1.0,0.875,0.8875,0.125,0.4663850107634373,0.19878722742574714,0.30447550156187586,1.0,True,False
0.26565820322860956,0.0,False,0.0,1.0,1.0,0.875,0.0,0.1221340536739969,0.041480318546647084,0.61656293436869,1.0,False,False
0.39140041400584125,0.5,False,0.0,1.0,1.0,0.9125000000000001,0.125,0.4308075272506006,0.06816421967715097,0.3127122626841321,1.0,False,False
0.29123711464002977,0.0,True,1.0,0.0,1.0,1.0,0.125,0.5667018152548139,0.0937178197776653,0.1685779398059355,1.0,True,False
0.16885782018472062,0.0,False,0.0,1.0,1.0,1.0,0.125,0.32534151004729855,0.0331153256983651,0.39168074727551394,1.0,True,False
0.24049196569802778,0.0,True,1.0,0.0,1.0,0.9125000000000001,0.125,0.22256269001101062,0.01170861620911219,0.5747843267397097,1.0,True,False
0.13101797407266458,0.0,False,0.0,0.0,0.0,0.0,0.125,0.16921363872395775,0.01978192050104745,0.5336813486675358,1.0,True,False
0.1839274901469682,0.5,False,0.0,1.0,0.875,0.8375000000000001,0.125,0.45846044764841015,0.42964796494684787,0.2601428941868098,1.0,True,False
0.4661197398169873,0.0,False,0.0,0.0,0.75,0.8125,0.125,0.32566212287561763,0.017381068223594358,0.4041793584575666,1.0,True,False
0.1331678261903072,0.0,False,0.0,0.0,1.0,1.0,0.125,0.5604172847892606,0.5492488052286869,0.17756793634220558,1.0,True,False
0.3325140216513377,0.5,False,0.0,1.0,0.75,0.675,0.25,0.2547847929550197,0.025537025229492815,0.4577397591737371,1.0,False,False
0.5081733051844753,0.5,True,0.0,1.0,0.875,0.75,0.125,0.02662117466646095,0.019954610418910626,0.8267308212434847,1.0,False,False
0.298818265612499,0.0,False,0.0,1.0,0.875,0.8625,0.125,0.47519376314269396,0.05116524032683568,0.22023714461295207,1.0,False,False
0.708638307375047,1.0,False,0.0,1.0,1.0,1.0,0.375,0.2332866434051733,0.05573561035860075,0.5468462898302815,1.0,False,False
0.3990452524536884,0.5,False,0.0,1.0,0.75,0.625,0.125,0.3180565138708875,0.013539192228066708,0.4153561571392437,1.0,False,False
0.08935891432104215,0.0,False,0.0,0.0,0.875,0.9750000000000001,0.125,0.43245108138117916,0.2846153383553715,0.3003731238320495,1.0,True,False
0.5366230506511979,0.5,False,0.0,1.0,1.0,0.9125000000000001,0.25,0.24650497748334488,0.040713733140374554,0.47290118621744526,1.0,False,False
0.35943334328579846,0.0,False,1.0,0.0,0.875,0.6625000000000001,0.125,0.2663319286187326,0.04496582838509163,0.45514715619249557,1.0,False,False
0.2688367570481631,0.0,False,1.0,0.0,0.875,0.875,0.125,0.10852993925576435,0.06904609502573163,0.6488843420348598,1.0,True,False
0.33424273155506634,0.0,False,1.0,0.0,0.75,0.7875000000000001,0.125,0.26611028272686177,0.051945103687887045,0.44845207581711444,1.0,False,False
0.3752277233258695,0.0,False,0.0,1.0,1.0,0.9500000000000002,0.125,0.4626029393678315,0.07786344163482381,0.2957980994811469,1.0,False,False
0.4138525246387955,0.25,False,0.0,1.0,1.0,1.0,0.125,0.18937508049073104,0.008384080012254885,0.5342114759779948,1.0,False,False
0.28574583608421156,0.5,False,1.0,0.0,1.0,1.0,0.25,0.2253118311764299,0.10008189906532798,0.46559809801370955,1.0,True,False
0.41726130840894193,0.25,False,0.0,0.0,0.75,0.9500000000000002,0.125,0.20607827997274247,0.050152838185512826,0.49815609494163593,1.0,False,False
0.17117273715447934,0.0,False,0.0,1.0,0.875,0.8875,0.125,0.38374132159619545,0.046850180921459046,0.32252348083220705,1.0,True,False
0.45596169330461367,0.75,False,0.0,1.0,0.75,0.7750000000000001,0.375,0.08157105605885202,0.02404070850661308,0.6854856765500306,1.0,False,False
0.3523272609049949,0.5,False,0.0,1.0,0.5,0.25,0.0,0.30089605468114006,0.041823036296810896,0.41760399418503247,1.0,False,False
0.21879320116125267,0.0,False,1.0,0.0,1.0,0.9750000000000001,0.125,0.29018991679135503,0.0418096716236007,0.42634785915642315,1.0,True,False
0.49550959036535425,1.0,False,1.0,0.0,0.875,0.9375,0.25,0.30584755084549003,0.055439883895517,0.41805093110439806,1.0,False,False
0.3540793656014395,0.0,False,0.0,0.0,1.0,0.8,0.125,0.47988116310103107,0.33471665949202667,0.29715978127681675,1.0,False,False
0.22632481568164586,0.0,False,0.0,0.0,1.0,0.9750000000000001,0.125,0.42753785035295017,0.08061414579430576,0.25379917258879403,1.0,True,False
0.19381368873224358,0.5,False,0.0,1.0,0.625,0.6000000000000001,0.125,0.25672758188729855,0.046451895289004064,0.5138670074860179,1.0,True,False
0.3162744848493214,0.0,False,1.0,0.0,1.0,1.0,0.125,0.22707234425997105,0.022420344059103307,0.5077889965178874,1.0,True,False
0.3820149411524326,0.5,False,0.0,0.0,0.875,0.9125000000000001,0.125,0.24946826408243553,0.013409563724744784,0.42552816961599205,1.0,False,False
0.1823149046318756,0.0,False,0.0,0.0,1.0,1.0,0.125,0.3059937231845304,0.04618327299127,0.3711263047972253,1.0,True,False
0.33999747799441093,0.25,False,0.0,0.0,1.0,0.875,0.25,0.4314827175369312,0.13956878330125877,0.25882558800767397,1.0,False,False
0.14818458643442645,0.0,False,1.0,0.0,0.875,0.875,0.125,0.3686232462146796,0.13425933096257692,0.35064440422730847,1.0,True,False
0.6815093955963875,0.5,False,0.0,0.0,1.0,1.0,0.125,0.47703129076316575,0.07742339501777987,0.29156962233052686,1.0,False,False
0.19756939318629507,0.0,False,0.0,1.0,0.75,0.7625,0.125,0.2977002495188363,0.05249523205293454,0.4383311957710214,1.0,True,False
0.1668071951127994,0.0,True,1.0,0.0,0.875,0.9750000000000001,0.125,0.32618468819162666,0.1479085682585808,0.34782465079952885,1.0,True,False
0.19532552244298607,0.5,False,1.0,0.0,1.0,0.9500000000000002,0.125,0.23435257782975066,0.07421125605363484,0.4711371915888731,1.0,True,False
0.3780276145630673,0.25,False,0.0,0.0,0.875,0.9625000000000001,0.125,0.09642514876519367,0.0458574422860292,0.7110291801503181,1.0,False,False
0.32409487330064557,0.0,False,0.0,0.0,0.875,0.9125000000000001,0.125,0.1423103661759978,0.03531239965157038,0.619769586282858,1.0,False,False
0.4097785520887808,0.5,False,1.0,0.0,0.875,0.925,0.25,0.35074621081755797,0.036914153947448215,0.36976892820748386,1.0,False,False
0.44901176614573524,0.0,True,0.0,1.0,1.0,0.9500000000000002,0.125,0.07719362226663348,0.023644245440373683,0.7107492885992008,1.0,False,False
0.31665480429401416,0.0,False,1.0,0.0,0.875,1.0,0.125,0.2805567114434796,0.06268591810325043,0.4149671069242371,1.0,True,False
0.17738731210750946,0.0,False,1.0,0.0,0.75,0.9375,0.125,0.41978237052324735,0.23261260316995092,0.2591032121601815,1.0,True,False
0.25576595090664944,0.0,True,1.0,0.0,1.0,1.0,0.125,0.2799602355063563,0.040907848797755615,0.3822888746523101,1.0,True,False
0.29571059326177085,0.25,False,0.0,0.0,1.0,0.9500000000000002,0.0,0.19988458175823964,0.03270242801255787,0.5104942038882372,1.0,False,False
0.5631990737611737,0.0,False,1.0,0.0,1.0,1.0,0.0,0.1902159052077703,0.059312309692170787,0.5009232507475241,1.0,True,False
0.175152567339807,0.0,False,0.0,0.0,1.0,1.0,0.125,0.4550614279087645,0.09901917149778627,0.24048083344147075,1.0,True,False
0.20508806235318777,0.0,False,1.0,0.0,0.875,0.9125000000000001,0.125,0.2788317850821922,0.04395190626817019,0.46082360405641154,1.0,True,False
0.14253229716796056,0.0,False,0.0,1.0,0.875,0.8375000000000001,0.125,0.3643064607546098,0.07487126012334347,0.3568409496745588,1.0,True,False
0.19806420122279356,0.0,False,0.0,0.0,1.0,0.9500000000000002,0.125,0.29171296343491615,0.06091700826663721,0.400720932992769,1.0,True,False
0.41997026071254184,0.5,False,0.0,1.0,1.0,0.8500000000000001,0.25,0.1832454283146281,0.011409653207947271,0.5438816947022787,1.0,False,False
0.22463127001525063,0.0,False,0.0,1.0,0.875,0.9000000000000001,0.125,0.11901752934872654,0.014061515125422837,0.6292524571142293,1.0,True,False
0.43508446598244055,0.5,False,0.0,1.0,1.0,1.0,0.375,0.40718741366044187,0.11450880492186558,0.29709481918298186,1.0,False,False
0.12774355668892456,0.0,False,0.0,1.0,0.75,0.7125,0.125,0.3310194630354387,0.018184034604886583,0.38658987587786897,1.0,True,False
0.32983018597443314,0.0,False,0.0,1.0,0.625,0.75,0.0,0.2398320471295972,0.04536033415967508,0.5357116682061536,1.0,False,False
0.1602036306527207,0.0,False,0.0,1.0,0.75,0.7375,0.125,0.25224150151932173,0.05759372978987239,0.5333972715411914,1.0,True,False
0.1682743413758333,0.0,False,0.0,0.0,1.0,0.9375,0.125,0.19334191027057368,0.06817994702358153,0.48973641042004235,1.0,True,False
0.32103266349813253,0.25,False,0.0,1.0,1.0,0.875,0.125,0.19973303308573956,0.015013019387234842,0.5405437754602491,1.0,False,False
0.20365748341934764,0.0,False,1.0,0.0,1.0,0.9750000000000001,0.125,0.69174025001581,0.41616964731219486,0.13924846273158709,1.0,True,False
0.4358624046356586,0.5,False,0.0,0.0,1.0,0.9500000000000002,0.25,0.11712725525871825,0.06205619968201223,0.6677310219299812,1.0,False,False
0.29370426572415587,0.0,False,1.0,0.0,0.875,0.9125000000000001,0.0,0.2707665197206384,0.0150158863431028,0.47474386452375184,1.0,True,False
0.0991150275045719,0.25,False,1.0,0.0,0.75,0.7000000000000001,0.125,0.422047904110147,0.0801193597257985,0.30298772552808617,1.0,True,False
0.24585660058783687,0.0,True,0.0,0.0,1.0,0.9875,0.125,0.4120062272165872,0.07752552723511485,0.3018823651390803,1.0,True,False
0.19254391297671025,0.0,False,0.0,0.0,1.0,1.0,0.125,0.46104570674880774,0.5031640541397129,0.24970744448343818,1.0,True,False
0.13564350462413632,0.0,False,0.0,0.0,0.5,0.8375000000000001,0.125,0.4958383606937708,0.07098737966607314,0.2142430932586159,1.0,True,False
0.3044685007671454,0.0,True,0.0,1.0,1.0,0.875,0.125,0.13996114541344015,0.01276468264099759,0.6146731192798081,1.0,True,False
0.19756939318629507,0.0,False,0.0,0.0,0.875,0.8875,0.125,0.1972213302265741,0.10958970057754198,0.49479852300417604,1.0,True,False
0.3196683673025521,0.5,False,0.0,1.0,0.75,0.7625,0.125,0.25575850673114087,0.028225539205490233,0.4725075832630943,1.0,False,False
0.3872807995717006,0.0,True,0.0,1.0,1.0,0.9875,0.125,0.2851918019876203,0.046307510627415865,0.4383553187909408,1.0,False,False
0.3370870090054702,0.25,False,1.0,0.0,0.75,0.8,0.125,0.11338714870957019,0.035220651037901805,0.6587808629077307,1.0,True,False
0.4506857014629294,0.5,True,0.0,1.0,0.75,0.75,0.25,0.19714038640274295,0.03601838547392839,0.5433976710310822,1.0,False,False
0.14253229716796056,0.0,False,0.0,1.0,0.75,0.7875000000000001,0.125,0.3098059339655915,0.04964845144500332,0.4179288705209965,1.0,True,False
0.2329418547612636,0.0,False,0.0,1.0,0.75,0.8,0.0,0.22730205868376124,0.030914316952664975,0.5006491243377886,1.0,False,False
0.3341280066962443,0.0,False,1.0,0.0,0.875,0.8875,0.125,0.3132557209573563,0.1129707911580357,0.37746926497568634,1.0,False,False
0.2839277564095325,0.0,True,1.0,0.0,1.0,0.9500000000000002,0.125,0.18568103121059423,0.032300929432830035,0.5438057876228701,1.0,True,False
0.23212809351563968,0.0,False,0.0,1.0,0.75,0.7125,0.125,0.10718191561610471,0.032779412469920666,0.6824091784376436,1.0,True,False
0.12138868484715493,0.0,False,1.0,0.0,0.75,0.8125,0.125,0.6179760017612573,0.27405462190477503,0.19173313236795475,1.0,True,False
0.329947722434342,0.25,True,1.0,0.0,1.0,1.0,0.25,0.18068463692600506,0.017231806030447352,0.5466738302209084,1.0,True,False
0.16885782018472062,0.0,True,0.0,0.0,1.0,0.9625000000000001,0.125,0.37481805569655496,0.148179140501679,0.3516638899474822,1.0,True,False
0.24010249938599726,0.0,False,0.0,0.0,1.0,0.75,0.125,0.45170053322655296,0.09511920837001828,0.2694527251894905,1.0,True,False
0.175152567339807,0.0,True,1.0,0.0,1.0,0.9750000000000001,0.125,0.24959679230998713,0.07747775890344058,0.560215858816103,1.0,True,False
0.24922157850687243,0.25,False,0.0,1.0,0.75,0.8625,0.125,0.24592627370045464,0.03923872774971101,0.5364595670394106,1.0,False,False
0.11241183227452445,0.0,True,1.0,0.0,0.875,0.9500000000000002,0.125,0.5622372032782815,0.04062071478749644,0.16712668281553156,1.0,True,False
0.30716076756480104,0.0,False,0.0,0.0,0.875,0.9625000000000001,0.125,0.48564495983148637,0.04633527820343521,0.2239048086610249,1.0,True,False
0.14320669321579982,0.0,False,0.0,1.0,0.75,0.825,0.125,0.31318928148055114,0.046582332134027425,0.40761881926641874,1.0,True,False
0.26916805342900985,0.0,False,1.0,0.0,0.625,0.8375000000000001,0.125,0.07712328880598153,0.012799437046897332,0.6944100834458178,1.0,True,False
0.1682743413758333,0.0,False,0.0,1.0,0.75,0.675,0.5,0.41354256753112784,0.0330465098017605,0.2968734318207946,1.0,True,False
0.3940400551828974,1.0,False,0.0,1.0,0.75,0.7875000000000001,0.125,0.20432164525162455,0.006976762355949939,0.5643106258702311,1.0,False,False
0.3512884715207659,1.0,False,1.0,0.0,1.0,1.0,0.5,0.4406853476102791,0.2763063552814885,0.2640409632693388,1.0,False,False
0.24698536472083588,0.0,False,0.0,1.0,0.875,0.875,0.125,0.16183073918659654,0.06062191857590507,0.5633709347638747,1.0,True,False
0.28239833003520975,0.0,True,0.0,0.0,1.0,0.9125000000000001,0.125,0.42058916487319564,0.15963759446628611,0.31736179779220186,1.0,True,False
0.3477103972245915,0.0,False,0.0,1.0,0.625,0.625,0.125,0.22426578374848063,0.1351071445478099,0.464200943136333,1.0,False,False
0.14219413557029703,0.0,False,0.0,1.0,0.875,0.8375000000000001,0.125,0.2895202464016872,0.10305599113696022,0.46306225550709823,1.0,True,False
0.31371797537952617,0.0,False,1.0,0.0,1.0,0.9750000000000001,0.125,0.4744306587571817,0.03503600762949197,0.24299570178789143,1.0,True,False
0.33719983728636904,0.5,False,1.0,0.0,1.0,0.875,0.125,0.1312162281938452,0.04685927214468533,0.6243168026322121,1.0,False,False
0.3918983469302467,0.5,False,0.0,1.0,0.875,0.8375000000000001,0.25,0.2115825220353321,0.08452739124185478,0.4757529267293905,1.0,False,False
0.11715201760842131,0.0,False,0.0,0.0,0.875,0.8500000000000001,0.125,0.9579964816962747,0.6217800429982521,0.015409138575984471,1.0,True,False
0.2517953688024823,0.0,False,0.0,1.0,0.875,0.8875,0.125,0.10330781225174988,0.022461104398057583,0.6866717102728748,1.0,True,False
0.16050918442021356,0.0,False,0.0,0.0,1.0,1.0,0.125,0.44691979654849634,0.026248817216654792,0.23973070547302422,1.0,True,False
0.4042226552729188,0.25,False,0.0,0.0,1.0,1.0,0.125,0.333042606062194,0.00471765189817995,0.3969405963350834,1.0,False,False
0.3411043000881887,0.0,False,1.0,0.0,1.0,1.0,0.0,0.4169801686224603,0.059086777788692216,0.2983368827823798,1.0,False,False
0.30756110757359145,0.5,False,0.0,1.0,0.75,0.75,0.125,0.3033990707383516,0.04181579137512732,0.3834693613399687,1.0,True,False
0.3447085922875327,0.25,False,1.0,0.0,1.0,1.0,0.125,0.29689896201878774,0.1605715113283888,0.37881026916656846,1.0,False,False
0.6184108835086831,0.75,False,0.0,1.0,1.0,1.0,0.125,0.21660361980527199,0.05004031109761051,0.5149845933755106,1.0,True,False
0.3044685007671454,0.5,False,1.0,0.0,0.875,0.9125000000000001,0.125,0.25963190815702375,0.07665457976724781,0.4233060811223732,1.0,True,False
0.2996564515680967,0.0,False,0.0,0.0,0.875,0.8625,0.125,0.34706660613004925,0.14861242492767465,0.38175162452400735,1.0,False,False
0.18339158825813184,0.0,False,0.0,1.0,0.875,0.7125,0.0,0.33303979564095143,0.030658677906955884,0.38204778349445356,1.0,True,False
0.5011950513926716,0.0,False,1.0,0.0,1.0,1.0,0.125,0.08369070741470658,0.043042629539278336,0.7010061967873886,1.0,True,False
0.3849692630568352,0.5,False,0.0,1.0,1.0,0.875,0.25,0.14970081933444862,0.02518639823624648,0.5867973208263091,1.0,False,False
0.10337829747507654,0.0,False,0.0,1.0,0.625,0.7625,0.125,0.3138963617678803,0.0630212296925269,0.41638050613005473,1.0,True,False
0.3732135571427523,0.5,True,0.0,1.0,0.875,0.9375,0.125,0.4330243633822484,0.08447632642499454,0.31089019439945753,1.0,False,False
0.34187498828329843,0.5,False,0.0,0.0,1.0,1.0,0.125,0.41617243403398657,0.06071541056138727,0.3227818645734033,1.0,False,False
0.16885782018472062,0.0,False,1.0,0.0,0.625,0.8375000000000001,0.125,0.5117928503487195,0.46144143274209753,0.23783504088923402,1.0,True,False
0.14219413557029703,0.0,False,1.0,0.0,1.0,1.0,0.125,0.3010694438105656,0.2672647212006176,0.38425744879379886,1.0,True,False
0.23675706209702108,0.75,False,0.0,1.0,0.875,0.75,0.125,0.23837249052745102,0.05164244731137993,0.5319564615819108,1.0,True,False
0.3543867726813287,0.0,False,0.0,1.0,0.75,0.75,0.0,0.24508951857629674,0.10511459340406326,0.4859731363683446,1.0,True,False
0.5854195884862935,0.5,False,0.0,1.0,1.0,1.0,0.25,0.06657262722407904,0.042903753534798875,0.8422052198295225,1.0,False,False
0.3124257749366902,0.0,False,0.0,1.0,0.875,0.7000000000000001,0.0,0.265113161721879,0.04709847046630608,0.4858453485916592,1.0,False,False
0.18658298875052648,0.0,False,1.0,0.0,0.875,0.75,0.0,0.339836556343691,0.0211225728505092,0.3697180886041993,1.0,True,False
0.3337833864184797,0.5,False,0.0,0.0,1.0,1.0,0.125,0.537737499499455,0.021249637890871965,0.23724027316783136,1.0,False,False
0.3341280066962443,1.0,False,1.0,0.0,1.0,1.0,0.25,0.26322176103336115,0.22196680827428122,0.42613308973963915,1.0,False,False
0.28239833003520975,0.5,False,0.0,0.0,1.0,0.925,0.125,0.31653658425842673,0.22462877099017658,0.37785689743126105,1.0,False,False
0.14654075566553715,0.0,False,0.0,0.0,1.0,0.9500000000000002,0.125,0.3386753084865395,0.10756154694119863,0.3924721953610235,1.0,True,False
0.2451000824035493,0.0,True,0.0,0.0,0.875,0.9500000000000002,0.125,0.2089910899656535,0.030654491578594848,0.5906309198348887,1.0,True,False
0.40204460241543705,0.25,False,0.0,0.0,0.75,0.9375,0.125,0.4477434673574722,0.044983137813932275,0.23905488904106043,1.0,False,False
0.23912507738431443,0.0,False,0.0,0.0,1.0,1.0,0.125,0.4385738501868162,0.04537632567629994,0.28148223950477713,1.0,True,False
0.13352361620659736,0.0,False,0.0,0.0,1.0,0.9125000000000001,0.125,0.41890563308763995,0.2431402591009848,0.2716291488957465,1.0,True,False
0.3121662018195187,0.0,False,0.0,1.0,0.875,0.8875,0.0,0.04709252173362697,0.04172074372740787,0.7668399132816122,1.0,True,False
0.5058339747628618,1.0,False,0.0,1.0,0.625,0.875,0.25,0.23560387962486734,0.01097654989491095,0.4970725226214041,1.0,False,False
0.3701487820458734,0.5,False,1.0,0.0,0.375,0.25,0.0,0.26777684586086803,0.03885577334783714,0.4799144361717884,1.0,False,False
0.1899767738192364,0.0,False,1.0,0.0,0.875,0.9000000000000001,0.125,0.3045770956029389,0.08998441296935256,0.3828440840727185,1.0,True,False
0.3344719589977777,0.0,True,0.0,0.0,1.0,0.9625000000000001,0.125,0.299323840554409,0.05948975669264543,0.4289781187479582,1.0,False,False
0.24088057908739002,0.0,False,1.0,0.0,1.0,1.0,0.125,0.31976520629765326,0.03331408735854243,0.39839411208383346,1.0,True,False
0.39639877960853875,1.0,False,0.0,1.0,0.75,0.5,0.25,0.34137719752305273,0.039233241438043256,0.3606236141417922,1.0,False,False
0.32177242758324665,0.25,False,1.0,0.0,1.0,1.0,0.125,0.13283719304249916,0.021103039071743743,0.60935087298519,1.0,False,False
0.21658126268110822,0.0,False,0.0,0.0,1.0,0.9375,0.125,0.3107714644123886,0.0206881612861242,0.42073641121098326,1.0,True,False
0.23273876403659832,0.0,False,0.0,0.0,1.0,1.0,0.125,0.4209324151950414,0.19085525368041403,0.2576558640962412,1.0,True,False
0.09430401041918213,0.0,False,0.0,0.0,0.875,0.875,0.125,0.5799394654341958,0.5006767365582206,0.19505964283167576,1.0,True,False
0.25522971112040116,0.0,False,1.0,0.0,1.0,1.0,0.125,0.3080578281715715,0.056608166283810456,0.37649596862721535,1.0,True,False
0.14785703624482216,0.0,False,1.0,0.0,0.875,0.9125000000000001,0.125,0.35918469094171285,0.09687142741001652,0.36236348291976994,1.0,True,False
0.2550506038158944,0.0,True,0.0,0.0,1.0,1.0,0.125,0.18330476448421545,0.055541757933583936,0.5143321759798236,1.0,True,False
0.10125946535180486,0.5,False,1.0,0.0,1.0,0.9125000000000001,0.125,0.6631399155123305,0.6927421870531651,0.13736568665988957,1.0,True,False
0.20341792829417205,0.25,True,0.0,0.0,1.0,0.9875,0.25,0.37541712163777446,0.178056212611159,0.29710702657634736,1.0,True,False
0.1839274901469682,0.0,True,0.0,0.0,1.0,0.925,0.125,0.44689527313984073,0.10226346577451906,0.24927976632881776,1.0,True,False
0.2743863651066005,0.0,False,0.0,1.0,1.0,1.0,0.125,0.4753619225424238,0.1861626538895519,0.22938304551249034,1.0,False,False
0.34834708746563126,0.5,False,0.0,1.0,0.875,0.9000000000000001,0.125,0.297618845083182,0.03055423581070762,0.429616820679408,1.0,False,False
0.3359547628795322,0.0,False,0.0,1.0,0.875,0.8500000000000001,0.125,0.18706805846790384,0.017853910636973377,0.5489894816714169,1.0,False,False
0.1514272581382603,0.0,False,1.0,0.0,1.0,0.9375,0.25,0.5460175708480978,0.5217192837786359,0.18607687903632408,1.0,True,False
0.1623315399495997,0.0,False,0.0,0.0,1.0,1.0,0.125,0.2873231079498293,0.014993034407452204,0.3903538527053705,1.0,True,False
0.2397121763990986,0.0,True,1.0,0.0,1.0,0.9625000000000001,0.125,0.3238012873713734,0.032275006923995826,0.39889509943209145,1.0,True,False
0.16710159638782063,0.0,False,1.0,0.0,1.0,1.0,0.125,0.30945689904778073,0.13478556932171187,0.40237365157208416,1.0,True,False
0.4830164898525896,0.5,False,1.0,0.0,1.0,1.0,0.125,0.1131056339778089,0.030414919227558807,0.6479195075255149,1.0,False,False
0.2724474366768552,0.5,True,0.0,0.0,0.875,0.9375,0.25,0.37598383829921656,0.05066549595486514,0.307901169666823,1.0,True,False
0.1539793960592688,0.0,False,1.0,0.0,0.875,0.8625,0.125,0.30908738559129206,0.0027661928099591503,0.4087097723417661,1.0,True,False
0.29283741793800566,0.5,False,0.0,0.0,1.0,1.0,0.125,0.522838743158184,0.04008138330596851,0.19593421179309312,1.0,False,False
0.2794555951172246,0.0,True,1.0,0.0,1.0,0.9875,0.125,0.22572932064068726,0.08528544806797135,0.4689798162659762,1.0,True,False
0.1839274901469682,0.0,False,0.0,0.0,1.0,0.9625000000000001,0.125,0.3165799361724678,0.08060384298617437,0.34490045825590254,1.0,True,False
0.14851153312476129,0.0,False,1.0,0.0,1.0,1.0,0.125,0.46557157237915886,0.027381602115480377,0.2388761454921149,1.0,True,False
0.26532028250539186,0.0,False,0.0,1.0,1.0,0.875,0.125,0.2970087743456489,0.07303976494878846,0.5002897259646384,1.0,True,False
0.3207853885551156,0.25,False,1.0,0.0,0.875,0.7875000000000001,0.0,0.22974415156348238,0.03252891743360637,0.4862592297341246,1.0,False,False
0.3234866442354115,0.0,False,0.0,0.0,1.0,1.0,0.125,0.6180793569838846,0.2927190175014224,0.19209655921115965,1.0,False,False
0.24146190808888657,0.5,False,1.0,0.0,0.875,0.8125,0.25,0.5475673023489053,0.17998315193081593,0.17519244924640076,1.0,False,False
0.3568270441449498,1.0,False,0.0,1.0,1.0,0.75,0.25,0.21227888346461116,0.04582439801853218,0.49358914166528667,1.0,False,False
0.14320669321579982,0.0,False,0.0,1.0,0.75,0.7125,0.125,0.3273696002467011,0.03103534551314247,0.386425671806627,1.0,True,False
0.2347592869000048,0.0,True,1.0,0.0,1.0,1.0,0.125,0.3686048635673285,0.12471295812827854,0.3606074132551389,1.0,True,False
0.5083883579956946,1.0,False,0.0,1.0,0.625,0.5875,0.375,0.27153070931459833,0.0417831448202634,0.48605128853793866,1.0,False,False
0.1647325956691652,0.0,False,0.0,1.0,0.75,0.7250000000000001,0.125,0.3821760902219715,0.06463725696209581,0.32222094292178793,1.0,True,False
0.18123164832544447,0.0,False,1.0,0.0,0.75,1.0,0.125,0.533730986874123,0.03714135202669232,0.1879668170881108,1.0,True,False
0.3138466793870843,0.0,False,0.0,0.0,1.0,0.9625000000000001,0.125,0.12692105949126273,0.03987353949259025,0.6315821369135044,1.0,False,False
0.20650720037569026,0.0,False,1.0,0.0,0.875,0.9000000000000001,0.125,0.27209042712560344,0.19996691346885584,0.41595644838276624,1.0,True,False
0.23833924487322566,0.0,True,1.0,0.0,1.0,1.0,0.25,0.5470714419764864,0.0704163259302653,0.17559260657072318,1.0,True,False
0.311515602960751,0.25,False,0.0,1.0,0.875,0.8875,0.0,0.18690545726944816,0.06222220871169479,0.5864202543976162,1.0,True,False
0.1717467783888943,0.0,False,0.0,0.0,1.0,1.0,0.0,0.40313758196631017,0.17166859604782134,0.2820200160707076,1.0,True,False
0.11281172005477969,0.0,False,1.0,0.0,0.875,0.9000000000000001,0.125,0.696888040295188,0.4025293763983843,0.13664618618320468,1.0,True,False
0.351808626339993,0.5,False,1.0,0.0,0.75,0.9000000000000001,0.25,0.3491319560711511,0.13104307287099762,0.34753267512171915,1.0,False,False
0.3495084526417568,0.0,False,0.0,0.0,1.0,1.0,0.125,0.29107666855501363,0.04386030722304299,0.42405604167694433,1.0,False,False
0.29123711464002977,0.25,False,1.0,0.0,0.625,0.75,0.125,0.31042678868197193,0.01733459115188868,0.4071173313414682,1.0,True,False
0.2351606452976025,0.0,False,0.0,0.0,1.0,1.0,0.125,0.307428078995738,0.050276798839516516,0.41889940268361836,1.0,True,False
0.18472832059975486,0.0,True,0.0,0.0,1.0,1.0,0.125,0.4630062420241849,0.12494567787308997,0.25193348119811776,1.0,True,False
0.2974124304118596,0.0,False,1.0,0.0,1.0,1.0,0.125,0.36579742762628276,0.153161680597631,0.36147605269558136,1.0,True,False
0.13352361620659736,0.0,False,1.0,0.0,0.875,0.8375000000000001,0.125,0.7651244944733435,0.8834523433445436,0.08516976304544599,1.0,True,False
0.15555604159834224,0.0,False,0.0,0.0,0.875,0.9500000000000002,0.125,0.34691186085904063,0.056729553276386104,0.365188156703637,1.0,True,False
0.11241183227452445,0.0,False,1.0,0.0,0.875,0.925,0.125,0.8434452567151017,0.5981070128685521,0.0622323341311517,1.0,True,False
0.20556237051819792,0.0,False,0.0,1.0,1.0,0.9375,0.125,0.40701647463361684,0.1374406247067905,0.3217316276409645,1.0,True,False
0.31436056396148626,0.0,False,0.0,0.0,1.0,1.0,0.125,0.1124603977002758,0.045304334576223536,0.7019071959844578,1.0,True,False
0.27898645911348063,0.0,False,0.0,0.0,1.0,1.0,0.125,0.14640744617253837,0.06347564150733036,0.572408789365292,1.0,True,False
0.15206874199191067,0.0,False,0.0,0.0,0.75,0.8875,0.125,0.19194503216882633,0.03971142897532508,0.5002359896915023,1.0,True,False
0.22945729756037014,0.0,True,0.0,0.0,1.0,0.9875,0.125,0.34624718767722457,0.12728709832650328,0.3386315195564542,1.0,True,False
0.2775715632042868,0.0,False,0.0,0.0,1.0,0.9875,0.125,0.18196900087812068,0.028552790513752715,0.5566908787818992,1.0,True,False
0.19855763336115373,0.0,False,0.0,0.0,1.0,1.0,0.125,0.2440060676813798,0.17631873832462883,0.4542687894473252,1.0,True,False
0.3648236727142832,0.25,False,1.0,0.0,1.0,0.925,0.125,0.43319356385185215,0.13576401158684281,0.27937172644963715,1.0,False,False
0.4731775364403813,1.0,True,1.0,0.0,1.0,1.0,0.25,0.17963551699890465,0.005822362763093019,0.5494016906289563,1.0,False,False
0.2347592869000048,0.25,False,1.0,0.0,0.875,0.8375000000000001,0.125,0.5666626931374517,0.6263117809332029,0.1791289074182041,1.0,True,False
0.16050918442021356,0.0,False,0.0,0.0,0.875,0.9125000000000001,0.125,0.4168129634127634,0.08684169415949038,0.32107389603825687,1.0,True,False
0.25576595090664944,0.0,False,0.0,1.0,0.875,0.8375000000000001,0.125,0.07112898293494525,0.01804837565979498,0.7644144121757201,1.0,True,False
0.24049196569802778,0.25,False,1.0,0.0,1.0,0.875,0.0,0.39830897629190576,0.016392747277881866,0.31385171786142174,1.0,False,False
0.3969634602247728,0.0,False,0.0,1.0,0.625,0.25,0.125,0.25319024633175485,0.04036320132773551,0.5143798403341102,1.0,False,False
0.16885782018472062,0.0,False,1.0,0.0,1.0,0.9375,0.125,0.2519868909877834,0.10174605299221387,0.4144904046683908,1.0,True,False
0.14219413557029703,0.0,False,0.0,1.0,0.75,0.7875000000000001,0.125,0.27787876739644246,0.09608961639210975,0.48570718438649796,1.0,True,False
0.34610860493463325,1.0,False,0.0,1.0,1.0,1.0,0.375,0.49849068601331925,0.05747897094451309,0.2056921467327819,1.0,False,False
0.3744065076042361,0.5,False,0.0,1.0,0.5,1.0,0.25,0.4502346934273721,0.10077563350425346,0.262968164593663,1.0,False,False
0.22313604194574843,0.0,False,0.0,1.0,1.0,0.9000000000000001,0.125,0.38669931648778916,0.07212143978388032,0.31757836885172375,1.0,True,False
0.2550506038158944,0.0,False,1.0,0.0,1.0,1.0,0.125,0.27988812030736926,0.15901272391923374,0.4140925821176913,1.0,True,False
0.42326459268612326,0.5,False,0.0,1.0,1.0,0.8375000000000001,0.125,0.060128941728486186,0.015954136667275614,0.8484561701715565,1.0,False,False
0.4152384382597595,0.5,False,0.0,1.0,0.75,0.5,0.125,0.17426686573912764,0.003955920510572293,0.5506174749111934,1.0,False,False
0.29152915438459825,0.0,False,0.0,0.0,1.0,1.0,0.125,0.21384761408968056,0.10003742253566922,0.4799288494255045,1.0,True,False
0.32983018597443314,0.0,False,0.0,1.0,1.0,0.875,0.0,0.23983207248902005,0.04536273438389671,0.535709989179384,1.0,False,False
0.2701582475274953,0.75,False,0.0,1.0,0.75,0.7125,0.125,0.23181436689251622,0.060225492800750194,0.5799520010393349,1.0,True,False
0.32865051958545444,0.0,False,0.0,0.0,1.0,0.9625000000000001,0.125,0.2529825885400129,0.03037130843225787,0.5145174737483804,1.0,False,False
0.12138868484715493,0.0,False,0.0,0.0,1.0,1.0,0.125,0.453332773808843,0.04731056895577852,0.2731961508886003,1.0,True,False
0.30702711993412,0.0,False,0.0,0.0,1.0,0.875,0.0,0.3118827233601077,0.2909718472758689,0.36504950588870355,1.0,False,False
0.29909810106782675,0.5,False,0.0,0.0,0.875,0.8500000000000001,0.125,0.3804724470609115,0.14219507484127558,0.32284521564345403,1.0,False,False
0.250145080649786,0.0,False,1.0,0.0,1.0,0.9375,0.125,0.20886057893335233,0.030718195326109244,0.5301385756077939,1.0,True,False
0.26532028250539186,0.25,False,0.0,1.0,0.75,0.7875000000000001,0.0,0.2868302715208824,0.14860948692993048,0.4191958593811258,1.0,False,False
0.29684696291536883,0.0,False,0.0,1.0,0.625,0.5,0.0,0.33984362063161655,0.034140091399444336,0.37701020567234167,1.0,False,False
0.15174828993494538,0.0,False,0.0,0.0,0.875,0.9375,0.125,0.44734702039237517,0.28128776719212334,0.2395195901307745,1.0,True,False
0.16885782018472062,0.0,True,1.0,0.0,1.0,0.9750000000000001,0.125,0.4358381012319355,0.17122083624147924,0.24685239533123626,1.0,True,False
0.32275400673775134,0.25,False,0.0,0.0,1.0,1.0,0.125,0.42949090553135144,0.2014074200202165,0.26191920347821274,1.0,False,False
0.18841847275158208,0.5,False,1.0,0.0,0.875,0.9375,0.25,0.342095123753727,0.25301484634618293,0.33916299811515116,1.0,True,False
0.1083625951338244,0.0,False,1.0,0.0,1.0,1.0,0.125,0.28662950457842157,0.2538571542450052,0.39472773564452135,1.0,True,False
0.43970174882562374,1.0,False,0.0,0.0,0.75,0.75,0.375,0.18800342090675026,0.03720338129430543,0.5401622761083167,1.0,False,False
0.12920631771671887,0.0,False,0.0,1.0,0.75,0.7375,0.125,0.2502062591091136,0.09460990810737568,0.4850287112038394,1.0,True,False
0.34384152355980324,0.0,False,0.0,0.0,0.75,0.75,0.125,0.09231961964251742,0.0365225347812893,0.6888584610158843,1.0,False,False
0.20627146412145259,0.0,False,0.0,1.0,0.875,0.6875,0.0,0.27568161444978756,0.12606191793917837,0.4362321032885321,1.0,False,False
0.43823980176285293,1.0,False,0.0,1.0,0.875,0.7125,0.25,0.19531850028311667,0.021323036210859594,0.5419550941489053,1.0,False,False
0.40925327198760797,1.0,False,0.0,0.0,0.875,0.875,0.5,0.37410151152567145,0.07177870517591635,0.32027100344108583,1.0,False,False
0.3825398789570088,0.5,False,0.0,1.0,0.875,0.9000000000000001,0.125,0.3267522636090167,0.04129668780089367,0.3815297359914225,1.0,False,False
0.36549811627291795,0.25,False,0.0,0.0,0.75,0.75,0.25,0.18970310020618128,0.04598329022906004,0.6029246002286617,1.0,False,False
0.22925017703069872,0.0,False,0.0,0.0,1.0,1.0,0.125,0.48942134786508257,0.05096920385413459,0.2210250230316586,1.0,True,False
0.35377142506055914,0.0,False,0.0,0.0,1.0,0.9125000000000001,0.125,0.08307515478012469,0.03995881371627734,0.8048756144652813,1.0,False,False
0.14454784461736125,0.0,False,1.0,0.0,1.0,0.9750000000000001,0.125,0.42404406472262474,0.13034365218974375,0.30687138428592764,1.0,True,False
0.5330681759827814,0.75,False,1.0,0.0,1.0,1.0,0.25,0.2809337729756064,0.014066309401512975,0.4568028552199903,1.0,False,False
0.28947471050067797,0.25,False,0.0,1.0,1.0,0.75,0.125,0.16345608920962945,0.05556417163269633,0.551218773474798,1.0,True,False
0.22590294211260042,0.0,False,1.0,0.0,1.0,0.9500000000000002,0.125,0.2747778818172654,0.15639674779660628,0.40321901400219096,1.0,True,False
0.16050918442021356,0.0,False,0.0,1.0,1.0,0.9375,0.375,0.45546726238191976,0.04966929736777895,0.271086199763533,1.0,True,False
0.43683005639062833,0.5,False,0.0,1.0,1.0,0.9375,0.25,0.15523700578106428,0.03088984058062733,0.5944941016826113,1.0,False,False
0.3921467904147661,0.0,False,0.0,0.0,0.75,0.6875,0.125,0.31633226777687506,0.06956142436372761,0.37377157914542014,1.0,False,False
0.3787430524671008,0.25,False,0.0,1.0,0.875,0.8875,0.125,0.28690394586629897,0.013083833900941224,0.4466584165702441,1.0,False,False
0.2229214057183464,0.0,False,0.0,0.0,0.75,0.8875,0.125,0.18733656734783843,0.1330401835936703,0.5082098293076895,1.0,True,False
0.471862203257578,1.0,False,0.0,0.0,1.0,0.9750000000000001,0.375,0.23591312857050276,0.08572671244940994,0.46236649595902923,1.0,False,False
0.30595429969375776,0.0,False,0.0,0.0,1.0,1.0,0.125,0.2873314351644451,0.044954980940551566,0.3955132663643919,1.0,False,False
0.39800740917972377,0.0,False,1.0,0.0,1.0,1.0,0.125,0.08641987123158593,0.04480809541728151,0.7042368420138736,1.0,True,False
0.29123711464002977,0.5,False,0.0,0.0,0.75,0.75,0.125,0.4219319006100047,0.26808393900262634,0.269422722600307,1.0,False,False
0.45287374173774475,0.5,True,1.0,0.0,0.875,0.875,0.125,0.386395459068654,0.061462928977215836,0.3187233668034608,1.0,False,False
0.28239833003520975,0.0,False,0.0,1.0,0.75,0.75,0.0,0.34483994253660716,0.032549918810820144,0.3706689610250189,1.0,False,False
0.4016528355308261,0.75,False,0.0,1.0,0.875,0.7875000000000001,0.25,0.18037563690805927,0.02735654113993535,0.515966078659386,1.0,False,False
0.20076125436348202,0.0,False,0.0,1.0,0.75,0.75,0.125,0.13278907910036025,0.03329547513697252,0.6070250809522753,1.0,True,False
0.08427205109778324,0.25,False,0.0,1.0,1.0,1.0,0.125,0.4001435624144639,0.3035936799797517,0.30782545305416753,1.0,True,False
0.33389833422413695,0.5,False,0.0,1.0,0.75,0.675,0.125,0.16109925189313595,0.028395288338916573,0.6323151269797198,1.0,False,False
0.1717467783888943,0.0,False,0.0,0.0,1.0,1.0,0.125,0.44188321871933556,0.06006425581985157,0.27822652939254855,1.0,True,False
0.19781696967121776,0.0,True,1.0,0.0,1.0,0.9875,0.125,0.14802684790022694,0.03333716345647202,0.5874561691761695,1.0,True,False
0.4725473931581238,1.0,False,1.0,0.0,1.0,1.0,0.25,0.4011547070306752,0.0669715238568562,0.3366590382628927,1.0,False,False
0.3512884715207659,0.0,False,1.0,0.0,1.0,1.0,0.125,0.2809194987129742,0.04404728506316554,0.448405372400543,1.0,True,False
0.16885782018472062,0.0,True,0.0,0.0,1.0,0.9875,0.125,0.2922410655778055,0.09172859074267614,0.4286189454123781,1.0,True,False
0.20532537490782832,0.5,True,0.0,1.0,1.0,0.9625000000000001,0.125,0.44655481668534236,0.057143256509646204,0.2545857891846517,1.0,True,False
0.5816766814758157,0.75,False,0.0,0.0,0.0,0.0,0.25,0.18378082539484042,0.056089489705574196,0.6987784672729327,1.0,False,False
0.25270560696805777,0.0,True,1.0,0.0,1.0,1.0,0.125,0.2638397641003687,0.1482498598857555,0.4221977292513839,1.0,True,False
0.23715393228795045,0.0,True,1.0,0.0,1.0,0.9875,0.125,0.4845111316536375,0.09481967811982406,0.28622342742276774,1.0,True,False
0.39639877960853875,1.0,False,0.0,1.0,1.0,0.8375000000000001,0.25,0.34137628255496766,0.039232054445263086,0.3606248054261778,1.0,False,False
0.16856632059829957,0.0,False,0.0,0.0,0.875,0.8625,0.125,0.5987305533822241,0.6235804908789813,0.1562315388745945,1.0,False,False
0.1759938981343364,0.0,False,0.0,1.0,0.625,0.675,0.125,0.29493446964214404,0.04601568585586089,0.44187828826037223,1.0,True,False
0.21680370139973126,0.0,False,0.0,1.0,0.75,0.7250000000000001,0.125,0.20957517909335235,0.03454729928938798,0.5238314789805514,1.0,True,False
0.20556237051819792,0.0,False,0.0,0.0,0.875,0.9125000000000001,0.125,0.2970294350785354,0.04463033994680333,0.4313931872620598,1.0,True,False
0.28101048429246245,0.0,False,0.0,0.0,1.0,0.9500000000000002,0.125,0.09323438951855319,0.0544358668682264,0.6798854397305392,1.0,True,False
0.20365748341934764,0.0,False,0.0,0.0,0.75,0.75,0.125,0.42827721524295104,0.10305929917882703,0.31341340274372365,1.0,True,False
0.19831108880083492,0.0,False,0.0,1.0,0.75,0.625,0.0,0.06022587024812091,0.021722900536891368,0.7633021818507144,1.0,True,False
0.3871957219118992,0.5,False,0.0,0.0,1.0,1.0,0.25,0.25241207471215715,0.04412647054647949,0.423136799116266,1.0,False,False
0.1930529141249251,0.0,False,0.0,1.0,0.875,0.8500000000000001,0.125,0.21172159155583112,0.036779175915602785,0.5224304162141122,1.0,True,False
0.22162810771808772,0.0,False,1.0,0.0,0.875,0.925,0.125,0.1953674452755331,0.10491020543640071,0.49844044238001994,1.0,True,False
0.19806420122279356,0.0,False,0.0,1.0,0.875,0.9375,0.125,0.08937345497324159,0.02179859790155538,0.7194335326160575,1.0,True,False
0.48132231708361484,0.5,False,1.0,0.0,0.75,0.7875000000000001,0.25,0.1392440052834924,0.012220988065659126,0.6685171256594677,1.0,False,False
0.13352361620659736,0.0,False,1.0,0.0,1.0,0.9750000000000001,0.125,0.6302568179794399,0.6790613891367194,0.1393784251850736,1.0,True,False
0.10337829747507654,0.25,False,0.0,0.0,1.0,1.0,0.25,0.9258644927619153,0.5847528548448913,0.02760928754448133,1.0,True,False
0.13352361620659736,0.0,True,0.0,0.0,0.875,0.9375,0.125,0.4317127388016421,0.06233974041593143,0.28591273968193365,1.0,True,False
0.4723895070762155,0.5,False,0.0,1.0,0.875,0.925,0.25,0.2423030498926866,0.056404967351598195,0.522791123400913,1.0,False,False
0.19126498563031902,0.25,False,0.0,1.0,0.75,0.8375000000000001,0.125,0.3411336979080308,0.11495578048643783,0.3895029128273677,1.0,True,False
0.1734578435901587,0.0,False,0.0,0.0,1.0,1.0,0.125,0.3157783358853126,0.040312262128546744,0.38527247652093055,1.0,True,False
0.23990744521238572,0.0,True,1.0,0.0,1.0,1.0,0.125,0.2649077299886061,0.09602377682395519,0.43377369473298555,1.0,True,False
0.2010044204517747,0.0,True,0.0,0.0,0.875,0.9750000000000001,0.125,0.43364552758436875,0.2900186157488187,0.29887997759651674,1.0,True,False
0.42194019712859154,0.0,False,1.0,0.0,0.875,0.875,0.125,0.09212081193111801,0.04497590667301451,0.6695344931188951,1.0,False,False
0.22335041887289453,0.5,False,0.0,1.0,0.875,0.9375,0.125,0.08846570305109433,0.0064252479087510035,0.7260723422066566,1.0,True,False
0.318293500663135,0.25,False,0.0,0.0,0.75,0.875,0.125,0.2098834500159408,0.026220759039359335,0.5183933179000659,1.0,True,False
0.4566534538921255,0.0,False,0.0,1.0,1.0,1.0,0.125,0.0670097752113788,0.04349858591299089,0.8396772304422382,1.0,False,False
0.2235645371255457,0.25,False,0.0,0.0,1.0,1.0,0.125,0.3932933644350234,0.17770582055632325,0.28982320009942963,1.0,True,False
0.16383600267455933,0.0,False,0.0,1.0,0.75,0.6875,0.125,0.31539981364570746,0.03901378986169141,0.3962435194375815,1.0,True,False
0.20365748341934764,0.0,False,0.0,1.0,0.875,0.8125,0.125,0.24023734470454564,0.0725385484793003,0.5278823037558051,1.0,True,False
0.21746934944105067,0.25,True,1.0,0.0,1.0,0.9750000000000001,0.125,0.4643714698641403,0.4982265764446185,0.24606450271081703,1.0,True,False
0.38315035015762355,0.5,False,0.0,1.0,0.875,0.7750000000000001,0.125,0.18508477828280206,0.0658541993209286,0.5823137707605772,1.0,False,False
0.17260437334381173,0.0,True,1.0,0.0,1.0,1.0,0.125,0.3268782573200522,0.09806468269395086,0.3351279483623504,1.0,True,False
0.3194191825672693,0.5,False,0.0,1.0,1.0,0.75,0.125,0.22790279478286316,0.06116825182419344,0.5475157871760152,1.0,False,False
0.12515434704073025,0.0,False,0.0,0.0,0.875,0.9500000000000002,0.125,0.4740349416147961,0.26298208089735203,0.23238243628938893,1.0,True,False
0.40925327198760797,0.0,False,1.0,0.0,1.0,0.9625000000000001,0.125,0.18087619337604713,0.026733545208180484,0.5391266741898606,1.0,False,False
0.5007917284794009,0.75,True,1.0,0.0,0.0,0.25,0.25,0.16709197643534962,0.04187097426830179,0.6031977730330436,1.0,False,False
0.4355386778941134,0.5,False,1.0,0.0,1.0,0.875,0.25,0.18822083896504307,0.07374124872905176,0.6025836655056955,1.0,False,False
0.4379843160484983,0.5,False,0.0,1.0,0.5,0.5,0.25,0.2197694249233274,0.01650429992907509,0.4518819710159936,1.0,False,False
0.15742970927088884,0.25,False,0.0,0.0,0.625,0.5375000000000001,0.125,0.3112606290916858,0.003449513028647939,0.40618748700849316,1.0,True,False
0.39006572130677786,0.5,False,0.0,1.0,0.875,0.8875,0.125,0.08486934119233425,0.03927989345789919,0.7060925002349903,1.0,False,False
0.48147245525128934,0.0,False,1.0,0.0,1.0,1.0,0.125,0.13515718581959388,0.0352764412940381,0.6992555543596701,1.0,False,False
0.1968245844728419,0.0,False,0.0,1.0,0.875,0.7875000000000001,0.125,0.24129699160797288,0.07363925270462775,0.5231354611862824,1.0,True,False
0.3754097007439977,0.0,False,0.0,0.0,0.875,0.9000000000000001,0.125,0.2392526022463735,0.06434252171053441,0.6053884895734045,1.0,False,False
0.2782017990288237,0.0,False,1.0,0.0,1.0,1.0,0.125,0.34241876714761244,0.05418251991972004,0.3980981380230091,1.0,True,False
0.19152150956336766,0.0,False,0.0,1.0,1.0,1.0,0.125,0.2123416481544561,0.04007832450313488,0.5192793695893521,1.0,True,False
0.35993019562880557,0.5,False,0.0,1.0,0.875,0.8500000000000001,0.125,0.3151438735205263,0.041513118353631105,0.4061401753090621,1.0,False,False
0.4086510417126029,1.0,True,0.0,1.0,1.0,0.5,0.25,0.2622344479852212,0.05386757750265337,0.5074650189588943,1.0,False,False
0.2851418768530768,0.5,False,1.0,0.0,0.875,0.9125000000000001,0.125,0.24170387825076498,0.017499082091963145,0.4617096099118534,1.0,True,False
0.1968245844728419,0.5,False,0.0,1.0,0.75,0.7250000000000001,0.125,0.30063776818180227,0.02592545516608585,0.4141997055561919,1.0,True,False
0.2499607643133207,0.5,False,1.0,0.0,0.75,0.7875000000000001,0.125,0.39352568987770875,0.22668149452552633,0.3232658933339545,1.0,True,False
0.25594433800208805,0.0,False,0.0,0.0,1.0,0.9875,0.125,0.24222219875942536,0.16371729326923837,0.46692295981059173,1.0,False,False
0.3628824450656146,0.5,False,0.0,1.0,0.875,0.925,0.125,0.21427748994209403,0.03486215913765985,0.5119623157341047,1.0,False,False
0.39607529635427785,0.5,False,0.0,0.0,0.875,0.9375,0.25,0.30059398386314307,0.019062880327647944,0.4162021501133075,1.0,False,False
0.16914884170831468,0.0,False,0.0,1.0,0.875,0.8625,0.125,0.41605026294954167,0.04633744116821577,0.2969422819859755,1.0,True,False
0.4091781048809616,0.25,False,1.0,0.0,0.0,0.0,0.25,0.17485268638488324,0.008267868043903706,0.5511454518869732,1.0,False,False
0.2022152776035211,0.0,False,1.0,0.0,0.875,0.8875,0.125,0.28764651047403467,0.15331095620595947,0.38101899356332924,1.0,True,False
0.2239920000991058,0.0,False,0.0,1.0,0.875,0.925,0.125,0.12383005588589892,0.05816419999251072,0.6168722901445256,1.0,True,False
0.256122545949362,0.0,False,0.0,0.0,1.0,1.0,0.125,0.22497990622804045,0.05736298757206578,0.5423156000396459,1.0,True,False
0.29499664896384303,0.0,False,0.0,1.0,1.0,0.75,0.125,0.3950964268105903,0.05721184318722554,0.27845834740970066,1.0,True,False
0.25683359342990364,0.0,True,1.0,0.0,1.0,0.9750000000000001,0.125,0.19544935272312872,0.10195645406846063,0.5582455081581159,1.0,True,False
0.39501988456045967,1.0,False,0.0,1.0,0.5,0.625,0.25,0.2039193322897872,0.01275655270902348,0.5649392848205275,1.0,False,False
0.14320669321579982,0.0,False,0.0,0.0,1.0,1.0,0.125,0.621124137839382,0.5991654818221418,0.16373358617724487,1.0,True,False
0.5158380303241669,0.0,False,0.0,1.0,1.0,1.0,0.125,0.026866738248278198,0.006226898348938064,0.9062316745391263,1.0,False,False
0.36131402650554933,0.5,True,0.0,1.0,1.0,0.925,0.125,0.26204275068072547,0.05245439288403931,0.5072968901257171,1.0,False,False
0.21434140382802636,0.0,False,0.0,1.0,0.875,0.875,0.125,0.09718463739136524,0.05842685404870809,0.6981063222589152,1.0,True,False
0.2945668995348184,0.0,False,0.0,0.0,1.0,0.9375,0.125,0.34150388661367587,0.05304343957372788,0.3619795055580639,1.0,False,False
0.21115733074156973,0.0,False,0.0,0.0,0.875,0.9000000000000001,0.125,0.2806748336450515,0.16778804281440832,0.40991778969034987,1.0,True,False
0.3332075278298613,0.5,False,0.0,1.0,0.375,0.6125,0.125,0.23663785704156767,0.013316883985593102,0.49241778098870825,1.0,False,False
0.6524544893788807,0.25,False,1.0,0.0,1.0,0.9625000000000001,0.125,0.4424897868230518,0.15871858627570035,0.3067811587965801,1.0,True,False
0.311776128813647,0.25,False,0.0,1.0,0.625,0.5875,0.125,0.14567265633208,0.02349037548638585,0.6274629862994856,1.0,True,False
0.3762262975745997,1.0,False,1.0,0.0,0.75,1.0,0.25,0.3310255629404041,0.07344758692629162,0.3965338634740341,1.0,False,False
0.20627146412145259,0.0,False,0.0,0.0,0.875,0.9125000000000001,0.125,0.1704599882161313,0.014960762673874793,0.5518208130398423,1.0,True,False
0.17738731210750946,0.0,False,0.0,1.0,0.75,0.8,0.125,0.3759507642225886,0.04177312630180616,0.32970763455859986,1.0,True,False
0.32983018597443314,0.0,False,0.0,1.0,0.75,0.7125,0.0,0.23983058332027718,0.04536244288734572,0.5357141953072093,1.0,False,False
0.11039876335458809,0.0,False,1.0,0.0,0.875,0.925,0.125,0.4604154984098379,0.06107338018501775,0.2661368659209469,1.0,True,False
0.2252682452146565,0.0,True,0.0,0.0,0.875,0.925,0.125,0.4635207398219595,0.13559270354219355,0.2326713944793839,1.0,True,False
0.5053536400872095,0.0,False,0.0,0.0,0.875,0.9375,0.125,0.3717988327842013,0.07764280152010578,0.32531612164099544,1.0,True,False
0.298537988166803,0.0,True,1.0,0.0,0.875,0.825,0.125,0.46499180594553763,0.3337119849072509,0.2914029006111911,1.0,False,False
0.22862736097375158,0.0,False,0.0,1.0,0.875,0.8375000000000001,0.125,0.18686974822531235,0.04336872815861301,0.5487283372025387,1.0,True,False
0.2651510805228984,0.0,False,0.0,0.0,1.0,0.75,0.125,0.17947282490851643,0.09755555394597076,0.5126768931986965,1.0,True,False
0.23395383641829348,0.0,False,0.0,1.0,0.75,0.825,0.125,0.09633986206271618,0.026630614874236094,0.6702291294622689,1.0,True,False
0.2651510805228984,0.0,False,0.0,1.0,1.0,0.75,0.125,0.18549901348478337,0.06690441786515935,0.5825909636146585,1.0,False,False
0.14421350584311732,0.0,False,0.0,0.0,1.0,0.9750000000000001,0.125,0.5382810654162374,0.07292540376036555,0.18663387960881117,1.0,True,False
0.3474976584788031,0.5,False,0.0,0.0,0.875,0.8500000000000001,0.125,0.15388333560574974,0.0407102064147537,0.5901550611325106,1.0,False,False
0.2451000824035493,0.0,False,0.0,0.0,1.0,0.9500000000000002,0.125,0.13713192995695778,0.024763957834038095,0.5996317655838288,1.0,True,False
0.1668071951127994,0.0,False,0.0,0.0,1.0,1.0,0.125,0.30070820731240205,0.2397987192070467,0.3887731509704413,1.0,True,False
0.2012472537784774,0.0,False,1.0,0.0,0.875,0.8875,0.125,0.2699708540700001,0.2129215712832867,0.42164581165037207,1.0,True,False
0.19431906581166813,0.5,False,0.0,1.0,0.75,0.65,0.125,0.29367636520509566,0.1148791388007333,0.45657709961259085,1.0,True,False
0.3591345627500212,0.0,True,0.0,0.0,0.875,0.9125000000000001,0.125,0.36636731992069854,0.017884550695869462,0.34496607578754634,1.0,False,False
0.264642504397139,0.0,False,0.0,1.0,0.625,0.5625,0.125,0.35063004670004666,0.06335833420340034,0.36429266170968044,1.0,False,False
0.21366389568809163,0.0,False,0.0,1.0,0.625,0.7000000000000001,0.125,0.5487478176792264,0.029513987980622006,0.17488445880015413,1.0,True,False
0.18867914175461908,0.5,False,1.0,0.0,0.875,1.0,0.125,0.26162895317929535,0.11280718802729636,0.41471041696079025,1.0,True,False
0.141515872946807,0.0,False,1.0,0.0,1.0,1.0,0.125,0.40849234327973993,0.1829156347742477,0.2759438870180533,1.0,True,False
0.09650701885096291,0.0,False,0.0,1.0,0.875,0.7625,0.125,0.36711540582887114,0.087195356103486,0.35480767040895156,1.0,True,False
0.19632630288517106,0.0,False,0.0,1.0,0.875,0.8625,0.125,0.35082471502134416,0.031296709448666096,0.34820047350399674,1.0,True,False
0.19831108880083492,0.0,False,0.0,0.0,1.0,1.0,0.125,0.8926057465732763,0.7065938373287113,0.041337101852747526,1.0,True,False
0.4246480964742484,0.5,False,0.0,1.0,0.875,0.75,0.25,0.06945366411022973,0.03586882842035303,0.7252784011158697,1.0,False,False
0.2780444497937604,0.0,True,0.0,0.0,1.0,0.8875,0.125,0.32394602385451393,0.02228115678605489,0.3943645519026584,1.0,True,False
0.4660106148794193,0.25,False,0.0,1.0,1.0,1.0,0.125,0.08020852508401521,0.013853677823407705,0.7062125418023575,1.0,False,False
0.27358105135248967,0.25,False,1.0,0.0,1.0,1.0,0.125,0.27939302531865035,0.02333623328519094,0.4596057085493763,1.0,True,False
0.16050918442021356,0.0,False,0.0,1.0,0.75,0.8125,0.125,0.35747624728008554,0.12229060296270064,0.36007140547978667,1.0,True,False
0.3777585799440689,1.0,False,1.0,0.0,1.0,1.0,0.25,0.337497433798947,0.20593752408247115,0.3394304258197398,1.0,False,False
0.30662557203613117,0.0,False,0.0,0.0,1.0,1.0,0.125,0.31577522304417993,0.037325774830509535,0.4095135635120901,1.0,True,False
0.1210076859605198,0.0,False,0.0,1.0,0.875,0.8625,0.125,0.25945112418816035,0.1027095144049907,0.4640981504678092,1.0,True,False
0.26104106472629673,0.0,False,0.0,1.0,0.875,0.8625,0.125,0.22068852788436646,0.045195630704671585,0.5030266731173827,1.0,True,False
0.21115733074156973,0.0,False,0.0,0.0,1.0,0.9750000000000001,0.125,0.3973931454257112,0.06281696554795523,0.27688726185995405,1.0,True,False
0.3134602869808202,0.5,False,0.0,0.0,0.875,0.9125000000000001,0.125,0.3422360666554205,0.20044261422997875,0.3361111922886435,1.0,False,False
0.32876883975144555,0.25,False,1.0,0.0,0.75,0.8125,0.125,0.3239749281131796,0.03763972750325456,0.4070891647358219,1.0,False,False
0.36121553853296307,0.5,False,0.0,0.0,1.0,0.9375,0.125,0.4095463125786106,0.028964878520496666,0.3027737761029372,1.0,False,False
0.14320669321579982,0.0,False,0.0,1.0,0.875,0.8,0.125,0.3545949164538004,0.03607993502631196,0.36286936534179337,1.0,True,False
0.3394414672750782,0.5,True,1.0,0.0,1.0,0.9500000000000002,0.25,0.3464419481200045,0.07564010159224155,0.33040048628160323,1.0,False,False
0.14219413557029703,0.0,False,0.0,1.0,0.875,0.7875000000000001,0.125,0.31900539567186814,0.07574241078833385,0.4117330575173639,1.0,True,False
0.3072943146141446,0.0,False,0.0,1.0,1.0,1.0,0.125,0.2344473829439331,0.07268243634713431,0.5504793538129966,1.0,True,False
0.3732135571427523,0.0,False,0.0,0.0,0.875,1.0,0.125,0.21504700245149858,0.04428755932120565,0.5000297958604483,1.0,False,False
0.30595429969375776,0.0,False,0.0,1.0,0.875,0.9125000000000001,0.125,0.15292327567526826,0.0016070467138236846,0.5684270799365054,1.0,True,False
0.24585660058783687,0.0,False,0.0,1.0,0.875,0.7375,0.0,0.2169651472671046,0.0397729422855798,0.5080142126433458,1.0,False,False
0.1839274901469682,0.0,False,0.0,1.0,0.875,0.7875000000000001,0.125,0.16395293062869226,0.03222156908950265,0.5419511402287325,1.0,True,False
0.25665609849143534,0.0,False,0.0,1.0,0.75,0.5,0.125,0.21246930527899324,0.027255110268226208,0.8097046398569403,1.0,True,False
0.3460013029308767,0.0,True,0.0,0.0,1.0,0.9625000000000001,0.125,0.05947666769874213,0.03572338814881942,0.8383888984364516,1.0,False,False
0.5162497254429027,0.5,False,0.0,1.0,0.625,0.6625000000000001,0.25,0.009488016012410623,0.020512843289372744,0.9456917872825015,1.0,False,False
0.23395383641829348,0.5,False,0.0,1.0,0.875,0.8875,0.25,0.7937303134033631,0.5087493046150077,0.08542213951366873,1.0,False,False
0.17738731210750946,0.0,True,1.0,0.0,1.0,0.925,0.125,0.4773643524249224,0.20598203403145068,0.23843585208344886,1.0,True,False
0.43823980176285293,0.5,False,0.0,1.0,1.0,1.0,0.125,0.28110927775161026,0.020988379284347235,0.4567159944754484,1.0,False,False
0.1602036306527207,0.0,False,0.0,1.0,0.75,0.7750000000000001,0.125,0.2184488625254678,0.07856543394950329,0.47756514300757624,1.0,True,False
0.21069776311509292,0.0,True,1.0,0.0,1.0,1.0,0.125,0.4162108510494331,0.20308362759616236,0.28953526413133246,1.0,True,False
0.2397121763990986,0.0,False,0.0,1.0,0.75,0.7625,0.0,0.2203901136563999,0.03271588022692276,0.5180253872715257,1.0,False,False
0.11715201760842131,0.0,False,0.0,0.0,1.0,0.9000000000000001,0.125,0.5509653966960135,0.2722166962280689,0.17376265688843562,1.0,True,False
0.19457121563469082,0.0,False,0.0,0.0,0.875,0.875,0.125,0.34467195857512567,0.21407230227980764,0.33270459414096476,1.0,True,False
0.2945668995348184,0.0,False,0.0,1.0,0.875,0.7750000000000001,0.0,0.2906098297978264,0.0020397590602980508,0.44016483754070035,1.0,False,False
0.1839274901469682,0.0,False,0.0,0.0,1.0,0.9500000000000002,0.125,0.30041356709062644,0.27814528460304505,0.3797177313432094,1.0,True,False
0.23253544061032672,0.0,False,1.0,0.0,0.875,0.8375000000000001,0.125,0.15618149555023822,0.07588537590600494,0.5587395047151513,1.0,True,False
0.14219413557029703,0.0,False,0.0,1.0,0.875,0.8125,0.125,0.3633409599377758,0.1072229898021613,0.3607954045021351,1.0,True,False
0.31320222383114726,0.0,False,0.0,0.0,0.875,0.925,0.125,0.35228463904463825,0.05416607906730804,0.3620361357069346,1.0,False,False
0.14785703624482216,0.0,False,1.0,0.0,0.875,0.8,0.125,0.3525110103953102,0.09225683121747391,0.36793849021310066,1.0,True,False
0.34610860493463325,0.0,False,0.0,1.0,1.0,1.0,0.0,0.23917762745029672,0.06193282875760174,0.6091245673942414,1.0,False,False
0.22184431301609697,0.0,False,0.0,1.0,0.875,0.9125000000000001,0.125,0.12383085771582532,0.05816553642804734,0.6168702661177945,1.0,True,False
0.36022764064684554,0.5,False,0.0,0.0,1.0,0.9625000000000001,0.125,0.13534435018217458,0.06856952603009304,0.5902731179397371,1.0,False,False
0.26052055428457976,0.25,True,1.0,0.0,0.875,0.9000000000000001,0.125,0.2440700743038256,0.046469322125678905,0.5115491332033391,1.0,True,False
0.31703431036664564,0.0,False,0.0,1.0,1.0,0.8125,0.0,0.15425739429780994,0.03509824775813425,0.5947961143683529,1.0,False,False
0.3620019160023148,1.0,False,1.0,0.0,0.75,0.7250000000000001,0.25,0.3209368042726707,0.024222640152302386,0.39454653225257563,1.0,False,False
0.18339158825813184,0.0,False,0.0,1.0,0.5,0.32500000000000007,0.0,0.32825183324974716,0.03742074552310254,0.38862928972887145,1.0,True,False
0.10630279133903131,0.0,False,0.0,0.0,1.0,1.0,0.125,0.4427422758824937,0.2633930219788834,0.3065068624541072,1.0,True,False
0.3647271140375882,0.25,False,0.0,1.0,1.0,1.0,0.125,0.17576446654754002,0.01847662991559093,0.559160457314982,1.0,False,False
0.3427516955979847,0.5,False,0.0,0.0,1.0,0.9125000000000001,0.125,0.3568565445120249,0.34684436015231257,0.3257505450259033,1.0,False,False
0.32876883975144555,0.25,False,0.0,1.0,0.75,0.7375,0.125,0.3638115868914396,0.013179393017246455,0.3158225070785252,1.0,False,False
0.2740646780362662,0.0,False,0.0,1.0,0.875,0.8125,0.125,0.09991605708840044,0.04570428008193484,0.6601991244851271,1.0,True,False
0.1855255531601825,0.0,False,1.0,0.0,0.875,0.7250000000000001,0.125,0.41345738600658577,0.2370028057611964,0.26792976053916595,1.0,True,False
0.283011683321037,0.0,False,0.0,0.0,1.0,0.9875,0.125,0.1339254698334233,0.04067698758573488,0.6200010844684138,1.0,True,False
0.5255033339878462,1.0,False,0.0,1.0,0.625,0.9125000000000001,0.25,0.02181197250773942,0.00671903217031942,0.8709255713879966,1.0,False,False
0.3622959114322287,0.5,False,0.0,0.0,1.0,0.9625000000000001,0.125,0.1900772409504879,0.06365672948498897,0.5011940741871286,1.0,False,False
0.40560884582436596,0.0,False,0.0,0.0,1.0,1.0,0.125,0.319409402695179,0.14650473593710048,0.34800043101128764,1.0,False,False
0.3573312373967369,0.75,False,0.0,0.0,1.0,0.9750000000000001,0.25,0.5686198491128737,0.5152054443912437,0.16728917698580004,1.0,False,False
0.22335041887289453,0.0,False,0.0,1.0,0.75,0.8625,0.125,0.13709286729444256,0.0569037766826377,0.5899450599948497,1.0,True,False
0.31333130231796635,0.0,False,0.0,1.0,0.75,0.75,0.125,0.08418052521112211,0.011917111834184589,0.6974527676667055,1.0,True,False
0.2976944898699704,0.25,True,0.0,1.0,1.0,0.9625000000000001,0.125,0.25160839747250996,0.11102391067739152,0.47612466511442286,1.0,True,False
0.5981254863654165,0.5,False,0.0,0.0,0.875,0.9750000000000001,0.25,0.399560105215554,0.0942156779335806,0.30544655037840984,1.0,False,False
0.2499607643133207,0.0,False,0.0,1.0,0.875,0.7875000000000001,0.125,0.18806127704909337,0.06465859499175738,0.5115680702370076,1.0,True,False
0.4560771741693238,0.5,False,0.0,1.0,0.875,0.8875,0.125,0.22555614682272804,0.027370696139601844,0.5604357809513194,1.0,False,False
0.38838311320546237,0.5,False,0.0,1.0,1.0,0.9375,0.125,0.11390995738119467,0.04626896519460325,0.6592640241984205,1.0,False,False
0.19781696967121776,0.0,False,0.0,0.0,1.0,0.9625000000000001,0.125,0.34797816484239696,0.017269169333072258,0.36792390860805657,1.0,True,False
0.4444486252384613,0.5,True,0.0,1.0,1.0,1.0,0.125,0.08244790526102681,0.027600070171688165,0.6985072473323792,1.0,False,False
0.3278200620226944,0.25,False,0.0,1.0,1.0,1.0,0.0,0.2457102426758073,0.01980991025356531,0.47820823102459475,1.0,False,False
0.20365748341934764,0.0,True,0.0,1.0,1.0,0.9375,0.125,0.8138857143527106,0.5335540769216843,0.07528539610473084,1.0,True,False
0.13912132738650163,0.0,False,0.0,0.0,1.0,0.875,0.125,0.2878716476939756,0.0956920987309939,0.4652421783577021,1.0,True,False
0.27470747007027463,0.0,True,0.0,0.0,1.0,0.9875,0.125,0.33385340354030313,0.11771576680407941,0.3533478946339299,1.0,True,False
0.4236114811855286,0.0,False,0.0,1.0,1.0,0.875,0.125,0.5448757205215551,0.031943735390735445,0.2722132714215324,1.0,False,False
0.16885782018472062,0.0,False,0.0,1.0,1.0,1.0,0.125,0.3249675622348794,0.04066786110641241,0.3929502066158599,1.0,True,False
0.17487123497386725,0.25,False,0.0,0.0,0.875,0.8625,0.5,0.2079332483939846,0.026917638515199117,0.505397039877727,1.0,True,False
0.12062586728341074,0.0,False,1.0,0.0,0.75,0.75,0.125,0.3618970013736426,0.30125049752760824,0.3329384485993432,1.0,True,False
0.19904969723200128,0.0,False,0.0,0.0,1.0,0.925,0.125,0.4107145997979113,0.05397309494294136,0.3010843609328282,1.0,True,False
0.12290455240716902,0.0,False,0.0,1.0,0.75,0.7375,0.125,0.40526853613283204,0.1046833009812156,0.32015366614468976,1.0,True,False
0.21092769570354153,0.0,False,1.0,0.0,1.0,1.0,0.125,0.34441277777927837,0.22081250480671108,0.33375632510669906,1.0,True,False
0.3595328251093787,0.0,False,0.0,0.0,1.0,0.9000000000000001,0.125,0.12806231311208424,0.0537790737159417,0.6134765136094087,1.0,False,False
0.2785160795424342,0.0,False,0.0,0.0,1.0,0.9500000000000002,0.125,0.4458893890073783,0.06931243345542655,0.3039986013274416,1.0,True,False
0.23892894526760478,0.0,False,0.0,1.0,0.875,0.7625,0.0,0.27927184670914335,0.14007765815443024,0.4288985716649518,1.0,False,False
0.2864979058744641,0.0,True,0.0,0.0,1.0,1.0,0.125,0.37023922802333964,0.05141754996980757,0.32860563516590013,1.0,True,False
0.2347592869000048,0.0,False,0.0,1.0,0.75,0.8500000000000001,0.125,0.1052326387718596,0.011379167780323817,0.6542094402783434,1.0,True,False
0.16413537063823236,0.0,False,1.0,0.0,0.875,0.875,0.125,0.19647267914769118,0.10445497291670074,0.5116815374955743,1.0,True,False
0.3969634602247728,1.0,False,1.0,0.0,1.0,1.0,0.25,0.33775203543516147,0.11741582210756396,0.3926562214444236,1.0,False,False
0.4348243933684871,0.5,False,0.0,1.0,0.875,0.8375000000000001,0.25,0.28316129983665567,0.046013514094258016,0.4422460727025921,1.0,False,False
0.15206874199191067,0.0,False,1.0,0.0,1.0,1.0,0.125,0.5418742631820007,0.3786933742802175,0.17975246322250316,1.0,True,False
0.41480194957242655,0.5,False,0.0,1.0,0.875,0.8125,0.25,0.19385653278424522,0.07471841081985447,0.6033690707947033,1.0,False,False
0.16710159638782063,0.0,False,1.0,0.0,0.875,1.0,0.125,0.37004869066952745,0.026496660964732705,0.32209727267119104,1.0,True,False
0.3267465881087811,0.75,False,0.0,1.0,0.75,1.0,0.25,0.22902971422160387,0.06401297609994627,0.5401306259779832,1.0,False,False
0.29684696291536883,0.0,False,0.0,1.0,0.875,0.8500000000000001,0.0,0.3384323053218923,0.021963168479699962,0.37890607627068507,1.0,False,False
0.3989656335018633,1.0,False,0.0,0.0,1.0,1.0,0.375,0.47476588387596164,0.4588758374148605,0.2486295895939683,1.0,False,False
0.5898744825444598,1.0,False,0.0,1.0,1.0,0.9375,0.25,0.16270701744277383,0.028216722027345795,0.5759427654309315,1.0,False,False
0.41480194957242655,0.5,False,0.0,0.0,0.875,0.8875,0.25,0.4475007891449924,0.06934958417845347,0.2566424910351146,1.0,False,False
0.18123164832544447,0.5,False,0.0,1.0,0.625,0.5875,0.125,0.48706737418406404,0.10283113001669722,0.28414108018222817,1.0,True,False
0.2090798383462601,0.0,False,1.0,0.0,1.0,1.0,0.125,0.3504957079539782,0.03397699377999844,0.3282743275260054,1.0,True,False
0.16050918442021356,0.25,False,0.0,1.0,0.875,0.8125,0.125,0.3638673387349984,0.08364332881156634,0.35817635399839043,1.0,True,False
0.2813198338470281,0.0,False,0.0,1.0,0.875,0.8625,0.125,0.02107277054678159,0.01142107229580765,0.8647918408922082,1.0,True,False
0.14454784461736125,0.0,False,0.0,1.0,0.875,0.8375000000000001,0.0,0.4984592387100566,0.16484649030115525,0.29164899673903144,1.0,True,False
0.21069776311509292,0.25,False,0.0,1.0,0.875,0.9125000000000001,0.125,0.3962960069302251,0.29917027902850807,0.31062769015602165,1.0,True,False
0.1849944629541187,0.0,False,0.0,0.0,1.0,1.0,0.125,0.6702344247217762,0.5634678526159941,0.14249872650244355,1.0,True,False
0.42608925914471796,0.0,False,0.0,1.0,0.875,0.7125,0.125,0.24476181246258258,0.09890772107313096,0.49356926298336345,1.0,True,False
0.1083625951338244,0.0,False,1.0,0.0,1.0,0.9750000000000001,0.125,0.8622998966404961,0.4774282323821875,0.05296186402351877,1.0,True,False
0.24547874464902375,0.0,False,0.0,0.0,0.875,0.8500000000000001,0.125,0.3309421539597858,0.009245934800531505,0.38782556271887625,1.0,False,False
0.395913333323466,0.75,False,1.0,0.0,0.0,0.0,0.25,0.48473438972352006,0.08048835365923737,0.28825621665481216,1.0,False,False
0.21613554699622606,0.0,True,0.0,0.0,1.0,0.9750000000000001,0.125,0.2839760936189159,0.19252835509438143,0.38552876552979054,1.0,True,False
0.3199172026117384,0.0,False,0.0,1.0,1.0,0.9125000000000001,0.0,0.22536640782701584,0.03782173958784138,0.6402219716834088,1.0,False,False
0.25647842583619074,0.5,False,0.0,0.0,0.75,0.75,0.0,0.3858853450819205,0.03136053119005116,0.33242573048989654,1.0,False,False
0.13739093600892593,0.25,False,0.0,1.0,0.875,0.8,0.125,0.2740210263113657,0.08385532239086234,0.4915775521804726,1.0,True,False
0.20861485165257365,0.0,False,1.0,0.0,0.875,0.875,0.125,0.15632795998026408,0.07498235967929955,0.5582262347302194,1.0,True,False
0.3247010247246819,1.0,False,1.0,0.0,0.75,0.7875000000000001,0.25,0.3340049363610299,0.03688498634682976,0.37581675790033664,1.0,False,False
0.2179117316381719,0.25,False,1.0,0.0,1.0,0.925,0.125,0.2107111433479096,0.08881909647328352,0.4750057748489209,1.0,True,False
0.14320669321579982,0.0,False,0.0,1.0,0.875,0.7250000000000001,0.125,0.25792585122655354,0.09146188866297113,0.5355961676562873,1.0,True,False
0.19228886384536403,0.5,False,1.0,0.0,0.625,0.75,0.0,0.47076264147941727,0.024286711727418368,0.2347235680277202,1.0,False,False
0.19855763336115373,0.0,False,1.0,0.0,1.0,0.875,0.125,0.27433380124750767,0.027079536265982602,0.4661897782482498,1.0,True,False
0.27358105135248967,0.25,False,0.0,0.0,0.875,0.875,0.125,0.128895474028342,0.03161479380127129,0.6767169540368423,1.0,True,False
0.29138319459034745,0.0,False,0.0,0.0,1.0,1.0,0.125,0.3788939392779381,0.11908716879555035,0.3505784831379728,1.0,False,False
0.15174828993494538,0.0,False,0.0,0.0,0.625,0.9750000000000001,0.125,0.30319599734854397,0.11389207575586727,0.3617309486369038,1.0,True,False
0.45911035009249523,1.0,False,0.0,1.0,1.0,1.0,0.25,0.15724692022139508,0.03402541036973155,0.647570811725021,1.0,False,False
0.36307752624711676,1.0,False,0.0,1.0,1.0,0.9375,0.25,0.8404597666298361,0.5603227158809007,0.06316404222685557,1.0,False,False
0.1428698155690863,0.0,False,1.0,0.0,1.0,0.9500000000000002,0.125,0.5464830717656369,0.09620203012715367,0.18189709966405987,1.0,True,False
0.4202530226532487,0.5,False,0.0,1.0,0.75,0.8125,0.125,0.24754145569386898,0.01722892879747164,0.4631263035429085,1.0,False,False
0.4560771741693238,0.5,False,0.0,1.0,0.875,0.875,0.25,0.23482278598881184,0.05554583647499335,0.5104867880603416,1.0,False,False
0.2887351778355717,0.0,False,1.0,0.0,0.75,0.7125,0.125,0.1843484458814432,0.047333159389486096,0.6171981115657794,1.0,False,False
0.4896836917973951,0.5,False,0.0,1.0,1.0,0.8375000000000001,0.25,0.24540640514564696,0.05696986795946478,0.5620321188821493,1.0,False,False
0.3652093828598225,0.5,False,1.0,0.0,0.5,0.625,0.25,0.3593169692758092,0.07673581156715957,0.35119969148430097,1.0,False,False
0.21988891610179528,0.0,False,0.0,0.0,0.875,0.8500000000000001,0.125,0.26927668567934887,0.05869516050351895,0.3937266149162122,1.0,True,False
0.5158380303241669,0.0,False,0.0,1.0,1.0,0.875,0.125,0.013927239989958614,0.018228957573733467,0.9449400846009066,1.0,False,False
0.23273876403659832,0.0,False,0.0,1.0,0.75,0.6625000000000001,0.125,0.5029258530667204,0.07487473043665395,0.20300053738560253,1.0,True,False
0.51082171445073,1.0,False,0.0,1.0,0.875,0.8375000000000001,0.25,0.31687336609900535,0.0255783311981991,0.3949626195394145,1.0,False,False
0.3397752827221884,0.75,False,0.0,1.0,0.625,0.6000000000000001,0.25,0.2559502536327405,0.016515324475341174,0.4545149038410936,1.0,False,False
0.2554086378279916,0.0,False,1.0,0.0,0.75,0.825,0.125,0.30056062766872926,0.021231189015681773,0.41547809883066567,1.0,True,False
0.329947722434342,0.25,False,0.0,1.0,0.75,0.8125,0.0,0.2701561262649656,0.03478716863630324,0.4754170468890966,1.0,False,False
0.4873277433538984,1.0,False,0.0,1.0,0.875,0.8125,0.375,0.2091985884606931,0.011089112241615651,0.7089692458907453,1.0,False,False
0.18068753024402562,0.0,False,1.0,0.0,0.875,0.9500000000000002,0.125,0.42576971977447237,0.1767154300076679,0.26147262370998803,1.0,True,False
0.5322809621995194,1.0,False,1.0,0.0,0.75,0.8375000000000001,0.25,0.06319206515810809,0.024955980204495985,0.7228646278053832,1.0,False,False
0.40251358382794244,0.5,False,0.0,0.0,1.0,1.0,0.25,0.3494180172552942,0.2451835650795141,0.3353159064969635,1.0,False,False
0.19152150956336766,0.0,False,1.0,0.0,0.875,0.9625000000000001,0.125,0.21795797315454277,0.07846562709007932,0.4647910410389331,1.0,True,False
0.16885782018472062,0.0,False,1.0,0.0,0.75,0.75,0.125,0.45604260938166896,0.0969190588491929,0.2983901537628506,1.0,True,False
0.19855763336115373,0.0,False,0.0,0.0,1.0,1.0,0.125,0.14207161438714475,0.03689105659464529,0.5843141712019284,1.0,True,False
0.4681804642661894,0.5,False,0.0,1.0,0.625,0.5875,0.125,0.05194773484593267,0.0374921479454602,0.7519720671366299,1.0,False,False
0.228210932524332,0.0,False,0.0,0.0,1.0,1.0,0.125,0.3785526053519585,0.24036355880066052,0.3033454163010003,1.0,True,False
0.20603541428460392,0.0,True,1.0,0.0,0.875,0.9125000000000001,0.125,0.2967372359884137,0.025648767962162193,0.42149858959553455,1.0,True,False
0.1809597978384757,0.0,True,1.0,0.0,1.0,0.9750000000000001,0.125,0.2775794137342624,0.1610809187619176,0.4126763318799127,1.0,True,False
0.41319224202474947,0.5,False,0.0,1.0,1.0,0.9500000000000002,0.0,0.22343125836388436,0.019443200998716437,0.5679790709431987,1.0,False,False
0.311776128813647,0.5,False,1.0,0.0,1.0,1.0,0.25,0.5081984672836127,0.4562997065014149,0.23983631335037492,1.0,False,False
0.23253544061032672,0.0,False,0.0,0.0,1.0,0.9875,0.125,0.4188472414361764,0.3450970435314278,0.29176394864393584,1.0,True,False
0.1404935931743213,0.0,True,0.0,0.0,1.0,0.9875,0.125,0.37771607427052173,0.22359209867934327,0.3034660447317754,1.0,True,False
0.26052055428457976,0.25,False,0.0,0.0,1.0,0.875,0.125,0.5348635981954095,0.019481780664181506,0.23742253490872112,1.0,True,False
0.14785703624482216,0.0,False,1.0,0.0,0.875,0.7875000000000001,0.125,0.3699685750126353,0.018481981893529013,0.33901445732593594,1.0,True,False
0.3359547628795322,0.25,True,1.0,0.0,0.875,0.9375,0.125,0.26477145951533343,0.015656233902466957,0.4876345119635257,1.0,True,False
0.05638946285849755,0.0,False,0.0,0.0,0.5,0.75,0.125,0.7425323293955266,0.8945762077779973,0.09377083222257387,1.0,True,False
0.1273759746024915,0.0,False,0.0,0.0,1.0,0.9000000000000001,0.125,0.19565865559193427,0.10076149992572729,0.5176468219035224,1.0,True,False
0.15174828993494538,0.0,True,1.0,0.0,1.0,0.9875,0.125,0.31620470286635505,0.036557454001710836,0.3480443150115482,1.0,True,False
0.19831108880083492,0.0,False,0.0,0.0,1.0,0.9625000000000001,0.125,0.20343613995631293,0.051939737863657603,0.47441654921545284,1.0,True,False
0.39321937742805646,0.5,False,1.0,0.0,1.0,1.0,0.25,0.45510805865694803,0.10872012514379946,0.26654065640841096,1.0,False,False
0.5240532281719058,0.5,False,1.0,0.0,1.0,1.0,0.25,0.3545332334976307,0.14482946063746238,0.328668432628926,1.0,False,False
0.23455826676495228,0.0,False,0.0,1.0,0.875,0.8375000000000001,0.0,0.38365295606310773,0.025105707261798123,0.3430000940830915,1.0,False,False
0.2347592869000048,0.0,False,0.0,0.0,0.875,0.75,0.0,0.1587254545381376,0.05502583996935234,0.5841192771524812,1.0,True,False
0.22569162861852088,0.0,False,1.0,0.0,0.625,0.625,0.125,0.7309793077792455,0.7267000863454077,0.10603019127259583,1.0,False,False
0.25999851255513073,0.0,False,0.0,0.0,1.0,1.0,0.125,0.5666609622831748,0.5682619451542076,0.17456482855744548,1.0,True,False
0.29123711464002977,0.25,False,1.0,0.0,1.0,1.0,0.125,0.35573853548754036,0.030121261600856344,0.3266238468377187,1.0,False,False
0.315766120968726,0.0,False,0.0,0.0,1.0,1.0,0.125,0.5071393240930168,0.07972004091607784,0.2638874112280698,1.0,True,False
0.5078717927295383,0.5,False,0.0,1.0,1.0,1.0,0.25,0.2381328615886938,0.024960071501295596,0.48566957363811714,1.0,False,False
0.4025916270348725,0.75,False,0.0,1.0,1.0,1.0,0.125,0.28435445165277795,0.17210684249450128,0.4030362868523487,1.0,False,False
0.19831108880083492,0.0,False,1.0,0.0,0.5,0.5,0.25,0.3346399133693148,0.09189032533570393,0.35606504919530035,1.0,True,False
0.29513966780329415,0.0,False,0.0,1.0,1.0,0.9750000000000001,0.125,0.23282537244038784,0.006802110787884863,0.5886323847861024,1.0,True,False
0.13352361620659736,0.0,False,0.0,0.0,1.0,1.0,0.125,0.6913506495639835,0.30629583247432735,0.14127659657246983,1.0,True,False
0.3402193953925473,0.75,False,1.0,0.0,1.0,1.0,0.25,0.2556586929665648,0.14646112609911588,0.45439051002164654,1.0,False,False
0.2974124304118596,0.75,False,0.0,0.0,0.875,0.875,0.125,0.4369462387310518,0.039289422782876865,0.28304708797232747,1.0,False,True
0.4948149298611374,0.5,False,1.0,0.0,1.0,0.9125000000000001,0.125,0.045348265517871085,0.036146659506276546,0.7783491799130111,1.0,False,False
0.2343570186517372,0.0,False,0.0,0.0,1.0,1.0,0.0,0.4511322486587745,0.2939609387070775,0.23953295593081325,1.0,True,False
0.19557624719088196,0.5,False,0.0,1.0,0.5,0.625,0.125,0.22274266827816624,0.011209981020821614,0.44796637703927145,1.0,True,False
0.19582661818335068,0.0,False,1.0,0.0,0.875,0.8500000000000001,0.125,0.15768561170170475,0.04406372641319347,0.5839323314830283,1.0,True,False
0.09162378267414306,0.0,False,1.0,0.0,0.875,0.8875,0.125,0.6818457028477201,0.5952385342863896,0.1349071298826472,1.0,True,False
0.47048383485204737,0.75,False,0.0,1.0,0.875,1.0,0.125,0.43477159154156053,0.07416169875651975,0.3101191145417961,1.0,False,False
0.19532552244298607,0.0,False,0.0,1.0,0.875,0.8875,0.125,0.4821333765136064,0.08441165142138365,0.29057852028406406,1.0,True,False
0.35773356308094006,0.25,False,1.0,0.0,0.625,0.65,0.125,0.1792399703225415,0.03123041791605412,0.5172978365070164,1.0,False,False
0.16562468127914087,0.0,False,0.0,0.0,1.0,0.8875,0.125,0.19542617216533348,0.11148361260897265,0.5440193899036418,1.0,True,False
0.18710935290994468,0.25,False,0.0,0.0,0.75,0.9500000000000002,0.125,0.4131059073072318,0.035960427946210946,0.27614646958248334,1.0,True,False
0.062327502764905285,0.0,False,0.0,0.0,0.75,1.0,0.125,0.41075644983086107,0.10944418837156672,0.2933921881863679,1.0,True,False
0.3784751011629198,1.0,False,0.0,1.0,1.0,1.0,0.25,0.860470427152509,0.45263144942253164,0.05353521595351407,1.0,False,False
0.23833924487322566,0.0,False,1.0,0.0,0.75,0.75,0.125,0.40319317155501083,0.10234713582188083,0.33042501275244973,1.0,False,False
0.2002739202454118,0.0,True,1.0,0.0,1.0,0.9875,0.125,0.3367501314756485,0.047276493989624496,0.37322395545866827,1.0,True,False
0.31046965768891643,0.0,False,0.0,0.0,1.0,0.9750000000000001,0.125,0.3210965347641839,0.059054286256076526,0.3634644348536189,1.0,True,False
0.39501988456045967,1.0,False,0.0,1.0,0.75,0.675,0.25,0.19865139869353188,0.022514262571947018,0.5381319422135953,1.0,False,False
0.04388181869188723,0.0,False,1.0,0.0,0.625,0.5375000000000001,0.125,0.80938046187101,0.5297273888120588,0.07780400256447972,1.0,True,False
0.24566777319209177,0.0,False,0.0,1.0,0.0,0.25,0.0,0.23935124497483018,0.033527735536987215,0.5617227576260342,1.0,False,False
0.2385360294936566,0.0,False,1.0,0.0,1.0,1.0,0.125,0.36293022655811186,0.21077321450145195,0.3099526302628517,1.0,True,False
0.3619038091852885,0.5,False,0.0,0.0,1.0,1.0,0.25,0.3657546423680732,0.13057103068798992,0.3632772306055658,1.0,False,False
0.32263160586749573,0.5,False,0.0,0.0,1.0,1.0,0.25,0.36209840701936186,0.14523334767648874,0.32138599635611276,1.0,False,False
0.2347592869000048,0.0,True,0.0,0.0,0.875,0.9500000000000002,0.125,0.37193164998306916,0.0520820214771316,0.3121501903036601,1.0,True,False
0.49486132525953963,0.5,False,0.0,1.0,0.875,1.0,0.25,0.24667512502334882,0.05467032570514275,0.5540516089255447,1.0,False,False
0.2864979058744641,0.0,False,0.0,0.0,1.0,1.0,0.125,0.1638053939756997,0.04631774156624717,0.5389223944638968,1.0,True,False
0.28054544643909585,0.0,False,0.0,1.0,1.0,1.0,0.0,0.4482352186729546,0.016598655437327216,0.2651127347336397,1.0,False,False
0.4011815707069014,0.5,False,0.0,1.0,1.0,0.875,0.125,0.17996714603846345,0.060594690372550546,0.6053142740763264,1.0,False,False
0.3994428122393511,1.0,False,0.0,0.0,0.75,1.0,0.375,0.3905183159751944,0.39628937416802656,0.2995261151264279,1.0,False,False
0.37256786183204216,1.0,False,0.0,1.0,0.875,0.8875,0.25,0.2764748100124855,0.06358585011020883,0.4470413654545975,1.0,False,False
0.4445102454387856,1.0,False,0.0,1.0,0.625,0.6125,0.25,0.27908370798715676,0.02908698447198885,0.4628207967034621,1.0,False,False
0.42109861505628843,1.0,False,0.0,1.0,0.75,0.875,0.25,0.07589168261776355,0.053996330316180785,0.7317097205959731,1.0,False,False
0.1644342344046048,0.75,False,0.0,1.0,0.625,0.7375,0.125,0.2668091084318659,0.03315804240858709,0.4736925698450196,1.0,True,False
0.14253229716796056,0.0,False,0.0,1.0,0.75,0.7625,0.125,0.27545141434918813,0.06529094819135907,0.4494489472196048,1.0,True,False
0.1514272581382603,0.0,False,0.0,0.0,0.875,0.9625000000000001,0.125,0.45380365049341853,0.18865365754274555,0.2632351003346365,1.0,True,False
0.31046965768891643,0.5,False,1.0,0.0,0.75,0.8500000000000001,0.25,0.44459721925941015,0.13791653997600764,0.2725950125013632,1.0,False,False
0.38787520380299145,0.5,False,1.0,0.0,1.0,0.9000000000000001,0.25,0.4350881608912996,0.04818728264296357,0.3116272081429827,1.0,False,False
0.4702175321293226,0.0,True,0.0,1.0,1.0,1.0,0.125,0.2276270023691093,0.015476055422531913,0.5872326051345418,1.0,False,False
0.2843840256085215,0.0,False,0.0,1.0,1.0,0.8875,0.125,0.035771716436066955,0.03352421354661526,0.8139639905163931,1.0,True,False
0.1514272581382603,0.0,False,0.0,0.0,1.0,1.0,0.125,0.45332827060352227,0.30975548684448945,0.2963468935266351,1.0,True,False
0.2816286450518882,0.0,False,0.0,1.0,0.875,0.9375,0.125,0.023100302620940275,0.01270153265201455,0.8574994558196827,1.0,True,False
0.03728106709894852,0.0,False,1.0,0.0,0.875,0.8875,0.125,0.340836950319963,0.07214648912313203,0.36352448658909164,1.0,False,True
0.47437909196142336,0.0,False,1.0,0.0,1.0,1.0,0.125,0.20458634831184483,0.02107182359828744,0.5103475065322902,1.0,True,False
0.25106380151150653,0.0,True,1.0,0.0,1.0,0.9875,0.125,0.32795470388932946,0.18443023470102615,0.34250121348455664,1.0,True,False
0.26190520355991465,0.0,False,0.0,1.0,0.875,0.8875,0.125,0.2143717576254569,0.028027649800449462,0.5101192861119097,1.0,True,False
0.19806420122279356,0.0,True,0.0,0.0,1.0,1.0,0.0,0.48269464486243985,0.0600608149117706,0.2216590930213702,1.0,True,False
0.20768120691436276,0.0,True,0.0,0.0,1.0,0.9625000000000001,0.125,0.3337352165030029,0.04773881474156137,0.39071106085851715,1.0,True,False
0.1697294568213059,0.0,False,0.0,0.0,0.875,0.925,0.125,0.478890319299272,0.19424615104223245,0.3015923107426419,1.0,True,False
0.26104106472629673,0.0,False,0.0,0.0,1.0,1.0,0.125,0.2919552094117773,0.19329971560854578,0.39088857164159707,1.0,True,False
0.3392185742636019,0.5,False,0.0,0.0,0.875,0.8875,0.125,0.3540393788797247,0.2543281771627347,0.3269706762300302,1.0,False,False
0.2010044204517747,0.0,True,1.0,0.0,1.0,0.9875,0.125,0.6845392351945102,0.47400164807839906,0.14096773320905198,1.0,True,False
0.3423138833685727,0.0,False,0.0,1.0,0.75,0.5875,0.0,0.2615664818327126,0.043840355402529126,0.49313570359661196,1.0,False,False
0.256122545949362,0.0,False,1.0,0.0,0.875,0.8125,0.125,0.17795501175703568,0.07179439252866159,0.5300644222296469,1.0,True,False
0.22945729756037014,0.0,False,0.0,1.0,0.875,0.8625,0.125,0.23183153260413833,0.05346326658366056,0.5514005076079025,1.0,True,False
0.4286676923555689,0.5,False,0.0,0.0,1.0,0.9500000000000002,0.125,0.5054134863847664,0.286304102061084,0.3288661972720941,1.0,False,False
0.256122545949362,0.0,False,1.0,0.0,1.0,0.9500000000000002,0.125,0.41665920066754425,0.11913409940883542,0.28914674284148134,1.0,True,False
0.11201104130645712,0.0,False,0.0,0.0,0.75,0.75,0.125,0.47179387952054963,0.2444091738567513,0.23968352361152268,1.0,True,False
0.39073432251084295,0.5,False,0.0,1.0,0.625,0.3375,0.125,0.1688097987024283,0.012997645520014263,0.5848855964322575,1.0,False,False
0.11241183227452445,0.0,False,0.0,0.0,1.0,0.9875,0.125,0.6501249300303614,0.2911183361891753,0.16706012387258684,1.0,True,False
0.3921467904147661,0.75,False,0.0,1.0,1.0,0.925,0.125,0.10624818048584556,0.04173925686685504,0.6818678078952631,1.0,False,False
0.2505131399728665,0.0,False,1.0,0.0,1.0,0.875,0.125,0.09717255396685116,0.040483271541882714,0.7033565648408673,1.0,True,False
0.39639877960853875,0.5,False,0.0,0.0,1.0,1.0,0.25,0.23674273339096644,0.05818474306787184,0.5078237571410027,1.0,False,False
0.42519849181777103,0.75,False,0.0,1.0,1.0,0.6875,0.25,0.23837396723672855,0.021742497032838877,0.4753142728578523,1.0,False,False
0.2863477466931945,0.0,True,1.0,0.0,1.0,1.0,0.125,0.24958847018992528,0.05294201089703406,0.5056429471296766,1.0,True,False
0.3914834999159701,0.0,True,0.0,0.0,0.875,0.9500000000000002,0.125,0.3293351396314239,0.05793031681126346,0.3533262090366962,1.0,False,False
0.25522971112040116,0.0,False,0.0,1.0,0.75,0.7750000000000001,0.125,0.547661791083757,0.035323302543274385,0.17546350904584873,1.0,True,False
0.2816286450518882,0.0,False,0.0,0.0,0.875,0.9000000000000001,0.125,0.6589564719599234,0.3507941504664428,0.1607960700814295,1.0,False,False
0.19756939318629507,0.0,False,0.0,0.0,1.0,1.0,0.125,0.40448432448356403,0.22451282458274133,0.29563333074054055,1.0,True,False
0.1839274901469682,0.0,True,0.0,0.0,1.0,0.9750000000000001,0.125,0.2837153974261001,0.13682236736894857,0.39153954970993077,1.0,True,False
0.27325789973996917,0.0,False,0.0,0.0,0.875,0.8875,0.125,0.5231444444464354,0.377201367346959,0.25544547305588305,1.0,False,False
0.37080332367410807,0.0,False,0.0,1.0,0.875,0.6875,0.125,0.27365830285987847,0.034782487058479944,0.4803160688152879,1.0,True,False
0.13352361620659736,0.0,False,0.0,0.0,1.0,1.0,0.125,0.526440150985757,0.12651235111799278,0.19682398811303425,1.0,True,False
0.4108244704660037,0.5,False,1.0,0.0,1.0,0.925,0.125,0.42644334918046223,0.04951914232656493,0.2846742520161525,1.0,False,False
0.443459780775887,1.0,False,0.0,1.0,1.0,0.9375,0.25,0.30689355193934714,0.13497280614912066,0.36655995410305464,1.0,False,False
0.18684636599629756,0.0,True,1.0,0.0,1.0,0.9750000000000001,0.125,0.265264440006506,0.13438400901199188,0.4294655137950194,1.0,True,False
0.22162810771808772,0.0,False,0.0,0.0,1.0,1.0,0.125,0.39105287968771213,0.14269720293000493,0.3371541236950437,1.0,True,False
0.38315035015762355,0.5,False,0.0,1.0,0.875,0.75,0.125,0.18556277856528006,0.06593727322668692,0.5801376752340903,1.0,False,False
0.6356088837805408,1.0,False,0.0,1.0,1.0,1.0,0.375,0.07260295863470435,0.049109937435737314,0.8086690115058346,1.0,False,False
0.18710935290994468,0.0,True,1.0,0.0,1.0,0.9625000000000001,0.125,0.4414833337073772,0.03261390540430965,0.2437764384800829,1.0,True,False
0.38787520380299145,0.0,False,0.0,0.0,0.875,0.875,0.125,0.2140881135385914,0.07999919277689654,0.47005946299365764,1.0,True,False
0.4891096104028715,0.5,False,0.0,1.0,0.875,0.5,0.25,0.27548648358126815,0.05885016522798149,0.4827149538279585,1.0,False,False
0.37712924172165085,0.5,False,0.0,0.0,1.0,0.875,0.25,0.29479385819746423,0.03629627147486253,0.42015342079607976,1.0,False,False
0.29442341813256856,0.75,False,1.0,0.0,0.875,0.9125000000000001,0.125,0.3878678292343798,0.06212663121943987,0.29217044010306337,1.0,False,False
0.26966384115039865,0.0,True,0.0,1.0,1.0,0.9375,0.125,0.24698115957091066,0.17726539079070208,0.4363876639672468,1.0,True,False
0.19075082257961895,0.0,False,0.0,1.0,0.875,0.8125,0.125,0.1394413653547536,0.0429481853646884,0.6028380191062843,1.0,True,False
0.3336683641045276,0.0,False,0.0,1.0,0.75,1.0,0.125,0.281430280923551,0.06163808357037359,0.4420393242354943,1.0,False,False
0.4961554958411202,0.5,False,0.0,0.0,1.0,0.9125000000000001,0.25,0.27620068001329523,0.05154155025537413,0.43352729570711146,1.0,False,False
0.30076790948683885,0.0,True,0.0,1.0,1.0,0.9375,0.0,0.2639884543671838,0.04108650193478505,0.4778332213767287,1.0,False,False
0.24395922323095953,0.0,False,1.0,0.0,0.875,0.9125000000000001,0.25,0.399728367062932,0.2323290047012363,0.31951751377514315,1.0,True,False
0.1514272581382603,0.0,False,1.0,0.0,1.0,0.9875,0.125,0.4495360122569343,0.4220554584112361,0.25131707076117515,1.0,True,False
0.4494916468356095,1.0,False,0.0,0.0,0.75,0.825,0.25,0.13594117077743742,0.01892579901831813,0.5963742748989871,1.0,False,False
0.8772271121896443,1.0,False,0.0,0.0,1.0,1.0,0.375,0.09655742210494,0.03047733338722414,0.7258286840931092,1.0,False,False
0.16885782018472062,0.0,True,0.0,0.0,0.875,0.9750000000000001,0.125,0.48485289848085583,0.10210299725823752,0.23454662392864245,1.0,True,False
0.3072943146141446,0.0,False,0.0,1.0,1.0,0.9375,0.125,0.0977264292870921,0.035352916594971424,0.6975075158847224,1.0,True,False
0.35773356308094006,0.75,True,0.0,1.0,1.0,0.7750000000000001,0.25,0.4294162148426354,0.07358278245841818,0.3133624240441717,1.0,False,False
0.49812477456052784,1.0,True,0.0,1.0,1.0,0.9750000000000001,0.375,0.26127822279465457,0.16285529981631344,0.43702790284095694,1.0,False,False
0.1623315399495997,0.0,False,0.0,1.0,1.0,0.925,0.125,0.2545444102473404,0.07704625678164712,0.43184795766936834,1.0,True,False
0.1602036306527207,0.0,False,0.0,1.0,0.875,0.8125,0.125,0.2694587069309148,0.09479752972274264,0.504187918234752,1.0,True,False
0.32530511265318596,0.5,False,1.0,0.0,0.875,0.8625,0.25,0.4225266732243828,0.060099839986790526,0.25875681181440147,1.0,False,False
0.5521633180331303,0.75,False,1.0,0.0,0.875,1.0,0.25,0.1091392618983277,0.029097146582366656,0.6516576072685254,1.0,False,False
0.34524836664156966,0.0,False,0.0,1.0,0.5,0.5,0.125,0.26130465595665886,0.0351745247219602,0.4635570270956251,1.0,False,False
0.1295701316748754,0.0,True,0.0,0.0,1.0,0.9500000000000002,0.125,0.2797489630734024,0.03898407836608445,0.3817144324792281,1.0,True,False
0.33753789233017695,0.25,False,1.0,0.0,0.75,1.0,0.125,0.2630622683730181,0.03552098830976999,0.4368140903427258,1.0,False,False
0.3573312373967369,0.0,False,0.0,0.0,0.875,0.625,0.125,0.3461419589431536,0.010830412789439615,0.3360946666957578,1.0,False,False
0.2235645371255457,0.0,False,1.0,0.0,0.75,0.8375000000000001,0.125,0.2754646705627573,0.07334469012335373,0.4494651606975646,1.0,True,False
0.19482300767235994,0.0,False,0.0,1.0,1.0,1.0,0.125,0.23788829218483,0.04639480474728439,0.46688578399499425,1.0,True,False
0.14219413557029703,0.0,False,0.0,1.0,0.875,0.8375000000000001,0.125,0.2634089277916965,0.031226482291574573,0.4969323454791177,1.0,True,False
0.24566777319209177,0.0,False,0.0,0.0,0.0,0.0,0.125,0.2705765290932513,0.22390274568609403,0.41167573251241873,1.0,False,False
0.6428869869422921,0.5,False,1.0,0.0,1.0,1.0,0.25,0.11259830511148601,0.0308588416016698,0.6647184559494446,1.0,False,False
0.2081486433206151,0.25,False,0.0,0.0,0.875,0.8875,0.125,0.588684519772064,0.12524107871613116,0.21130629365191456,1.0,True,False
0.3039251108563844,0.25,False,0.0,0.0,0.875,0.8625,0.125,0.27903039935043467,0.07687343221061776,0.44382653955118023,1.0,False,False
0.28903136084746694,0.5,False,0.0,0.0,1.0,0.925,0.125,0.49558716209110704,0.07665782109631869,0.2177381178995479,1.0,True,False
0.37676861522205896,0.5,False,0.0,1.0,0.75,0.75,0.25,0.34547068457192787,0.0355275932609319,0.3374227493361317,1.0,False,False
0.3392185742636019,0.5,False,0.0,0.0,0.875,0.875,0.125,0.3239956170559299,0.22343132918552824,0.3566593148575128,1.0,False,False
0.4572852074710082,0.5,False,0.0,1.0,0.875,0.925,0.125,0.03170244147665796,0.027601361112654235,0.8104811894144155,1.0,False,False
0.3325140216513377,0.0,False,0.0,1.0,0.75,0.6625000000000001,0.125,0.24914747969092607,0.09065999054795533,0.42775324215148247,1.0,False,False
0.29123711464002977,0.0,False,0.0,0.0,1.0,0.9375,0.125,0.3716548665495973,0.04264659585265306,0.3572501836614357,1.0,False,False
0.49229139187824844,0.5,False,0.0,1.0,1.0,0.9125000000000001,0.25,0.23947078384655504,0.043690781000840215,0.5732514323082138,1.0,False,False
0.3627848239922139,0.0,False,0.0,0.0,1.0,1.0,0.125,0.26853206241000843,0.05914515211162421,0.433252595412863,1.0,False,False
0.1844617784831757,0.0,False,1.0,0.0,1.0,0.9000000000000001,0.125,0.26567318911458215,0.18754127991102507,0.4252924668931213,1.0,True,False
0.1839274901469682,0.0,False,0.0,0.0,1.0,1.0,0.125,0.24854128725136868,0.12353849820349455,0.43984754049323116,1.0,True,False
0.16050918442021356,0.0,False,0.0,1.0,0.75,0.8125,0.125,0.2466388301215885,0.03854092995986125,0.4180791753482196,1.0,True,False
0.1745894558725003,0.0,False,0.0,0.0,0.875,0.9625000000000001,0.125,0.3491244092087225,0.05621761786502922,0.3299026783240029,1.0,True,False
0.1602036306527207,0.0,False,0.0,1.0,0.625,0.7125,0.125,0.2709506903274726,0.08543708616642506,0.4986398152174736,1.0,True,False
0.26532028250539186,0.0,False,0.0,1.0,1.0,1.0,0.125,0.2984425826582234,0.07059868675315513,0.45044668579412983,1.0,True,False
0.19532552244298607,0.0,False,0.0,1.0,1.0,1.0,0.125,0.1390311659022606,0.03479944552365351,0.5920355844285585,1.0,True,False
0.15206874199191067,0.5,False,0.0,0.0,1.0,1.0,0.25,0.3566876383879772,0.24312731967341863,0.34435720854638374,1.0,True,False
0.34717807138697354,0.0,True,0.0,1.0,1.0,0.9750000000000001,0.125,0.02364753724808119,0.02137038132946092,0.90434424031023,1.0,True,False
0.3884676236138268,0.5,False,0.0,1.0,1.0,0.75,0.25,0.0947458229875304,0.028081638397075052,0.7063274879030299,1.0,True,False
0.1839274901469682,0.0,False,0.0,0.0,1.0,1.0,0.125,0.4435798713208614,0.03769231024415696,0.28160026597572596,1.0,False,True
0.20884749730392682,0.25,False,0.0,1.0,0.75,0.7875000000000001,0.125,0.23818271956887999,0.06362187942746848,0.5366498279447645,1.0,True,False
0.1404935931743213,0.0,False,0.0,0.0,1.0,0.9750000000000001,0.125,0.45729181746829584,0.2578621811871177,0.23235853382369775,1.0,True,False
0.18971800542409967,0.5,False,1.0,0.0,0.875,0.8125,0.125,0.6391562804719197,0.25955599866110635,0.17443495217978744,1.0,True,False
0.0731399783700506,0.0,True,1.0,0.0,1.0,0.9000000000000001,0.125,0.5455160124507644,0.47783432509427415,0.1812293246037746,1.0,True,False
0.21746934944105067,0.0,True,0.0,1.0,0.875,0.9125000000000001,0.125,0.3199340113816199,0.08173737085943131,0.34182904033930894,1.0,True,False
0.26052055428457976,0.0,False,0.0,1.0,0.875,0.8625,0.125,0.216602209124428,0.03367716942263022,0.5752330266854779,1.0,True,False
0.10630279133903131,0.0,False,0.0,1.0,0.875,0.8125,0.125,0.47000424248762473,0.09209752099879873,0.291886058094609,1.0,True,False
0.2981167402054462,0.25,False,0.0,1.0,0.875,0.8625,0.0,0.1839484008266577,0.06423157814481181,0.5903979799733658,1.0,True,False
0.4890616863471827,0.5,False,0.0,1.0,1.0,0.9750000000000001,0.25,0.2797871476860615,0.050246123580517145,0.4475803871750932,1.0,False,False
0.19279859605348382,0.0,True,1.0,0.0,0.875,0.9500000000000002,0.125,0.1469715813494401,0.034787696747813124,0.6002469099969847,1.0,True,False
0.22987081477479465,0.25,False,1.0,0.0,0.875,0.9125000000000001,0.125,0.3475943165743814,0.27296718258473923,0.3467780695608502,1.0,True,False
0.2000297503778451,0.0,False,0.0,0.0,0.875,0.9875,0.125,0.15502985981507492,0.025091025863142196,0.584579944405708,1.0,True,False
0.16885782018472062,0.0,False,0.0,1.0,1.0,0.5,0.125,0.3286906651413433,0.04272696338644068,0.3887374866352147,1.0,True,False
0.3332075278298613,0.25,False,0.0,0.0,1.0,1.0,0.125,0.29688613597471475,0.01672507710857314,0.43061417774690924,1.0,False,False
0.220977906775482,0.0,False,0.0,1.0,0.875,0.625,0.125,0.12453143471791055,0.0567089426719918,0.6155426211908854,1.0,True,False
0.24604522726389022,0.0,False,1.0,0.0,0.875,0.8875,0.125,0.21659489018072747,0.08265941679507087,0.4682378253811663,1.0,True,False
0.47411857545249736,1.0,False,0.0,1.0,0.875,0.8875,0.25,0.22094868614301436,0.049792074796874024,0.5042588053389181,1.0,False,False
0.3491924697351917,0.0,False,1.0,0.0,0.375,0.5,0.125,0.8401649596571967,0.4918668707538243,0.06275881251921578,1.0,True,False
0.37247542754863716,0.25,False,1.0,0.0,1.0,0.9125000000000001,0.125,0.8565270999213571,0.6974736032437873,0.056578092094941246,1.0,True,False
0.6520340914200581,1.0,False,1.0,0.0,0.875,0.9625000000000001,0.375,0.2842976985341009,0.06816845666668318,0.4437679245570485,1.0,False,False
0.2127565088279989,0.5,True,0.0,1.0,0.875,0.9625000000000001,0.125,0.7760541275879822,0.9999999999999998,0.07684182782809312,1.0,True,False
0.22966417662094474,0.0,False,0.0,1.0,0.75,0.8,0.125,0.10913343704461925,0.04466319780768669,0.674539487506705,1.0,True,False
0.3539767781193147,0.25,False,0.0,1.0,1.0,1.0,0.25,0.49096268976113766,0.371742500676705,0.21383952488403857,1.0,True,False
0.3798108298483308,0.5,True,0.0,0.0,1.0,0.9500000000000002,0.25,0.2851944473818346,0.0399987528661607,0.42455695133678883,1.0,False,False
0.3033800518652746,0.0,True,0.0,0.0,1.0,0.9875,0.125,0.44707321929561933,0.029426793675177164,0.23970125006365595,1.0,True,False
0.21115733074156973,0.0,False,1.0,0.0,0.875,0.7375,0.0,0.34403490749405785,0.02554273862473118,0.37169983389819206,1.0,False,False
0.2508804374664776,0.75,False,1.0,0.0,1.0,1.0,0.125,0.5503566281655428,0.6296726679521145,0.19399908518728592,1.0,True,False
0.4506857014629294,0.5,True,0.0,1.0,1.0,0.625,0.25,0.20202621026890435,0.03008909757834607,0.5323619424493133,1.0,False,False
0.20341792829417205,0.0,True,1.0,0.0,1.0,0.9875,0.125,0.230726105853143,0.13504938444021353,0.4494201809532652,1.0,True,False
0.30297015610439615,0.0,False,0.0,1.0,1.0,0.75,0.125,0.3302421241838862,0.014665776645080878,0.3905056649747882,1.0,True,False
0.26362095839325894,0.0,True,0.0,1.0,1.0,0.925,0.0,0.21987740194049135,0.051623430236886314,0.5072505339237037,1.0,False,False
0.29923785348430354,0.0,False,0.0,1.0,1.0,0.7750000000000001,0.125,0.21050061056265246,0.0895107703111446,0.47520943006001737,1.0,False,False
0.215688708956697,0.0,False,0.0,0.0,1.0,1.0,0.125,0.37316891370544697,0.0932331615864286,0.349134487809436,1.0,True,False
0.15897612689682528,0.0,False,1.0,0.0,1.0,0.925,0.125,0.41982718064947566,0.1488177386391543,0.28537683436937167,1.0,True,False
0.21923229936250388,0.0,False,0.0,1.0,1.0,0.9625000000000001,0.125,0.3645640388827595,0.09133823657281868,0.33347528719799513,1.0,True,False
0.19607663641723527,0.0,False,1.0,0.0,0.875,0.9375,0.125,0.3414353979076032,0.13674683011940317,0.3272401526867419,1.0,True,False
0.22076064262299389,0.0,True,0.0,0.0,1.0,0.9875,0.125,0.40470810117946593,0.1929745309685497,0.27869482911404897,1.0,True,False
0.2113866689982885,0.0,False,0.0,1.0,1.0,0.9375,0.125,0.1280788998391752,0.028528095959203123,0.633760995293692,1.0,True,False
0.357431904366342,0.25,False,0.0,1.0,1.0,0.9500000000000002,0.125,0.1473169861153926,0.01239928474265624,0.6691214421938492,1.0,False,False
0.19279859605348382,0.0,False,1.0,0.0,1.0,1.0,0.125,0.15557279566701598,0.055920606833903645,0.5598873989995108,1.0,True,False
0.20341792829417205,0.0,False,0.0,0.0,1.0,0.9625000000000001,0.125,0.5223451754015049,0.43702520738302353,0.23821892806094302,1.0,True,False
0.3337833864184797,0.0,False,0.0,0.0,1.0,1.0,0.125,0.3102407778264948,0.08898895376786926,0.3913449232183037,1.0,False,False
0.6861946805880267,0.5,False,1.0,0.0,1.0,0.9625000000000001,0.25,0.2182451176599935,0.047301106234176854,0.5077158761494738,1.0,False,False
0.4249235075394996,0.5,False,0.0,1.0,1.0,0.9500000000000002,0.25,0.21600818564702445,0.05308966910245652,0.487856081568423,1.0,False,False
0.3511842573411904,0.0,False,0.0,0.0,1.0,1.0,0.125,0.4521773953840418,0.05986982795393923,0.2615410312271378,1.0,False,False
0.2909445934787388,0.0,False,1.0,0.0,1.0,0.75,0.0,0.4401908214657112,0.0673876200620571,0.30721161928382235,1.0,False,False
0.3918983469302467,0.25,False,0.0,1.0,0.625,0.7250000000000001,0.125,0.1645642870564973,0.03484453702170303,0.6042946092836532,1.0,False,False
0.29283741793800566,0.25,False,0.0,1.0,0.875,0.8875,0.125,0.033699288124769064,0.017182736054174516,0.8154660081334071,1.0,True,False
0.2445305696606629,0.0,False,1.0,0.0,0.875,0.8875,0.125,0.3383743251069367,0.1946761918560557,0.3375915556949105,1.0,True,False
0.4361855418721564,0.5,False,0.0,1.0,0.5,1.0,0.25,0.2956142537287522,0.06413878602672682,0.44523032452740496,1.0,False,False
0.31602048495499047,0.0,False,0.0,0.0,0.875,0.9625000000000001,0.125,0.527934693268737,0.11513595137477023,0.18855143561172172,1.0,False,False
0.3551019916437087,0.5,False,0.0,1.0,1.0,1.0,0.125,0.22748812003576274,0.011804031519004894,0.5839518361541014,1.0,False,False
0.175152567339807,0.0,True,1.0,0.0,0.875,0.9625000000000001,0.125,0.2913560342623788,0.034773499388174645,0.4010784330719024,1.0,True,False
0.24959155630198848,0.25,True,1.0,0.0,1.0,0.9125000000000001,0.125,0.4870756422557592,0.11784206679177908,0.28529566326516487,1.0,True,False
0.23212809351563968,0.5,False,0.0,1.0,0.875,0.8625,0.125,0.12163487294627683,0.04765900412735293,0.6243304363362685,1.0,True,False
0.39256009147530635,0.0,False,0.0,1.0,1.0,1.0,0.125,0.1767462746953011,0.0177704936455641,0.5581810698786924,1.0,False,False
0.2945668995348184,0.0,False,1.0,0.0,1.0,0.9500000000000002,0.125,0.2496645870043929,0.03687050608276621,0.5152799334757996,1.0,False,False
0.19806420122279356,0.0,False,0.0,1.0,0.875,0.925,0.125,0.4829970940461721,0.18875978537812932,0.30071519611747277,1.0,True,False
0.3214029310350325,0.5,False,1.0,0.0,1.0,0.9750000000000001,0.125,0.4168565569070074,0.01225430310351151,0.2688164595692517,1.0,False,False
0.1899767738192364,0.0,False,0.0,0.0,0.875,0.8500000000000001,0.125,0.23832460431498956,0.058923020589720945,0.5207379332000956,1.0,True,False
0.42567869131748937,0.5,False,0.0,0.0,1.0,1.0,0.25,0.3007536599136274,0.04516990853066756,0.3864819886349098,1.0,False,False
0.1717467783888943,0.0,False,1.0,0.0,1.0,0.9375,0.125,0.34890973632496397,0.1355182691128892,0.34719871566756133,1.0,True,False
0.5810784119957634,0.5,False,0.0,1.0,1.0,1.0,0.25,0.06621583663653069,0.04609022366096664,0.8470557304903878,1.0,False,False
0.3848830696254325,0.5,False,1.0,0.0,1.0,1.0,0.125,0.08530709260589046,0.007776385326056061,0.7365394838822921,1.0,True,False
0.2743863651066005,0.0,True,1.0,0.0,1.0,0.9875,0.125,0.222992503605786,0.011440624791783316,0.44766317974199943,1.0,True,False
0.39461227962118894,0.0,False,0.0,1.0,1.0,0.5,0.125,0.361616043487966,0.026575536856619095,0.34514883898095583,1.0,False,False
0.40305916685293164,0.0,False,0.0,1.0,1.0,1.0,0.125,0.07429551188160152,0.019829173735970654,0.7770203135421303,1.0,False,False
0.2816286450518882,0.0,False,0.0,1.0,0.875,0.9000000000000001,0.125,0.024566332643083635,0.005871744888193923,0.8557836759495117,1.0,True,False
0.22925017703069872,0.0,False,1.0,0.0,1.0,0.9625000000000001,0.125,0.33675594085936283,0.18321682512555706,0.33864417118211665,1.0,True,False
0.19831108880083492,0.0,False,0.0,0.0,1.0,1.0,0.125,0.3109121638859902,0.14749688904505132,0.39796330789672263,1.0,True,False
0.24395922323095953,0.0,False,0.0,1.0,0.875,0.8500000000000001,0.0,0.23189599487343462,0.027998980399798208,0.49357860833561396,1.0,False,False
0.34621584209361733,1.0,False,0.0,0.0,0.875,0.9125000000000001,0.375,0.3218980348196069,0.052227585714499404,0.3851879429759857,1.0,False,False
0.3055503140182553,0.5,False,0.0,1.0,0.875,0.875,0.0,0.28196906314416453,0.0511478130467017,0.4682794177316105,1.0,True,False
0.24547874464902375,0.0,True,1.0,0.0,1.0,1.0,0.125,0.4651517171069136,0.08515533484935155,0.2877410467173185,1.0,True,False
0.253249517103329,0.75,False,0.0,1.0,0.0,0.5,0.125,0.19636434673584596,0.012155166815399774,0.5331510106034678,1.0,True,False
0.4153836962227947,0.5,False,0.0,1.0,0.875,1.0,0.125,0.23654477108839098,0.008792177899336959,0.49448177890543055,1.0,False,False
0.28694762253085826,0.5,False,0.0,0.0,1.0,0.9125000000000001,0.125,0.6987731897482995,0.6456405089683888,0.124178238693617,1.0,False,False
0.2907981518703123,0.0,False,0.0,0.0,1.0,1.0,0.125,0.35018039304157245,0.03803078175949966,0.3713993664790798,1.0,True,False
0.37070996541347856,0.0,False,0.0,1.0,0.625,0.875,0.125,0.2555146724381034,0.03371739724593662,0.4643143943107111,1.0,False,False
0.2743863651066005,0.25,False,0.0,1.0,1.0,0.75,0.125,0.28290298012858067,0.13377085356397092,0.42663877321395205,1.0,False,False
0.1602036306527207,0.0,False,0.0,1.0,0.875,0.825,0.125,0.24712404787963846,0.04987651438759698,0.5469470613602003,1.0,True,False
0.15174828993494538,0.0,False,0.0,1.0,1.0,0.8625,0.125,0.3934261279081892,0.2956163991659044,0.31279121110769004,1.0,True,False
0.16885782018472062,0.0,False,0.0,1.0,0.75,0.75,0.125,0.3275504090459449,0.02066064409980011,0.38779563326000677,1.0,True,False
0.5335910516943371,1.0,False,0.0,1.0,1.0,0.875,0.25,0.024582469520866658,0.0134982355086727,0.8632900856024808,1.0,False,False
0.4802677779696244,0.0,False,0.0,0.0,0.625,0.875,0.125,0.16982753206614298,0.04631707155735526,0.5736347851683865,1.0,False,False
0.1894588591278764,0.0,True,1.0,0.0,1.0,1.0,0.125,0.32432964494172306,0.06376401231012765,0.3540649315128952,1.0,True,False
0.2239920000991058,0.0,False,0.0,0.0,1.0,1.0,0.125,0.17288746457782844,0.044821098030438614,0.5381066117961553,1.0,True,False
0.19381368873224358,0.5,False,0.0,1.0,0.625,0.6125,0.125,0.25618360944500096,0.036569252203224184,0.5090166308119872,1.0,True,False
0.3709898929749723,0.5,False,1.0,0.0,1.0,0.9500000000000002,0.25,0.2107939865899549,0.13210438335275657,0.5302290199223003,1.0,False,False
0.22925017703069872,0.0,False,1.0,0.0,1.0,0.9500000000000002,0.125,0.22858694368267582,0.06452653679011176,0.45186098936996166,1.0,True,False
0.2546918459552894,0.0,False,0.0,1.0,0.75,0.75,0.125,0.18879573643687056,0.036965487199300304,0.5485179085442005,1.0,True,False
0.21724774408458336,0.0,True,0.0,0.0,0.875,0.925,0.125,0.27195392025763454,0.054015526509646944,0.42735333829279365,1.0,True,False
0.28499056531145317,0.0,True,0.0,0.0,1.0,0.9875,0.125,0.20353622662427426,0.08515892077788935,0.48223642317942894,1.0,True,False
0.32698569969628044,0.0,False,0.0,0.0,1.0,1.0,0.125,0.4099025359856661,0.0365560616199966,0.30251408638285215,1.0,True,False
0.14015152032190292,0.5,False,1.0,0.0,0.75,0.75,0.125,0.5416148227299196,0.5614626162657685,0.19233073217846597,1.0,True,False
0.32028980254117856,0.0,False,0.0,1.0,1.0,0.875,0.0,0.19546948709448947,0.021997523573385396,0.5415674471690661,1.0,False,False
0.14253229716796056,0.0,False,0.0,1.0,0.75,0.7250000000000001,0.125,0.3687279210850848,0.13194922844869333,0.3568009735538966,1.0,True,False
0.19831108880083492,0.0,False,0.0,0.0,1.0,1.0,0.125,0.2959075772734306,0.017868125229880582,0.3659229498464527,1.0,True,False
0.41747668306967867,1.0,False,1.0,0.0,0.875,0.925,0.375,0.322721837615673,0.1583068022873923,0.3513954238504078,1.0,False,False
0.17117273715447934,0.0,False,0.0,1.0,0.875,0.8125,0.125,0.4044249205148688,0.012079612905409744,0.3191066257805051,1.0,True,False
0.38060746741076124,0.5,False,0.0,1.0,0.75,0.7625,0.125,0.2718208214853873,0.029230667705717344,0.45318724527165455,1.0,False,False
0.15366237894083623,0.0,True,0.0,0.0,1.0,0.9625000000000001,0.125,0.32229546403607795,0.15961255187916806,0.35188217409644906,1.0,True,False
0.17487123497386725,0.0,False,0.0,0.0,0.75,0.8125,0.125,0.42975191262628804,0.11992136254274055,0.30188907965249157,1.0,True,False
0.14219413557029703,0.0,False,0.0,1.0,0.875,0.8125,0.125,0.36092273926277507,0.08398382384007907,0.36160283272270854,1.0,True,False
0.22313604194574843,0.25,False,0.0,1.0,0.875,0.825,0.125,0.14533055318273616,0.016921105472008268,0.5986513402398725,1.0,True,False
0.24866516142767547,0.0,False,1.0,0.0,0.875,0.9000000000000001,0.125,0.29018863811283097,0.0769914777444393,0.3980974172827856,1.0,True,False
0.1514272581382603,0.0,False,0.0,0.0,0.0,0.25,0.125,0.33984201266729724,0.07089429444649996,0.3858071535313312,1.0,True,False
0.28054544643909585,0.0,False,0.0,1.0,0.75,1.0,0.0,0.44663682762353635,0.026755115397504175,0.2665563684853669,1.0,False,False
0.32506372420193796,0.0,True,0.0,0.0,1.0,0.9500000000000002,0.125,0.3401310513701308,0.14740811235632245,0.3289704591002207,1.0,False,False
0.25894979900733195,0.0,False,0.0,1.0,0.875,0.7250000000000001,0.125,0.34189508477835967,0.03990168143699205,0.36606861114606515,1.0,False,False
0.12365765771466408,0.0,False,1.0,0.0,1.0,1.0,0.125,0.7305718337362638,0.5438779473967662,0.11530271821799265,1.0,True,False
0.2022152776035211,0.0,False,1.0,0.0,0.875,0.9125000000000001,0.125,0.31099923604980356,0.025110894502427518,0.3500803460383588,1.0,True,False
0.29442341813256856,0.5,False,0.0,1.0,1.0,1.0,0.125,0.17989035763478978,0.05777955744965198,0.5231196338789743,1.0,False,False
0.4344335683667834,1.0,False,0.0,1.0,0.75,0.75,0.25,0.1867323097543561,0.09192935789346285,0.5000954466677245,1.0,False,False
0.3344719589977777,0.5,False,0.0,0.0,1.0,0.875,0.25,0.38369606550639357,0.054657174483573885,0.29679385632960753,1.0,False,False
0.4014958862774084,1.0,False,0.0,1.0,0.75,0.75,0.25,0.786850590959599,0.4833691223244,0.08903881273368852,1.0,False,False
0.3734895660834897,0.0,False,0.0,0.0,1.0,1.0,0.125,0.2972737785708282,0.05663330247473771,0.39096073931517705,1.0,False,False
0.5801054882417708,1.0,False,0.0,1.0,1.0,0.9500000000000002,0.375,0.06035349761631969,0.0320166816207008,0.828451306159971,1.0,False,False
0.2939922765215156,0.0,False,0.0,1.0,0.75,0.8500000000000001,0.125,0.10336698607514573,0.020111896279207408,0.6972395926529398,1.0,True,False
0.3332075278298613,0.5,False,0.0,1.0,0.625,0.5875,0.125,0.23338009074682478,0.12544595370901238,0.4507258304051702,1.0,False,False
0.1331678261903072,0.0,False,1.0,0.0,0.75,0.8875,0.125,0.33723610298546863,0.021573277923334976,0.39615910355241324,1.0,True,False
0.3918983469302467,0.5,False,0.0,1.0,1.0,1.0,0.25,0.21167223715307934,0.08448554459687795,0.47587464011593816,1.0,False,False
0.45369466376713896,1.0,False,0.0,0.0,1.0,1.0,0.375,0.2632182524321461,0.026253153611954003,0.4675980395001027,1.0,False,False
0.2775715632042868,0.0,False,1.0,0.0,0.875,0.925,0.125,0.24956384223697595,0.13599498434442692,0.420234095038011,1.0,True,False
0.06807325516926865,0.0,False,1.0,0.0,1.0,1.0,0.125,0.5374331414483526,0.07804547247775931,0.18122164237652783,1.0,True,False
0.1626334546350061,0.0,False,0.0,0.0,1.0,1.0,0.0,0.4086968561580436,0.10428885306730519,0.27894180394092327,1.0,False,False
0.22313604194574843,0.0,False,0.0,0.0,0.875,0.9000000000000001,0.125,0.4566007231042023,0.48084322427292886,0.2507131420472075,1.0,True,False
0.2499607643133207,0.0,False,0.0,0.0,1.0,1.0,0.125,0.5137198844459945,0.0284738873884924,0.20038225663655962,1.0,True,False
0.43200427200122926,0.75,True,0.0,0.0,0.875,0.9750000000000001,0.25,0.18084277023213613,0.013328632888416967,0.5161373334578536,1.0,False,False
0.2719593761040271,0.0,True,0.0,0.0,1.0,0.9875,0.125,0.35410078911714543,0.33133647726265225,0.3337932210266972,1.0,False,False
0.3780276145630673,0.0,False,0.0,1.0,0.375,0.375,0.125,0.1427208683845376,0.025643511256221482,0.6301026869002961,1.0,False,False
0.10337829747507654,0.0,False,0.0,0.0,1.0,1.0,0.125,0.3438387164477665,0.06319964252767532,0.33206959805315783,1.0,True,False
0.13493968528381228,0.0,False,1.0,0.0,0.875,0.8875,0.125,0.4430371645013584,0.106694542288969,0.29639034605468395,1.0,True,False
0.35356583408391373,0.0,False,0.0,0.0,1.0,0.9500000000000002,0.125,0.21515802001235756,0.05579241042810781,0.4875109622224423,1.0,False,False
0.17738731210750946,0.0,False,0.0,1.0,0.75,0.7625,0.125,0.3780494653693401,0.039046704050069915,0.32807631149402217,1.0,True,False
0.20508806235318777,0.0,False,1.0,0.0,1.0,1.0,0.125,0.20609718772578747,0.11031680062451003,0.5584065120721242,1.0,True,False
0.25576595090664944,0.0,False,1.0,0.0,1.0,1.0,0.125,0.1935971858722258,0.13518805120196115,0.49362927060338846,1.0,True,False
0.2905049056005683,0.5,True,0.0,1.0,1.0,0.9750000000000001,0.125,0.2037650764924563,0.05094135461862186,0.5141075070683077,1.0,True,False
0.29499664896384303,0.25,False,0.0,0.0,1.0,0.75,0.0,0.5314629497988109,0.4669499206047373,0.2272048343003239,1.0,False,False
0.42900418768596593,0.5,False,1.0,0.0,0.875,1.0,0.25,0.2161257285566689,0.04428466051970846,0.5199420815805076,1.0,False,False
0.3460013029308767,0.25,False,0.0,1.0,0.75,1.0,0.125,0.07396782391490883,0.023227616206303363,0.7190829398574166,1.0,True,False
0.1841948354016394,0.5,False,0.0,0.0,1.0,1.0,0.125,0.8610505572275894,0.44749060787706807,0.05324112921287916,1.0,False,True
0.2976944898699704,0.0,False,1.0,0.0,1.0,0.9500000000000002,0.125,0.2547827390058033,0.021206067291605842,0.5032084706439885,1.0,False,False
0.17487123497386725,0.0,True,0.0,0.0,1.0,0.9375,0.125,0.2744132945131382,0.052003190466521666,0.3893908503644403,1.0,True,False
0.1331678261903072,0.0,False,1.0,0.0,0.875,0.75,0.125,0.43983056892460093,0.2662589101917217,0.2458737702242102,1.0,True,False
0.5059211688211706,0.75,False,0.0,1.0,0.75,0.875,0.25,0.3152740037738813,0.018823507546604567,0.39953408432507165,1.0,False,False
0.1514272581382603,0.0,False,0.0,1.0,0.875,0.9000000000000001,0.125,0.4458393993541586,0.3142695770720539,0.25613722090948454,1.0,True,False
0.2235645371255457,0.0,False,1.0,0.0,1.0,1.0,0.125,0.3633067268298125,0.06632567848070015,0.35247115244380933,1.0,True,False
0.1717467783888943,0.0,True,1.0,0.0,1.0,0.9625000000000001,0.125,0.22057489081854606,0.015077013644677046,0.4508180102349033,1.0,True,False
0.23455826676495228,0.0,False,0.0,0.0,1.0,1.0,0.125,0.37228315225646424,0.2312823429012629,0.3041731659597473,1.0,True,False
0.33297666012078986,0.5,True,0.0,0.0,0.875,0.9875,0.125,0.248048706345557,0.11153550617336737,0.44490586513356534,1.0,False,False
0.14320669321579982,0.0,False,0.0,1.0,0.75,0.675,0.125,0.3549722083731376,0.0449986584958155,0.3642403502180931,1.0,True,False
0.38574312570753444,0.0,False,0.0,0.0,0.25,0.5,0.125,0.4642613329383749,0.28887172330792177,0.242862256269196,1.0,True,False
0.39330161621109505,1.0,False,1.0,0.0,0.875,0.8500000000000001,0.25,0.3425205403298413,0.025015601869322234,0.3663886704171029,1.0,False,False
0.4833137896800944,1.0,True,1.0,0.0,1.0,1.0,0.375,0.2279582089723777,0.07913641324855676,0.46074841377027376,1.0,False,False
0.1844617784831757,0.0,False,0.0,0.0,1.0,1.0,0.125,0.24014094595427715,0.19115030813414854,0.4381630250802353,1.0,True,False
0.443645609332345,0.0,False,0.0,1.0,1.0,0.9625000000000001,0.125,0.020688574807868065,0.010716817513089495,0.8672538976771742,1.0,False,False
0.25859884600537375,0.0,True,1.0,0.0,0.875,0.925,0.125,0.21893841186839208,0.07853399415051077,0.5211354699645094,1.0,True,False
0.30689337157048124,0.0,False,0.0,0.0,1.0,1.0,0.125,0.29469679862400355,0.07697647553969829,0.36890269317222524,1.0,True,False
0.5257373736719121,0.5,False,0.0,0.0,0.625,0.6375000000000001,0.125,0.20835540328156554,0.07777572468287258,0.4810168838378637,1.0,False,False
0.3571297319718202,0.5,False,0.0,1.0,0.875,0.875,0.125,0.315143681385161,0.04151394735711837,0.40614017690901316,1.0,False,False
0.16413537063823236,0.0,False,0.0,1.0,0.75,0.7750000000000001,0.125,0.4842717177808262,0.08494582229234277,0.2906408248782453,1.0,True,False
0.28285854363842466,0.0,False,0.0,1.0,0.75,0.5,0.0,0.18774491858575107,0.04370511865650849,0.6133539468868667,1.0,False,False
0.40383567280546073,0.5,False,1.0,0.0,1.0,0.9125000000000001,0.125,0.22679075271456292,0.0930993153182693,0.47212989023082397,1.0,False,False
0.16081421295707443,0.0,False,0.0,0.0,1.0,0.6625000000000001,0.125,0.8200535925549863,0.5671513610311966,0.07297764826028352,1.0,True,False
0.2993774959246073,0.0,False,0.0,0.0,0.875,0.9000000000000001,0.125,0.2744196347860494,0.09451400521044093,0.4399519903647242,1.0,False,False
0.18177410307526243,0.0,False,0.0,1.0,0.875,0.75,0.125,0.5263794500458105,0.03731100259600429,0.18820477728937401,1.0,True,False
0.40070905098898113,0.5,False,0.0,1.0,0.875,0.8500000000000001,0.125,0.06469651444321746,0.023597210651500975,0.7259590516886143,1.0,False,False
0.2397121763990986,0.25,False,0.0,1.0,0.875,0.8375000000000001,0.125,0.13542547400111277,0.011800118412343073,0.610601468186359,1.0,True,False
0.28285854363842466,0.0,False,0.0,1.0,1.0,1.0,0.0,0.18346853900503524,0.05118348838375292,0.611771063348745,1.0,False,False
0.19482300767235994,0.0,False,0.0,0.0,1.0,0.9625000000000001,0.125,0.39484763503267506,0.22581389942838548,0.28971375654965437,1.0,True,False
0.1255265552107213,0.0,False,0.0,0.0,0.625,0.625,0.125,0.30608562437036874,0.018452896437262778,0.35496020817831475,1.0,True,False
0.22076064262299389,0.0,False,1.0,0.0,0.75,0.8500000000000001,0.125,0.29812637873420167,0.030091676187199514,0.3917032102027609,1.0,True,False
0.24049196569802778,0.0,True,0.0,1.0,1.0,0.9625000000000001,0.125,0.3551578039296691,0.11988407036445475,0.3112240550170722,1.0,True,False
0.2235645371255457,0.0,False,0.0,1.0,0.75,0.625,0.0,0.2763001353033995,0.12429419436227235,0.436007373313845,1.0,False,False
0.11985975639295432,0.0,False,0.0,0.0,0.625,0.875,0.125,0.277103035257705,0.09632010155409425,0.3881543060791057,1.0,True,False
0.5400721547296016,1.0,False,0.0,1.0,0.75,0.8500000000000001,0.25,0.16457484224504976,0.058385182682955096,0.6684394761563826,1.0,False,False
0.22800235125920598,0.0,False,1.0,0.0,1.0,0.9125000000000001,0.125,0.3580095952487778,0.020486836186458884,0.35229311387029627,1.0,True,False
0.14320669321579982,0.0,False,0.0,1.0,0.875,0.8125,0.125,0.3207821988128828,0.02758533949059067,0.39500054538372287,1.0,True,False
0.37247542754863716,0.25,False,1.0,0.0,1.0,0.8875,0.125,0.8466878562555631,0.6760033281329858,0.061020199081485815,1.0,True,False
0.27470747007027463,0.0,False,0.0,0.0,1.0,0.9875,0.125,0.23598912768936958,0.04497954433519011,0.44100699145082367,1.0,True,False
0.46963025558181515,0.0,False,0.0,1.0,0.875,0.8500000000000001,0.125,0.03817266409617618,0.030532379197420068,0.8454688822409815,1.0,False,False
0.13352361620659736,0.0,False,0.0,0.0,0.875,0.9125000000000001,0.125,0.29731417923443937,0.043076375889718355,0.41478048639297005,1.0,True,False
0.41509306129386425,0.25,True,0.0,0.0,0.875,0.925,0.125,0.11951940578528383,0.04561531710948996,0.6767954618471306,1.0,False,False
0.3886365237828887,1.0,False,0.0,0.0,0.875,0.8625,0.25,0.12590775001919272,0.07141463863565578,0.6195589027853057,1.0,False,False
0.20931187557619513,0.0,True,1.0,0.0,1.0,1.0,0.125,0.4697688880759279,0.14786657368736736,0.258201430162434,1.0,True,False
0.23912507738431443,0.0,False,0.0,1.0,0.875,0.8,0.125,0.5476621968369773,0.03532321714307582,0.17546327359524838,1.0,True,False
0.35783400213631433,0.5,True,0.0,1.0,1.0,0.925,0.125,0.18572215818865695,0.09054428392589554,0.5122566396363932,1.0,False,False
0.30595429969375776,0.0,False,0.0,1.0,0.875,0.9125000000000001,0.125,0.2798375031991915,0.07467719013227782,0.4775168908218006,1.0,True,False
0.22925017703069872,0.5,False,0.0,1.0,0.875,0.875,0.125,0.11130751520732567,0.03800102592359557,0.6679735613536901,1.0,True,False
0.18068753024402562,0.0,False,0.0,0.0,1.0,0.9875,0.125,0.403087561602925,0.2732556776382562,0.2924606381888646,1.0,True,False
0.3478166710323848,0.5,False,0.0,1.0,1.0,1.0,0.0,0.14177410788335704,0.04474777067133944,0.5865418487004381,1.0,False,False
0.311776128813647,0.5,False,0.0,0.0,1.0,1.0,0.125,0.31755800674743484,0.040884669184045305,0.3721703490655561,1.0,False,False
0.39321937742805646,0.25,False,0.0,0.0,0.75,0.75,0.25,0.4492509535485467,0.2873660489405687,0.25518909988909466,1.0,False,False
0.4290714102493064,0.5,False,0.0,1.0,1.0,0.925,0.25,0.21873418299081943,0.044059006854768636,0.502142275727512,1.0,False,False
0.3512884715207659,0.0,False,0.0,1.0,1.0,1.0,0.125,0.25716146671820467,0.03219039427777975,0.4512640452282175,1.0,False,False
0.2357609858994052,0.0,False,0.0,0.0,0.75,0.8375000000000001,0.125,0.09073818113703216,0.03409279190358655,0.6994615546667133,1.0,True,False
0.4715450672075653,0.5,True,1.0,0.0,0.75,1.0,0.25,0.15799021644696754,0.033967577021787376,0.5508702049757648,1.0,False,False
0.40827360725412476,0.5,True,1.0,0.0,1.0,1.0,0.125,0.299268428324625,0.09353753938616392,0.4438892648188648,1.0,False,False
0.22862736097375158,0.75,False,0.0,0.0,1.0,0.9375,0.25,0.3318935666953289,0.1126400473499074,0.3431879223872272,1.0,True,False
0.2475470656322637,0.5,False,0.0,1.0,0.875,0.75,0.125,0.21218437742739585,0.02063849201979246,0.5437146060201152,1.0,True,False
0.28739620234356344,0.0,True,0.0,0.0,1.0,0.9375,0.125,0.21311904284951833,0.07797533208107459,0.4918010493160161,1.0,False,False
0.6536339167383524,0.5,False,1.0,0.0,1.0,0.9750000000000001,0.25,0.10483859844771642,0.04385649822047975,0.6829923870027552,1.0,False,False
0.36655280410285973,0.5,False,0.0,0.0,0.875,0.825,0.0,0.2678932199269788,0.052897369430801394,0.4801596312405334,1.0,False,False
0.24585660058783687,0.0,False,0.0,1.0,0.75,0.875,0.125,0.16509657737405972,0.052047144702867906,0.5568771089186986,1.0,True,False
0.2118444582293666,0.0,False,0.0,1.0,1.0,0.9125000000000001,0.125,0.3999202966503138,0.07056974133559683,0.30764250119687886,1.0,True,False
0.14851153312476129,0.0,False,0.0,0.0,0.875,0.8375000000000001,0.125,0.3368489986861299,0.014582034538254953,0.3921712431335078,1.0,True,False
0.2347592869000048,0.0,False,1.0,0.0,1.0,1.0,0.125,0.47162703541507844,0.32512261510584123,0.22377942651460092,1.0,True,False
0.39912483569797386,0.5,False,1.0,0.0,1.0,0.5,0.125,0.1846292755305454,0.046369945119866196,0.6184677195716088,1.0,False,False
0.21501633507485973,0.0,False,0.0,1.0,0.75,0.7625,0.125,0.24560516084266054,0.041680298032713586,0.5052053391835085,1.0,True,False
0.18867914175461908,0.0,False,0.0,0.0,1.0,0.9750000000000001,0.125,0.3398973595293012,0.03371534443630584,0.3610768271627349,1.0,True,False
0.2854441134176109,0.0,False,1.0,0.0,0.875,0.875,0.125,0.2901881937561691,0.07699008980924939,0.3980979102049076,1.0,True,False
0.19831108880083492,0.0,True,0.0,0.0,1.0,0.9875,0.125,0.5723102147089318,0.24846020227732885,0.24236986620598988,1.0,True,False
0.281474306626037,0.5,False,0.0,0.0,1.0,1.0,0.125,0.3900504523735616,0.21524644081716957,0.30709664802978964,1.0,False,False
0.19756939318629507,0.5,False,0.0,1.0,0.875,0.8,0.125,0.42031878295929703,0.03852363503489529,0.29039485314083713,1.0,True,False
0.27835900886278775,0.25,False,1.0,0.0,0.875,0.9000000000000001,0.125,0.06682748009216369,0.003540406250080726,0.7245800358150198,1.0,True,False
0.1331678261903072,0.0,False,0.0,0.0,1.0,0.9375,0.125,0.3172123438775016,0.27914612845733056,0.35837137082040216,1.0,True,False
0.2772556039184656,0.5,False,0.0,0.0,0.875,0.9125000000000001,0.125,0.2797768825764311,0.11608690771246667,0.38660614535970694,1.0,False,False
0.2945668995348184,0.0,True,1.0,0.0,1.0,0.9625000000000001,0.125,0.12427326709863194,0.051139027353508976,0.6311060304069138,1.0,True,False
0.39264263629844576,0.75,False,1.0,0.0,1.0,0.9000000000000001,0.125,0.18540294967224083,0.03403515169415946,0.6862096337002566,1.0,False,False
0.44352174525297106,0.75,False,1.0,0.0,0.875,0.875,0.25,0.294971248044333,0.12684836783979417,0.45562494351950766,1.0,False,False
0.28054544643909585,0.0,False,0.0,1.0,0.875,0.625,0.0,0.4490345890563479,0.025535916389032125,0.26439917989257977,1.0,False,False
0.22335041887289453,0.0,False,1.0,0.0,0.875,0.875,0.125,0.3505368735410816,0.09958161215880894,0.3181178829412348,1.0,True,False
0.15206874199191067,0.0,False,1.0,0.0,1.0,0.9000000000000001,0.125,0.37393269727500056,0.05359447995964746,0.3374307174991955,1.0,True,False
0.19254391297671025,0.0,False,0.0,0.0,1.0,1.0,0.125,0.5066182343364528,0.03969124697696103,0.2048175582998628,1.0,True,False
0.21069776311509292,0.0,False,1.0,0.0,1.0,1.0,0.125,0.36703717916260786,0.09331820861793808,0.3218357256826674,1.0,True,False
0.47495088554955733,1.0,True,1.0,0.0,0.875,0.9125000000000001,0.375,0.2250501035995135,0.08552390025840582,0.46522709489645186,1.0,False,False
0.3517047172813942,0.0,False,0.0,0.0,1.0,1.0,0.125,0.21555127112860206,0.05839280299434098,0.4862707550205283,1.0,False,False
0.2989582385018158,0.25,False,1.0,0.0,0.875,0.8,0.125,0.43086605650596954,0.10399588697150468,0.2990420677414687,1.0,False,False
0.2906515893109086,0.0,False,1.0,0.0,1.0,1.0,0.125,0.16346007861296863,0.04257813907805215,0.564852244953443,1.0,False,False
0.35294762811768343,0.5,False,1.0,0.0,1.0,1.0,0.125,0.2859842361901526,0.06665966355879747,0.4110846612539385,1.0,False,False
0.29123711464002977,0.0,True,0.0,0.0,1.0,0.9375,0.125,0.38845659067822974,0.08324700843508895,0.3169139775638836,1.0,True,False
0.27898645911348063,0.0,True,0.0,0.0,0.75,0.925,0.125,0.4638594006882414,0.15918027676828003,0.25951811133260594,1.0,False,False
0.44955154077707105,0.0,False,0.0,1.0,1.0,1.0,0.125,0.09814630482219669,0.03923383350283891,0.6774163888469422,1.0,False,False
0.4803684806985872,0.0,False,0.0,0.0,1.0,1.0,0.125,0.3166053744230246,0.030340317151151295,0.4003518214762498,1.0,False,False
0.19482300767235994,0.0,False,0.0,1.0,1.0,0.9375,0.125,0.3585012032486544,0.020233408796132186,0.3211929727367502,1.0,True,False
0.2654893233050304,0.25,False,0.0,1.0,0.75,0.675,0.0,0.21446537855199937,0.043535858249677685,0.5164566465575751,1.0,False,False
0.4279251488666943,0.5,False,0.0,1.0,1.0,1.0,0.25,0.22250947959292272,0.008219623691778756,0.5930434589019749,1.0,False,False
0.4281279690720977,0.25,False,0.0,1.0,0.75,0.5,0.125,0.18837890797125853,0.039503662323219134,0.6213364140596505,1.0,False,False
0.19254391297671025,0.0,False,0.0,0.0,1.0,1.0,0.125,0.2516420778626226,0.113976390376697,0.47452302257602574,1.0,True,False
0.16081421295707443,0.0,False,1.0,0.0,0.875,0.8,0.125,0.34669859943247616,0.03540756503375117,0.3735296141871134,1.0,True,False
0.4153836962227947,1.0,False,0.0,1.0,0.75,0.7375,0.375,0.20497127153518863,0.025420915368324144,0.5279097172173977,1.0,False,False
0.2863477466931945,0.0,True,0.0,0.0,1.0,1.0,0.125,0.3485983120881588,0.04177179370061784,0.3584505904367805,1.0,True,False
0.20861485165257365,0.75,False,0.0,1.0,0.5,0.5875,0.125,0.47621704435957146,0.10209637268669017,0.28906990988306114,1.0,True,False
0.3829761440111664,0.75,False,1.0,0.0,0.875,0.875,0.125,0.21562665660393954,0.03309834482502658,0.5088016090306571,1.0,False,False
0.23028337060200865,0.25,False,1.0,0.0,0.5,0.625,0.125,0.3521650211956978,0.28123260661859245,0.34238937245116796,1.0,False,True
0.14219413557029703,0.0,False,0.0,1.0,0.75,0.7875000000000001,0.125,0.3576054098657706,0.061659953256957,0.3632486370277428,1.0,True,False
0.36219796706595864,0.0,False,0.0,0.0,1.0,0.9750000000000001,0.125,0.28863478059516484,0.1993313356709933,0.39221181755708834,1.0,False,False
0.20365748341934764,0.0,False,0.0,0.0,1.0,0.8875,0.125,0.3808957828109097,0.03783234344064554,0.31342645982904704,1.0,True,False
0.1768312588239036,0.0,False,1.0,0.0,0.75,0.8125,0.125,0.24583892639624683,0.028113773956254588,0.5321261395585859,1.0,True,False
0.36817054530228777,1.0,False,0.0,0.0,0.875,0.8375000000000001,0.25,0.27909220653936434,0.08194256819536366,0.394050786095834,1.0,False,False
0.4830164898525896,1.0,False,0.0,1.0,0.875,0.875,0.125,0.17980023072893042,0.03096979468182819,0.5562099237720282,1.0,False,False
0.3051454065277114,0.0,False,0.0,1.0,1.0,0.75,0.0,0.20176403900949014,0.01839490319003958,0.5376234717551442,1.0,False,False
0.3921467904147661,0.25,False,1.0,0.0,1.0,0.75,0.125,0.2984789544864488,0.08702265190645347,0.38759602576979546,1.0,False,False
0.3247010247246819,0.0,False,1.0,0.0,1.0,0.875,0.0,0.07871259223327645,0.045311408427866656,0.7139069836844545,1.0,False,False
0.1839274901469682,0.0,False,1.0,0.0,0.875,0.9750000000000001,0.125,0.2214521971135432,0.030073816630376105,0.4941185949685072,1.0,True,False
0.2651510805228984,0.0,False,1.0,0.0,0.75,0.75,1.0,0.7015903134719449,0.6845394088735941,0.12068109702932195,1.0,True,False
0.39639877960853875,0.75,False,0.0,1.0,1.0,0.0,0.25,0.34137676691235,0.03923306908568283,0.36062424174877683,1.0,False,False
0.3040611144106736,0.0,False,0.0,1.0,0.875,1.0,0.125,0.16691535226926713,0.00685837117626706,0.5583805773936164,1.0,True,False
0.601819706411712,0.5,False,0.0,0.0,1.0,0.9625000000000001,0.25,0.08684175376074606,0.04605543955155748,0.6777878055478803,1.0,False,False
0.19126498563031902,0.0,False,0.0,1.0,1.0,1.0,0.125,0.48108170101655523,0.11679178411627876,0.26968896289982847,1.0,True,False
0.27741365388383177,0.0,False,0.0,1.0,0.75,0.8125,0.125,0.2375533701688949,0.07621693667856516,0.5330829695479116,1.0,True,False
0.2235645371255457,0.0,False,0.0,0.0,1.0,1.0,0.125,0.32707423644133626,0.03343992200546374,0.38709416669341046,1.0,True,False
0.24604522726389022,0.5,False,0.0,0.0,1.0,0.925,0.125,0.3944103652007176,0.05539613157077059,0.3146659857435017,1.0,True,False
0.4087264323643741,0.5,False,0.0,1.0,1.0,1.0,0.125,0.09740299641759148,0.017147274957100066,0.6695215101472289,1.0,False,False
0.17904509321601503,0.0,False,1.0,0.0,0.875,0.9375,0.125,0.42522767115337656,0.053947641929020775,0.28577091480421135,1.0,True,False
0.16885782018472062,0.0,False,0.0,0.0,1.0,0.9375,0.125,0.5706848097406053,0.6319616686336292,0.1856290158771705,1.0,True,False
0.30595429969375776,0.5,False,1.0,0.0,1.0,1.0,0.125,0.4587861134630153,0.06925190957393976,0.24842233066497443,1.0,True,False
0.4652448555141365,1.0,False,0.0,0.0,1.0,0.9750000000000001,0.25,0.2854793519861913,0.012517160667217885,0.4465258649481638,1.0,False,False
0.21702586163541515,0.0,False,1.0,0.0,0.0,0.0,0.125,0.20761046870025326,0.11148625094288114,0.48993096104297673,1.0,True,False
0.13912132738650163,0.0,False,1.0,0.0,1.0,1.0,0.125,0.3778365134440275,0.03951749291199598,0.3353540322547226,1.0,True,False
0.37766881102012706,0.0,False,0.0,0.0,1.0,0.9375,0.25,0.20791880870528853,0.023688092443146132,0.5218562135712845,1.0,False,False
0.21069776311509292,0.0,False,1.0,0.0,1.0,0.9500000000000002,0.125,0.35070722837056745,0.05830331263259115,0.35034938531261206,1.0,True,False
0.16383600267455933,0.0,True,1.0,0.0,1.0,0.9375,0.125,0.3320675713058022,0.06931320763569308,0.33268935254296217,1.0,True,False
0.32722448951913174,0.0,False,1.0,0.0,1.0,0.9625000000000001,0.125,0.15460375874087365,0.03730597098298098,0.5659073927768872,1.0,True,False
0.2402973393912795,0.0,False,0.0,1.0,0.875,0.875,0.125,0.21488004541265115,0.03367611341034355,0.5787799118020953,1.0,True,False
0.26650020038237876,0.0,True,1.0,0.0,1.0,0.8875,0.125,0.2406027246521431,0.03857768908561803,0.47723927116569476,1.0,True,False
0.15206874199191067,0.0,True,0.0,0.0,1.0,0.9750000000000001,0.125,0.5637598925129373,0.17194429224167165,0.23696282279320968,1.0,True,False
0.3242162693419982,0.0,False,0.0,0.0,0.875,0.825,0.125,0.27264499967761735,0.03386961307641152,0.4655860027779126,1.0,False,False
0.513347597423602,1.0,False,0.0,1.0,1.0,1.0,0.25,0.2397073166827592,0.033902957866134974,0.4815720313837908,1.0,False,False
0.250145080649786,0.0,False,1.0,0.0,0.875,0.8375000000000001,0.125,0.10805069274591601,0.06338024652811218,0.6703194945750464,1.0,True,False
0.1647325956691652,0.0,False,0.0,1.0,0.875,0.8625,0.125,0.405898175435391,0.030781080012319672,0.317771530445915,1.0,True,False
0.19806420122279356,0.0,False,1.0,0.0,0.875,0.9625000000000001,0.125,0.2881856384465987,0.187938207958973,0.3961167895548998,1.0,True,False
0.4887258550682577,0.0,False,0.0,0.0,1.0,0.9625000000000001,0.125,0.2847223852662438,0.067244913654171,0.4482136023561514,1.0,False,False
0.20317804933718453,0.0,False,0.0,0.0,1.0,1.0,0.125,0.5795768459801434,0.22537190415248892,0.22744231867127707,1.0,True,False
0.1533447944555858,0.0,False,1.0,0.0,1.0,0.8500000000000001,0.125,0.42322857474725323,0.25889871564704886,0.27977406019267015,1.0,True,False
0.14587893575264788,0.5,False,0.0,1.0,0.625,0.7625,0.125,0.3459802487425922,0.044421409360128436,0.37557459802924753,1.0,True,False
0.14253229716796056,0.0,False,0.0,1.0,0.75,0.7750000000000001,0.125,0.2977088940989851,0.026551969072251363,0.4184125963474954,1.0,True,False
0.19330686823577015,0.5,False,0.0,1.0,0.875,0.8625,0.125,0.35984385599612173,0.07626603371054223,0.36215192886863457,1.0,True,False
0.4895881404474899,0.5,False,0.0,1.0,1.0,1.0,0.125,0.1933262601220056,0.0021399268294220682,0.5317806267497234,1.0,False,False
0.215688708956697,0.0,False,0.0,0.0,0.875,0.9625000000000001,0.125,0.4373229121080533,0.08677843138302149,0.25640624973847426,1.0,True,False
0.2631079715875674,0.0,False,0.0,0.0,1.0,1.0,0.125,0.5674100932414335,0.05161933336436712,0.1641537466011629,1.0,False,False
0.26481219177777016,0.0,False,1.0,0.0,0.875,0.9125000000000001,0.125,0.24517736225698816,0.02118647115413509,0.4662585223948905,1.0,True,False
0.2918207142944239,0.5,False,0.0,1.0,1.0,0.8875,0.0,0.42754064326217456,0.08211328994926377,0.3142576015577585,1.0,False,False
0.22227593494282483,0.0,False,0.0,1.0,1.0,0.875,0.125,0.1296713601841057,0.017683091058854048,0.6145845715699751,1.0,True,False
0.264642504397139,0.0,False,0.0,1.0,0.75,0.875,0.125,0.332255207583474,0.018559988359723455,0.3890495046962723,1.0,False,False
0.26833864985313904,0.0,False,1.0,0.0,1.0,0.7750000000000001,0.125,0.1345183208003826,0.008332847798823142,0.6168632965950422,1.0,True,False
0.43631463218578326,0.0,False,0.0,1.0,0.875,0.8375000000000001,0.125,0.06647665027549186,0.024134140797908578,0.7954742019277852,1.0,False,False
0.20365748341934764,0.25,False,1.0,0.0,0.75,0.75,0.125,0.3533926437920499,0.09271379214248317,0.3671976219560309,1.0,True,False
0.29123711464002977,0.0,False,0.0,1.0,0.75,0.75,0.125,0.05280951022634687,0.017051385154591224,0.8140666796855704,1.0,True,False
0.4406487444053221,0.0,False,0.0,1.0,1.0,1.0,0.0,0.268325021787785,0.037887156270906,0.4556668486841169,1.0,False,False
0.1857905033904771,0.0,False,1.0,0.0,0.875,0.9125000000000001,0.125,0.8473316073921912,0.6082058539271389,0.06055242475238809,1.0,True,False
0.08427205109778324,0.0,False,0.0,1.0,0.75,0.7250000000000001,0.125,0.3370421438110087,0.026279671420581366,0.3786442352756889,1.0,True,False
0.3050102317884785,0.5,False,1.0,0.0,0.75,0.75,0.125,0.16588066965626563,0.04263422524190629,0.5380912765448276,1.0,False,False
0.47583095836504696,1.0,False,0.0,1.0,0.875,0.8875,0.25,0.2547224338658146,0.031733975177856914,0.5099225938792777,1.0,False,False
0.21988891610179528,0.0,False,0.0,1.0,0.75,0.7750000000000001,0.125,0.3224303962743681,0.060995442223774156,0.34056780824566224,1.0,True,False
0.13387869428911825,0.0,False,1.0,0.0,1.0,0.9625000000000001,0.125,0.5324698538438264,0.5831008363271137,0.20694352114189796,1.0,True,False
0.08935891432104215,0.0,False,0.0,0.0,1.0,0.9625000000000001,0.125,0.5819841980580455,0.6049403832055434,0.1665109336341577,1.0,True,False
0.2428109818112687,0.0,False,0.0,0.0,1.0,1.0,0.125,0.30830955927750525,0.041197578388337965,0.3746953377286475,1.0,True,False
0.3460013029308767,0.5,False,0.0,0.0,0.625,0.6625000000000001,0.125,0.3333200852529003,0.014887073141537683,0.3499621921580751,1.0,False,False
0.38060746741076124,0.5,False,0.0,1.0,1.0,0.8875,0.125,0.04745873212315306,0.03985725163059345,0.7649560220983975,1.0,False,False
0.2813198338470281,0.0,False,0.0,0.0,1.0,1.0,0.0,0.2734048784242731,0.023301119771945624,0.47292772543225503,1.0,False,False
0.23536098458677301,0.0,False,0.0,1.0,1.0,0.75,0.125,0.16059726969294313,0.054219485320961346,0.5647674913746104,1.0,True,False
0.4383036157583021,0.0,False,1.0,0.0,1.0,1.0,0.125,0.015637114323650742,0.002139880777484546,0.9302274820448191,1.0,False,False
0.26017269716418734,0.0,True,1.0,0.0,1.0,0.9750000000000001,0.125,0.2905742682529928,0.06993927995458622,0.4032692418666639,1.0,True,False
0.47380544994572504,1.0,False,0.0,1.0,1.0,0.9125000000000001,0.25,0.1783020858140336,0.022044059222790062,0.5536933379981523,1.0,False,False
0.27630433649348274,0.0,False,0.0,1.0,0.875,0.9375,0.0,0.1396328385680973,0.035128438473870614,0.6264574659475675,1.0,True,False
0.2743863651066005,0.0,False,0.0,1.0,0.75,0.75,0.125,0.39688052741641167,0.10107533025479967,0.3275191416437677,1.0,True,False
0.21835301372560456,0.0,False,0.0,1.0,0.875,0.8625,0.125,0.16871300163215763,0.06563040377419072,0.5866670556247213,1.0,True,False
0.26532028250539186,0.5,True,1.0,0.0,1.0,0.9625000000000001,0.125,0.5720483593402393,0.12295877293208769,0.22495671225949576,1.0,True,False
0.13912132738650163,0.0,False,0.0,1.0,1.0,1.0,0.125,0.3150679111981385,0.04348360785272587,0.4052795075103568,1.0,True,False
0.30595429969375776,0.0,False,1.0,0.0,1.0,0.9125000000000001,0.125,0.4732022700796467,0.35344349356639565,0.2841051186627701,1.0,False,False
0.25947493050157944,0.0,False,1.0,0.0,1.0,1.0,0.125,0.10059904030385168,0.062125861564276005,0.6645626313035287,1.0,True,False
0.21923229936250388,0.0,False,0.0,1.0,0.875,0.8625,0.125,0.24360332329781675,0.053553650353297746,0.5210864548421992,1.0,True,False
0.3332075278298613,0.0,True,1.0,0.0,1.0,1.0,0.125,0.36737011631393085,0.04893785481911414,0.33153851769852594,1.0,False,False
0.47244215138043766,0.5,False,0.0,1.0,1.0,1.0,0.125,0.43265116496258116,0.04693984369026421,0.3128945284806812,1.0,False,False
0.5661103499923198,0.0,False,0.0,0.0,1.0,0.9625000000000001,0.125,0.561972762900412,0.0371896975114882,0.16736876756539765,1.0,True,False
0.378206744639609,0.5,False,0.0,1.0,0.75,0.7875000000000001,0.125,0.09535702696680025,0.05554146891862294,0.6741657507214982,1.0,False,False
0.25487131554953746,0.25,False,0.0,1.0,0.75,0.8500000000000001,0.125,0.2912885618154126,0.06447698793559374,0.39975448298982674,1.0,True,False
0.25343045063254543,0.25,False,0.0,1.0,0.875,0.875,0.125,0.2374796110331076,0.047114267293695646,0.551455011886292,1.0,True,False
0.12589798429758992,0.0,False,0.0,1.0,0.75,0.7750000000000001,0.125,0.2419322529718007,0.05319013392878794,0.5737602787039793,1.0,True,False
0.2347592869000048,0.25,False,0.0,1.0,1.0,1.0,0.125,0.23593755546167494,0.031909087186687744,0.574355495396202,1.0,True,False
0.5158380303241669,0.0,False,0.0,1.0,1.0,0.8375000000000001,0.125,0.014806352947602583,0.020106113838652177,0.9634183669453407,1.0,False,False
0.15174828993494538,0.0,True,1.0,0.0,1.0,0.9750000000000001,0.125,0.4101808510016512,0.12570350896454216,0.3203374769502312,1.0,True,False
0.21092769570354153,0.0,False,0.0,1.0,0.875,0.9125000000000001,0.125,0.10337649348709116,0.033649420807344066,0.7031109508672331,1.0,True,False
0.4177634432588878,0.5,False,0.0,0.0,0.875,0.9500000000000002,0.25,0.23929960531368316,0.01176175540432521,0.5582105923334775,1.0,False,False
0.12062586728341074,0.0,False,0.0,0.0,0.75,0.8875,0.125,0.3367300151007642,0.09795954219032964,0.3389838367683675,1.0,True,False
0.40157437825614883,0.0,False,0.0,0.0,0.875,0.925,0.125,0.06152068996289648,0.029795744521436438,0.8226161039196431,1.0,False,False
0.36807579121799316,0.5,False,0.0,0.0,1.0,1.0,0.25,0.3171356258315645,0.03799821224962927,0.34709078315772923,1.0,False,False
0.22632481568164586,0.0,True,0.0,0.0,0.875,0.9625000000000001,0.125,0.16004145630687086,0.04317272436060245,0.5668670524224579,1.0,True,False
0.2041356256633543,0.0,False,0.0,1.0,0.875,0.7875000000000001,0.125,0.2526443387992957,0.03861385611082191,0.45081318968566486,1.0,True,False
0.18867914175461908,1.0,False,0.0,1.0,0.75,0.7625,0.125,0.29699383330654266,0.033057476212461245,0.4176311642058721,1.0,True,False
0.4011815707069014,0.5,False,0.0,1.0,0.875,0.875,0.125,0.18151135184281136,0.05883914922422276,0.5844772710261525,1.0,False,False
0.12515434704073025,0.0,True,0.0,0.0,1.0,0.9375,0.125,0.5463306368533836,0.518301758082955,0.18543233866276365,1.0,True,False
0.28739620234356344,0.0,False,0.0,0.0,0.875,0.8875,0.125,0.38295313426688943,0.03265586665897805,0.32820662741299,1.0,False,False
0.3595328251093787,0.5,False,1.0,0.0,1.0,0.9375,0.125,0.08236539634950917,0.04235523676173226,0.687195619259374,1.0,False,False
0.25487131554953746,0.0,False,0.0,1.0,0.875,0.875,0.125,0.06561883596098492,0.04186871841547115,0.9112398813735005,1.0,True,False
0.3755006195185925,0.5,False,0.0,0.0,1.0,0.8875,0.125,0.1806041486830095,0.05017549532350779,0.635946293942308,1.0,False,False
0.3626871491849605,0.5,True,0.0,1.0,0.875,0.9125000000000001,0.25,0.2492817511415464,0.18202827814189357,0.43405611334026406,1.0,False,False
0.1514272581382603,0.0,False,1.0,0.0,0.875,0.8625,0.125,0.3690731877666159,0.013868827668014547,0.33966282340724785,1.0,True,False
0.20931187557619513,0.0,False,1.0,0.0,1.0,1.0,0.125,0.26969239248693394,0.11492737877879568,0.405731564659384,1.0,False,False
0.34610860493463325,0.25,False,1.0,0.0,1.0,0.6875,0.125,0.22728548717841507,0.06268582650357801,0.5742452192908225,1.0,False,False
0.33955280887912653,0.5,False,0.0,1.0,0.875,0.875,0.125,0.22326453929207496,0.052013436607960595,0.5587549380663972,1.0,False,False
0.31320222383114726,0.0,False,0.0,1.0,0.875,0.8,0.125,0.08020926721896125,0.013851170052186505,0.706212183285059,1.0,True,False
0.23912507738431443,0.0,False,0.0,1.0,0.75,0.7750000000000001,0.125,0.5476608568724142,0.03532084199646412,0.1754640737500397,1.0,True,False
0.5638291985382365,1.0,False,0.0,1.0,1.0,1.0,0.25,0.25931536560068963,0.04077910826612398,0.4986586214266797,1.0,False,False
0.14219413557029703,0.0,False,0.0,1.0,0.75,0.8,0.125,0.2967504094040599,0.0700839898200697,0.444364528152402,1.0,True,False
0.3394414672750782,0.5,False,0.0,1.0,0.875,0.7750000000000001,0.125,0.3292406843906502,0.015615379016559452,0.3915236642780717,1.0,False,False
0.1878959831851006,0.0,False,0.0,1.0,0.875,0.875,0.125,0.11701810378523107,0.06739485930114711,0.6483239962248741,1.0,True,False
0.41819271652839085,0.5,False,0.0,0.0,0.75,0.8,0.25,0.31786037240482956,0.1879352233594819,0.36253314124661906,1.0,False,False
0.14219413557029703,0.0,False,0.0,1.0,0.625,0.7125,0.125,0.25758410099979456,0.052056549439628216,0.5151826296207784,1.0,True,False
0.28054544643909585,0.0,False,0.0,1.0,0.875,0.8,0.125,0.34263535005546597,0.05439293169284811,0.3734907642738632,1.0,True,False
0.19431906581166813,0.5,False,0.0,1.0,0.75,0.7750000000000001,0.125,0.32177265184036036,0.024471440207440086,0.39346841766189256,1.0,True,False
0.19126498563031902,0.0,False,0.0,0.0,1.0,1.0,0.125,0.32101566571718265,0.04841977708627715,0.34329184519195355,1.0,True,False
0.4230561336252575,0.0,False,0.0,0.0,1.0,1.0,0.125,0.004996776734437783,0.022265254926485,1.0,1.0,False,False
0.31371797537952617,0.25,False,1.0,0.0,1.0,1.0,0.0,0.17131773898894914,0.008025042201806129,0.5623966092207888,1.0,False,False
0.2237783973272004,0.0,False,1.0,0.0,1.0,0.9500000000000002,0.125,0.2603110654454238,0.20474810684047717,0.4298926021110179,1.0,True,False
0.19431906581166813,0.5,False,0.0,1.0,0.75,0.825,0.125,0.26916704009014447,0.10028650613017083,0.50592383153376,1.0,True,False
0.15866791960860183,0.0,True,0.0,0.0,1.0,0.9875,0.125,0.5232080781333338,0.053876841539461685,0.1939076119397536,1.0,True,False
0.3138466793870843,0.0,False,0.0,0.0,1.0,1.0,0.0,0.25354021503322155,0.029690091065052243,0.46018672258811244,1.0,False,False
0.08427205109778324,0.0,True,1.0,0.0,1.0,0.9625000000000001,0.125,0.8729968261109651,0.4578315986062803,0.04829319833000967,1.0,True,False
0.23695560814284378,0.0,False,0.0,1.0,0.875,0.7875000000000001,0.125,0.4983867741934467,0.0741689952533037,0.20592115664163702,1.0,True,False
0.43868601856284306,0.0,False,0.0,1.0,0.875,0.925,0.125,0.08078370204745133,0.025050548880335272,0.687261521695206,1.0,False,False
0.26259349750500316,0.0,False,0.0,0.0,1.0,0.9750000000000001,0.125,0.46611001075206954,0.385847606701092,0.2667749456209756,1.0,False,False
0.3113851964589006,0.0,False,0.0,1.0,1.0,0.75,0.125,0.4561229884824773,0.0556207833827471,0.24288673468437638,1.0,True,False
0.2132107822424778,0.0,False,0.0,1.0,0.75,0.7875000000000001,0.125,0.31177315991888765,0.045551015511603524,0.4150093531175356,1.0,True,False
0.31203627273422374,0.0,False,0.0,1.0,0.625,0.5375000000000001,0.125,0.1874059893514241,0.013678349388677171,0.5501923025081303,1.0,False,False
0.0852078475878022,0.0,False,0.0,0.0,0.625,0.6625000000000001,0.125,0.3438031345840227,0.124479294121841,0.32451831775062545,1.0,True,False
0.19532552244298607,0.0,True,0.0,0.0,1.0,0.925,0.125,0.3100151920048996,0.1517484562136924,0.3641294713920402,1.0,True,False
0.175152567339807,0.5,False,0.0,1.0,1.0,0.5,0.125,0.11898908062192115,0.0369959775270053,0.6398354649578484,1.0,True,False
0.3336683641045276,0.75,False,0.0,1.0,1.0,0.8875,0.125,0.34525318971007657,0.04203461949321447,0.3329771927316829,1.0,False,False
0.42745099826132626,0.5,False,0.0,1.0,0.875,0.8500000000000001,0.125,0.08775875481656444,0.0622181687293471,0.7429238211758946,1.0,False,False
0.2022152776035211,0.0,False,0.0,1.0,0.875,0.8375000000000001,0.125,0.23986207554546568,0.05940494673889876,0.5286900609683569,1.0,True,False
0.1745894558725003,0.0,False,0.0,1.0,0.75,0.8125,0.125,0.37681159622505506,0.041038290891939555,0.32898221546649586,1.0,True,False
0.3332075278298613,1.0,False,0.0,1.0,1.0,0.9375,0.125,0.3760985127066242,0.020547682607942964,0.30365987348549583,1.0,False,False
0.2737424067449248,0.5,False,0.0,1.0,1.0,1.0,0.125,0.4473663659001044,0.13387566123438102,0.24674552751739665,1.0,False,False
0.25522971112040116,0.0,False,0.0,0.0,0.5,0.5,0.125,0.33415037789158175,0.023708599946857613,0.36923162772560936,1.0,True,False
0.38804466851797226,0.75,False,0.0,1.0,1.0,0.925,0.25,0.26334527377541594,0.0985339760582936,0.45860790670908314,1.0,False,False
0.40368064320957775,0.0,False,0.0,0.0,1.0,0.925,0.125,0.2651795313673148,0.03818481795753084,0.47560890019173563,1.0,False,False
0.1668071951127994,0.0,False,0.0,0.0,1.0,0.9625000000000001,0.125,0.40253478155676176,0.2939889114701953,0.2903176381669521,1.0,True,False
0.3274629584421477,0.0,False,1.0,0.0,0.875,0.9000000000000001,0.125,0.44083612564311264,0.05044416928767306,0.307727214717187,1.0,False,False
0.22862736097375158,0.0,False,1.0,0.0,1.0,1.0,0.125,0.14496098078722292,0.011096478467530228,0.5763393968601007,1.0,True,False
0.3644371223562429,0.0,False,0.0,1.0,1.0,0.875,0.125,0.35151425779876827,0.04854726901259282,0.3548302721875838,1.0,False,False
0.4011815707069014,0.5,False,0.0,1.0,0.75,0.625,0.125,0.18325228009137223,0.06446778557754138,0.5878655996089126,1.0,False,False
0.2634501275135426,0.0,False,0.0,1.0,0.875,0.75,0.0,0.28257534533866013,0.1497389196668113,0.42321324452849574,1.0,False,False
0.27550769953506316,0.5,False,0.0,1.0,0.75,0.75,0.125,0.34264199747960855,0.08610761598616518,0.3337801819627395,1.0,False,False
0.3993633715055155,0.0,False,1.0,0.0,1.0,1.0,0.125,0.17373178853983257,0.056780567512117096,0.6582227411579709,1.0,False,False
0.2116157112398308,0.0,False,0.0,0.0,0.875,1.0,0.125,0.6197081848662209,0.7054315503046666,0.14870594625624234,1.0,True,False
0.3882139715493874,0.5,True,0.0,1.0,1.0,0.9375,0.125,0.192079849828389,0.10385780282186069,0.5012408536919497,1.0,False,False
0.12811037891819044,0.0,False,1.0,0.0,0.875,0.8500000000000001,0.125,0.2682543921640783,0.09940925564781251,0.4521635537669999,1.0,True,False
0.21069776311509292,0.0,False,1.0,0.0,1.0,1.0,0.125,0.17040061861100408,0.030308656581703692,0.5364503398184983,1.0,True,False
0.12920631771671887,0.0,True,1.0,0.0,1.0,0.9875,0.125,0.5487904576077218,0.06286491524113316,0.17941569623963538,1.0,True,False
0.16562468127914087,0.0,False,0.0,1.0,1.0,1.0,0.125,0.3151381023763855,0.08014111254672995,0.34623666905131256,1.0,True,False
0.19954040040265897,0.0,False,1.0,0.0,1.0,1.0,0.125,0.40784615397698176,0.10237154969188751,0.31759678378162715,1.0,True,False
0.41603588960440596,1.0,False,0.0,1.0,0.75,0.8125,0.25,0.32044521030183454,0.03321024609664511,0.4040592212475722,1.0,False,False
0.2347592869000048,0.0,False,0.0,0.0,0.875,0.9125000000000001,0.125,0.4142576043726011,0.21208999895789618,0.2747180348114244,1.0,False,False
0.2347592869000048,0.0,False,1.0,0.0,1.0,1.0,0.125,0.2808978299810899,0.06579512620228274,0.38301151482022844,1.0,True,False
0.14320669321579982,0.0,False,0.0,1.0,0.75,0.7875000000000001,0.125,0.34577733228282775,0.018736397237289256,0.3719413375637941,1.0,True,False
0.3512884715207659,0.5,False,0.0,0.0,0.875,0.9000000000000001,0.25,0.45914309463537006,0.4968594503344196,0.25136177596399145,1.0,False,False
0.19806420122279356,0.0,False,0.0,0.0,1.0,1.0,0.0,0.521146078734801,0.17192261730417452,0.20241534626361402,1.0,False,False
0.1697294568213059,0.0,False,0.0,1.0,0.875,0.9000000000000001,0.125,0.3798966466199296,0.05555671314639494,0.29921431850281444,1.0,True,False
0.2634501275135426,0.0,False,1.0,0.0,0.75,0.75,0.125,0.24910857588804872,0.06789560904359235,0.41623319206288434,1.0,False,False
0.37164134511478564,0.5,False,0.0,0.0,0.875,0.8500000000000001,0.25,0.2814479953298419,0.07879753245145692,0.43529494906863353,1.0,False,False
0.38711060344260717,0.5,False,0.0,1.0,0.75,0.75,0.125,0.21406060154497858,0.023580674754263394,0.6466364546800873,1.0,False,False
0.2323318839485774,0.0,False,0.0,0.0,0.875,0.8500000000000001,0.125,0.18703683826977902,0.04865794998497354,0.5447653703842743,1.0,True,False
0.40368064320957775,0.25,False,0.0,1.0,0.75,0.8,0.125,0.14273505832028835,0.030647798242909297,0.606840896795179,1.0,False,False
0.253249517103329,0.0,False,0.0,0.0,1.0,0.9500000000000002,0.125,0.14573680072195785,0.04759150164107146,0.5780612488126358,1.0,True,False
0.43823980176285293,0.5,True,1.0,0.0,1.0,1.0,0.25,0.2849253379227786,0.03710472770580839,0.45934898585343276,1.0,False,False
0.4011815707069014,0.5,False,0.0,1.0,1.0,0.9375,0.125,0.18190962596395896,0.06191181149015544,0.5886192477919701,1.0,False,False
0.4291386073568043,0.0,False,1.0,0.0,0.875,0.825,0.125,0.0871901038741364,0.04948014545858025,0.6778131604072741,1.0,False,False
0.42221983986050937,0.0,False,0.0,1.0,1.0,0.875,0.125,0.15273911103224935,0.031867688572501184,0.6011323392131342,1.0,False,False
0.21746934944105067,0.0,True,1.0,0.0,1.0,1.0,0.125,0.4254380543064201,0.10927850143042367,0.30299834307103635,1.0,True,False
0.40955362241498816,0.0,False,0.0,1.0,0.875,0.75,0.125,0.09144019607663362,0.046834399674960114,0.6703153554433223,1.0,False,False
0.17059683290839522,0.5,False,0.0,1.0,0.75,0.75,0.125,0.3371937132605738,0.04682270787913379,0.37344770189152077,1.0,True,False
0.18204470987269283,0.25,False,0.0,1.0,0.75,0.7750000000000001,0.125,0.2755898784809653,0.08514162328989172,0.4884936998211553,1.0,True,False
0.0823855217962487,0.0,False,0.0,1.0,0.375,0.375,0.125,0.3711403274726957,0.04823321332762372,0.346707626113806,1.0,True,False
0.141515872946807,0.0,False,1.0,0.0,0.875,0.9750000000000001,0.125,0.2611761234494668,0.13217626365156768,0.43049309364104293,1.0,True,False
0.21069776311509292,0.0,False,1.0,0.0,1.0,0.875,0.0,0.2848178011964483,0.04563837307574616,0.43919074666359004,1.0,True,False
0.30595429969375776,0.5,False,1.0,0.0,0.875,0.75,0.125,0.49513957231239764,0.11570566971051305,0.2108637164270899,1.0,False,False
0.1839274901469682,0.0,False,1.0,0.0,0.875,0.8625,0.125,0.15112569119998692,0.07341357599718705,0.5691236479431001,1.0,True,False
0.47732225828029595,0.0,False,0.0,1.0,1.0,1.0,0.125,0.053612109274731076,0.031382452823118426,0.828978267753647,1.0,False,False
0.3512884715207659,0.0,False,0.0,1.0,0.875,1.0,0.125,0.2557937818218188,0.04224678549852498,0.4595677966842473,1.0,False,False
0.22800235125920598,0.0,False,0.0,1.0,0.75,0.825,0.125,0.2497170938966294,0.05231413988759427,0.487211838487855,1.0,True,False
0.1759938981343364,0.0,False,0.0,0.0,0.875,1.0,0.125,0.39892481376145406,0.31813706607913644,0.3064429424929027,1.0,True,False
0.34802902789894274,0.0,False,0.0,1.0,0.625,0.75,0.0,0.24279423732069905,0.09435259047064314,0.49819671255441,1.0,True,False
0.2043742145179328,0.0,False,0.0,1.0,1.0,1.0,0.125,0.3560004106139721,0.019932572440712868,0.3544075008471681,1.0,True,False
0.46882627873869753,0.25,False,0.0,0.0,1.0,1.0,0.25,0.31137870367411935,0.07604091587319077,0.3796268072859583,1.0,False,False
0.24977625633037193,0.25,False,0.0,1.0,1.0,0.8125,0.0,0.3100078527711103,0.01409775660203646,0.40748278452681075,1.0,False,False
0.1839274901469682,0.0,True,0.0,1.0,0.875,0.875,0.125,0.25246196088557943,0.0524661912287445,0.5250362428995419,1.0,True,False
0.1910080903280098,0.0,False,1.0,0.0,1.0,1.0,0.125,0.27593428062563397,0.16226957595988853,0.3919670556829633,1.0,True,False
0.5277914273175176,1.0,False,0.0,1.0,1.0,1.0,0.25,0.07108846551565728,0.041621865316390484,0.7172299877322992,1.0,False,False
0.16202911071139625,0.0,False,0.0,1.0,0.875,0.925,0.125,0.3145260392116715,0.2107576140074407,0.3556075781498196,1.0,True,False
0.2796116985718332,0.0,False,0.0,1.0,0.75,0.625,0.0,0.23221991078723547,0.06864295661595379,0.4758967535372196,1.0,False,False
0.134586726009698,0.0,False,1.0,0.0,0.75,0.8125,0.125,0.4207130669621085,0.23956657171611573,0.3120207129680319,1.0,True,False
0.3816641179158843,0.5,False,0.0,1.0,1.0,0.875,0.125,0.22472715878004365,0.07822641092368508,0.4576546238152268,1.0,False,False
0.3568270441449498,1.0,False,0.0,0.0,1.0,0.9750000000000001,0.375,0.43070351385382727,0.32341929805112013,0.26852467156802806,1.0,False,False
0.14320669321579982,0.0,False,0.0,1.0,0.75,0.7875000000000001,0.125,0.2886050142913613,0.1098679577625034,0.4656241535363457,1.0,True,False
0.31665480429401416,0.5,True,1.0,0.0,0.875,0.875,0.125,0.3606610058561143,0.23416194139847876,0.3197506576933944,1.0,True,False
0.21069776311509292,0.0,False,0.0,0.0,1.0,0.9875,0.125,0.4973596921438994,0.03435101740247194,0.2114886939376408,1.0,True,False
0.26379162497329345,0.0,False,0.0,1.0,1.0,1.0,0.125,0.23436408250928317,0.08863132459904798,0.5020553199422995,1.0,True,False
0.1935604594262752,0.0,False,0.0,1.0,0.75,0.7875000000000001,0.125,0.08419399935807015,3.169129994693527e-06,0.7386584576037922,1.0,True,False
0.1552418311750694,0.0,True,0.0,0.0,1.0,0.9125000000000001,0.125,0.40063745668827744,0.031372665975781734,0.3206924534434361,1.0,True,False
0.33389833422413695,0.0,False,0.0,0.0,0.875,0.8625,0.125,0.09120463750003581,0.05492443886296768,0.7325857033363583,1.0,True,False
0.23415554204266942,0.5,False,1.0,0.0,0.75,0.875,0.25,0.43504494465972904,0.23203334342671292,0.2731204730353436,1.0,True,False
0.2347592869000048,0.0,False,0.0,0.0,1.0,1.0,0.125,0.29232995212871166,0.05714176073604918,0.3687281205561075,1.0,True,False
0.16413537063823236,0.0,False,0.0,0.0,0.875,0.9000000000000001,0.125,0.3356205930186245,0.060435214135709896,0.34792397589336854,1.0,True,False
0.16856632059829957,0.0,True,1.0,0.0,1.0,0.9625000000000001,0.125,0.2917105064709788,0.18986204567801254,0.3942057102153773,1.0,True,False
0.2989582385018158,0.0,False,0.0,0.0,1.0,1.0,0.125,0.35900494388840803,0.20508586375986398,0.31915164930319784,1.0,False,False
0.2945668995348184,0.0,False,1.0,0.0,1.0,0.9500000000000002,0.125,0.3053168393045268,0.01907754441252889,0.3738826827966071,1.0,True,False
0.38192730034528666,0.25,False,0.0,1.0,1.0,0.8500000000000001,0.0,0.18069570542357816,0.036751205946515514,0.5517070595321238,1.0,False,False
0.09430401041918213,0.0,True,0.0,0.0,1.0,0.9625000000000001,0.125,0.5660801716849849,0.6552203210746221,0.18469059421337808,1.0,True,False
0.31046965768891643,0.0,False,0.0,0.0,0.875,0.9000000000000001,0.125,0.33794582445231763,0.06418565255188236,0.34333274639626254,1.0,False,False
0.3693977661540647,0.0,False,1.0,0.0,1.0,0.9750000000000001,0.125,0.10684572491153148,0.034617653426985036,0.6765301422106789,1.0,True,False
0.35366865934642344,0.0,True,1.0,0.0,1.0,1.0,0.125,0.2303183901061952,0.01479860708981211,0.5771075686604592,1.0,True,False
0.2792993542175678,0.0,False,0.0,0.0,1.0,1.0,0.0,0.14712887088756763,0.012608805978992199,0.6697566519040401,1.0,False,False
0.24146190808888657,0.0,False,0.0,0.0,0.875,0.9375,0.0,0.44124854010938014,0.0268009685880815,0.28264997248310575,1.0,False,False
0.062327502764905285,0.0,False,0.0,0.0,1.0,0.8375000000000001,0.125,0.6100000269270233,0.5401112851203709,0.17456818868148627,1.0,True,False
0.16202911071139625,0.0,False,1.0,0.0,0.875,0.9375,0.125,0.43106778686915825,0.10571333451673615,0.3054215318240052,1.0,True,False
0.2983976832608183,0.0,True,1.0,0.0,1.0,0.9375,0.125,0.29595332960108056,0.012889921228837668,0.43432007549750984,1.0,True,False
0.29923785348430354,0.0,False,0.0,1.0,0.875,0.75,0.125,0.21224547466000412,0.0872867204638508,0.4726160529690091,1.0,False,False
0.6854355482930717,0.25,False,0.0,0.0,0.0,0.0,0.0,0.3318196407206668,0.037908736402799396,0.38078709089157337,1.0,False,False
0.3254256838540833,0.0,False,0.0,1.0,1.0,0.9375,0.0,0.2253654602884846,0.03781973883639595,0.6402276993509619,1.0,False,False
0.38427854047930377,0.25,False,0.0,1.0,1.0,0.9125000000000001,0.0,0.17938775885731592,0.03364703349686945,0.5526612950534355,1.0,False,False
0.062327502764905285,0.0,False,0.0,0.0,0.875,0.75,0.125,0.847512422109295,0.6148216452804267,0.06053462429825629,1.0,True,False
0.3434063952363503,0.5,False,1.0,0.0,0.875,0.875,0.125,0.17346518827450338,0.0652247199458644,0.5379835429379698,1.0,False,False
0.14320669321579982,0.0,False,0.0,1.0,0.75,0.7250000000000001,0.125,0.2936239665380395,0.10623648577431709,0.45574336162567275,1.0,True,False
0.402201067311312,0.0,False,0.0,1.0,1.0,1.0,0.125,0.21977010698883082,0.01650307406641705,0.45188106768414804,1.0,False,False
0.3326297943954285,0.5,False,0.0,1.0,1.0,0.9500000000000002,0.125,0.6352031812044706,0.6241011116736688,0.15494909599454854,1.0,False,False
0.40599198478695564,0.0,True,0.0,1.0,1.0,0.6625000000000001,0.125,0.11279288296149119,0.03732399256351928,0.6711323923070895,1.0,False,False
0.15742970927088884,0.0,False,0.0,1.0,0.875,0.8875,0.125,0.4824530177435515,0.09772182100168067,0.286514081920324,1.0,True,False
0.3769490200827309,0.25,False,0.0,0.0,1.0,1.0,0.125,0.26672978752672044,0.05601065476537877,0.46817906896001515,1.0,False,False
0.27277206622777384,0.25,False,0.0,0.0,0.875,0.9750000000000001,0.125,0.18618460319146457,0.08752281950182605,0.5138998964230672,1.0,True,False
0.2229214057183464,0.0,False,0.0,0.0,1.0,0.9375,0.125,0.6087982263946746,0.5720450437440153,0.1722102701223709,1.0,False,False
0.30595429969375776,0.0,False,0.0,0.0,0.875,0.9500000000000002,0.125,0.46408044808660054,0.15378646933916,0.2597601517496959,1.0,False,False
0.3648236727142832,0.5,False,0.0,1.0,0.75,0.7125,0.0,0.26804594678871285,0.046941586867949886,0.4799395039899208,1.0,False,False
0.15835917607605532,0.0,False,1.0,0.0,1.0,0.9750000000000001,0.125,0.38925292901566283,0.09337594221779455,0.3139751518010532,1.0,True,False
0.3162744848493214,0.25,False,0.0,0.0,1.0,1.0,0.125,0.24264865130756808,0.042361970036909155,0.4727588581860671,1.0,True,False
0.23007721258233038,0.0,False,0.0,1.0,0.75,0.825,0.125,0.25583326253938965,0.04499176524980623,0.46999853323066354,1.0,True,False
0.21115733074156973,0.0,False,1.0,0.0,0.875,0.9125000000000001,0.125,0.38688019798128687,0.18406380964886668,0.28726880397240095,1.0,True,False
0.24088057908739002,0.0,False,1.0,0.0,1.0,1.0,0.125,0.2159392616563907,0.07655716306126961,0.48060374141358464,1.0,True,False
0.41037697439073606,0.0,False,1.0,0.0,1.0,1.0,0.125,0.12487501485246706,0.03665327395439178,0.6328027075233695,1.0,True,False
0.2554086378279916,0.0,True,1.0,0.0,1.0,0.9750000000000001,0.125,0.35465659137364935,0.1716431229456575,0.32211039946281095,1.0,True,False
0.2254800631863605,0.5,False,0.0,0.0,0.625,0.75,0.125,0.35545545389251576,0.14939507807041041,0.32118999877015475,1.0,True,False
0.1839274901469682,0.0,True,0.0,1.0,0.875,0.8125,0.125,0.2521997255627417,0.05441317108159035,0.5296564217438897,1.0,True,False
0.298537988166803,0.0,False,0.0,1.0,1.0,0.5,0.125,0.6524810832655694,0.26044191261298694,0.16509926288858212,1.0,False,False
0.12365765771466408,0.0,False,0.0,1.0,0.625,0.8375000000000001,0.125,0.42713669227738543,0.08355861187596449,0.3144690329681732,1.0,True,False
0.3539767781193147,0.25,False,1.0,0.0,1.0,0.875,0.0,0.27026472908489074,0.034086941897863564,0.4750661829064986,1.0,False,False
0.23912507738431443,0.0,False,0.0,1.0,0.75,0.75,0.125,0.5476615216108017,0.03532415776904601,0.17546365862495317,1.0,True,False
0.20365748341934764,0.0,False,0.0,0.0,1.0,0.9500000000000002,0.125,0.47946512341931824,0.08093849007618843,0.29122843521412056,1.0,True,False
0.36750620172755555,0.25,False,0.0,0.0,0.875,0.9125000000000001,0.125,0.502590925935567,0.39068486266488006,0.20624030785664416,1.0,False,False
0.3190447481395339,0.0,False,0.0,0.0,0.5,0.675,0.125,0.16051365065254813,0.042663717204819436,0.5800761208002065,1.0,False,False
0.16050918442021356,0.5,True,0.0,0.0,1.0,0.9500000000000002,0.125,0.479076113704472,0.42821347402318527,0.2528483141954321,1.0,True,False
0.22695575141330848,0.25,False,0.0,0.0,0.0,0.0,0.125,0.09280211255234433,0.041898630358106655,0.689162133801438,1.0,True,False
0.36664837470196254,0.5,False,0.0,1.0,1.0,0.9375,0.25,0.11081758517425115,0.05014324229698,0.6751590363750153,1.0,False,False
0.33753789233017695,0.0,False,1.0,0.0,1.0,0.8375000000000001,0.125,0.40117170327138446,0.04035957549505338,0.309157928765865,1.0,True,False
0.26532028250539186,0.0,True,0.0,0.0,1.0,0.9875,0.125,0.29353923420761696,0.0243190856038147,0.3969373615292071,1.0,True,False
0.3194191825672693,0.0,False,0.0,1.0,0.875,0.9000000000000001,0.0,0.2254014023258913,0.036709457541786006,0.6574589755874105,1.0,False,False
0.6188496754710261,0.75,False,0.0,1.0,1.0,1.0,0.0,0.21212080717794826,0.032386579506393204,0.510878188898723,1.0,True,False
0.21746934944105067,0.0,False,0.0,0.0,1.0,1.0,0.125,0.5706211593893591,0.6153092318198697,0.1880431300504981,1.0,True,False
0.2043742145179328,0.25,False,0.0,1.0,0.875,0.825,0.125,0.104679761210805,0.06072586706598463,0.6784534019953679,1.0,True,False
0.298537988166803,0.5,False,1.0,0.0,0.75,1.0,0.375,0.41850023376418577,0.2713726207861276,0.28166718841877136,1.0,False,False
0.062327502764905285,0.0,False,1.0,0.0,0.75,0.625,0.5,0.8097290581008383,0.5323493596423647,0.07767818018586525,1.0,True,False
0.2393209929603174,0.5,False,1.0,0.0,1.0,1.0,0.125,0.5414462225264858,0.32368967488302774,0.1793955112628105,1.0,True,False
0.36798098651048894,0.75,False,0.0,1.0,0.875,0.9000000000000001,0.25,0.31124469279283834,0.2532698475753256,0.36214696384363143,1.0,False,False
0.1514272581382603,0.0,True,1.0,0.0,1.0,0.9875,0.125,0.40211012204577473,0.010915115988156665,0.3083976834412605,1.0,True,False
0.7315543978024382,0.5,True,0.0,0.0,1.0,1.0,0.25,0.2778505924155489,0.03450248447776654,0.44672004574857604,1.0,False,False
0.1682743413758333,0.0,False,0.0,1.0,0.75,0.8,0.0,0.3249215929342896,0.03369718114405775,0.3922485929915003,1.0,True,False
0.16856632059829957,0.0,True,0.0,0.0,1.0,1.0,0.125,0.26188564757604527,0.06201533507892082,0.40174214921889684,1.0,True,False
0.19075082257961895,0.0,False,0.0,0.0,0.75,0.8375000000000001,0.125,0.3368245154533707,0.00374973753805097,0.3824092314566747,1.0,True,False
0.39073432251084295,0.5,False,0.0,0.0,0.75,1.0,0.125,0.27321834348523955,0.029406233098849342,0.47001115452639053,1.0,False,False
0.12515434704073025,0.0,False,0.0,0.0,0.5,0.7250000000000001,0.125,0.2895904574178216,0.07728727688392444,0.40543365597451286,1.0,True,False
0.25999851255513073,0.5,False,0.0,0.0,0.875,0.925,0.0,0.46719369327565374,0.15423411680598675,0.25831619216501944,1.0,False,False
0.4541620625753092,0.0,False,0.0,1.0,1.0,0.875,0.125,0.019228243793261806,0.014599086247016982,0.8605109157652047,1.0,False,False
0.1504606632380443,0.0,True,0.0,0.0,0.875,0.9500000000000002,0.125,0.6805913690223794,0.8551502065118712,0.12160834532402065,1.0,True,False
0.1331678261903072,0.0,True,0.0,0.0,0.875,0.9500000000000002,0.125,0.468150864142533,0.17942032813110462,0.30025172226381636,1.0,True,False
0.5396761995966751,0.75,False,0.0,1.0,1.0,1.0,0.25,0.15151238356742305,0.043891748197268335,0.6811897766669772,1.0,False,False
0.4504475324493401,0.5,False,0.0,0.0,0.875,0.9125000000000001,0.25,0.20065035160159406,0.015537985842857678,0.533629579778627,1.0,False,False
0.20954360978723352,0.0,True,1.0,0.0,1.0,0.9625000000000001,0.125,0.32349030898651293,0.005260857939110106,0.38391254894154225,1.0,True,False
0.15835917607605532,0.0,False,0.0,0.0,0.875,0.9000000000000001,0.125,0.13008091079666484,0.04615902776433363,0.6138753076892018,1.0,True,False
0.2743863651066005,0.5,False,0.0,0.0,1.0,0.8,0.125,0.43108127921926537,0.255455381533996,0.26229899531244705,1.0,False,False
0.19632630288517106,0.0,False,0.0,1.0,0.75,0.7750000000000001,0.125,0.2561540162046872,0.05190017479976945,0.4681401774943068,1.0,True,False
0.13352361620659736,0.0,False,0.0,0.0,0.625,0.75,0.125,0.6009562568427282,0.47395904748355716,0.1868630828342568,1.0,True,False
0.3782962419140491,0.75,False,0.0,0.0,0.875,0.625,0.375,0.6331394150927068,0.4641954019034416,0.16984771003734522,1.0,False,False
0.21411585507362318,0.0,False,0.0,1.0,0.875,0.7875000000000001,0.0,0.23547370360305395,0.026792160978355024,0.4886297617386848,1.0,True,False
0.33076830500389753,0.0,False,0.0,1.0,0.875,0.9125000000000001,0.0,0.25620259006512003,0.03633199007366524,0.5062009475185218,1.0,False,False
0.40491710410580806,0.5,False,1.0,0.0,0.875,0.8500000000000001,0.25,0.2100277498912871,0.09991442850136602,0.5754624984108696,1.0,False,False
0.2235645371255457,0.0,False,0.0,1.0,0.5,0.5375000000000001,0.0,0.0641021363124894,0.026763375924278864,0.75626770644006,1.0,True,False
0.35201626209856707,0.75,False,1.0,0.0,0.875,1.0,0.25,0.28798649459205994,0.05180349680469815,0.40644517136340785,1.0,False,False
0.25069688375119514,0.0,False,0.0,1.0,0.875,0.8375000000000001,0.125,0.2316186857620947,0.02907630909258597,0.4364141373004573,1.0,True,False
0.4050710576918001,0.5,False,0.0,1.0,1.0,1.0,0.125,0.2514966872560566,0.02278123475356161,0.4710336438724978,1.0,True,False
0.4358624046356586,0.0,True,0.0,0.0,1.0,0.9875,0.125,0.06922474232136036,0.03858502774362192,0.7076191145874007,1.0,True,False
0.23253544061032672,0.0,False,0.0,1.0,0.875,0.8125,0.125,0.25904825034591844,0.10413505111128149,0.5370422367266003,1.0,True,False
0.32614739571272533,0.25,False,0.0,1.0,0.875,0.8500000000000001,0.125,0.1660658390087109,0.03952269912620304,0.6079375315626354,1.0,False,False
0.3727525860768989,0.5,False,0.0,0.0,1.0,0.9625000000000001,0.125,0.3090401779607786,0.02218749553990129,0.41232084409437175,1.0,False,False
0.2634501275135426,0.0,False,1.0,0.0,1.0,0.9375,0.125,0.23209642729528612,0.0492996129971237,0.6239126570902873,1.0,True,False
0.26156005283736583,0.0,True,0.0,1.0,0.875,0.9375,0.0,0.2198780088474456,0.05162491036704058,0.5072502330785493,1.0,False,False
0.2041356256633543,0.0,False,0.0,0.0,1.0,1.0,0.125,0.32780355526523425,0.045113892823448014,0.35479111397732166,1.0,True,False
0.24146190808888657,0.0,False,1.0,0.0,0.875,0.9000000000000001,0.125,0.32113880678709894,0.02885617252336219,0.3962515413462473,1.0,True,False
0.2649817170498764,0.0,True,0.0,0.0,1.0,0.9500000000000002,0.125,0.12233197264231745,0.034691292408626034,0.6335288785128865,1.0,True,False
0.30689337157048124,0.0,False,0.0,0.0,0.875,0.9125000000000001,0.125,0.3060036422234232,0.1876683304678455,0.3757570598797668,1.0,True,False
0.11241183227452445,0.0,False,1.0,0.0,1.0,1.0,0.125,0.44394479680204896,0.08216943977985243,0.2685804705178796,1.0,True,False
0.2678391405273228,0.25,False,0.0,1.0,0.75,1.0,0.125,0.28489732959567315,0.14444609157630695,0.42207943339595966,1.0,False,False
0.22862736097375158,0.0,False,0.0,0.0,1.0,1.0,0.125,0.2322090800596758,0.12049410624428877,0.4545714181165921,1.0,True,False
0.3402193953925473,0.0,False,0.0,1.0,0.875,0.7750000000000001,0.125,0.08194656632507892,0.020100938318294945,0.6979850967034005,1.0,True,False
0.26104106472629673,0.0,True,1.0,0.0,1.0,0.9750000000000001,0.125,0.22507086676976293,0.04501474695994033,0.6939677182213995,1.0,True,False
0.32626739616306544,0.0,False,1.0,0.0,1.0,0.9875,0.25,0.11459542964173769,0.06742492900654566,0.6469968723201309,1.0,True,False
0.2397121763990986,0.0,False,0.0,1.0,1.0,0.75,0.0,0.3465974016012111,0.03443487620835329,0.3611817294707558,1.0,False,False
0.6012093191772395,1.0,False,0.0,1.0,1.0,0.9000000000000001,0.25,0.15484520676313893,0.01984451142378985,0.5911191742842143,1.0,False,False
0.26104106472629673,0.0,True,1.0,0.0,0.875,0.8500000000000001,0.125,0.5494303505246474,0.06132935916655971,0.17872288418649673,1.0,True,False
0.12328150458496767,0.0,False,0.0,0.0,1.0,1.0,0.125,0.432620859017559,0.0586799322471045,0.285367882026373,1.0,True,False
0.26532028250539186,0.0,False,0.0,1.0,1.0,0.8625,0.0,0.12309903159977216,0.04609759100437524,0.6142799854229621,1.0,False,False
0.1682743413758333,0.5,False,1.0,0.0,1.0,0.8875,0.125,0.5445294568710138,0.3791294814871729,0.17816751355442806,1.0,True,False
0.304604088647333,0.25,False,0.0,1.0,0.875,0.9000000000000001,0.0,0.05627887443553611,0.03714897888103809,0.8278781796281951,1.0,True,False
0.3633697464895339,0.5,True,1.0,0.0,1.0,1.0,0.25,0.428600839405114,0.24868175343400478,0.27687199855995215,1.0,False,False
0.3733976107957918,0.0,False,0.0,1.0,1.0,1.0,0.0,0.23666311142825797,0.08283339257760089,0.5102922916728907,1.0,False,False
0.22925017703069872,0.0,False,0.0,1.0,0.875,0.875,0.125,0.3301504442398077,0.06919455568567282,0.3340298301601661,1.0,True,False
0.2909445934787388,0.0,False,0.0,0.0,1.0,1.0,0.125,0.3610501873533644,0.15803619032020016,0.31067189494608916,1.0,False,False
0.16885782018472062,0.0,False,0.0,1.0,0.875,0.75,0.125,0.18289867587399442,0.061633688840354486,0.5191358179240353,1.0,True,False
0.41603588960440596,0.25,True,0.0,0.0,1.0,0.9625000000000001,0.125,0.2505967116047561,0.033526441633093,0.5199812436653024,1.0,False,False
0.49238549903207607,1.0,True,0.0,1.0,1.0,0.925,0.25,0.24377528086537867,0.020571101374854333,0.4700012066850907,1.0,False,False
0.19806420122279356,0.0,True,0.0,1.0,1.0,1.0,0.125,0.08315886511825105,0.025217087817775867,0.7359595690371954,1.0,True,False
0.3274629584421477,0.0,False,0.0,0.0,1.0,1.0,0.125,0.45059609178498594,0.042292265011401334,0.2737532175141686,1.0,False,False
0.1564953483824092,0.0,False,0.0,1.0,0.75,0.7750000000000001,0.125,0.26554792854338666,0.03137328418341179,0.4766087960339067,1.0,True,False
0.38401882477587324,0.5,False,0.0,1.0,0.75,0.25,0.125,0.1481428147792912,0.01625222982458466,0.5920613975061848,1.0,False,False
0.3364085286288315,0.0,False,0.0,1.0,0.875,0.875,0.125,0.22707521639353598,0.05803066802251492,0.4846616257236549,1.0,True,False
0.4325982500011222,0.5,False,0.0,0.0,0.875,0.8875,0.125,0.09413057081594305,0.02503936801974337,0.7321843529807084,1.0,False,False
0.48498914456988296,0.75,False,0.0,1.0,0.75,0.75,0.25,0.309479007478962,0.007349296644540112,0.4087297187771033,1.0,False,False
0.3337833864184797,0.0,True,0.0,1.0,1.0,1.0,0.125,0.3704298963029695,0.006821662387891593,0.3162895809711599,1.0,False,False
0.1626334546350061,0.25,False,1.0,0.0,1.0,0.925,0.125,0.4207696943019931,0.1495148355979606,0.2845792462829402,1.0,True,False
0.2229214057183464,0.25,False,1.0,0.0,1.0,0.9375,0.125,0.26365345686735625,0.047067338517318015,0.4470335009717723,1.0,True,False
0.44622698045896037,0.75,False,0.0,0.0,1.0,1.0,0.375,0.45201203906027054,0.2757912548942173,0.2537535802613995,1.0,False,False
0.16592104932144203,0.0,False,0.0,1.0,0.875,0.8125,0.125,0.1539999712077377,0.01885367924380389,0.6378230476632543,1.0,True,False
0.1910080903280098,0.0,False,1.0,0.0,0.75,0.75,0.125,0.30772558393587185,0.12883230241020793,0.36550586573741084,1.0,True,False
0.4956481967378731,1.0,True,0.0,1.0,1.0,1.0,0.25,0.01285940898126253,0.005916872393373698,0.8832972374703063,1.0,False,False
0.39090107993296763,0.5,True,0.0,1.0,1.0,0.9625000000000001,0.125,0.35932408299614643,0.11960142542123367,0.36625786341161737,1.0,False,False
0.22463127001525063,0.0,True,0.0,1.0,1.0,0.9750000000000001,0.125,0.3634924313017631,0.13289755475074144,0.30382761447434015,1.0,True,False
0.3884676236138268,0.5,False,0.0,1.0,0.75,1.0,0.25,0.09611875028940028,0.027697028868991752,0.7004205061610014,1.0,True,False
0.16856632059829957,0.0,False,1.0,0.0,0.875,0.8375000000000001,0.125,0.2547711322522423,0.19644566160000268,0.43057593541776873,1.0,True,False
0.42499229356865265,0.75,False,0.0,1.0,1.0,0.9125000000000001,0.125,0.26707118143068787,0.039623660979664944,0.48100872797598515,1.0,False,False
0.20861485165257365,0.0,True,1.0,0.0,1.0,0.9500000000000002,0.125,0.4502720940192775,0.04799867917443004,0.2376063677212168,1.0,True,False
0.21115733074156973,0.0,False,0.0,0.0,0.75,0.5,0.125,0.26253554805617874,0.1194041992436377,0.4518148731508118,1.0,True,False
0.22569162861852088,0.0,False,0.0,0.0,1.0,1.0,0.125,0.3402835856788554,0.2533657564247505,0.34123941561058735,1.0,True,False
0.22862736097375158,0.0,False,0.0,1.0,0.75,1.0,0.0,0.3465980342427418,0.03443611366724572,0.3611809491175142,1.0,False,False
0.1717467783888943,0.0,False,0.0,0.0,1.0,0.9750000000000001,0.125,0.20975936503260076,0.05909467632254327,0.4656392728240222,1.0,True,False
0.2235645371255457,0.0,False,0.0,0.0,1.0,1.0,0.125,0.5271204228421874,0.06666473748733326,0.19372216465024295,1.0,True,False
0.11201104130645712,0.0,False,0.0,1.0,0.375,0.55,0.125,0.3745529465656111,0.045592926419360996,0.33897573631948497,1.0,True,False
0.4325982500011222,0.5,True,1.0,0.0,1.0,1.0,0.25,0.11631475160665053,0.04683430724103164,0.6511403892256182,1.0,False,False
0.21115733074156973,0.0,False,1.0,0.0,0.875,1.0,0.25,0.2387470964418421,0.11508019161301278,0.4497189880308896,1.0,True,False
0.1776646867011754,0.0,False,1.0,0.0,1.0,0.9750000000000001,0.125,0.23793403654155806,0.04813821429468171,0.585764034640331,1.0,True,False
0.25576595090664944,0.0,False,1.0,0.0,1.0,1.0,0.125,0.5614368397980984,0.21979284745163416,0.16730286351906165,1.0,True,False
0.07363878386911371,0.0,True,0.0,0.0,0.875,0.9625000000000001,0.125,0.6637912694376781,0.8048488753402036,0.1279645701245311,1.0,True,False
0.3169078985023529,0.0,True,1.0,0.0,1.0,0.9375,0.0,0.294447005617413,0.08483899055799358,0.40938064656783646,1.0,False,False
0.2229214057183464,0.0,True,1.0,0.0,1.0,0.9500000000000002,0.125,0.3141366678990558,0.02718644496173032,0.3975162506606389,1.0,True,False
0.3337833864184797,0.5,False,0.0,1.0,1.0,0.25,0.125,0.4360589863491005,0.06933620031411895,0.3095217378201025,1.0,False,False
0.12920631771671887,0.25,False,1.0,0.0,0.75,0.7250000000000001,0.125,0.4611809941498862,0.3533111787063453,0.27821926926234997,1.0,True,False
0.19126498563031902,0.0,False,1.0,0.0,0.875,0.875,0.125,0.46903437976710394,0.21842582532678773,0.23449728350692345,1.0,True,False
0.4767580671302637,1.0,False,0.0,1.0,1.0,0.9500000000000002,0.25,0.2129030642648727,0.03660506067477259,0.5823567642054648,1.0,False,False
0.2981167402054462,0.0,True,0.0,1.0,1.0,0.9375,0.0,0.26297459195326833,0.04411974443708533,0.4800163971938973,1.0,False,False
0.2955680340122343,0.0,False,0.0,0.0,1.0,1.0,0.125,0.3026957436681361,0.03391739136937547,0.4216228993460107,1.0,False,False
0.23090041148935792,0.0,True,0.0,0.0,1.0,0.9625000000000001,0.125,0.28279022126760867,0.14888037454398284,0.4089558303082015,1.0,True,False
0.39006572130677786,0.25,False,0.0,1.0,0.875,0.9375,0.125,0.4449646634013,0.043471558995372826,0.3059731279918174,1.0,False,False
0.20485043200541464,0.0,True,1.0,0.0,1.0,0.9875,0.125,0.30441311627531276,0.02940685571439634,0.35852338949980855,1.0,True,False
0.378206744639609,1.0,False,0.0,1.0,0.875,0.8375000000000001,0.25,0.35967822329138466,0.021356904882561898,0.31964212942256154,1.0,False,False
0.32004148953752243,0.25,False,0.0,0.0,0.875,0.875,0.125,0.3734492347407354,0.0332363743830253,0.3055453729413731,1.0,False,False
0.2978353516511648,0.0,False,1.0,0.0,0.875,0.8875,0.125,0.20596433786545199,0.09506560423457423,0.48300678501289096,1.0,True,False
0.40932840726741004,0.0,False,0.0,1.0,0.75,0.25,0.0,0.1808045891496123,0.056538689629888526,0.6099200403082694,1.0,False,False
0.48925330496191266,0.0,False,0.0,1.0,0.75,0.875,0.125,0.029088526240490315,0.010469382150441117,0.8548056563157282,1.0,False,False
0.2002739202454118,0.0,False,0.0,1.0,0.875,0.825,0.125,0.12980666603249635,0.044857884418250005,0.6268372303796679,1.0,True,False
0.12365765771466408,0.0,False,1.0,0.0,0.75,0.825,0.125,0.27351749829802163,0.02431794219488592,0.48098497920286065,1.0,True,False
0.319169647423149,0.5,False,0.0,1.0,0.75,0.8500000000000001,0.125,0.15474320038647732,0.047352445176674085,0.5644370449756049,1.0,True,False
0.21069776311509292,0.0,False,0.0,1.0,1.0,0.875,0.125,0.22924500293079614,0.0386346101569276,0.6088147840192217,1.0,True,False
0.3963179640618252,0.5,False,1.0,0.0,0.875,0.8625,0.25,0.14351895101538276,0.032589017009196475,0.5980072294655083,1.0,False,False
0.14488155464167207,0.0,False,1.0,0.0,1.0,0.9375,0.125,0.5734304623266553,0.2938879901014745,0.1608412356992146,1.0,True,False
0.2554086378279916,0.0,False,1.0,0.0,0.375,0.625,0.125,0.37956682367896244,0.17346656258571988,0.29319028690159077,1.0,True,False
0.34546381748910326,1.0,False,0.0,0.0,1.0,1.0,0.375,0.43343211714446,0.3271191858310509,0.26578821963845267,1.0,False,False
0.3450326538877585,0.0,False,1.0,0.0,1.0,1.0,0.125,0.12535197727807842,0.02582921979099242,0.6599601628862826,1.0,True,False
0.14219413557029703,0.0,False,0.0,1.0,0.75,0.825,0.125,0.3548521757297431,0.08488325187985613,0.3687796470445228,1.0,True,False
0.43823980176285293,0.0,False,0.0,1.0,1.0,0.7875000000000001,0.125,0.04649117803125562,0.042221452605331035,0.7682947650979086,1.0,False,False
0.452402932671944,0.5,False,0.0,1.0,1.0,1.0,0.25,0.4198229555590082,0.1193541842874823,0.2864672376585786,1.0,False,False
0.19228886384536403,0.0,False,1.0,0.0,0.875,0.9125000000000001,0.125,0.27172294200144104,0.030338368752035324,0.4166031692670842,1.0,True,False
0.2870972751670433,0.0,True,0.0,0.0,1.0,0.9750000000000001,0.125,0.16685593080044622,0.05392262965949726,0.6736900243230464,1.0,True,False
0.2613872253985209,0.0,False,0.0,1.0,0.875,0.8625,0.0,0.2258136365918087,0.013821144723096567,0.5910152674568743,1.0,False,False
0.3450326538877585,0.25,False,0.0,1.0,0.5,0.5,0.125,0.2090748320476,0.12585325234018135,0.539231948023337,1.0,True,False
0.1768312588239036,0.0,False,0.0,0.0,0.5,0.75,0.125,0.2727305725637658,0.03461209381276832,0.4217924142366556,1.0,True,False
0.41487477228764413,0.0,False,1.0,0.0,0.875,0.8375000000000001,0.0,0.28464138660705324,0.01810573199624434,0.4504685294485735,1.0,False,False
0.5199528980018747,0.75,False,1.0,0.0,0.875,0.875,0.25,0.3527277376972379,0.14914077427827568,0.330068131755495,1.0,False,False
0.34546381748910326,0.75,False,1.0,0.0,0.75,0.8625,0.375,0.2681709739840968,0.09031388247566582,0.5060573801273005,1.0,False,False
0.3397752827221884,0.5,False,0.0,1.0,0.875,0.6625000000000001,0.0,0.09689575662807426,0.0128589472221427,0.7025169496357209,1.0,False,False
0.2550506038158944,0.0,True,0.0,0.0,1.0,0.9875,0.125,0.4139366021018311,0.22845092649843493,0.28911039605522904,1.0,False,False
0.18684636599629756,0.0,False,0.0,0.0,1.0,1.0,0.125,0.3234374681864701,0.26891300765889065,0.35121366048408986,1.0,True,False
0.14253229716796056,0.0,False,0.0,0.0,1.0,0.875,0.125,0.34684592169588757,0.1720352595550626,0.32914288725538654,1.0,True,False
0.2905049056005683,0.0,False,0.0,1.0,0.875,1.0,0.125,0.6557617980934306,0.2602790370740651,0.16281096954876983,1.0,False,False
0.32004148953752243,0.0,False,0.0,1.0,1.0,0.875,0.0,0.22536613238346584,0.037821271849273454,0.6402228608005518,1.0,False,False
0.31371797537952617,0.25,False,0.0,1.0,0.875,0.9125000000000001,0.0,0.20180803566585165,0.035534595509398685,0.5357657642045748,1.0,False,False
0.1839274901469682,0.0,True,0.0,1.0,1.0,0.9625000000000001,0.125,0.25804146998499844,0.005907019783598887,0.5045853031325243,1.0,True,False
0.3879599563902262,0.25,True,1.0,0.0,1.0,1.0,0.125,0.231542613936195,0.05799562128083197,0.5481851072475785,1.0,False,False
0.3568270441449498,1.0,True,0.0,1.0,1.0,1.0,0.25,0.13725161984045772,0.026936631979536538,0.6250009184393099,1.0,False,False
0.14253229716796056,0.0,False,0.0,1.0,0.75,0.75,0.125,0.239605640509796,0.047600870232476916,0.5299054421891303,1.0,True,False
0.19806420122279356,0.0,False,1.0,0.0,1.0,1.0,0.25,0.25849996365071626,0.19901028955041972,0.4233347509483554,1.0,True,False
0.2681723029263853,0.0,False,0.0,0.0,1.0,0.9875,0.125,0.31011367645902865,0.13370250672497466,0.36322924663551315,1.0,False,False
0.14219413557029703,0.0,False,0.0,1.0,0.875,0.875,0.125,0.3617077177100486,0.07756056343802292,0.36009919407321944,1.0,True,False
0.2622496842503297,0.25,False,1.0,0.0,1.0,0.925,0.125,0.254624153428553,0.12933521243271387,0.4129225698486232,1.0,True,False
0.4560771741693238,0.5,False,0.0,1.0,1.0,0.9500000000000002,0.25,0.23820474958536206,0.06313848573076992,0.49609924844517317,1.0,False,False
0.2851418768530768,0.5,False,0.0,0.0,0.875,0.625,0.125,0.3491815111939622,0.18835655075497568,0.32743848380138707,1.0,False,False
0.44008115372818246,0.75,False,0.0,1.0,0.875,0.875,0.25,0.13536373260273493,0.007006720416934354,0.6162222294132444,1.0,False,False
0.18123164832544447,0.0,True,0.0,0.0,1.0,0.9500000000000002,0.125,0.40970811659262135,0.16925439481180246,0.2767144229122671,1.0,True,False
0.21092769570354153,0.0,False,1.0,0.0,1.0,1.0,0.125,0.300418601425558,0.04869825712833955,0.42982539927175556,1.0,True,False
0.34187498828329843,1.0,False,1.0,0.0,0.875,0.8625,0.25,0.15174481600586204,0.07692446068084051,0.5686900998543549,1.0,False,False
0.11281172005477969,0.0,False,0.0,0.0,1.0,1.0,0.125,0.725522766266794,0.46179426411174307,0.11995278305923063,1.0,True,False
0.31046965768891643,0.0,False,0.0,0.0,1.0,0.9750000000000001,0.125,0.24252297523937955,0.03615331354017813,0.5314076513573585,1.0,True,False
0.23455826676495228,0.0,False,0.0,1.0,0.875,0.75,0.0,0.3869198622419254,0.015213913513975818,0.3332242907452929,1.0,False,False
0.31929445885789687,0.0,False,0.0,0.0,0.875,0.9125000000000001,0.125,0.3692131867193839,0.14146034206135003,0.3302040998631466,1.0,False,False
0.14320669321579982,0.0,False,0.0,1.0,0.75,0.7875000000000001,0.125,0.31784788613717285,0.012483660756466978,0.3981980939195706,1.0,True,False
0.298818265612499,0.0,False,0.0,1.0,1.0,0.8875,0.0,0.11524575437982278,0.02233754592908814,0.6319356976762074,1.0,False,False
0.34834708746563126,0.5,False,1.0,0.0,0.875,0.9125000000000001,0.125,0.29761854310997293,0.030553480667930687,0.4296172637878073,1.0,True,False
0.25576595090664944,0.0,False,1.0,0.0,0.25,0.125,0.125,0.43039106345356465,0.3076586011675086,0.29446826672213144,1.0,False,False
0.15174828993494538,0.0,False,0.0,0.0,1.0,1.0,0.125,0.6312092536124749,0.23294146427219628,0.17965552359946102,1.0,True,False
0.4526973346893789,1.0,True,0.0,1.0,1.0,1.0,0.25,0.19724426241843326,0.10721595232640371,0.49668124794620794,1.0,False,False
0.18365974150551534,0.0,False,0.0,0.0,1.0,0.9125000000000001,0.125,0.3481123263390523,0.025377603166798934,0.3609082895136444,1.0,True,False
0.3260273140576445,0.0,False,1.0,0.0,0.25,0.25,0.125,0.10273923688287163,0.055548754018758105,0.6563290158754849,1.0,True,False
0.4868430703449339,0.75,False,0.0,1.0,1.0,1.0,0.25,0.11805056777768734,0.07678248208735851,0.6297475464115307,1.0,False,False
0.280234742762413,0.0,False,0.0,1.0,0.625,0.5875,0.0,0.22369563923621538,0.05154054803995632,0.49132920132886193,1.0,False,False
0.18285406304126817,0.25,False,0.0,1.0,0.75,1.0,0.125,0.116012205177764,0.0498076127364423,0.6522718550388693,1.0,False,True
0.25576595090664944,0.0,False,1.0,0.0,1.0,1.0,0.125,0.45827327901899867,0.11619766064834267,0.26412970351522147,1.0,True,False
0.3540793656014395,0.0,False,0.0,0.0,0.875,0.7875000000000001,0.125,0.2889051652469791,0.03686068357299414,0.4009219772027288,1.0,False,False
0.2737424067449248,0.0,True,0.0,0.0,1.0,0.9750000000000001,0.125,0.2404844096753151,0.08525049009964726,0.47699893166109986,1.0,True,False
0.17288931976518618,0.0,False,1.0,0.0,0.75,0.875,0.125,0.4114664870203526,0.21706723898031882,0.31802967840022145,1.0,True,False
0.39680230618115464,0.5,False,0.0,1.0,0.875,0.9000000000000001,0.25,0.3726634268511235,0.04464098841077801,0.31054236029311566,1.0,False,False
0.24604522726389022,0.0,False,1.0,0.0,0.875,0.8875,0.125,0.29790864488783564,0.021477866862838372,0.42518471817614345,1.0,True,False
0.4534019131011636,1.0,False,0.0,0.0,0.875,0.9625000000000001,0.5,0.45402049862019156,0.41129258451170586,0.2470705174820067,1.0,False,False
0.32614739571272533,0.25,False,0.0,1.0,1.0,0.8125,0.0,0.2749280935232955,0.0612073522877699,0.42726595462484607,1.0,False,False
0.2043742145179328,0.0,False,0.0,0.0,0.875,0.8875,0.125,0.17519470638559817,0.07001515082713423,0.5326957963825569,1.0,True,False
0.3895626119953187,0.5,False,0.0,1.0,0.875,0.875,0.125,0.3125468474353465,0.02883783834130029,0.37198929933204705,1.0,False,False
0.4387496723223768,0.0,True,0.0,1.0,1.0,0.9875,0.0,0.2276288474610106,0.015478755146897389,0.5872294830196696,1.0,False,False
0.21923229936250388,0.0,False,0.0,1.0,1.0,0.9125000000000001,0.125,0.38452380922789425,0.09372102288251369,0.3038401037648182,1.0,True,False
0.1083625951338244,0.0,False,0.0,0.0,0.625,0.6625000000000001,0.125,0.23493519561513646,0.07574421140956435,0.46993551759154073,1.0,True,False
0.26966384115039865,0.5,False,0.0,0.0,0.875,0.9375,0.125,0.3384629830671167,0.29764553003467464,0.33891071822723373,1.0,False,False
0.4461659536261936,1.0,True,0.0,1.0,0.875,0.9500000000000002,0.25,0.15103698715474478,0.036440819450670466,0.5866836061991663,1.0,False,False
0.3326297943954285,1.0,False,0.0,1.0,0.875,0.875,0.125,0.8661541265732259,0.449701130493485,0.05108734204940357,1.0,False,False
0.1935604594262752,0.0,False,0.0,1.0,0.875,0.8125,0.125,0.1010914309765711,0.034998689079004185,0.7112403153683147,1.0,True,False
0.24566777319209177,0.25,False,0.0,0.0,0.625,0.5625,0.125,0.8448346606987265,0.5006638000063017,0.06076347210025257,1.0,False,False
0.17655257740394903,0.0,False,0.0,1.0,0.75,0.7250000000000001,0.125,0.1912232805931131,0.017689725896107362,0.5275609536591439,1.0,True,False
0.3391070226803393,0.0,False,1.0,0.0,0.875,0.925,0.125,0.27304909178421755,0.012647973956678417,0.4553381210056482,1.0,True,False
0.3247010247246819,0.0,False,1.0,0.0,0.875,0.7875000000000001,0.125,0.06369925039520256,0.03301581019532934,0.7328949388024593,1.0,True,False
0.34621584209361733,0.0,False,0.0,1.0,0.875,0.7875000000000001,0.125,0.2206751808429599,0.08333351484100127,0.5551106570958924,1.0,False,False
0.1083625951338244,0.0,False,0.0,0.0,0.75,0.5875,0.125,0.4261236098839594,0.20798556305985713,0.2648104005848455,1.0,True,False
0.27470747007027463,0.0,False,0.0,0.0,1.0,1.0,0.125,0.37852655869738133,0.21935463722957677,0.3008823279202366,1.0,True,False
0.6225701226977943,1.0,True,1.0,0.0,0.875,0.925,0.25,0.016245249643067672,0.01025702732224825,0.8761825628246149,1.0,False,False
0.19781696967121776,0.0,False,0.0,0.0,1.0,1.0,0.125,0.3584469620444797,0.06175240185772632,0.36223179204283507,1.0,True,False
0.233144713316363,0.0,False,0.0,0.0,1.0,0.9750000000000001,0.125,0.23352605057948927,0.0753699109613954,0.48943377089945184,1.0,True,False
0.09386010763919217,0.0,False,1.0,0.0,0.875,0.925,0.125,0.6593640228335794,0.47641389458885364,0.15429742445950012,1.0,True,False
0.3539767781193147,0.25,False,0.0,1.0,0.875,0.75,0.0,0.2657191069620038,0.04239751411109642,0.4839733578443992,1.0,False,False
0.3568270441449498,0.5,False,0.0,1.0,0.75,0.5,0.125,0.31174873580074025,0.010615244418057664,0.4070928635481996,1.0,False,False
0.509203190025766,0.5,False,0.0,0.0,1.0,1.0,0.25,0.07863305132335695,0.04813176155848455,0.7291902186854444,1.0,False,False
0.47286274451069377,0.25,False,0.0,0.0,0.875,0.9625000000000001,0.125,0.35139129638595495,0.06347536371314096,0.3499222352150797,1.0,False,False
0.3194191825672693,0.0,False,0.0,1.0,0.875,1.0,0.0,0.22536586012605514,0.037821037126053274,0.6402221889746924,1.0,False,False
0.25807111162994967,0.0,False,0.0,1.0,1.0,1.0,0.125,0.18153753239325993,0.04192005839547271,0.5505451315343188,1.0,True,False
0.47207331285125054,1.0,False,1.0,0.0,1.0,1.0,0.375,0.369507851336996,0.23070309347723336,0.3086397869671227,1.0,False,False
0.11201104130645712,0.0,False,0.0,0.0,0.25,0.0,0.125,0.5888516481108593,0.5548895054281164,0.1841506967045019,1.0,False,True
0.1623315399495997,0.0,False,0.0,0.0,0.75,0.9375,0.125,0.34533596078898615,0.11874700843199276,0.3188083831271278,1.0,True,False
0.39639877960853875,0.5,False,1.0,0.0,0.75,0.7375,0.25,0.2605399715558455,0.019027675694084933,0.43691041128675456,1.0,False,False
0.16885782018472062,0.0,False,0.0,1.0,1.0,1.0,0.125,0.3292595787235333,0.024663717721314996,0.3860955641398167,1.0,True,False
0.1255265552107213,0.0,False,1.0,0.0,0.875,0.8875,0.125,0.39315973367466606,0.08715490053235038,0.30959287979783423,1.0,True,False
0.39280761084183624,0.5,False,0.0,0.0,0.875,0.9125000000000001,0.25,0.3406232292848922,0.16451539242606814,0.3408598312436739,1.0,False,False
0.4889657993898552,0.75,True,0.0,1.0,1.0,1.0,0.25,0.04182118513428549,0.038488581669870896,0.784315282795716,1.0,False,False
0.3540793656014395,1.0,False,0.0,1.0,0.625,0.7375,0.25,0.38016330658351777,0.03397842011354794,0.31460160266913517,1.0,False,False
0.33135212084661003,0.5,False,0.0,0.0,0.875,0.6625000000000001,0.125,0.008498270327650494,0.017127135413963594,0.957676692716324,1.0,True,False
0.1514272581382603,0.0,False,0.0,0.0,0.875,0.8375000000000001,0.125,0.35698613621709013,0.23282121565153419,0.3303226712976626,1.0,True,False
0.2127565088279989,0.0,False,0.0,1.0,0.875,0.8875,0.125,0.2010090637177618,0.10760164703870603,0.4883463168688713,1.0,True,False
0.2043742145179328,0.0,False,1.0,0.0,0.875,0.9125000000000001,0.125,0.46281736910943955,0.08972334463519345,0.28758771281325,1.0,True,False
0.30662557203613117,0.0,False,1.0,0.0,0.0,0.0,0.125,0.4478733657616263,0.05313650491916182,0.27927002802061907,1.0,False,False
0.3175390592151929,0.0,False,1.0,0.0,1.0,0.9750000000000001,0.125,0.2677895085846386,0.236047940461606,0.41596562326905895,1.0,True,False
0.23536098458677301,0.0,False,0.0,1.0,0.625,0.6625000000000001,0.0,0.22877394358695546,0.03119715904178082,0.4977135122274592,1.0,False,False
0.34481667859013754,0.25,False,1.0,0.0,1.0,0.9375,0.125,0.2713603486303996,0.02753535269592841,0.4234695780118851,1.0,False,False
0.5557870943432338,0.5,False,0.0,1.0,1.0,0.925,0.25,0.06224235689574711,0.014073978790901824,0.7611422917468342,1.0,False,False
0.40614500904290274,0.5,False,0.0,0.0,1.0,1.0,0.25,0.23243287950600622,0.055847609699688855,0.5504262609282833,1.0,False,False
0.5058339747628618,1.0,False,0.0,1.0,0.875,0.6000000000000001,0.375,0.2602921876897131,0.12713983370365034,0.4524405929711497,1.0,False,False
0.5140567758543378,0.5,False,0.0,1.0,1.0,0.9750000000000001,0.25,0.05999204985397126,0.04175069599799112,0.8643422035276322,1.0,False,False
0.28932705032438155,0.0,False,1.0,0.0,0.75,0.75,0.125,0.6115937975842224,0.23270870829927848,0.1955325366646956,1.0,False,False
0.37247542754863716,0.0,False,0.0,0.0,1.0,0.9375,0.125,0.06918822781418381,0.009150400642960051,0.7777705977349383,1.0,False,False
0.367601260364658,0.5,False,0.0,0.0,0.875,0.9125000000000001,0.25,0.469676803913248,0.17059744575609523,0.252458945139282,1.0,False,False
0.2663321202676794,0.0,True,0.0,0.0,1.0,0.9625000000000001,0.125,0.47867359594391334,0.08881204677210368,0.2857238242602478,1.0,True,False
0.12365765771466408,0.0,False,0.0,1.0,0.75,0.7625,0.125,0.4216129432266129,0.07645772998890127,0.31822925179752737,1.0,True,False
0.29755351618285075,0.0,True,1.0,0.0,1.0,0.9875,0.125,0.18186968733245268,0.019803328981572325,0.5098373324728702,1.0,True,False
0.28316469095842334,0.0,False,0.0,0.0,1.0,0.9000000000000001,0.125,0.1829398242159503,0.023137961044375856,0.5540259020437743,1.0,True,False
0.5401081068786117,0.5,False,1.0,0.0,0.625,0.675,0.25,0.16068444730649278,0.05361812506640095,0.6738650247595035,1.0,False,False
0.14253229716796056,0.0,False,0.0,1.0,0.75,0.7875000000000001,0.125,0.28374870949429737,0.09659971425967902,0.4735181212903188,1.0,True,False
0.24491044783901683,0.0,False,0.0,1.0,1.0,0.9500000000000002,0.125,0.3958286945353736,0.08426425168107599,0.28520096446285415,1.0,False,False
0.3801653325883635,0.0,False,0.0,0.0,0.875,0.8500000000000001,0.125,0.13643601107854278,0.05576337310784369,0.6001258023226597,1.0,False,False
0.4482895030358859,0.5,False,0.0,1.0,1.0,0.8375000000000001,0.25,0.07455651755476063,0.030404075228694965,0.7122227459931381,1.0,False,False
0.09341509162752937,0.0,False,0.0,0.0,0.875,0.7875000000000001,0.125,0.3184221299646519,0.2944145124157594,0.36563789822615744,1.0,True,False
0.19806420122279356,0.0,False,0.0,0.0,1.0,0.875,0.125,0.07332707057662124,0.020140735939299936,0.7795540445086759,1.0,True,False
0.21746934944105067,0.0,False,0.0,0.0,0.875,0.925,0.125,0.2848606678443935,0.17919995367698896,0.4010636183956202,1.0,True,False
0.1083625951338244,0.0,False,0.0,1.0,0.875,0.8500000000000001,0.125,0.30383536306491576,0.039899813660315975,0.4071603778496744,1.0,True,False
0.16768893769094773,0.0,False,1.0,0.0,0.875,0.9375,0.125,0.43738601992227855,0.23800081844929977,0.2710086637928639,1.0,True,False
0.40468592299731265,0.0,False,0.0,0.0,1.0,0.9625000000000001,0.125,0.11002512132195615,0.02334968429145677,0.7604147192599777,1.0,False,False
0.4322024856623231,0.0,True,0.0,0.0,0.875,0.9000000000000001,0.125,0.055237340184762736,0.045645723837239284,0.7389332041919405,1.0,False,False
0.19978524407306764,0.0,False,0.0,1.0,0.75,0.8500000000000001,0.125,0.4775417031756871,0.07591491856313022,0.29107925703350235,1.0,True,False
0.34546381748910326,0.0,False,1.0,0.0,1.0,0.9500000000000002,0.125,0.14238997359698244,0.055796666961728886,0.5870065973618785,1.0,True,False
0.3746806686684955,0.5,False,0.0,1.0,0.875,0.8,0.125,0.05066995092933662,0.023299061292968083,0.7868498361423986,1.0,False,False
0.4686112682950666,0.0,False,0.0,0.0,1.0,1.0,0.125,0.16604669838420877,0.05458914992154439,0.6212541362814128,1.0,False,False
0.1331678261903072,0.0,True,1.0,0.0,1.0,0.9625000000000001,0.125,0.5644458544208689,0.09290605807175625,0.17020308032541553,1.0,True,False
0.31320222383114726,0.0,False,1.0,0.0,1.0,1.0,0.0,0.1177939587972158,0.06568578862469904,0.6509090118859358,1.0,True,False
0.3773092805106063,0.25,False,1.0,0.0,0.5,0.5,0.25,0.3642817888259839,0.14752081091971078,0.3636602738853403,1.0,True,False
0.19855763336115373,0.0,True,0.0,0.0,1.0,0.9500000000000002,0.125,0.5117554970824008,0.37154070881219986,0.26512111970735286,1.0,True,False
0.2942798206217231,0.0,True,0.0,1.0,1.0,1.0,0.125,0.370606605769702,0.047084916107018655,0.3135213539761259,1.0,False,False
0.22335041887289453,0.0,False,0.0,0.0,1.0,0.9500000000000002,0.125,0.2344346619519422,0.05083367227773192,0.5368869511762566,1.0,True,False
0.13739093600892593,0.0,False,0.0,0.0,1.0,1.0,0.125,0.5888374533711442,0.6588829316159714,0.1755118063997403,1.0,True,False
0.31371797537952617,0.0,False,0.0,0.0,1.0,1.0,0.125,0.39629670364831276,0.06394469023222113,0.3015264658622183,1.0,False,False
0.46731570581931303,0.5,False,0.0,1.0,0.875,0.9125000000000001,0.125,0.2804631192903368,0.027965557531302348,0.45737679606313253,1.0,False,False
0.1662169232124454,0.0,False,1.0,0.0,0.875,0.875,0.125,0.3053838854167096,0.009641993732548431,0.4115653578884255,1.0,True,False
0.20861485165257365,0.0,False,1.0,0.0,0.875,0.875,0.125,0.1504549723490269,0.07146821762152882,0.5705553000019619,1.0,True,False
0.11201104130645712,0.0,False,0.0,0.0,1.0,0.9750000000000001,0.125,0.5584576306895301,0.2590227129328999,0.1692508823807084,1.0,True,False
0.3623938017677343,0.0,False,0.0,0.0,1.0,0.9750000000000001,0.125,0.2921611693072305,0.05490497562549471,0.43367315078480306,1.0,False,False
0.1839274901469682,0.0,True,1.0,0.0,1.0,1.0,0.125,0.45156089446417375,0.08182537269689424,0.24540792841349468,1.0,True,False
0.37312145867840807,0.25,False,0.0,0.0,0.875,0.9500000000000002,0.25,0.34934160841743406,0.03235502862870969,0.3286924669253999,1.0,False,False
0.3460013029308767,0.0,False,0.0,0.0,1.0,1.0,0.125,0.32211801123246403,0.16920982918857524,0.3470315296437363,1.0,True,False
0.13669402701256517,0.25,True,1.0,0.0,1.0,0.9625000000000001,0.125,0.42418328152235124,0.23767081006503424,0.2572463335837949,1.0,True,False
0.3937122393982392,0.75,False,1.0,0.0,0.875,0.9125000000000001,0.25,0.40798584522565023,0.019470863377402992,0.27589758060663505,1.0,False,False
0.3815763036271532,0.5,False,0.0,0.0,0.5,0.5375000000000001,0.25,0.28316194603033507,0.06920714387819768,0.43752502980993446,1.0,False,False
0.1809597978384757,0.25,False,0.0,1.0,0.75,0.65,0.125,0.46536909936170234,0.04392749365230706,0.2646378338948754,1.0,True,False
0.2116157112398308,0.0,False,0.0,0.0,1.0,1.0,0.125,0.42430759090696807,0.07872710428599447,0.29127676917917067,1.0,True,False
0.22162810771808772,0.0,True,1.0,0.0,1.0,0.9625000000000001,0.125,0.3176676119591369,0.02319587433633735,0.41220029003895564,1.0,True,False
0.10040479747328823,0.5,False,1.0,0.0,0.875,0.9125000000000001,0.125,0.42081583457654986,0.0702339768993068,0.303270088201556,1.0,True,False
0.3701487820458734,0.5,False,0.0,1.0,0.625,0.65,0.125,0.26469422163543915,0.05175373404360966,0.4867744756249601,1.0,False,False
0.4140720739994729,0.0,False,1.0,0.0,1.0,1.0,0.125,0.1749939802284682,0.047671029587341485,0.750058082058823,1.0,False,False
0.27293415856989967,0.0,True,1.0,0.0,1.0,0.925,0.125,0.24570503157280218,0.02461890350542815,0.4778584481437005,1.0,True,False
0.24736002948128755,0.0,False,0.0,1.0,0.75,0.75,0.125,0.27254851949499925,0.032485781273252384,0.47125967007443004,1.0,True,False
0.25576595090664944,0.75,False,1.0,0.0,1.0,1.0,0.125,0.4396966692695437,0.33659986493257754,0.25916895135941265,1.0,True,False
0.1894588591278764,0.0,False,1.0,0.0,0.875,0.9375,0.125,0.37636453776077683,0.2812982372466047,0.31058303839487,1.0,True,False
0.2433860312682724,0.0,False,0.0,0.0,0.875,0.8375000000000001,0.125,0.5141498728319399,0.016539922095423844,0.2003433878612979,1.0,True,False
0.3033800518652746,0.0,True,0.0,0.0,1.0,0.9750000000000001,0.125,0.1888433553129132,0.06978663653309877,0.571479240135875,1.0,True,False
0.3517047172813942,0.5,True,0.0,1.0,0.875,0.9750000000000001,0.125,0.28297747160843884,0.04462552292855618,0.4129578639277032,1.0,False,False
0.11241183227452445,0.0,False,0.0,0.0,0.875,0.8375000000000001,0.125,0.33311880629282203,0.009402456286946996,0.3947954737035029,1.0,True,False
0.3333228491454189,1.0,False,0.0,1.0,1.0,0.9375,0.25,0.8765131767331983,0.6726850609418078,0.04803508216924923,1.0,False,False
0.2631079715875674,0.0,False,0.0,1.0,1.0,0.875,0.125,0.47182947298017547,0.1111781687065971,0.27345113974539514,1.0,True,False
0.21769067839603506,0.0,False,1.0,0.0,1.0,0.9375,0.125,0.4228577487034734,0.14819014774124148,0.2830410292256529,1.0,True,False
0.38262721781504616,0.75,False,0.0,0.0,1.0,0.9000000000000001,0.25,0.532285446010691,0.10542310837035268,0.18550081493255477,1.0,False,False
0.1647325956691652,0.0,False,0.0,1.0,0.75,0.5875,0.125,0.34583586011641865,0.05283273975386423,0.36963610885962606,1.0,False,True
0.3623938017677343,0.5,False,0.0,0.0,1.0,1.0,0.25,0.5011598090757324,0.07827181197685994,0.21172331603854055,1.0,False,False
0.3207853885551156,0.5,True,1.0,0.0,1.0,1.0,0.25,0.4075652394562901,0.17669401615400654,0.27889175005562095,1.0,False,False
0.24184840542655606,0.0,False,0.0,0.0,1.0,0.9875,0.125,0.29094770783480106,0.17980761175293883,0.37976379358641976,1.0,True,False
0.3568270441449498,0.0,False,1.0,0.0,0.875,0.875,0.125,0.1673420655379202,0.006079902526396692,0.5576258308219879,1.0,True,False
0.1552418311750694,0.0,True,0.0,0.0,1.0,1.0,0.125,0.41558337013535634,0.09206466956509642,0.2754642719931837,1.0,True,False
0.29138319459034745,0.0,False,0.0,0.0,0.875,0.9125000000000001,0.0,0.2000813674768369,0.11312487765153831,0.5271835246956267,1.0,False,False
