realSum,person_capacity,host_is_superhost,multi,biz,cleanliness_rating,guest_satisfaction_overall,bedrooms,dist,metro_dist,attr_index,room_type_Private room,room_type_Shared room
0.370242435938659,0.75,False,0.0,1.0,1.0,0.75,0.125,0.2880708751663429,0.07099318267051345,0.4283561917795453,False,False
0.4789534152710587,1.0,False,0.0,1.0,0.625,0.6125,0.25,0.279082450574247,0.029084730393312896,0.46282230540050584,False,False
0.10795254270854027,0.0,False,0.0,1.0,0.875,0.875,0.125,0.30496047872544424,0.023690989819380746,0.4095508763127931,True,False
0.15206874199191067,0.0,False,0.0,0.0,1.0,0.925,0.125,0.3413581874615426,0.08006328119698247,0.37886271771126845,True,False
0.3519124745886729,0.5,False,0.0,0.0,1.0,1.0,0.125,0.28508430866991297,0.07255606107945879,0.39128415500977787,False,False
0.3607222770624977,1.0,False,0.0,0.0,0.75,0.75,0.25,0.490219341917265,0.13214958873080349,0.2238261707114697,False,False
0.2989582385018158,0.25,False,1.0,0.0,0.875,0.8,0.125,0.4308660916998898,0.1039958147949875,0.29904203668717244,False,False
0.1533447944555858,0.0,False,0.0,0.0,0.875,1.0,0.125,0.5492899771082866,0.1734930021682572,0.2528820580427156,True,False
0.30255931132821623,0.0,False,1.0,0.0,0.875,0.9500000000000002,0.125,0.3666212713438446,0.35557538397291516,0.3173726777460235,False,False
0.1494887743367328,0.0,True,0.0,0.0,1.0,0.9875,0.125,0.3271840095051302,0.1350367553797136,0.3588687221358531,True,False
0.2347592869000048,0.5,True,1.0,0.0,1.0,0.9875,0.125,0.5625178844161995,0.0887997518825229,0.17129964792350072,True,False
0.26532028250539186,0.0,False,0.0,0.0,1.0,0.75,0.125,0.17947386519036287,0.09755578138518718,0.512675107298227,True,False
0.40560884582436596,0.75,False,0.0,0.0,0.875,0.9125000000000001,0.375,0.37340284815391267,0.020235916825222754,0.3344915354668907,False,False
0.622660448583637,1.0,True,1.0,0.0,0.875,0.925,0.25,0.016243592884876704,0.010259432004548801,0.8761855564045247,False,False
0.2999349693770291,0.0,False,1.0,0.0,0.875,0.9000000000000001,0.125,0.3883278624283398,0.1858663166683864,0.2827428299034698,True,False
0.38140054457333117,1.0,False,0.0,1.0,0.5,0.6875,0.375,0.2608607515553096,0.09255560787886416,0.531151562105779,False,False
0.2571880515761136,0.0,False,0.0,1.0,0.75,0.75,0.125,0.21437606707132495,0.025520689383187738,0.7366045813007469,True,False
0.19279859605348382,0.5,False,0.0,1.0,0.875,0.8500000000000001,0.125,0.44070231720709724,0.3086620139663383,0.2608880535917175,True,False
0.3369741089395214,0.0,True,0.0,1.0,1.0,1.0,0.125,0.3600566614474816,0.02371666559673728,0.32454541845072615,False,False
0.34307934735379086,0.25,False,0.0,1.0,0.75,0.8125,0.0,0.2701557702011715,0.03478814992820971,0.47541778744899954,False,False
0.34610860493463325,0.0,False,0.0,0.0,0.25,0.5,0.25,0.5641839876188571,0.11922005645311373,0.17123551536307602,True,False
0.1717467783888943,0.0,True,1.0,0.0,0.875,0.9750000000000001,0.125,0.32618333367520697,0.1479104112986078,0.3478259258772023,True,False
0.28239833003520975,0.0,False,0.0,0.0,1.0,0.9500000000000002,0.125,0.4458874627214263,0.06931277329854493,0.3039996267559102,False,False
0.2577184147642907,0.0,False,0.0,1.0,0.875,0.7875000000000001,0.125,0.4983859392148058,0.0741689809048629,0.2059216969237676,True,False
0.1682743413758333,0.0,False,0.0,0.0,1.0,1.0,0.125,0.271609346481857,0.23574702387070273,0.41651138245560726,True,False
0.4613096569994547,1.0,False,0.0,1.0,1.0,0.8125,0.25,0.21793034626718627,0.08472850448197432,0.6383040984374886,False,False
0.29684696291536883,0.0,False,0.0,1.0,0.75,0.7750000000000001,0.125,0.5476613436243876,0.03532395522422742,0.17546376394822505,True,False
0.17959426306389814,0.0,False,0.0,1.0,0.75,0.8125,0.125,0.37681275499995776,0.04104096137868332,0.32898093463975986,True,False
0.21069776311509292,0.0,False,0.0,0.0,0.875,1.0,0.125,0.6197091208691713,0.705433645651116,0.1487054891676738,True,False
0.4097785520887808,0.5,False,1.0,0.0,0.875,0.925,0.25,0.3507469528531565,0.03691548750447299,0.3697674713953698,False,False
0.33999747799441093,0.75,False,1.0,0.0,0.875,0.9375,0.125,0.20644671970242395,0.04452005675799859,0.5156583001744952,True,False
0.4675863958028793,0.0,False,0.0,1.0,1.0,0.8375000000000001,0.125,0.04338893533490636,0.023406410280806353,0.81962691958653,False,False
0.11201104130645712,0.0,False,0.0,0.0,1.0,1.0,0.125,0.6415000983087266,0.7335311052228396,0.13648913713117095,True,False
0.19126498563031902,0.0,False,0.0,0.0,1.0,1.0,0.125,0.3348094664814704,0.03773369015374437,0.36972314425893593,True,False
0.47859787868421966,1.0,True,0.0,1.0,1.0,1.0,0.25,0.13653935896011277,0.027841043081128784,0.5992130323054834,False,False
0.2770974130574285,0.0,True,0.0,0.0,1.0,1.0,0.125,0.29448017254209596,0.06421117642060538,0.39422664946405983,False,False
0.11201104130645712,0.0,True,1.0,0.0,0.875,0.9625000000000001,0.125,0.5789021382950756,0.22535029848632465,0.1647484297434152,True,False
0.33999747799441093,0.5,False,1.0,0.0,0.625,0.8375000000000001,0.125,0.4912727847447817,0.055180316018133724,0.2198324833628833,False,False
0.3915665469418873,0.0,False,0.0,1.0,1.0,0.925,0.125,0.2333426735066137,0.07093240136111904,0.5518190149158646,True,False
0.12062586728341074,0.0,True,1.0,0.0,1.0,0.9375,0.125,0.8052600562723475,0.7057696292814164,0.09203225460865494,True,False
0.40781962365270374,0.5,True,0.0,0.0,0.75,0.9000000000000001,0.125,0.04016147305201738,0.03173507549262909,0.7872973499352476,False,False
0.16172616516349725,0.0,True,1.0,0.0,1.0,0.9500000000000002,0.125,0.40277692140514165,0.019560204370661843,0.2847737598872935,True,False
0.5164962848190163,0.75,True,1.0,0.0,1.0,0.9625000000000001,0.25,0.05197840555503577,0.019769175373669706,0.8164279382076978,False,False
0.4528149588716198,1.0,False,0.0,0.0,1.0,1.0,0.375,0.2632174931781361,0.026254174798007752,0.4675993766412274,False,False
0.2275844517662704,0.0,False,0.0,1.0,0.75,0.825,0.125,0.24971739551889674,0.05231362868349469,0.487210969638153,True,False
0.1167618027271069,0.0,False,0.0,0.0,0.875,0.8500000000000001,0.125,0.9579967924043478,0.6217808797018136,0.015409024143696382,True,False
0.2402973393912795,0.0,False,0.0,0.0,1.0,0.9750000000000001,0.125,0.15527518865122594,0.06304377085161467,0.5794165133470122,True,False
0.4108244704660037,0.5,False,0.0,0.0,1.0,1.0,0.25,0.2524124228869841,0.04412771834377431,0.42313639215826293,False,False
0.4156013604626895,0.0,False,1.0,0.0,0.875,0.8375000000000001,0.0,0.284641940845583,0.018103536179626196,0.45046766318863396,False,False
0.1533447944555858,0.0,False,1.0,0.0,0.75,0.7875000000000001,0.125,0.343973512134032,0.03058946900565369,0.37635788302979645,True,False
0.18123164832544447,0.0,False,0.0,0.0,1.0,0.9625000000000001,0.125,0.522344053957862,0.4370261491377124,0.23821935848003117,True,False
0.18841847275158208,0.0,True,1.0,0.0,1.0,0.9625000000000001,0.125,0.3908299377265089,0.1438395781874084,0.29093902891904255,True,False
0.24088057908739002,0.0,False,1.0,0.0,1.0,1.0,0.125,0.5776811756772086,0.07644041844671283,0.1583273129183871,True,False
0.2508804374664776,0.5,False,1.0,0.0,1.0,0.9375,0.125,0.3355309642739093,0.13839395828140955,0.3592551498766743,True,False
0.4393849572270748,0.0,False,0.0,1.0,0.875,0.8375000000000001,0.125,0.06647778103302135,0.024134559279439884,0.7954713144476253,False,False
0.3273437640392046,0.0,False,0.0,0.0,0.875,0.9500000000000002,0.125,0.46407919071497045,0.1537886010702625,0.2597607690703456,False,False
0.5100994620117983,0.5,False,0.0,1.0,0.875,0.9125000000000001,0.25,0.1327742173508211,0.02097155218911499,0.658078680786923,False,False
0.13281132137964757,0.0,True,0.0,0.0,0.875,0.9375,0.125,0.43171106165596534,0.062339558106918366,0.28591408139927554,True,False
0.17655257740394903,0.0,False,0.0,1.0,0.875,0.875,0.125,0.3042832487273469,0.06014241399384134,0.42741485796775747,True,False
0.3655942564375413,0.5,False,1.0,0.0,0.25,0.5,0.0,0.2611403278486878,0.0450334130155492,0.4945084688000103,False,False
0.19431906581166813,0.0,False,0.0,1.0,0.75,0.8500000000000001,0.125,0.353286603522191,0.04102140973511575,0.3463265354286391,True,False
0.3460013029308767,1.0,False,0.0,0.0,0.875,0.9125000000000001,0.5,0.3764305018248466,0.17864129180208657,0.3033278369118637,False,False
0.37721928394918136,0.0,False,0.0,0.0,0.875,0.8375000000000001,0.125,0.08931042564821676,0.05046368045781915,0.673416168534438,False,False
0.19126498563031902,0.25,False,0.0,1.0,0.75,1.0,0.125,0.11601146496889636,0.04980728426910373,0.6522740004860794,False,True
0.378385694073332,0.75,False,0.0,0.0,1.0,0.9375,0.25,0.25432077177678925,0.08250643529784904,0.5491000613511277,False,False
0.21069776311509292,0.0,False,1.0,0.0,0.875,0.875,0.125,0.35053565374604445,0.0995794434020694,0.3181189129441666,True,False
0.09117311568673825,0.0,False,1.0,0.0,0.875,0.8875,0.125,0.6818449735408401,0.5952363971502272,0.13490760469898366,True,False
0.1839274901469682,0.25,False,0.0,0.0,1.0,1.0,0.125,0.17693614316160675,0.015270583356969689,0.5536644888480569,True,False
0.2205431121343724,0.0,False,1.0,0.0,0.875,0.8875,0.0,0.3990023432971712,0.003552542882255235,0.3145298207701497,False,False
0.2807005945079062,0.0,False,0.0,1.0,0.75,0.7250000000000001,0.125,0.5487490294406377,0.02951432851289584,0.17488375187658645,True,False
0.08890245099564842,0.0,False,0.0,1.0,0.625,0.7625,0.125,0.30037474394291314,0.05400113891622442,0.43333604747715815,True,False
0.3130730513837682,0.0,True,0.0,0.0,0.875,0.9375,0.125,0.31573449598609177,0.05077879974090351,0.36360054566828803,False,False
0.332050173867274,0.5,False,0.0,0.0,1.0,0.8375000000000001,0.25,0.39551649353813334,0.19114119057198065,0.28008289906868455,False,False
0.11281172005477969,0.0,False,1.0,0.0,0.875,0.9000000000000001,0.125,0.549295039361726,0.07297975947491184,0.17948810593466646,True,False
0.21069776311509292,0.0,False,0.0,0.0,0.875,0.9000000000000001,0.125,0.2806745128820266,0.16778804419346535,0.4099187778571265,True,False
0.17904509321601503,0.0,False,1.0,0.0,0.875,0.9375,0.125,0.4252284507517868,0.05394651396764605,0.28577018744484195,True,False
0.29138319459034745,0.0,False,0.0,1.0,1.0,0.8875,0.125,0.23266228703963612,0.09355391548631783,0.46084016111346515,False,False
0.3424234377347789,0.75,True,0.0,1.0,1.0,0.9375,0.25,0.26947264775358376,0.08136759571164855,0.4044555994595618,True,False
0.4348243933684871,0.5,False,1.0,0.0,1.0,0.875,0.25,0.18822077114670568,0.0737391697286649,0.602586537939207,False,False
0.1839274901469682,0.0,False,1.0,0.0,0.875,0.9125000000000001,0.125,0.4287441091345459,0.11946049812770106,0.2605931750440946,True,False
0.3672207199021408,0.5,False,0.0,1.0,0.75,1.0,0.125,0.28008155850547384,0.05070659101896971,0.430458969135586,False,False
0.37963331254600596,0.5,False,0.0,1.0,0.875,0.7750000000000001,0.125,0.07443546373712291,0.019501726172101174,0.7296988985605046,False,False
0.1935604594262752,0.25,False,1.0,0.0,0.875,0.8875,0.125,0.24985442546238648,0.021759413874445913,0.526948830049377,True,False
0.40078789170443174,0.5,False,0.0,1.0,0.875,0.75,0.125,0.17829115105459203,0.05203931719350045,0.5857756745662788,False,False
0.25576595090664944,0.0,False,0.0,0.0,1.0,1.0,0.125,0.4648066166821143,0.04886268532858152,0.24029074795849636,True,False
0.2113866689982885,0.0,False,1.0,0.0,1.0,1.0,0.125,0.34868874053047655,0.04711982118815329,0.33108045122767593,False,False
0.46764048428441096,0.5,False,0.0,1.0,0.25,0.5,0.125,0.24742957586510103,0.0912761516998341,0.4935573106628177,False,False
0.30662557203613117,1.0,False,0.0,1.0,0.75,0.7875000000000001,0.125,0.17096077839565973,0.06384962646395063,0.5718742868981943,True,False
0.2397121763990986,0.0,True,1.0,0.0,1.0,1.0,0.125,0.2649071764202294,0.09602042867689177,0.43377418430387626,True,False
0.15174828993494538,0.0,True,0.0,0.0,0.875,0.9750000000000001,0.125,0.5149520785230076,0.012811103129911827,0.1998990622357426,True,False
0.4667187303729686,0.5,False,0.0,0.0,0.75,0.7125,0.25,0.25383911186775576,0.15261517308129177,0.45500245907494263,False,False
0.3103384799797889,0.5,False,0.0,0.0,1.0,1.0,0.125,0.43786439232452107,0.1933013878879779,0.24545171444237046,False,False
0.3207853885551156,0.5,False,0.0,0.0,1.0,0.9375,0.125,0.24525714308525806,0.09869263208853249,0.4326729038672754,False,False
0.21343748359103298,0.0,False,0.0,0.0,1.0,0.9125000000000001,0.125,0.23814644733621645,0.06304555425359856,0.5178539017260579,True,False
0.3543867726813287,0.25,False,0.0,1.0,1.0,1.0,0.25,0.49096122908836537,0.37173992249374704,0.21384046980768745,True,False
0.1564953483824092,0.0,False,0.0,0.0,1.0,0.9125000000000001,0.125,0.6062551802025831,0.19923988831714007,0.19841546240984398,True,False
0.31333130231796635,0.0,False,0.0,1.0,1.0,0.5,0.125,0.6524817006954413,0.26044213669646366,0.1650988471216721,False,False
0.3357274441343051,0.0,False,1.0,0.0,1.0,1.0,0.125,0.22707183154044053,0.02242008521197224,0.5077903740213343,True,False
0.38280176667589993,0.0,False,1.0,0.0,0.875,0.925,0.125,0.22515143558829082,0.06455272610803649,0.5325660424162877,False,False
0.08890245099564842,0.0,False,0.0,0.0,1.0,1.0,0.125,0.2297537873513802,0.1785491700345843,0.44770305102400676,True,False
0.3201656894734407,0.0,True,0.0,0.0,1.0,1.0,0.5,0.3435093487629521,0.18762917951604086,0.33590096855580387,True,False
0.26532028250539186,0.0,False,1.0,0.0,0.75,0.75,0.125,0.4386245971956547,0.13286011724635569,0.2771176564837623,True,False
0.3633697464895339,0.5,False,0.0,1.0,0.75,0.75,0.125,0.20259610228355535,0.0346217837438139,0.5144903211534599,False,False
0.2854441134176109,0.0,False,1.0,0.0,0.875,0.875,0.125,0.29018737169931413,0.07698930007209197,0.39809895350372737,True,False
0.3420945715175979,0.75,False,0.0,0.0,1.0,1.0,0.25,0.3818246948364683,0.10074135240469298,0.3489269392365437,False,False
0.14219413557029703,0.0,False,0.0,1.0,0.875,0.9500000000000002,0.125,0.347850929811654,0.04262854119056233,0.3685812891718079,True,False
0.36307752624711676,0.0,True,0.0,0.0,0.875,0.9375,0.125,0.3641286906763293,0.03008382359967218,0.329159681281066,False,False
0.5240925764313756,1.0,True,1.0,0.0,1.0,1.0,0.25,0.0502967130595484,0.025956372358350483,0.8048110521976701,False,False
0.17288931976518618,0.0,True,0.0,0.0,1.0,0.9750000000000001,0.125,0.39269250004063183,0.17940099383504252,0.2801311780488185,True,False
0.38183961623203666,0.0,False,0.0,0.0,1.0,1.0,0.125,0.4716100685726084,0.13356512490452369,0.25546962620453306,False,False
0.3895626119953187,0.75,False,0.0,1.0,0.875,0.875,0.25,0.3592251020904694,0.18081304048406502,0.3213436687600122,True,False
0.395913333323466,0.0,False,0.0,0.0,1.0,1.0,0.125,0.14863714547806922,0.019210091098680916,0.6927002149839647,False,False
0.3050102317884785,0.5,False,1.0,0.0,0.75,0.75,0.125,0.16588139523358345,0.04263561309145286,0.5380901452085776,False,False
0.1745894558725003,0.25,False,0.0,0.0,0.875,0.8625,0.5,0.20793323826361793,0.02691846108343356,0.5053965312781945,True,False
0.33999747799441093,1.0,False,0.0,1.0,0.75,0.8125,0.25,0.26372804274238887,0.02620982334796155,0.44134161942594696,False,False
0.3571297319718202,0.0,False,0.0,0.0,1.0,0.8,0.125,0.47987976688042083,0.33471746535213226,0.2971579958212829,False,False
0.21069776311509292,0.0,False,1.0,0.0,1.0,0.9750000000000001,0.125,0.46372617726963744,0.14973313869013244,0.2600255333079262,True,False
0.1331678261903072,0.0,True,0.0,0.0,1.0,0.9875,0.125,0.4832337401652763,0.060435203168397754,0.22099044024386805,True,False
0.328057732456874,0.0,True,0.0,0.0,0.875,0.9000000000000001,0.125,0.3201630745392593,0.07765064193798021,0.3629211688135854,False,False
0.2745469902200719,0.5,False,0.0,0.0,0.75,0.75,0.0,0.3858862616669981,0.0313582502523524,0.33242472957747027,False,False
0.4286003166512321,0.5,False,0.0,1.0,0.875,1.0,0.125,0.2821099912534762,0.042959500441161376,0.4549884891005511,False,False
0.39680230618115464,0.5,False,0.0,0.0,1.0,0.875,0.25,0.3266512864140082,0.17022928091309866,0.3428030058691074,False,False
0.2872468017004989,0.0,False,1.0,0.0,1.0,1.0,0.125,0.22250991593663594,0.05407059860748235,0.542855676602404,True,False
0.12440758033000732,0.0,True,1.0,0.0,1.0,0.9750000000000001,0.125,0.3513520546690114,0.24034878075975444,0.3310511328420118,True,False
0.17655257740394903,0.0,False,0.0,1.0,0.75,0.8375000000000001,0.125,0.2908296922397465,0.10026409133017748,0.4602152997382516,True,False
0.264642504397139,0.0,True,0.0,0.0,1.0,0.9500000000000002,0.125,0.12233205965446577,0.03469268458403004,0.6335287304515984,True,False
0.25361119986513825,0.5,False,0.0,0.0,1.0,0.8875,0.125,0.1969399666955384,0.09614700907818391,0.5061457126691251,True,False
0.4830164898525896,0.5,False,1.0,0.0,1.0,1.0,0.125,0.11310607280657757,0.030414965490364338,0.6479193730147497,False,False
0.26379162497329345,0.0,False,0.0,1.0,0.875,0.8500000000000001,0.125,0.06425349598435152,0.03007277629796799,0.8242244937700289,True,False
0.3563214142401151,0.25,False,1.0,0.0,1.0,0.8875,0.125,0.2549939775463528,0.03085210232410805,0.4442833828359356,True,False
0.3754097007439977,0.0,False,0.0,0.0,0.875,0.8375000000000001,0.125,0.11283151994899818,0.062807784428184,0.6422944712521708,False,False
0.34610860493463325,1.0,False,0.0,0.0,1.0,0.925,0.25,0.3700910723463503,0.06001258345744347,0.33424488557562615,False,False
0.13739093600892593,0.0,True,1.0,0.0,1.0,0.9625000000000001,0.125,0.34467796302152715,0.2699594159700173,0.3492568146040431,True,False
0.45346050188448095,1.0,False,0.0,1.0,1.0,0.9375,0.25,0.21684521377914381,0.09322433543261341,0.4569132542658574,False,False
0.3300651810942702,0.25,True,0.0,1.0,1.0,0.9625000000000001,0.125,0.17368036547538218,0.0678996238458518,0.5214908169488426,True,False
0.43592707917461515,1.0,False,0.0,0.0,1.0,1.0,0.375,0.1952085705099014,0.020860860411857068,0.5487777836912349,False,False
0.41726130840894193,0.0,False,0.0,0.0,1.0,0.9500000000000002,0.125,0.016718565443191866,0.004776368880709621,0.9087501641770865,True,False
0.4603543342053963,1.0,False,0.0,1.0,0.875,0.875,0.25,0.20918948917438016,0.02457890278268087,0.5944730189406515,False,False
0.24566777319209177,0.25,False,0.0,1.0,0.75,0.7625,0.125,0.130390231537548,0.060306750270013094,0.616222028541535,True,False
0.19557624719088196,0.0,False,0.0,1.0,0.875,0.8375000000000001,0.125,0.30647217077612093,0.057256968440420206,0.3781520672164904,True,False
0.15206874199191067,0.0,True,0.0,0.0,1.0,0.9125000000000001,0.125,0.22407437684029033,0.08545113011456933,0.44704872315514055,True,False
0.4323345052065958,1.0,False,0.0,0.0,0.875,0.8500000000000001,0.25,0.20574258098960851,0.09587961876334115,0.5779210626485174,False,False
0.28888333113634024,0.25,False,0.0,1.0,1.0,0.9000000000000001,0.125,0.42359961387400047,0.048846454265908675,0.2875428101797357,False,False
0.3268661841772992,0.0,False,1.0,0.0,1.0,0.9625000000000001,0.125,0.15460407556535966,0.037305302083698054,0.5659082119472651,True,False
0.5407181815829473,0.5,False,1.0,0.0,0.875,0.875,0.25,0.07515553664946491,0.03529632314855045,0.7007697150798529,False,False
0.5400721547296016,0.5,False,0.0,1.0,1.0,0.8875,0.125,0.09369739129036614,0.03856691247707996,0.6690572317841719,False,False
0.16885782018472062,0.0,False,0.0,0.0,1.0,1.0,0.125,0.4490044152273209,0.09309156242908243,0.2478627713836863,True,False
0.19532552244298607,0.0,False,1.0,0.0,0.75,1.0,0.125,0.46793694546670606,0.03943262610877658,0.24646699314571108,True,False
0.519912620906848,0.0,False,0.0,1.0,1.0,1.0,0.0,0.29598533952997086,0.09382243658630814,0.44980676787397167,True,False
0.3138466793870843,0.5,True,1.0,0.0,0.875,0.9125000000000001,0.125,0.24468785961631265,0.04381130491203481,0.5247802181382593,False,False
0.062327502764905285,0.0,False,0.0,0.0,0.75,1.0,0.125,0.4107571067902456,0.10944374414020722,0.2933915340370936,True,False
0.2517953688024823,0.5,False,0.0,0.0,0.875,0.9125000000000001,0.125,0.25152984024743796,0.02886094887037234,0.4477238634058014,True,False
0.18339158825813184,0.0,True,1.0,0.0,1.0,0.9625000000000001,0.125,0.5268790067606751,0.19426605817443324,0.18767299126884418,True,False
0.3937122393982392,0.5,False,0.0,1.0,0.75,0.75,0.125,0.2140611778585716,0.023579368251569074,0.6466307513271348,False,False
0.19781696967121776,0.0,False,0.0,0.0,1.0,1.0,0.125,0.142072783404411,0.03689323510716061,0.5843115864635811,True,False
0.2252682452146565,0.0,True,0.0,0.0,1.0,0.9875,0.125,0.3666240730423967,0.13429197534804202,0.30147512851707314,True,False
0.24547874464902375,0.0,True,0.0,1.0,1.0,0.9500000000000002,0.125,0.39582802292708735,0.08426370642052214,0.28520153094602274,False,False
0.12062586728341074,0.0,False,0.0,0.0,1.0,0.8875,0.125,0.4992402701021361,0.11670756874878928,0.2074648658477889,True,False
0.2113866689982885,0.0,False,0.0,0.0,1.0,0.9625000000000001,0.125,0.2446863340115094,0.05146235947304809,0.5202099535301825,True,False
0.19831108880083492,0.0,False,0.0,0.0,0.75,0.8625,0.125,0.26253320485021653,0.01883846638957551,0.435183522117794,True,False
0.3815763036271532,0.5,False,0.0,1.0,0.875,0.7250000000000001,0.25,0.4354159389663477,0.012363758499581419,0.27687623474167067,False,False
0.15174828993494538,0.0,False,0.0,1.0,0.75,0.7375,0.125,0.34190151670162977,0.034116577188769134,0.3711672003962081,True,False
0.18177410307526243,0.0,False,1.0,0.0,1.0,1.0,0.125,0.37916178179460486,0.03371991250788047,0.30097292221882577,True,False
0.1878959831851006,0.0,False,0.0,0.0,1.0,0.9125000000000001,0.125,0.3481117771219016,0.025376474286363818,0.3609089934164844,True,False
0.14219413557029703,0.0,False,0.0,1.0,0.75,0.875,0.125,0.7567072922279628,0.9541463262636948,0.08324971710658735,True,False
0.412455701599315,0.5,False,0.0,1.0,1.0,0.9500000000000002,0.0,0.2234313874648389,0.019441279487334352,0.5679798988677869,False,False
0.4326641249947386,0.5,False,0.0,1.0,1.0,1.0,0.125,0.2514969144746257,0.022780807021609322,0.47103355595220453,True,False
0.34717807138697354,0.0,False,0.0,1.0,0.75,0.75,0.0,0.18409294343931898,0.02522584376025606,0.5459554042758143,False,False
0.4217301754993822,0.0,False,1.0,0.0,1.0,0.9375,0.125,0.18345880624979521,0.07832722112025199,0.541775426315654,False,False
0.37766881102012706,0.75,False,0.0,0.0,0.875,0.625,0.375,0.6331395552669967,0.46419554881759023,0.16984761633728862,False,False
0.18919933382519116,0.0,False,1.0,0.0,0.875,0.9125000000000001,0.125,0.07239652135365836,0.016326551768645954,0.7629546091838546,True,False
0.5832058902217004,0.75,False,0.0,1.0,1.0,1.0,0.25,0.21762367787995684,0.03046569316273876,0.7004139616269542,False,False
0.24717279598310937,0.0,False,0.0,1.0,0.75,0.8,0.0,0.18452047920522957,0.05112532979029879,0.6084979314565113,False,False
0.3364085286288315,0.25,False,1.0,0.0,0.875,0.9375,0.125,0.26477114583335415,0.015656670496503874,0.48763495354111086,True,False
0.30662557203613117,0.0,False,0.0,0.0,1.0,1.0,0.0,0.3438502572572269,0.03127935498847357,0.36443152386379385,False,False
0.4482291815353242,0.0,True,0.0,1.0,1.0,0.9500000000000002,0.125,0.07719352992544849,0.023642274612370198,0.7107517984046043,False,False
0.16172616516349725,0.0,False,0.0,0.0,0.875,0.9625000000000001,0.125,0.34599503788868113,0.17520071199433712,0.3234318745754712,True,False
0.25999851255513073,0.0,False,0.0,0.0,1.0,1.0,0.125,0.455650651072003,0.26189078716543535,0.23352644969257885,False,False
0.17288931976518618,0.0,True,0.0,0.0,1.0,0.9875,0.125,0.5136251504000036,0.3222576950279962,0.2939504254797951,True,False
0.20076125436348202,0.0,True,1.0,0.0,1.0,0.9875,0.125,0.14802567475510167,0.03333505993028969,0.5874587346887621,True,False
0.19126498563031902,0.0,False,0.0,0.0,0.875,0.9125000000000001,0.0,0.3539279490395266,0.047128583869149324,0.3460468725109134,True,False
0.2864979058744641,0.25,True,0.0,1.0,1.0,0.875,0.0,0.29274124360974085,0.1987965779966001,0.390181030121751,False,False
0.3633697464895339,0.0,False,0.0,1.0,0.875,0.7750000000000001,0.125,0.08194699691955717,0.020101847067450516,0.6979836076526249,True,False
0.22695575141330848,0.0,True,1.0,0.0,1.0,1.0,0.125,0.46981567590973394,0.1936218897247249,0.2235726163488898,True,False
0.3489815014395631,0.0,False,1.0,0.0,0.875,0.9625000000000001,0.0,0.22732038524072015,0.025765269715097554,0.504817842320411,False,False
0.3177908962600292,0.5,False,0.0,0.0,0.625,0.7750000000000001,0.25,0.4541286282139818,0.32128602299904374,0.2908817828229995,False,False
0.13493968528381228,0.0,False,0.0,0.0,0.875,0.9375,0.125,0.5520187441783322,0.17879155248455783,0.2510925011184173,True,False
0.15206874199191067,0.0,False,0.0,0.0,1.0,1.0,0.125,0.29566287489101356,0.2501251730521093,0.39170285065491117,True,False
0.13101797407266458,0.0,True,1.0,0.0,1.0,0.9750000000000001,0.125,0.46517808010767514,0.08180601053567721,0.22800208672614253,True,False
0.18339158825813184,0.0,False,0.0,0.0,1.0,0.9500000000000002,0.125,0.30041440762875327,0.2781468311594921,0.3797168707741245,True,False
0.5304683935559326,1.0,True,1.0,0.0,1.0,0.9750000000000001,0.25,0.041806355001145365,0.023067622208818226,0.8203193342688606,False,False
0.3260273140576445,0.25,False,0.0,0.0,0.875,0.9500000000000002,0.125,0.10706457588197331,0.029618720142028716,0.6797526680628461,False,False
0.2905049056005683,0.0,False,0.0,0.0,0.875,0.9625000000000001,0.125,0.1326844899925134,0.01985513054546266,0.664528133675387,True,False
0.18710935290994468,0.25,False,0.0,1.0,0.75,0.7375,0.125,0.15482981567538093,0.026051968827817466,0.6269074629727376,True,False
0.20485043200541464,0.5,False,0.0,1.0,0.875,0.825,0.125,0.13931945386414935,0.025572249130005928,0.5958066616143958,True,False
0.25379176517616986,0.0,False,1.0,0.0,0.75,0.825,0.125,0.21284329061753493,0.06799730394772839,0.4860117162464148,False,False
0.22862736097375158,0.0,False,0.0,1.0,0.875,0.875,0.125,0.22152570236556793,0.029474742470118182,0.5670926507460925,True,False
0.3102072052279118,0.5,False,1.0,0.0,0.875,0.9125000000000001,0.25,0.1827516152348029,0.07707085890354354,0.5356989280594273,False,False
0.35003384366221735,0.0,False,1.0,0.0,1.0,0.625,0.125,0.4796717486671,0.08581408171775422,0.2875055708727168,True,False
0.4010242038967383,0.75,False,0.0,1.0,1.0,1.0,0.25,0.28950636117298406,0.021849649695772837,0.37179991114354305,False,False
0.25124697627785897,0.0,False,0.0,1.0,1.0,0.875,0.125,0.19479101786169142,0.08464250233430513,0.5888676660249144,True,False
0.17655257740394903,0.0,False,0.0,1.0,0.875,0.7250000000000001,0.125,0.2579250071033456,0.09146021860295066,0.5355983775012867,True,False
0.1602036306527207,0.0,True,1.0,0.0,1.0,0.9750000000000001,0.125,0.4929087010679194,0.3729179142430655,0.2743840406147213,True,False
0.42326459268612326,0.75,True,0.0,0.0,1.0,0.9875,0.375,0.4865600141326135,0.11336339139109898,0.21679064268865078,False,False
0.19756939318629507,0.0,False,0.0,0.0,0.875,0.8375000000000001,0.125,0.42876376101622427,0.09233149216823631,0.3132800487559966,False,True
0.39999790381279865,0.5,False,0.0,1.0,1.0,0.8,0.0,0.03643175741039699,0.02427390115403737,0.8166587758145649,False,False
0.2229214057183464,0.0,False,0.0,0.0,0.875,0.9625000000000001,0.125,0.4114229780738111,0.07075450991858125,0.30267228416631786,True,False
0.1839274901469682,0.0,False,0.0,1.0,0.875,0.8125,0.125,0.2521994737265749,0.054411702839048844,0.5296555762742834,True,False
0.19781696967121776,0.0,False,1.0,0.0,0.875,0.925,0.0,0.31643028964551173,0.060242393333578295,0.36868800070189556,True,False
0.4268395084927187,0.0,False,0.0,1.0,1.0,0.9125000000000001,0.0,0.2765585410634203,0.02188767298331688,0.46391402165967643,False,False
0.2125289352735129,0.0,False,0.0,0.0,0.75,0.9125000000000001,0.125,0.3921838895130178,0.24695256080508335,0.29238806943186013,True,False
0.13281132137964757,0.0,False,0.0,0.0,0.875,0.9125000000000001,0.125,0.2973154237379427,0.04307362600566247,0.41477938602784703,True,False
0.2508804374664776,0.0,False,1.0,0.0,1.0,0.8375000000000001,0.125,0.39910680296969425,0.24640563086694134,0.31743408214476077,True,False
0.20485043200541464,0.0,False,0.0,1.0,0.875,0.8125,0.125,0.23631937258371216,0.07245856212164038,0.5528689286666719,True,False
0.380342318733485,0.25,False,0.0,1.0,1.0,0.9125000000000001,0.0,0.17938754193455608,0.03364570379333177,0.5526613009220052,False,False
0.24810699415119353,0.0,False,0.0,1.0,0.875,0.875,0.125,0.1618302756653999,0.06062262195130109,0.5633715789146303,True,False
0.29923785348430354,0.5,True,0.0,0.0,1.0,1.0,0.125,0.18609541621998818,0.14001854004443928,0.5128617374584117,False,False
0.5041690948138341,1.0,False,0.0,1.0,0.75,0.8500000000000001,0.25,0.03521060758180262,0.03383302280043436,0.8158112226200824,False,False
0.3326297943954285,0.25,False,0.0,1.0,0.875,0.9000000000000001,0.0,0.2538914877926206,0.029619282797557035,0.5119506689948028,False,False
0.3028333135086977,0.5,False,0.0,1.0,0.875,0.9125000000000001,0.25,0.4766016408933668,0.1882099108685455,0.2286033735214763,False,False
0.3273437640392046,0.0,False,1.0,0.0,1.0,0.9125000000000001,0.125,0.12011797551780816,0.06150028964923464,0.6449902185108947,True,False
0.4511610826410696,1.0,False,0.0,0.0,0.75,0.75,0.375,0.18800327139197714,0.037203204121302576,0.5401625722140568,False,False
0.24566777319209177,0.0,True,0.0,0.0,1.0,0.9875,0.125,0.34691231481690776,0.2579086890276826,0.3343636427307235,True,False
0.25106380151150653,0.0,False,0.0,0.0,1.0,1.0,0.125,0.3157744699163188,0.03239572433860262,0.368093857150394,True,False
0.1533447944555858,0.0,True,0.0,0.0,1.0,0.925,0.125,0.40063772817877785,0.03137356977823474,0.3206927457960518,True,False
0.4442019302365271,0.0,False,0.0,0.0,1.0,0.9000000000000001,0.125,0.05523797001680995,0.04564309870087549,0.7389319235367533,False,False
0.3512884715207659,0.0,True,0.0,0.0,1.0,0.9375,0.125,0.2005140075215201,0.111009482478557,0.4882051998227379,False,False
0.24866516142767547,0.0,False,1.0,0.0,0.875,0.9000000000000001,0.125,0.2901877427185797,0.0769902179646647,0.3980985241164767,True,False
0.20485043200541464,0.0,False,0.0,1.0,0.75,0.7375,0.125,0.2522421457717125,0.057595793345977274,0.53339680122817,True,False
0.3777585799440689,1.0,False,0.0,0.0,0.875,0.9125000000000001,0.375,0.32189724428051925,0.0522265544966551,0.38518898714791505,False,False
0.2922571579104555,0.0,False,0.0,0.0,0.875,1.0,0.125,0.2089541802989431,0.02612146363706774,0.5058986683132949,False,False
0.30062935736273577,0.0,False,0.0,0.0,1.0,1.0,0.125,0.47689211896825173,0.07192359536986351,0.22539017887241308,False,False
0.2863477466931945,0.0,False,0.0,0.0,1.0,1.0,0.125,0.21519632707864741,0.058145562948073055,0.48666284832890616,True,False
0.43160717922252634,0.25,False,1.0,0.0,1.0,0.9500000000000002,0.125,0.20338145193051438,0.07918602507175977,0.5448664613508445,False,False
0.0991150275045719,0.0,False,0.0,0.0,1.0,0.875,0.125,0.3283864531797325,0.04147809100728446,0.35527449734071426,True,False
0.5611036422338979,0.5,True,0.0,1.0,0.875,0.75,0.125,0.026619762178997565,0.019950236185468897,0.8267382013107749,False,False
0.375863829500133,1.0,False,0.0,0.0,0.875,0.9625000000000001,0.25,0.5467561299962146,0.1729143376658514,0.25563511830926533,False,False
0.2743863651066005,0.0,False,0.0,0.0,1.0,0.9125000000000001,0.125,0.2634002389801252,0.037011795842633345,0.43617572398227344,True,False
0.42416509615950415,1.0,False,1.0,0.0,1.0,0.9750000000000001,0.125,0.1314947746736541,0.049220564609310055,0.6021940000623318,False,False
0.40560884582436596,0.0,False,0.0,1.0,1.0,0.8625,0.125,0.24223276552406905,0.050520150840283,0.5691226288099833,True,False
0.34187498828329843,0.0,False,0.0,1.0,0.625,0.75,0.0,0.2398324031615818,0.0453612420303815,0.5357101001359343,False,False
0.3274629584421477,0.75,True,0.0,1.0,0.75,0.75,0.125,0.45093298763608836,0.12885483676793125,0.24416557270681127,False,False
0.1839274901469682,0.0,False,0.0,0.0,1.0,0.9750000000000001,0.125,0.5072780840058069,0.0436011387465894,0.20429315062214903,True,False
0.19075082257961895,0.0,False,0.0,1.0,1.0,1.0,0.125,0.48108234267426836,0.11679059717370432,0.26968838629048864,True,False
0.33389833422413695,0.5,False,1.0,0.0,1.0,1.0,0.125,0.24373443554985502,0.013338408769290117,0.46784538514954255,True,False
0.062327502764905285,0.0,False,0.0,0.0,1.0,1.0,0.125,0.508795866491246,0.05241477616011292,0.20532928420351104,True,False
0.18339158825813184,0.0,False,0.0,0.0,0.75,0.9000000000000001,0.125,0.2570391282318754,0.040942526318413996,0.5004280900794416,True,False
0.3833243854510592,0.5,False,1.0,0.0,1.0,0.9625000000000001,0.125,0.2419250479532394,0.09386632758396164,0.498582488406353,False,False
0.3087567368117331,0.5,False,0.0,1.0,1.0,1.0,0.125,0.8172502331628665,0.5412601562326477,0.0739218850128518,False,False
0.12062586728341074,0.0,False,0.0,1.0,0.5,0.675,0.125,0.3376449407826093,0.029215393330642297,0.3776829917131028,True,False
0.3312355112379316,0.0,False,0.0,0.0,1.0,1.0,0.125,0.28733248582035126,0.044956092437999445,0.39551197467923793,False,False
0.25487131554953746,0.0,False,0.0,1.0,0.875,0.9125000000000001,0.125,0.23795078760982108,0.0927642452207415,0.4978236866404331,True,False
0.31665480429401416,0.0,False,0.0,1.0,0.625,0.6875,0.125,0.18452050231793574,0.05112213151897559,0.6085039775274974,False,False
0.4891096104028715,0.75,False,0.0,1.0,1.0,0.875,0.25,0.19608205763679548,0.011101579974328046,0.5403268777650634,False,False
0.25999851255513073,0.0,True,0.0,0.0,1.0,0.9875,0.125,0.543766662633115,0.11405854133124738,0.24873024091546236,True,False
0.1717467783888943,0.0,False,1.0,0.0,1.0,0.8875,0.125,0.40611851508190006,0.04867673225633987,0.3056422577475566,True,False
0.318293500663135,0.0,False,0.0,1.0,0.875,1.0,0.125,0.16691492308667763,0.006859145019816269,0.5583810801022826,True,False
0.2872468017004989,0.5,False,0.0,0.0,0.875,0.9750000000000001,0.125,0.4069329141829136,0.25197416972347975,0.2918131619312947,False,False
0.23455826676495228,0.0,False,0.0,0.0,1.0,1.0,0.0,0.4511328649438467,0.2939618812864064,0.23953249871852944,True,False
0.17655257740394903,0.0,False,0.0,1.0,0.75,0.7875000000000001,0.125,0.2584325989000383,0.07990278971533028,0.528143706484627,True,False
0.16503045611886513,0.0,False,0.0,1.0,0.875,0.8375000000000001,0.125,0.3133461646219267,0.041404509774737155,0.35093248931355014,True,False
0.27081532053030977,0.25,False,0.0,0.0,1.0,0.9625000000000001,0.125,0.4474595051997266,0.25719908080387105,0.25997156202158433,False,False
0.283011683321037,0.0,False,1.0,0.0,1.0,0.9625000000000001,0.125,0.255453326347148,0.0471025166149666,0.5160995238840174,True,False
0.22420534606026843,0.0,False,1.0,0.0,1.0,1.0,0.125,0.363307948393181,0.06632356513255115,0.3524723437594528,True,False
0.36750620172755555,0.5,True,0.0,1.0,1.0,0.9375,0.125,0.1857213703386886,0.0905420242429581,0.5122583592460872,False,False
0.46579216347577235,0.5,False,0.0,1.0,1.0,1.0,0.125,0.4325855704910642,0.06871562427914091,0.3116090133293581,False,False
0.33135212084661003,0.0,False,0.0,0.0,0.875,0.9125000000000001,0.125,0.3660067448375789,0.005954683931743893,0.32973717274153125,False,False
0.2550506038158944,0.0,False,0.0,0.0,1.0,0.9875,0.125,0.2742146731268679,0.23009727119282816,0.4112318763898748,False,False
0.3752277233258695,0.5,False,0.0,1.0,0.75,0.8,0.25,0.43541685446536676,0.01236155236303583,0.2768753447568846,False,False
0.1488378785355885,0.0,True,0.0,0.0,1.0,0.9500000000000002,0.125,0.3862530197277097,0.1664374341572591,0.28417454252208096,True,False
0.23151531420482074,0.0,False,0.0,1.0,0.875,0.925,0.125,0.18635644014871136,0.04378428804645885,0.548793490888505,True,False
0.311776128813647,0.5,False,0.0,1.0,0.875,0.9750000000000001,0.125,0.6342350487472365,0.6206046303319499,0.1556699931830947,False,False
0.1697294568213059,0.25,False,0.0,0.0,0.875,0.9125000000000001,0.125,0.3181132310708784,0.03283876019076162,0.39628214355552305,True,False
0.4711743573791197,1.0,True,0.0,1.0,0.75,0.8500000000000001,0.25,0.24909972111037512,0.03320393708721465,0.5237412313595515,False,False
0.4136327033063071,1.0,False,0.0,0.0,1.0,1.0,0.25,0.23087632110510217,0.06344841549526778,0.5975276979328428,False,False
0.40078789170443174,0.5,False,0.0,1.0,0.875,1.0,0.125,0.18570036862924055,0.06729607835908398,0.5824684860193678,False,False
0.37739923145222176,0.25,False,0.0,1.0,0.75,0.75,0.125,0.07094912534078934,0.04022633591523049,0.9002000104232311,False,False
0.12062586728341074,0.0,False,0.0,0.0,1.0,1.0,0.125,0.4533314144746894,0.04730759760811089,0.2731970717984311,True,False
0.20884749730392682,0.0,True,0.0,0.0,1.0,0.9750000000000001,0.125,0.30764784650603155,0.24345105996072208,0.38211843014905567,True,False
0.3207853885551156,0.0,False,0.0,1.0,0.75,0.6875,0.0,0.14126541159162556,0.027617306760703987,0.6012728177109827,False,False
0.14320669321579982,0.0,False,0.0,0.0,1.0,1.0,0.125,0.4322434777120268,0.17347798526170208,0.255911000347238,True,False
0.2737424067449248,0.0,False,0.0,0.0,1.0,0.9375,0.125,0.2095317898801539,0.0344706787913607,0.5197903904492398,True,False
0.26052055428457976,0.5,False,0.0,0.0,0.875,0.9375,0.125,0.2667713758384871,0.023332545335326988,0.4076172327477303,False,False
0.3172868642569945,0.0,False,0.0,0.0,1.0,1.0,0.125,0.5096441215564964,0.2611777425837978,0.3452115105109763,False,False
0.40078789170443174,0.5,False,0.0,1.0,0.875,0.9125000000000001,0.125,0.18213576512948035,0.06056469848786604,0.5850621447080588,False,False
0.36121553853296307,0.0,False,0.0,0.0,0.875,0.9125000000000001,0.125,0.2690745166480756,0.0318106281326488,0.4559480104910305,False,False
0.1623315399495997,0.0,False,0.0,0.0,1.0,1.0,0.125,0.2873241662820823,0.014994253168991166,0.39035277355138387,True,False
0.25999851255513073,0.0,False,0.0,0.0,0.875,0.9375,0.125,0.3818388307941062,0.17072109342801864,0.2880925759778996,False,False
0.21702586163541515,0.0,False,0.0,1.0,0.875,0.625,0.125,0.12453179634603682,0.05670736641137474,0.6155420838169752,True,False
0.2671709333088209,0.0,True,0.0,0.0,1.0,1.0,0.125,0.33309013156056494,0.04068482579706295,0.3722664236634392,True,False
0.11281172005477969,0.0,True,1.0,0.0,1.0,1.0,0.125,0.44394477410825317,0.08216937278899726,0.26858049089170666,True,False
0.15835917607605532,0.0,False,0.0,0.0,1.0,1.0,0.125,0.31318996189913595,0.032205079949373716,0.3728418171589123,True,False
0.29196631480354684,0.0,True,1.0,0.0,1.0,0.9375,0.125,0.18853143798516092,0.07659858926015023,0.5138942814164091,True,False
0.17288931976518618,0.0,False,0.0,1.0,0.875,0.875,0.125,0.4637164439176681,0.037478513728981366,0.2664033655909246,True,False
0.49243253390023634,0.25,False,0.0,1.0,1.0,0.8375000000000001,0.125,0.24444597217422454,0.05253220364630214,0.5615112880901536,False,False
0.15897612689682528,0.0,False,0.0,0.0,1.0,1.0,0.125,0.47887438371237834,0.26387894934811984,0.22936043842685172,True,False
0.4981703127145357,1.0,False,0.0,1.0,0.5,0.5,0.25,0.12677683586481434,0.02535678241271759,0.6166193254943195,False,False
0.3884676236138268,0.5,False,0.0,0.0,1.0,1.0,0.25,0.4118688431060714,0.22215131006786284,0.2646697384040637,False,False
0.42643067484877084,0.5,False,0.0,0.0,0.75,0.9000000000000001,0.25,0.4338478459981291,0.0183142239503682,0.27845704257339543,False,False
0.18919933382519116,0.5,False,1.0,0.0,0.75,0.8125,0.125,0.6391554942574872,0.2595536133909275,0.17443547737678178,True,False
0.16856632059829957,0.0,True,0.0,0.0,1.0,0.9750000000000001,0.125,0.6868466568214229,0.722258212754975,0.12504551729948288,True,False
0.2451000824035493,0.0,False,1.0,0.0,0.875,0.8,0.125,0.17795569609510378,0.07179561864040492,0.530063045460444,True,False
0.26850484098812977,0.0,True,0.0,1.0,1.0,0.9125000000000001,0.0,0.21382434047102072,0.05901202056467594,0.5399691051798519,False,False
0.19228886384536403,0.0,False,0.0,0.0,1.0,1.0,0.125,0.2516406705213236,0.11397335079618565,0.4745257985354496,True,False
0.3201656894734407,1.0,False,0.0,1.0,0.75,0.75,0.125,0.42907268107764346,0.0711219115171594,0.31366464757025136,False,False
0.5096305508343625,1.0,True,0.0,0.0,0.75,0.75,0.25,0.43180838531837895,0.11952087162282125,0.28305441094409867,False,False
0.264642504397139,0.5,False,0.0,1.0,0.875,0.8625,0.125,0.14158974732507057,0.05014569787454033,0.5832119910156637,True,False
0.14851153312476129,0.0,False,0.0,1.0,1.0,0.9500000000000002,0.125,0.31532696673101196,0.04120213445941375,0.3759910748520663,True,False
0.13877659637533346,0.0,False,1.0,0.0,1.0,0.7875000000000001,0.125,0.42894803837954326,0.009150783771546322,0.29232704016244604,True,False
0.31371797537952617,0.0,False,0.0,0.0,1.0,0.925,0.0,0.353045594941919,0.04583695772388671,0.36576598936364757,False,False
0.2945668995348184,0.75,False,1.0,0.0,1.0,1.0,0.125,0.5503563864535712,0.62967145058476,0.19399931813273175,True,False
0.16503045611886513,0.0,False,1.0,0.0,0.875,0.8875,0.25,0.32753437796487067,0.02696568176923349,0.3884108275493905,True,False
0.2351606452976025,0.0,False,0.0,0.0,1.0,1.0,0.125,0.48174655946371236,0.037102808645098885,0.22646353141201758,True,False
0.34253292450620176,0.25,True,1.0,0.0,1.0,0.9875,0.125,0.1871128217768783,0.0477623385938393,0.7580739143371287,False,False
0.3082263403466404,0.5,True,1.0,0.0,1.0,0.9750000000000001,0.25,0.6051271928933797,0.6644326310777858,0.1669757873247495,False,False
0.24566777319209177,0.0,False,0.0,1.0,0.875,0.7625,0.0,0.3869208583729439,0.015213046444996959,0.33322299634934716,False,False
0.2872468017004989,0.0,True,0.0,0.0,1.0,0.9750000000000001,0.125,0.12191156869330676,0.03132781933690744,0.6344605784156161,True,False
0.19330686823577015,0.0,False,0.0,0.0,0.875,0.875,0.125,0.3446713737221054,0.2140717997803128,0.33270518578981134,True,False
0.1745894558725003,0.0,True,0.0,0.0,1.0,0.9875,0.125,0.32996855926673946,0.064364641838171,0.3349496008372581,True,False
0.5699192119187694,0.5,False,1.0,0.0,1.0,1.0,0.25,0.31904893865478706,0.0431882326784608,0.3421919442718895,False,False
0.18068753024402562,0.0,False,0.0,1.0,0.875,0.8875,0.125,0.4169722364129404,0.03675898639546674,0.2975632813189093,True,False
0.2698287963784185,0.0,False,0.0,1.0,0.75,0.8,0.125,0.3322569002942148,0.018555411962123937,0.3890476564300591,False,False
0.30214751313210064,0.0,False,0.0,1.0,1.0,0.75,0.0,0.20176297066397852,0.018392675427810687,0.5376254508674478,False,False
0.4108244704660037,0.5,True,1.0,0.0,1.0,0.9625000000000001,0.125,0.31071024446169426,0.2314774125699304,0.36308113499427064,False,False
0.378206744639609,0.25,False,0.0,1.0,0.75,0.75,0.125,0.20730315535485186,0.12077737135874134,0.5468011546095715,True,False
0.2671709333088209,0.0,False,0.0,0.0,0.875,0.875,0.125,0.4947019104164994,0.0769262993976406,0.21202284294382379,True,False
0.19482300767235994,0.0,False,1.0,0.0,0.875,0.9125000000000001,0.125,0.13585423012251402,0.05974671523204935,0.5918263740343324,True,False
0.3858289024943181,0.25,False,0.0,0.0,1.0,0.9375,0.25,0.4165451385433284,0.11691946342078598,0.2964613354907719,False,False
0.39090107993296763,1.0,False,0.0,1.0,1.0,0.9375,0.125,0.21689255771837992,0.021556824688962525,0.6906790323403507,False,False
0.2772556039184656,0.0,False,0.0,1.0,0.875,0.9125000000000001,0.125,0.16192775357150113,0.042184332473325106,0.5485375999180191,True,False
0.3478166710323848,0.5,False,0.0,1.0,1.0,1.0,0.0,0.14177465659629399,0.04474736838734203,0.5865405077987755,False,False
0.39090107993296763,0.25,False,1.0,0.0,1.0,0.9125000000000001,0.125,0.8565266801595834,0.6974731046826802,0.05657827591000508,True,False
0.427992781362483,0.5,False,1.0,0.0,0.875,1.0,0.25,0.21612537997035114,0.04428408050053481,0.5199429834517595,False,False
0.2989582385018158,0.0,False,0.0,1.0,1.0,0.9625000000000001,0.125,0.20335426498418752,0.10665366264434338,0.4842387801990917,False,False
0.2780444497937604,0.0,True,0.0,0.0,1.0,0.9625000000000001,0.125,0.4786748555738673,0.08881454607235253,0.28572318614437764,True,False
0.24566777319209177,0.0,True,0.0,0.0,0.875,0.925,0.125,0.3416040668623491,0.038510249573728804,0.4068960253303491,True,False
0.2663321202676794,0.5,True,1.0,0.0,1.0,0.9500000000000002,0.25,0.2185875828777307,0.05724568023353935,0.48433629081113483,True,False
0.32817644840819515,0.0,False,0.0,0.0,0.875,0.9625000000000001,0.125,0.3400999160520464,0.07062895643630325,0.3428052982095624,False,False
0.27630433649348274,0.0,False,1.0,0.0,0.875,0.8375000000000001,0.125,0.4678944247467097,0.113014623556399,0.2480102957351007,False,False
0.3898143449531256,0.0,False,0.0,0.0,1.0,0.9875,0.0,0.2656230888948715,0.01968353480928033,0.46943850943870924,False,False
0.21702586163541515,0.0,False,0.0,0.0,1.0,1.0,0.125,0.38765624433510115,0.18879872539987555,0.29433849097791565,True,False
0.2907981518703123,0.0,True,0.0,0.0,1.0,0.9750000000000001,0.125,0.24048480330545743,0.08525107540149006,0.47699824642908695,True,False
0.28285854363842466,0.0,False,0.0,0.0,1.0,0.9625000000000001,0.125,0.3943366495309519,0.26119047681309404,0.2910884819630095,False,False
0.3267465881087811,0.0,False,0.0,0.0,1.0,0.9875,0.125,0.19704576228383688,0.0624795808603017,0.6372591811322521,False,False
0.13877659637533346,0.0,False,0.0,0.0,0.875,0.8375000000000001,0.125,0.6407035092176012,0.2537770348658452,0.17318050016308617,True,False
0.2945668995348184,0.0,False,0.0,1.0,0.875,0.75,0.0,0.4266464972766417,0.053217308448428424,0.2843700756917893,False,False
0.0731399783700506,0.0,True,1.0,0.0,1.0,0.9000000000000001,0.125,0.5455142193058559,0.4778308666041103,0.1812303554679895,True,False
0.21456666626282173,0.25,False,0.0,1.0,0.75,0.7125,0.125,0.1517282637090171,0.04602399994445552,0.5814485555669022,True,False
0.2343570186517372,0.0,False,0.0,0.0,1.0,1.0,0.125,0.27093697471385253,0.18288250536594855,0.4189597970936192,True,False
0.2721222121583905,0.0,True,0.0,0.0,1.0,0.9875,0.125,0.2935388259783457,0.024320197498792426,0.39693787179288353,True,False
0.18658298875052648,0.0,False,1.0,0.0,1.0,0.9125000000000001,0.125,0.36072935097948955,0.20578543229211624,0.31818021074778624,True,False
0.14818458643442645,0.0,False,0.0,0.0,0.875,0.875,0.125,0.85981788340818,0.4630050049888466,0.053905952876915464,True,False
0.2235645371255457,0.0,False,0.0,0.0,0.875,1.0,0.125,0.33203383079390963,0.05752606834591304,0.37310354539513724,True,False
0.19781696967121776,0.0,False,1.0,0.0,1.0,1.0,0.25,0.2585007113625939,0.19901140121325073,0.4233336913107948,True,False
0.47629511821777915,1.0,False,0.0,1.0,1.0,0.9500000000000002,0.25,0.2129032301913719,0.03660625060445086,0.5823563127015847,False,False
0.25216002455013686,0.0,True,1.0,0.0,1.0,0.9500000000000002,0.125,0.21617212284738388,0.10462929406620658,0.4791940133766073,True,False
0.24357730105102315,0.0,False,0.0,0.0,1.0,0.925,0.125,0.38750776429545297,0.03664224823225701,0.3227500183934977,True,False
0.2347592869000048,0.0,True,0.0,0.0,1.0,0.9625000000000001,0.125,0.15916498580332303,0.057791313588819816,0.5676048171098598,True,False
0.9679332530021642,1.0,False,0.0,0.0,1.0,1.0,0.25,0.16768774125465175,0.06533851550470414,0.5666788332080754,False,False
0.10999339455014012,0.0,False,1.0,0.0,0.875,0.925,0.125,0.4604148438300208,0.06107277885102075,0.2661372188117337,True,False
0.21069776311509292,0.0,False,1.0,0.0,1.0,0.9625000000000001,0.125,0.4880365086821605,0.05632403351227385,0.22074011891408896,True,False
0.11201104130645712,0.0,False,0.0,0.0,0.875,0.8375000000000001,0.125,0.33311798168295415,0.009404042524295749,0.394796089899891,True,False
0.260346710962445,0.0,True,0.0,0.0,1.0,0.925,0.125,0.07478086863712383,0.028027549428541573,0.7562925129187796,True,False
0.37631679902510207,0.0,False,1.0,0.0,0.875,0.8875,0.125,0.3347556819006911,0.0124433779951987,0.40318630015252,False,False
0.3734895660834897,0.5,False,0.0,1.0,0.75,0.825,0.0,0.1809504729713897,0.02562894390500152,0.5582407616908611,False,False
0.17655257740394903,0.0,False,0.0,1.0,0.75,0.7625,0.125,0.27051435062781565,0.061699304133799496,0.4934579968309969,True,False
0.4874728874927964,0.0,False,0.0,0.0,1.0,1.0,0.125,0.0936023664121287,0.03114021687501131,0.7120983626156665,True,False
0.3727525860768989,0.5,False,0.0,0.0,0.875,0.9000000000000001,0.25,0.2221006330296572,0.18778868185205755,0.45769639147256447,False,False
0.23536098458677301,0.0,False,0.0,1.0,0.875,0.7875000000000001,0.125,0.2526447222764814,0.03861261385154391,0.4508134738201115,True,False
0.31371797537952617,0.5,False,0.0,1.0,0.875,0.875,0.0,0.28196868925770063,0.0511484947933058,0.46828028944290767,True,False
0.1878959831851006,0.0,True,1.0,0.0,0.875,0.9625000000000001,0.125,0.29135635050770364,0.03477407495491715,0.40107803508011886,True,False
0.43160717922252634,1.0,False,0.0,0.0,1.0,1.0,0.375,0.2120136696811532,0.03395553361682974,0.49970235112885253,False,False
0.3382120764826725,0.0,False,1.0,0.0,1.0,1.0,0.125,0.6093929410201551,0.1992768356695802,0.19577604321118347,False,False
0.30145905203355305,0.5,False,0.0,0.0,0.75,0.8500000000000001,0.25,0.4403541755246131,0.0912579480346894,0.2916173078944715,False,False
0.27358105135248967,0.5,False,0.0,1.0,0.75,0.8,0.125,0.13829104274807924,0.05843308917557524,0.5874753808706992,True,False
0.3833243854510592,0.25,False,0.0,0.0,1.0,1.0,0.125,0.1276881674827142,0.04454125143152291,0.6250951599207109,False,False
0.1899767738192364,0.0,False,1.0,0.0,0.875,0.875,0.125,0.42696935417461296,0.1201921563286866,0.30679510284335465,True,False
0.1331678261903072,0.0,False,0.0,0.0,0.875,1.0,0.125,0.6071793978152333,0.26950801908159144,0.14846823985521151,True,False
0.19806420122279356,0.0,False,0.0,1.0,0.625,0.6125,0.0,0.34594406287962054,0.04066899710475942,0.3675983596675876,True,False
0.29755351618285075,0.25,False,0.0,1.0,0.875,0.9000000000000001,0.0,0.1835221512349162,0.06402070872969513,0.5915953002115211,True,False
0.3924775082369242,0.5,False,1.0,0.0,0.875,1.0,0.125,0.290384134876779,0.026972712824490958,0.4345297290255723,True,False
0.4428389430247196,0.75,False,1.0,0.0,0.625,0.6375000000000001,0.25,0.016432271330881525,0.0024565065040182857,0.9099859983215421,False,False
0.3294771087624807,0.0,False,0.0,1.0,0.625,0.7000000000000001,0.0,0.23983227263391166,0.04536244332535123,0.5357096455024655,False,False
0.7536255388258944,0.0,False,1.0,0.0,1.0,1.0,0.25,0.4420209866108966,0.054284314054642645,0.30680077577280795,False,False
0.15555604159834224,0.0,False,1.0,0.0,0.75,0.375,0.125,0.22108775785837412,0.028704074915005234,0.6753452944828293,True,False
0.340662399340533,0.0,False,0.0,1.0,0.875,0.8,0.125,0.08020853316140249,0.013853941121058871,0.7062123325005762,True,False
0.2983976832608183,0.25,True,0.0,1.0,1.0,0.9375,0.125,0.0827327910976862,0.020507137942264286,0.7275274854420841,True,False
0.250145080649786,0.0,False,0.0,0.0,1.0,1.0,0.25,0.2991208796040085,0.031207943196664766,0.4216751157361611,False,False
0.26933346996197427,0.0,True,0.0,1.0,1.0,0.9375,0.125,0.24633198886186836,0.17612377780901134,0.4372020662921594,True,False
0.2125289352735129,0.0,False,0.0,1.0,0.875,0.875,0.0,0.12981279050681904,0.020499918233294254,0.6165638610764543,True,False
0.38025384772625104,0.5,False,1.0,0.0,1.0,0.9375,0.125,0.08236458658775198,0.04235326909563216,0.6871970775837077,False,False
0.27867301131389066,0.0,True,1.0,0.0,1.0,1.0,0.125,0.4224119379866792,0.24715681162319883,0.2687542744211866,False,False
0.21069776311509292,0.0,False,0.0,0.0,0.75,0.5,0.125,0.26253431748002776,0.11940572662746272,0.4518168522473929,True,False
0.3884676236138268,0.5,False,0.0,1.0,0.875,0.9125000000000001,0.125,0.3386434354860135,0.060911037149746355,0.3783602499268808,False,False
0.20365748341934764,0.0,False,0.0,0.0,1.0,1.0,0.125,0.35194898570384,0.1851098966422773,0.32484226641902225,True,False
0.1714599898945014,0.0,True,0.0,0.0,1.0,0.9875,0.125,0.2922418393949222,0.09172963693753775,0.4286179377445327,True,False
0.42519849181777103,0.0,False,0.0,0.0,1.0,0.9375,0.125,0.1709903148713287,0.030867713099337116,0.5358480554833056,True,False
0.21702586163541515,0.0,False,1.0,0.0,1.0,0.9875,0.125,0.42075562993507093,0.15010448560480918,0.2845909102508519,True,False
0.23655829365336611,0.0,False,0.0,0.0,1.0,1.0,0.125,0.34926502152908273,0.16275566844656275,0.34388285244480876,False,False
0.35294762811768343,0.25,False,0.0,0.0,1.0,0.9125000000000001,0.125,0.11443878682503306,0.025696242278522893,0.659185238870641,False,False
0.3306513109895125,0.0,False,0.0,0.0,1.0,1.0,0.125,0.2615697988215602,0.041761296272457525,0.45208823160389455,False,False
0.41862095384408715,0.75,False,0.0,1.0,0.75,0.5,0.25,0.2197706024101018,0.01650194431388841,0.45188038672004405,False,False
0.37676861522205896,0.5,False,0.0,0.0,0.875,0.925,0.125,0.25368359432629517,0.14288712542459028,0.4581615672389985,False,False
0.5997254902196115,0.0,False,1.0,0.0,0.625,0.75,0.125,0.437035718602162,0.15474841592444694,0.30904181348582394,True,False
0.29909810106782675,0.0,False,0.0,0.0,1.0,1.0,0.125,0.359004579396249,0.20508676741759269,0.3191520129396943,False,False
0.31665480429401416,0.5,True,1.0,0.0,1.0,0.9125000000000001,0.125,0.32497267223134746,0.02080329708270227,0.3583169493443026,False,False
0.2451000824035493,0.5,False,0.0,0.0,1.0,0.925,0.125,0.39441062909965213,0.05539466542008357,0.31466595969504785,True,False
0.16885782018472062,0.0,False,1.0,0.0,0.75,0.8875,0.125,0.549770231207298,0.5402499878300505,0.20671774405749077,True,False
0.19781696967121776,0.0,True,0.0,0.0,1.0,1.0,0.0,0.4826943919023671,0.06006126423944065,0.22165930202034478,True,False
0.39704398239708427,0.5,False,0.0,0.0,1.0,1.0,0.25,0.10512524749029975,0.041141932642190474,0.6889944825828653,False,False
0.29499664896384303,0.5,False,0.0,0.0,0.875,0.625,0.125,0.34918066433019634,0.18835440566274392,0.3274391858810728,False,False
0.42940714161348004,1.0,False,0.0,1.0,1.0,1.0,0.25,0.3093809907480143,0.029308846149313228,0.3760507103931383,False,False
0.28903136084746694,0.0,True,0.0,0.0,1.0,0.9875,0.125,0.3292030058023666,0.10609117900930455,0.3693362137381553,False,False
0.17655257740394903,0.0,False,0.0,1.0,0.75,0.8,0.125,0.29675111492297085,0.07008577865158555,0.444363592791319,True,False
0.3629800124642518,0.5,True,1.0,0.0,1.0,1.0,0.25,0.34990863417333523,0.21723717063740441,0.32801171558275044,False,False
0.27358105135248967,0.0,True,1.0,0.0,1.0,1.0,0.125,0.5671614449931258,0.0944525055591419,0.16827517220102606,True,False
0.35201626209856707,0.0,False,1.0,0.0,1.0,1.0,0.125,0.2809201946837531,0.044045961082689655,0.4484043384863958,True,False
0.38711060344260717,0.0,False,0.0,0.0,0.875,0.9000000000000001,0.125,0.23925022929614395,0.0643383848647027,0.6053989613643549,False,False
0.4275188116789218,1.0,True,0.0,1.0,1.0,0.9750000000000001,0.25,0.1346945136914833,0.025218553325858463,0.6281175016629761,False,False
0.4659014227932442,0.5,False,0.0,1.0,1.0,0.9000000000000001,0.25,0.14887550045667516,0.032392706144679664,0.6131034444503314,False,False
0.37080332367410807,0.75,False,0.0,1.0,0.75,0.6875,0.0,0.2638979607470919,0.04657761928149541,0.48812132943565345,False,False
0.1504606632380443,0.0,True,0.0,1.0,1.0,0.9625000000000001,0.125,0.4403882732808848,0.05771841979086305,0.2794577679118724,True,False
0.413412609327349,0.25,False,0.0,0.0,0.75,0.8125,0.0,0.27643265816927065,0.02437287968538492,0.46505132645391134,False,False
0.405301737920687,0.5,True,0.0,1.0,1.0,0.9000000000000001,0.25,0.28175109303933726,0.014647101582614551,0.456109102474203,False,False
0.2041356256633543,0.0,False,1.0,0.0,1.0,1.0,0.125,0.2358531740030115,0.12388748453225865,0.4394270959268427,True,False
0.1759938981343364,0.25,False,0.0,1.0,0.875,0.7750000000000001,0.125,0.17865054639884242,0.0647217133096974,0.5128147364959725,True,False
0.28239833003520975,0.0,False,0.0,0.0,1.0,1.0,0.0,0.26841544713487053,0.1508172038352467,0.4190921592272505,False,False
0.2796116985718332,0.5,True,0.0,0.0,0.875,0.9375,0.25,0.3759851019600367,0.05066234149748838,0.3079000498541087,True,False
0.1759938981343364,0.0,False,0.0,1.0,0.75,0.7875000000000001,0.125,0.3178473746798463,0.012482440358233312,0.3981987422300848,True,False
0.1768312588239036,0.0,False,0.0,0.0,1.0,1.0,0.125,0.42334457296296835,0.11746549197171982,0.2665681611214823,True,False
0.08935891432104215,0.0,False,0.0,0.0,0.875,0.9375,0.125,0.3651844873103846,0.1278892347144332,0.3033298948829404,True,False
0.4365725314259131,0.5,False,0.0,0.0,1.0,0.9500000000000002,0.25,0.11712594696402484,0.062053777275485514,0.6677372578399523,False,False
0.27867301131389066,0.0,True,0.0,0.0,1.0,0.9375,0.0,0.47178774096499615,0.1519819618379799,0.2555835676012337,False,False
0.1054721281578358,0.0,False,0.0,0.0,1.0,1.0,0.125,0.44274284121797997,0.26339208943981557,0.3065068521795915,True,False
0.3949384384397271,0.75,True,0.0,0.0,0.875,0.875,0.125,0.04308900992645607,0.02488978938749383,0.8136602269321527,False,False
0.13352361620659736,0.0,False,0.0,1.0,0.875,0.875,0.125,0.2544762556079581,0.11400985975926685,0.4690712597910436,True,False
0.18365974150551534,0.0,False,0.0,0.0,1.0,0.9875,0.125,0.2621637340654126,0.1277055338000718,0.4063026378346639,True,False
0.15206874199191067,0.0,False,1.0,0.0,0.875,0.875,0.125,0.36907387954856846,0.013871640218673893,0.3396622733970245,True,False
0.1839274901469682,0.0,True,0.0,1.0,0.875,0.875,0.125,0.252461867036129,0.05246580420364773,0.5250359931907989,True,False
0.2719593761040271,0.75,False,0.0,1.0,0.0,0.5,0.125,0.19636628863180794,0.012157487606477198,0.5331489522091604,True,False
0.3326297943954285,0.5,False,0.0,1.0,0.875,0.6625000000000001,0.125,0.11949002036415118,0.04651778057172975,0.6435631469876841,True,False
0.269993598409354,0.0,False,0.0,0.0,0.875,0.9375,0.125,0.4269658104467428,0.05709435531336303,0.2843313494870954,False,False
0.5284068754010961,1.0,False,0.0,0.0,0.875,1.0,0.375,0.2877366889500566,0.0545482485787827,0.433659697488606,False,False
0.12062586728341074,0.0,False,0.0,0.0,0.875,0.7875000000000001,0.125,0.4153641188338749,0.030336570405366792,0.262935825149069,True,False
0.48776282009789107,0.5,False,0.0,0.0,0.0,0.25,0.25,0.3047024061878501,0.18850748986363158,0.36574832476407715,False,False
0.10795254270854027,0.0,False,1.0,0.0,0.75,0.7875000000000001,0.125,0.3685741157777185,0.11121692906129385,0.36026319771933646,True,False
0.23028337060200865,0.25,False,1.0,0.0,0.75,0.75,0.125,0.3197084892537929,0.03741519204210815,0.40534714831243,True,False
0.3364085286288315,0.0,False,0.0,1.0,0.875,0.875,0.125,0.23569426464193746,0.08198517727016015,0.4647651371372852,True,False
0.2343570186517372,0.0,False,0.0,0.0,1.0,1.0,0.125,0.7487835038575122,0.9577180223844449,0.0890006771770897,True,False
0.482966891419469,0.75,False,0.0,0.0,1.0,1.0,0.375,0.4520124796101417,0.2757907621946463,0.2537532411383605,False,False
0.403292475626872,1.0,False,0.0,0.0,1.0,0.9125000000000001,0.25,0.46572348441073536,0.09657232282388667,0.2936978063081759,False,False
0.30809349314989165,0.0,True,1.0,0.0,1.0,0.9625000000000001,0.125,0.20800058026749207,0.05930494686771464,0.49350131874497927,True,False
0.3769490200827309,1.0,False,1.0,0.0,0.75,0.8875,0.25,0.32845593840409265,0.063604052939573,0.39868281494504476,False,False
0.30595429969375776,0.0,False,0.0,1.0,1.0,1.0,0.125,0.2740391521641044,0.056692187995127895,0.38905486968169267,True,False
0.3918983469302467,0.0,False,0.0,0.0,1.0,1.0,0.125,0.3217568880587031,0.023900511406501564,0.3992943761149599,True,False
0.1295701316748754,0.0,False,0.0,1.0,0.625,0.6000000000000001,0.125,0.430503749017917,0.18243910420106002,0.2568498808313602,True,False
0.2737424067449248,0.0,False,0.0,1.0,0.875,0.8125,0.125,0.22987856468187584,0.0378300809260873,0.6053558329001869,True,False
0.29123711464002977,0.0,False,1.0,0.0,1.0,1.0,0.125,0.566701754913839,0.0937177994011217,0.16857799655230088,True,False
0.1682743413758333,0.0,False,0.0,0.0,1.0,0.9375,0.125,0.3400800390393851,0.11358899780058293,0.32632355226796217,True,False
0.2022152776035211,0.0,False,0.0,1.0,0.875,0.7875000000000001,0.125,0.24129739758309565,0.0736398928322426,0.523133712526767,True,False
0.31294378483893504,0.0,False,0.0,0.0,1.0,1.0,0.125,0.18448504649099307,0.08413278166181516,0.5171607238240108,False,False
0.2229214057183464,0.0,False,0.0,0.0,1.0,0.9500000000000002,0.125,0.23443385173400016,0.05083219674467586,0.5368905532924813,True,False
0.28285854363842466,0.0,False,0.0,1.0,0.75,0.7375,0.0,0.34538672210703714,0.04800795539373446,0.3700955291782255,False,False
0.38323738914002103,0.0,False,0.0,1.0,1.0,0.9375,0.125,0.2783082333633297,0.04462724310641735,0.4738369117682828,True,False
0.3563214142401151,0.5,False,1.0,0.0,1.0,0.8875,0.125,0.4178877498631816,0.03295465307952374,0.2928908078219339,False,False
0.29698849880982003,0.0,False,0.0,1.0,0.875,0.75,0.125,0.547661349150852,0.03532035941003735,0.17546379131301104,True,False
0.298537988166803,0.0,False,0.0,1.0,1.0,0.9750000000000001,0.125,0.4217441996407685,0.358230440293768,0.2883181508597208,True,False
0.16885782018472062,0.0,False,1.0,0.0,0.875,0.8,0.125,0.4320903966338267,0.10736540710667872,0.30439500913507556,True,False
0.5686994566036857,0.5,False,0.0,1.0,1.0,0.9625000000000001,0.25,0.09272151734287276,0.050065929813181566,0.6672615996716669,False,False
0.19806420122279356,0.0,False,1.0,0.0,0.875,0.875,0.125,0.2815705156765152,0.012571828257902797,0.4607420636500732,True,False
0.289622247908352,0.0,False,0.0,0.0,1.0,1.0,0.125,0.12883383754693326,0.031377988170363094,0.680286423363158,True,False
0.2402973393912795,0.5,False,0.0,1.0,0.875,0.8625,0.125,0.2858712329859126,0.07341863342363138,0.4047895533385699,True,False
0.4323345052065958,0.5,False,0.0,1.0,0.875,0.8875,0.125,0.2255559060810147,0.02737021241463944,0.5604363885697417,False,False
0.3744065076042361,0.5,False,1.0,0.0,1.0,0.9125000000000001,0.125,0.42592604671994816,0.04800579632523495,0.2851376996412893,False,False
0.2118444582293666,0.0,False,0.0,0.0,0.875,0.9125000000000001,0.125,0.15750391854717158,0.04410487441965622,0.5696755766591195,True,False
0.2397121763990986,0.5,False,1.0,0.0,1.0,0.9500000000000002,0.125,0.3307499748150849,0.19134452085206988,0.35699020360748057,True,False
0.19880383585558348,0.25,False,1.0,0.0,1.0,1.0,0.125,0.27535357788532316,0.06572394788476764,0.44850329188100324,True,False
0.36607417750034676,0.5,False,0.0,0.0,0.875,0.9125000000000001,0.125,0.2494682988769635,0.013408833418648753,0.42552812958775244,False,False
0.15555604159834224,0.0,False,1.0,0.0,0.875,0.8500000000000001,0.25,0.4675807494294094,0.08848607097733115,0.2320883740529711,True,False
0.3124257749366902,0.5,False,0.0,0.0,1.0,1.0,0.125,0.31755897206446176,0.04088109821370984,0.3721718397802083,False,False
0.15492706339564766,0.0,False,0.0,0.0,0.875,0.9125000000000001,0.125,0.3342261978758349,0.10454080088941416,0.3644277735737418,True,False
0.253249517103329,0.75,False,0.0,1.0,0.875,0.75,0.125,0.20287082788625235,0.01270710537763088,0.5179496961493004,True,False
0.2550506038158944,0.0,False,0.0,1.0,0.875,0.9125000000000001,0.125,0.2182348923060494,0.034466729438680115,0.7070802366873212,True,False
0.17288931976518618,0.25,False,0.0,1.0,0.875,0.9000000000000001,0.125,0.2766106360185515,0.06323875314396549,0.4486980981003248,True,False
0.1504606632380443,0.0,False,1.0,0.0,0.75,0.8875,0.125,0.33723671638642344,0.02157340715448868,0.3961581834872636,True,False
0.21746934944105067,0.0,True,0.0,0.0,1.0,1.0,0.125,0.5191122191333676,0.08865922164150677,0.1994092448060949,True,False
0.4011815707069014,0.75,False,0.0,1.0,0.875,0.825,0.125,0.21631064597966562,0.0799283715900175,0.46719893460786643,False,False
0.22695575141330848,0.0,False,0.0,0.0,1.0,1.0,0.125,0.15382761905259046,0.0399076739207168,0.5917636082407753,True,False
0.404531634766221,0.5,False,0.0,1.0,0.875,0.9000000000000001,0.125,0.2623879026275977,0.0368310838277217,0.4608357546638757,False,False
0.3884676236138268,0.5,False,0.0,1.0,0.75,0.75,0.125,0.3390170564242054,0.06124250735727234,0.37792235784019934,False,False
0.3937122393982392,0.0,False,1.0,0.0,0.875,0.75,0.125,0.1401747587048238,0.013258550148171181,0.6894419936174057,False,False
0.4049940975947658,1.0,False,0.0,0.0,1.0,1.0,0.5,0.37601694881644665,0.05880323895359918,0.30265266303801863,False,False
0.18204470987269283,0.0,False,0.0,0.0,0.875,0.9125000000000001,0.125,0.6657727488804481,0.8081145545379292,0.12695819630861394,False,False
0.2905049056005683,0.0,True,0.0,0.0,1.0,0.9500000000000002,0.125,0.48587827177719856,0.04325981022052345,0.2339453878015807,False,False
0.19831108880083492,0.0,False,0.0,0.0,1.0,0.9625000000000001,0.125,0.20343636316367755,0.05193832913690997,0.4744162217262238,True,False
0.19126498563031902,0.0,False,0.0,0.0,0.75,0.8375000000000001,0.125,0.33682648568659007,0.0037478299238350205,0.38240683285378485,True,False
0.34546381748910326,0.5,False,0.0,1.0,1.0,1.0,0.125,0.2829218778255741,0.15100991437615432,0.408376844434976,False,False
0.14851153312476129,0.0,False,0.0,1.0,0.25,0.5,0.125,0.3336667210354983,0.1052548030045464,0.3992025346370247,True,False
0.19781696967121776,0.0,False,0.0,0.0,1.0,1.0,0.125,0.5877226654235944,0.41555483963204487,0.20372290430081774,True,False
0.25594433800208805,0.0,False,0.0,0.0,0.75,1.0,0.125,0.34707011217827927,0.1465700459172028,0.32866770915858057,True,False
0.34132483847626804,0.0,False,0.0,0.0,0.875,0.9500000000000002,0.125,0.3904365673440449,0.21187395365328346,0.3069622314506071,False,False
0.17904509321601503,0.5,False,0.0,1.0,0.75,0.7750000000000001,0.125,0.34978968048143083,0.03960620777029906,0.3701551670791865,True,False
0.2870972751670433,0.0,False,0.0,1.0,1.0,0.925,0.0,0.12718000150099387,0.04894693665622987,0.6219543275679515,True,False
0.5801054882417708,0.75,False,0.0,1.0,1.0,1.0,0.25,0.046246384569548486,0.028703808235496186,0.8149423663019935,False,False
0.15804989442992912,0.0,False,1.0,0.0,1.0,1.0,0.125,0.2925051239021309,0.10117201482410276,0.3723588461909304,True,False
0.43200427200122926,1.0,False,0.0,1.0,0.875,0.8500000000000001,0.25,0.32359608027218434,0.034561912296867996,0.3985297523123592,False,False
0.27081532053030977,0.25,False,0.0,0.0,0.875,0.8500000000000001,0.125,0.24269747288531668,0.12545317262712505,0.4375589822971695,False,False
0.2983976832608183,0.0,False,0.0,1.0,1.0,0.8875,0.0,0.11524529216786701,0.022335546455501714,0.6319369845472207,False,False
0.23151531420482074,0.0,False,0.0,0.0,0.875,1.0,0.125,0.2618531975357385,0.03430099011728198,0.438115347913258,True,False
0.16081421295707443,0.0,False,0.0,0.0,1.0,1.0,0.125,0.42574846714576325,0.2163820084054783,0.2591481232576742,True,False
0.13352361620659736,0.0,False,1.0,0.0,1.0,1.0,0.125,0.4639726253671726,0.2264673323568621,0.24821373820737724,True,False
0.10795254270854027,0.0,False,0.0,0.0,0.625,0.6625000000000001,0.125,0.23493558180096624,0.0757451945818101,0.46993476814368473,True,False
0.19557624719088196,0.0,False,0.0,1.0,1.0,1.0,0.125,0.30259950305546685,0.07342614461901327,0.38251473713867945,True,False
0.19075082257961895,0.5,True,1.0,0.0,1.0,0.9875,0.125,0.33877913424789907,0.17543465269137765,0.3317709250367813,True,False
0.15206874199191067,0.0,False,0.0,0.0,1.0,1.0,0.125,0.3612766309101444,0.10344009549757048,0.35992749068081165,True,False
0.4049940975947658,0.5,False,0.0,1.0,0.875,0.9000000000000001,0.25,0.3726633206496149,0.04464088128692359,0.31054245841025185,False,False
0.38770557709533604,0.5,False,0.0,1.0,0.875,0.875,0.125,0.10611976217739244,0.02278430304735422,0.6670373580692468,False,False
0.2906515893109086,0.25,False,1.0,0.0,0.625,0.75,0.125,0.31042721343074936,0.017337193673842146,0.40711690283121094,True,False
0.51069447156036,0.5,True,0.0,0.0,1.0,0.9375,0.375,0.3466637490099186,0.052471770048026375,0.3549196188834658,False,False
0.4138525246387955,1.0,False,1.0,0.0,0.875,0.75,0.25,0.1234458576639884,0.031495900130711255,0.6455681145388361,False,False
0.2778869609101591,0.0,True,1.0,0.0,1.0,0.9375,0.125,0.1831758875053554,0.07204909221825606,0.5237870232557766,True,False
0.44689689407695765,0.5,False,1.0,0.0,0.875,0.9125000000000001,0.25,0.42178135762850233,0.055879606265107976,0.3300494483703973,False,False
0.2397121763990986,0.0,False,0.0,1.0,1.0,1.0,0.125,0.1621376720491341,0.05785564889260508,0.5624092842463531,True,False
0.3998394833253841,0.75,True,0.0,0.0,1.0,0.9750000000000001,0.375,0.28005796149236556,0.12412569091562864,0.38686849689887093,False,False
0.11201104130645712,0.0,True,0.0,0.0,1.0,0.9625000000000001,0.125,0.3602288917608577,0.1127450833617414,0.35934176652059,True,False
0.3969634602247728,0.5,False,1.0,0.0,0.75,0.7375,0.25,0.26054076866945697,0.01902627485488321,0.436909368655767,False,False
0.18123164832544447,0.0,False,1.0,0.0,0.75,1.0,0.125,0.5337310809893491,0.037140705710546666,0.18796678763684116,True,False
0.367601260364658,0.75,False,0.0,1.0,1.0,1.0,0.125,0.2843536664960384,0.17210881833587194,0.40303699835795115,False,False
0.1514272581382603,0.0,False,0.0,0.0,1.0,0.9625000000000001,0.125,0.4304595165680868,0.050326140731847976,0.2874956207898658,True,False
0.1717467783888943,0.0,False,0.0,0.0,1.0,1.0,0.0,0.4031363200944575,0.17166931591592607,0.2820210476193543,True,False
0.16562468127914087,0.0,False,0.0,0.0,1.0,0.9125000000000001,0.125,0.3409407741920032,0.1819619037018548,0.33476059003554415,True,False
0.3357274441343051,0.0,False,0.0,1.0,0.75,0.75,0.0,0.2450902503013686,0.10511456445471401,0.48597332326930287,True,False
0.4168297732877043,0.5,False,0.0,1.0,1.0,0.925,0.125,0.10835432004533431,0.039003259515070374,0.6776499335695267,False,False
0.3915665469418873,0.5,True,0.0,1.0,0.875,0.8875,0.125,0.22781232468167473,0.028001635164817552,0.4885863812952773,False,False
0.0785512070204124,0.0,False,1.0,0.0,1.0,1.0,0.125,0.922306003830997,0.6179610854808698,0.029113445620500666,True,False
0.3306513109895125,0.25,True,1.0,0.0,1.0,1.0,0.25,0.1806853446994492,0.017233218818454327,0.5466734323374733,True,False
0.21069776311509292,0.0,True,1.0,0.0,1.0,0.9750000000000001,0.125,0.15466151130267844,0.05909917067115271,0.557105840889248,True,False
0.3294771087624807,0.5,False,1.0,0.0,0.875,0.925,0.125,0.4708124997128269,0.13917736141032602,0.2564611538191175,True,False
0.321526182057874,0.0,False,1.0,0.0,0.875,0.875,0.125,0.3844485354848924,0.031373183599863325,0.3290362147037982,True,False
0.21000617231111773,0.0,False,0.0,0.0,1.0,1.0,0.125,0.172887165047387,0.04481881538239115,0.5381065540177927,True,False
0.21069776311509292,0.0,True,0.0,0.0,1.0,1.0,0.125,0.5609866194162628,0.22649033682641637,0.17673474421231883,True,False
0.2745469902200719,0.0,True,1.0,0.0,1.0,1.0,0.125,0.22242050873192093,0.011591643639727237,0.4483770280715531,True,False
0.2132107822424778,0.0,True,0.0,1.0,1.0,0.9750000000000001,0.125,0.30105958063169524,0.059824877497887084,0.3844342950983062,True,False
0.5363662344132044,0.5,False,0.0,1.0,1.0,0.0,0.25,0.20427586163183808,0.15930765739535435,0.48027430015261974,False,False
0.2676723244678194,0.0,False,0.0,0.0,0.75,0.8125,0.125,0.218164200536751,0.04837849025481826,0.5090463984217624,True,False
0.1331678261903072,0.0,False,0.0,0.0,1.0,1.0,0.125,0.46515052134508117,0.31828188331752905,0.2297556892737449,True,False
0.3103384799797889,0.25,False,1.0,0.0,0.75,0.75,0.0,0.17799402605366277,0.014392999088895774,0.5520066917768081,False,False
0.19075082257961895,0.0,False,1.0,0.0,0.75,0.8125,0.125,0.24583917223686358,0.02811328259885977,0.532124817794394,True,False
0.48187220377315076,0.5,False,0.0,1.0,0.875,0.875,0.25,0.23482128195292604,0.05554385380238187,0.5104885677744972,False,False
0.22945729756037014,0.0,False,0.0,0.0,0.875,0.8875,0.125,0.0809359455223271,0.027609901054317636,0.7431158206094017,True,False
0.38787520380299145,0.5,False,1.0,0.0,0.875,1.0,0.25,0.36848057797578493,0.05016826248312185,0.34958007680115544,False,False
0.357431904366342,0.0,False,1.0,0.0,0.875,0.8375000000000001,0.125,0.18425898761114878,0.0302627299068438,0.5788644134537566,True,False
0.25594433800208805,0.0,False,0.0,0.0,0.875,1.0,0.125,0.48221045877150825,0.31311968995807987,0.21632829159628164,True,False
0.29755351618285075,0.0,False,0.0,0.0,0.875,0.8500000000000001,0.125,0.1870366483864684,0.04865717429846857,0.5447656896824884,True,False
0.1331678261903072,0.25,False,0.0,1.0,1.0,0.925,0.125,0.4527759720633572,0.13769014187183481,0.3013380738049516,True,False
0.49290219816684744,0.0,False,0.0,1.0,1.0,1.0,0.125,0.06240144087416003,0.017038814054046714,0.7314526610751027,False,False
0.1759938981343364,0.0,False,0.0,1.0,0.75,0.7125,0.125,0.32736980305112917,0.031035018059399015,0.3864253527328232,True,False
0.3596322511930946,0.0,False,0.0,1.0,0.875,0.6625000000000001,0.125,0.4143219448292455,0.06517079998933163,0.3238184027864728,False,False
0.17655257740394903,0.0,False,0.0,1.0,0.75,0.7750000000000001,0.125,0.31130428968326274,0.07844924118115684,0.42189462329529004,True,False
0.24922157850687243,0.5,False,0.0,1.0,0.875,0.8625,0.125,0.1204924668323364,0.00882305069489713,0.632872010904757,True,False
0.2651510805228984,0.0,False,0.0,0.0,0.875,1.0,0.125,0.36048078549911866,0.12074567900070513,0.35807224653660197,False,False
0.44622698045896037,0.5,True,1.0,0.0,1.0,0.925,0.25,0.34644923571747205,0.02397033873172092,0.3676915765581712,False,False
0.1899767738192364,0.0,False,1.0,0.0,1.0,0.9625000000000001,0.125,0.21815014928662196,0.06571220179494143,0.4815829387023751,True,False
0.13281132137964757,0.0,False,1.0,0.0,0.875,0.925,0.125,0.3624681256293981,0.1419327866454059,0.35381373609376854,True,False
0.1841948354016394,0.0,False,0.0,1.0,0.5,0.7375,0.125,0.16687267069384445,0.04922710655508827,0.6049888968523809,True,False
0.39140041400584125,0.25,True,0.0,0.0,1.0,0.9750000000000001,0.125,0.2723235526169291,0.019116299666956608,0.4545917845619756,False,False
0.7064836728550975,1.0,False,0.0,0.0,1.0,1.0,0.375,0.12344229200757596,0.032993245676228286,0.6367699171057701,False,False
0.1083625951338244,0.0,True,1.0,0.0,1.0,1.0,0.125,0.577079419068563,0.6649902337731814,0.17506696814933864,True,False
0.1331678261903072,0.0,False,1.0,0.0,1.0,0.9625000000000001,0.125,0.5324696487497494,0.5831006739647697,0.20694362785686438,True,False
0.35753251426047294,0.0,True,0.0,1.0,1.0,0.9500000000000002,0.125,0.2516185616654763,0.04054148138014858,0.42856429347165226,False,False
0.24472061040289805,0.5,False,0.0,0.0,0.75,0.7625,0.125,0.24947811463374256,0.05383391602549103,0.43256235477254945,False,False
0.43766444076471755,0.0,False,1.0,0.0,1.0,1.0,0.125,0.01563574194636812,0.0021421331860096253,0.9302809028312948,False,False
0.1455470978687784,0.0,True,0.0,0.0,0.875,0.9500000000000002,0.125,0.5597211850755193,0.466879776975281,0.17070610440518452,True,False
0.34427558751205345,0.5,False,1.0,0.0,0.875,0.9125000000000001,0.25,0.8566087870038219,0.44729537318034845,0.05514683972481871,False,False
0.424510230482109,1.0,False,0.0,1.0,0.75,0.7875000000000001,0.375,0.29030817270112985,0.032309278211076736,0.4466067683480399,False,False
0.3512884715207659,0.0,False,0.0,0.0,1.0,1.0,0.125,0.21555195037899447,0.058392688875987295,0.48627020804234955,False,False
0.1083625951338244,0.0,True,1.0,0.0,1.0,1.0,0.125,0.5824544221322345,0.6719757987057111,0.17182387341235272,True,False
0.3807840133469361,0.0,False,0.0,1.0,0.625,0.6625000000000001,0.125,0.27962261600434807,0.044715719238291804,0.4713348649689759,True,False
0.17059683290839522,0.0,False,0.0,1.0,0.75,0.8625,0.125,0.379651084744328,0.058411833389481235,0.3250029716322218,True,False
0.3733976107957918,0.5,False,0.0,1.0,1.0,1.0,0.125,0.03672764504763871,0.03364742087813609,0.8090882088578244,False,False
0.4831156451491453,0.5,True,0.0,1.0,1.0,0.9875,0.125,0.0504667635575768,0.03578783212655459,0.7583606018049722,False,False
0.4541037050063216,0.0,False,0.0,1.0,0.875,1.0,0.125,0.08020849569178247,0.013852127749737724,0.7062137218873676,False,False
0.3370870090054702,0.5,False,1.0,0.0,1.0,0.9500000000000002,0.125,0.22279785583286457,0.09338435179767897,0.4696120450169563,False,False
0.35479582214730054,0.25,False,0.0,0.0,0.875,1.0,0.125,0.2850957031095362,0.04529966495074073,0.4267994504240049,False,False
0.4494916468356095,1.0,False,0.0,1.0,0.875,0.7000000000000001,0.25,0.24587463129628323,0.011370858699129937,0.4662038208326573,False,False
0.2445305696606629,0.0,True,0.0,0.0,1.0,0.9625000000000001,0.125,0.5362717160573157,0.4420856023188419,0.2292440483859315,False,False
0.39856700200613393,0.5,False,0.0,0.0,1.0,0.9375,0.25,0.3406246081278829,0.16451254941299767,0.3408586784140579,False,False
0.17931989058423214,0.0,True,1.0,0.0,1.0,1.0,0.125,0.20548409325534203,0.1001160066874693,0.4888120553901836,True,False
0.19954040040265897,0.0,False,1.0,0.0,1.0,1.0,0.125,0.40784561936998465,0.10237095756647109,0.3175972212103282,True,False
0.3116459136988182,0.75,False,0.0,0.0,0.875,0.875,0.125,0.4369469404018175,0.03929154789464021,0.28304643884851277,False,True
0.38262721781504616,0.5,False,0.0,1.0,1.0,0.9750000000000001,0.125,0.18072391071514973,0.05615288820093194,0.582846304507322,False,False
0.4822212465402925,1.0,False,0.0,1.0,1.0,0.9125000000000001,0.25,0.18261982910268248,0.022560936885951715,0.5458875126362275,False,False
0.44622698045896037,1.0,False,1.0,0.0,1.0,1.0,0.25,0.24883863456534674,0.034221681838372826,0.5241651740115219,False,False
0.20603541428460392,0.25,False,0.0,1.0,0.875,0.8375000000000001,0.125,0.2935048617404966,0.09342718155192078,0.4542809428512167,True,False
0.24261888379825403,0.0,False,0.0,1.0,0.875,0.875,0.125,0.2372316947292464,0.04241014637255622,0.46778630185034675,True,False
0.20508806235318777,0.0,False,0.0,1.0,0.875,0.8625,0.125,0.3478502340060345,0.04261566532871275,0.3523668575758896,True,False
0.2613872253985209,0.0,False,0.0,1.0,1.0,1.0,0.125,0.13095417510564625,0.010280026968648773,0.6168305376643213,True,False
0.19482300767235994,0.0,False,0.0,0.0,1.0,0.9625000000000001,0.125,0.31723329053666155,0.11362087311169028,0.3477425482369645,True,False
0.19831108880083492,0.0,False,0.0,0.0,1.0,0.0,0.125,0.507527271276451,0.31385320734359035,0.2000094148454934,True,False
0.3686435582637858,0.0,False,0.0,1.0,0.75,0.75,0.125,0.08020869588197185,0.013852131304206254,0.7062131444886308,True,False
0.24088057908739002,0.0,False,1.0,0.0,1.0,0.925,0.125,0.4333199133807126,0.048800061769322556,0.27892896765420083,True,False
0.2132107822424778,0.0,True,1.0,0.0,1.0,0.9875,0.125,0.3367494892002865,0.04727518338449795,0.3732248262790212,True,False
0.17655257740394903,0.0,False,0.0,1.0,0.75,0.7875000000000001,0.125,0.3098059679345924,0.04964733081349991,0.41792844672309437,True,False
0.28285854363842466,0.0,False,0.0,0.0,1.0,1.0,0.125,0.2728826602425548,0.07162875687173094,0.4245937498116501,False,False
0.47768035729331537,1.0,False,1.0,0.0,1.0,1.0,0.25,0.19249459682482895,0.05598764916026787,0.5212727447557413,True,False
0.5119628131815134,1.0,True,0.0,1.0,0.875,0.9625000000000001,0.375,0.05101542765101583,0.03131782118116851,0.8084577764953642,False,False
0.37748913682025453,0.25,False,0.0,1.0,1.0,0.9750000000000001,0.125,0.011154656893665472,0.026244715648371414,0.920180809940538,False,False
0.42375004693628193,0.0,False,0.0,1.0,1.0,0.9000000000000001,0.125,0.100609151757537,0.020066073847101927,0.7081421012777147,False,False
0.1768312588239036,0.0,False,0.0,1.0,0.875,0.8125,0.125,0.35021868947853885,0.0702686930596607,0.3732451255861575,True,False
0.2910909143356538,0.5,False,0.0,0.0,0.75,0.75,0.125,0.42193179390272334,0.26808066886084625,0.26942272775050413,False,False
0.39098439991518685,0.5,False,0.0,1.0,0.625,0.75,0.125,0.12293915214661584,0.03951662833666299,0.6654821580886048,False,False
0.3752277233258695,0.5,False,0.0,0.0,1.0,0.9750000000000001,0.25,0.3963108608867349,0.19068077922756435,0.2790379258793967,False,False
0.39704398239708427,0.75,False,0.0,1.0,0.875,0.9000000000000001,0.25,0.341376487637711,0.03923140876707377,0.36062438037049027,False,False
0.38787520380299145,0.25,False,0.0,0.0,1.0,1.0,0.25,0.32734023873966556,0.011470189409701253,0.3864218957095591,True,False
0.22987081477479465,0.0,True,0.0,0.0,1.0,0.9625000000000001,0.125,0.2827913964435055,0.14888030805182825,0.40895426962621717,True,False
0.1759938981343364,0.0,False,0.0,1.0,0.875,0.825,0.125,0.3027392173192845,0.031343069630294554,0.41037155347951026,True,False
0.14320669321579982,0.0,False,0.0,0.0,1.0,1.0,0.125,0.4431262478995924,0.09508975111153427,0.25142371943792363,True,False
0.49984706135560486,0.5,False,0.0,1.0,0.875,0.75,0.25,0.25523113443821055,0.04390387509162344,0.4611518845579685,False,False
0.2986781822256933,1.0,False,1.0,0.0,1.0,0.9375,0.125,0.19373792468396575,0.07893875547420871,0.505508469997801,False,False
0.26733822115466044,0.0,False,0.0,1.0,0.375,0.3375,0.125,0.1064071225715836,0.00996082952759647,0.6878283811210979,True,False
0.3072943146141446,0.0,False,0.0,1.0,1.0,0.9375,0.125,0.09772608370960191,0.03535208489256852,0.697508189866384,True,False
0.2905049056005683,0.25,False,1.0,0.0,1.0,1.0,0.125,0.35573869372948774,0.030120569412435166,0.32662368738368297,False,False
0.33389833422413695,0.5,False,0.0,1.0,0.625,0.5875,0.125,0.23338021770677367,0.12544540309293878,0.4507254519382675,False,False
0.3568270441449498,0.5,False,0.0,0.0,0.625,0.6625000000000001,0.125,0.3333208059717756,0.014887890896368524,0.3499614488741063,False,False
0.542287527232678,1.0,True,0.0,1.0,1.0,0.9375,0.25,0.04180836912166049,0.02307060371560192,0.8203161027938828,False,False
0.2690024825538354,0.5,False,0.0,0.0,1.0,0.9500000000000002,0.25,0.6556497589928265,0.2728920678452866,0.16324552772433187,False,False
0.31320222383114726,0.25,False,0.0,1.0,0.875,0.65,0.125,0.43428304286556885,0.06750395287231688,0.31063917047697553,False,False
0.29152915438459825,0.0,False,0.0,1.0,0.875,0.8500000000000001,0.0,0.2538918724236679,0.029620014907724472,0.5119496579239868,False,False
0.3357274441343051,0.25,True,0.0,0.0,1.0,0.9500000000000002,0.125,0.30959409821987044,0.03836691935762764,0.4108992450676887,False,False
0.2081486433206151,0.0,True,1.0,0.0,1.0,0.9500000000000002,0.125,0.45027247293935824,0.0479992895457277,0.23760610368397406,True,False
0.3974460460887358,0.5,False,0.0,1.0,0.75,1.0,0.125,0.048716665035908054,0.037225365367358106,0.7620986672099304,False,False
0.26532028250539186,0.0,False,0.0,1.0,0.75,0.825,0.125,0.295110031676864,0.07341774886615872,0.46500232018171084,True,False
0.2903581005388348,0.0,False,1.0,0.0,1.0,0.9625000000000001,0.125,0.355415143957372,0.06115734386024374,0.35872012577020773,True,False
0.3727525860768989,0.75,False,1.0,0.0,1.0,0.925,0.125,0.28217580888346405,0.12606481318879578,0.39253163081423614,False,False
0.16885782018472062,0.0,False,1.0,0.0,1.0,0.9750000000000001,0.125,0.35937366042516655,0.12217071717958822,0.3586841782560666,True,False
0.3274629584421477,0.0,False,0.0,0.0,1.0,0.9625000000000001,0.125,0.25298164150334823,0.030370283853976738,0.5145199662357585,False,False
0.26481219177777016,0.0,True,0.0,1.0,1.0,0.9375,0.0,0.21987821940310165,0.05162532460513151,0.5072500270581501,False,False
0.26276515465118755,0.0,True,1.0,0.0,0.875,0.925,0.125,0.21893777999852387,0.07853414076664887,0.5211369235646981,True,False
0.40078789170443174,0.5,True,0.0,1.0,1.0,1.0,0.25,0.2834722023971667,0.07476114561743748,0.4340830170968357,False,False
0.26733822115466044,0.0,False,0.0,1.0,0.875,0.8375000000000001,0.125,0.22068766860193273,0.045198411030327144,0.5030285484633179,True,False
0.3419848138653344,0.0,False,0.0,0.0,0.875,0.8375000000000001,0.125,0.3646808435811468,0.0034614283480218695,0.34361940998864826,False,False
0.36712545713985845,0.5,False,0.0,1.0,0.75,0.8,0.125,0.3397016307133916,0.009967013935521286,0.3709331246154275,False,False
0.1759938981343364,0.0,False,0.0,0.0,1.0,0.9750000000000001,0.125,0.20847060896186653,0.057443001744016016,0.47109646535864624,True,False
0.19279859605348382,0.0,False,1.0,0.0,0.125,0.375,0.125,0.22151108995222554,0.030531872100811912,0.49399623442567386,True,False
0.14488155464167207,0.0,True,1.0,0.0,1.0,0.9375,0.125,0.573430308436207,0.29388599308839636,0.1608413119355656,True,False
0.4502090433431062,0.5,False,0.0,1.0,0.875,0.9125000000000001,0.25,0.21590010227572565,0.03699903592603785,0.5010980802534153,False,False
0.09868301252222789,0.25,False,0.0,1.0,0.875,0.875,0.125,0.4001446550927068,0.3035946638766756,0.3078247054199974,True,False
0.2872468017004989,0.0,False,0.0,0.0,1.0,0.75,0.125,0.26528395734277016,0.023427022078133467,0.40910665524047274,False,False
0.20697773546125786,0.0,True,1.0,0.0,1.0,0.9500000000000002,0.125,0.3308779835947479,0.29056776043142796,0.34572052143474563,True,False
0.454686418858791,1.0,False,0.0,1.0,1.0,0.8125,0.125,0.24599984650305137,0.01999364001866052,0.4674719756867989,False,False
0.3733976107957918,0.0,False,1.0,0.0,0.75,0.75,0.125,0.12390454092027604,0.02106754799445697,0.6207893559238404,True,False
0.3255461731870096,0.25,False,0.0,1.0,1.0,0.9375,0.125,0.20397581930637404,0.024316068126915048,0.529441794073173,False,False
0.3486645779682803,0.0,False,0.0,0.0,0.875,0.825,0.125,0.48817462086859553,0.09148090613456185,0.21617722849674226,False,False
0.1682743413758333,0.0,True,1.0,0.0,1.0,0.9750000000000001,0.125,0.46322986966074997,0.36000025914707545,0.2757396615825676,True,False
0.298537988166803,0.0,False,0.0,0.0,1.0,0.9750000000000001,0.125,0.17562115258086905,0.07075728441817804,0.5244984851253824,False,False
0.25999851255513073,0.0,True,1.0,0.0,0.875,0.9750000000000001,0.125,0.3696150561521636,0.061886804327525,0.31349729031619544,True,False
0.32409487330064557,0.5,False,0.0,0.0,1.0,0.9125000000000001,0.125,0.4772126951638098,0.02789386328139255,0.22912217085907227,False,False
0.061795817342488846,0.0,False,0.0,0.0,1.0,1.0,0.125,0.7834796787209093,0.6986628059771166,0.09191743420066589,True,False
0.38280176667589993,1.0,False,0.0,0.0,1.0,1.0,0.375,0.4182730388978546,0.23564652980536702,0.2630958820643394,False,False
0.26532028250539186,0.5,False,0.0,1.0,0.875,0.8625,0.125,0.1216349364240504,0.04766089985721449,0.6243297429778991,True,False
0.4152384382597595,0.75,False,0.0,1.0,0.875,0.825,0.125,0.06752747333200401,0.030607584720590036,0.7219992816782286,False,False
0.2252682452146565,0.0,False,1.0,0.0,0.625,0.625,0.125,0.7309779634642322,0.7266983237213753,0.10603083333474594,False,False
0.21389001927083318,0.0,True,1.0,0.0,1.0,0.9500000000000002,0.125,0.5385450318938761,0.041589529889288226,0.18546127287063685,True,False
0.3501387354565436,0.0,False,0.0,0.0,0.75,0.625,0.0,0.12606489465859608,0.03791300464020765,0.6620703836445236,False,False
0.13877659637533346,0.0,False,0.0,0.0,1.0,0.9500000000000002,0.125,0.3392529432326676,0.09319919781506798,0.32656479536240557,True,False
0.4613096569994547,1.0,False,0.0,0.0,1.0,0.9375,0.375,0.5235055078060312,0.10299953987992863,0.19685446600955103,False,False
0.3884676236138268,0.75,False,1.0,0.0,0.875,0.8125,0.125,0.2696628929401123,0.03223238523357832,0.46935110202696984,False,False
0.43087685984114044,1.0,False,0.0,1.0,0.875,0.6875,0.25,0.218165370288884,0.03477964595591497,0.5050761752433288,False,False
0.32004148953752243,0.0,False,0.0,1.0,0.875,0.8875,0.0,0.1916212763677466,0.05029280378258965,0.5915084327838354,False,False
0.2976944898699704,0.0,False,0.0,1.0,0.875,1.0,0.125,0.6557626734096856,0.2602814063344139,0.16281046076382832,False,False
0.23990744521238572,0.0,False,0.0,1.0,0.875,0.8375000000000001,0.125,0.2205497131377702,0.03110977450738094,0.6524987298924856,True,False
0.3786537803145139,0.5,False,0.0,1.0,1.0,0.9500000000000002,0.125,0.08296288006279988,0.03530807897515778,0.708783898338448,False,False
0.19431906581166813,0.0,True,0.0,0.0,0.875,0.9625000000000001,0.125,0.3205620526578332,0.14585749656065405,0.3531493866202864,True,False
0.28285854363842466,0.0,False,0.0,0.0,1.0,1.0,0.125,0.16329624988015926,0.043540749587184624,0.5453263886842361,True,False
0.18339158825813184,0.0,True,0.0,1.0,1.0,0.9625000000000001,0.125,0.2580417025581466,0.0059064366858362135,0.5045850598145736,True,False
0.19532552244298607,0.0,False,0.0,0.0,0.875,0.9375,0.125,0.4945104335735662,0.34784713668949063,0.2910947537791062,True,False
0.20508806235318777,0.0,False,0.0,1.0,0.75,0.7625,0.125,0.2704581409647861,0.10024566513002,0.502978052029444,True,False
0.12138868484715493,0.0,True,0.0,0.0,1.0,1.0,0.125,0.4619257556268302,0.19451520300577047,0.22883496166373662,True,False
0.2508804374664776,0.0,True,0.0,0.0,0.875,0.9500000000000002,0.125,0.13922483172690206,0.06865133283411638,0.5984222498259366,True,False
0.357431904366342,0.5,False,0.0,0.0,1.0,0.8500000000000001,0.25,0.36048802334695396,0.14326147701692715,0.3230651107024063,False,False
0.4365080917466778,0.25,False,0.0,0.0,1.0,1.0,0.125,0.29261556576589465,0.07425851537426634,0.401247327823006,False,False
0.44001797588429603,0.5,False,1.0,0.0,1.0,1.0,0.25,0.14448681673117747,0.03314668654635333,0.5776977274599246,False,False
0.321526182057874,0.0,False,0.0,0.0,0.875,0.9000000000000001,0.125,0.33794531988881876,0.06418621331133781,0.3433333090602144,False,False
0.20508806235318777,0.0,False,1.0,0.0,0.875,0.875,0.125,0.4690350079184141,0.21842746374720962,0.2344969012459237,True,False
0.351808626339993,0.5,False,1.0,0.0,1.0,1.0,0.25,0.25185338659296835,0.026789031890299814,0.4559966175003214,True,False
0.664410487683284,1.0,False,0.0,1.0,1.0,1.0,0.375,0.07260402250300602,0.049110922277143566,0.8086635902077464,False,False
0.2954253601423583,0.0,False,0.0,0.0,1.0,1.0,0.125,0.4659316225665281,0.07012185109648685,0.2624355484423091,True,False
0.37080332367410807,0.5,False,1.0,0.0,0.375,0.25,0.0,0.2677795221281337,0.03885098905276723,0.479909182029282,False,False
0.1734578435901587,0.0,False,1.0,0.0,0.75,0.8875,0.125,0.4114652446055575,0.21706381491951826,0.31803058701298625,True,False
0.2698287963784185,0.5,False,1.0,0.0,1.0,0.9500000000000002,0.125,0.23435210356777977,0.07421013093246637,0.4711380386218518,True,False
0.4047630168361275,1.0,False,1.0,0.0,0.875,0.8500000000000001,0.25,0.34252189616335293,0.025016571950368025,0.36638708748874826,False,False
0.1894588591278764,0.25,False,0.0,1.0,0.625,0.5875,0.125,0.32988718123245236,0.03815257885020601,0.3837229871925103,True,False
0.2428109818112687,1.0,True,1.0,0.0,1.0,1.0,0.125,0.8321398703357654,0.5086170765431013,0.06652179098690802,False,False
0.3633697464895339,0.75,False,0.0,0.0,1.0,0.9750000000000001,0.25,0.5686195363433942,0.5152049618154211,0.1672893662213384,False,False
0.26481219177777016,0.5,False,0.0,0.0,0.875,0.9500000000000002,0.125,0.4269666922173443,0.11369542810943317,0.30274069069975673,False,False
0.18258468860567967,0.0,False,0.0,0.0,1.0,1.0,0.125,0.3059932657420122,0.04618397256157437,0.3711265770147085,True,False
0.4433977946537283,1.0,False,0.0,0.0,1.0,1.0,0.5,0.6070570150687944,0.6460814511645685,0.15236277797178688,False,False
0.25576595090664944,0.25,False,0.0,1.0,0.875,0.9375,0.125,0.13276481649140848,0.0155433363626507,0.6132308009666079,True,False
0.30954937078703926,0.0,False,0.0,0.0,1.0,1.0,0.125,0.41682667653563804,0.2533035088416883,0.3099030317824636,False,False
0.21069776311509292,0.0,False,0.0,1.0,1.0,0.9625000000000001,0.125,0.3948178018234922,0.2945001115013345,0.31214462592455505,True,False
0.18339158825813184,0.0,True,1.0,0.0,1.0,0.9625000000000001,0.125,0.3242814215594861,0.055982051729788804,0.340180963473542,True,False
0.17821813856939095,0.0,False,1.0,0.0,0.75,0.9375,0.125,0.4197824558887246,0.23261275232066692,0.25910314987249494,True,False
0.3941219145923279,1.0,False,0.0,1.0,0.75,0.675,0.25,0.19865061920483842,0.02251426653377014,0.5381332177973048,False,False
0.29684696291536883,0.0,False,0.0,0.0,1.0,0.9625000000000001,0.125,0.28763172786969976,0.11404032724943106,0.3773632002533751,False,False
0.2002739202454118,0.0,False,0.0,0.0,0.875,0.9125000000000001,0.125,0.46309153477523174,0.06972958781652344,0.2956720932319079,True,False
0.4365725314259131,0.5,False,0.0,0.0,1.0,0.9875,0.125,0.1416528141556427,0.035011037951350715,0.6673886591211087,False,False
0.05857180981816401,0.0,True,1.0,0.0,1.0,0.9875,0.125,0.6546690915872863,0.27371499539210353,0.16387672549979793,True,False
0.1331678261903072,0.0,False,1.0,0.0,1.0,0.9875,0.125,0.630257182074996,0.6790619815692296,0.13937823149689033,True,False
0.20579905002976107,0.0,True,1.0,0.0,1.0,0.9875,0.125,0.2307258945049426,0.13504966411172073,0.44942055757376087,True,False
0.1682743413758333,0.0,False,0.0,0.0,0.875,0.925,0.125,0.3521810995965268,0.11268505553589342,0.3141277027443643,True,False
0.36817054530228777,0.0,False,0.0,1.0,0.5,0.6125,0.125,0.22641284800983344,0.050962647538218366,0.4957210678326338,False,False
0.23110561590342615,0.0,True,0.0,0.0,1.0,0.9875,0.125,0.34624765407728697,0.12728690202643736,0.33863105214666955,True,False
0.22862736097375158,0.0,False,0.0,1.0,0.75,1.0,0.0,0.3465974269778774,0.034435189054999454,0.3611816766433569,False,False
0.2343570186517372,0.0,True,0.0,0.0,1.0,0.9750000000000001,0.125,0.19578246729459237,0.10470158584749754,0.49869027186101844,True,False
0.26156005283736583,0.5,False,0.0,1.0,0.625,0.75,0.125,0.25460598505336224,0.04606049189027467,0.5166917260450399,False,False
0.3629800124642518,1.0,False,1.0,0.0,1.0,0.9125000000000001,0.25,0.3962141674621818,0.08255684337056042,0.3094865200217838,False,False
0.26532028250539186,0.0,False,1.0,0.0,0.875,0.9125000000000001,0.125,0.2925232213495868,0.12844440260809434,0.4599587188694536,True,False
0.13739093600892593,0.0,False,0.0,0.0,1.0,1.0,0.125,0.38372414002237093,0.3571852308749212,0.31137030705379964,True,False
0.4050710576918001,0.0,False,0.0,0.0,1.0,1.0,0.125,0.31941036818260393,0.14650220004386427,0.34799935867869847,False,False
0.35520393086437474,0.5,False,1.0,0.0,0.75,0.75,0.125,0.45756281925197034,0.08052623145049168,0.2978480401857646,False,False
0.42263847940498345,0.5,False,0.0,0.0,0.875,0.875,0.25,0.1326800455573251,0.043794140096576964,0.6514612110562301,False,False
0.3364085286288315,0.5,False,1.0,0.0,0.5,0.7000000000000001,0.125,0.15431064079224416,0.018911303442546,0.6387978000691046,False,False
0.4650254587991124,0.25,False,0.0,1.0,1.0,0.8125,0.125,0.1659871912832588,0.01929988274999399,0.573026761660103,False,False
0.3737651463836983,0.0,False,1.0,0.0,1.0,1.0,0.125,0.20939598013211755,0.013679275383140828,0.6950591917596092,True,False
0.2550506038158944,0.0,False,0.0,0.0,1.0,1.0,0.125,0.3990479145910609,0.39347163747251035,0.29766065163830047,True,False
0.3918983469302467,0.0,False,1.0,0.0,1.0,1.0,0.125,0.12487450253983522,0.03665193793998088,0.6328041105644511,True,False
0.33389833422413695,1.0,False,1.0,0.0,0.875,0.925,0.25,0.33832207328122754,0.011535215403609064,0.373540375890711,False,False
0.2743863651066005,0.25,False,1.0,0.0,0.75,0.7875000000000001,0.125,0.12585073607520397,0.05051738255222711,0.6279629705875718,True,False
0.15206874199191067,0.25,False,1.0,0.0,0.875,0.875,0.125,0.5903829855409398,0.24407789091981222,0.151289075714941,True,False
0.31879468553043033,0.5,False,0.0,1.0,0.75,0.7625,0.125,0.2557590824866603,0.028225977437469726,0.47250659037429354,False,False
0.17655257740394903,0.0,False,0.0,1.0,0.75,0.6875,0.125,0.27411844092886517,0.08352967580346511,0.49129463313724964,True,False
0.4961554958411202,0.5,False,0.0,1.0,1.0,0.9500000000000002,0.25,0.1365471749779364,0.013482103441604153,0.6567727271831711,False,False
0.4056855398251106,0.75,False,0.0,0.0,1.0,0.9875,0.25,0.27469760571149543,0.009885501244058768,0.41856750405781495,False,False
0.15555604159834224,0.0,False,0.0,0.0,0.625,0.8625,0.125,0.4958382464896066,0.07098834484726517,0.21424319572008121,True,False
0.3207853885551156,0.5,True,1.0,0.0,1.0,1.0,0.25,0.40756458576667465,0.17669312642706073,0.27889218877869637,False,False
0.42499229356865265,0.5,False,1.0,0.0,1.0,0.925,0.25,0.2812883875426514,0.057897001622405325,0.43753419833227936,False,False
0.367601260364658,0.25,False,0.0,0.0,0.5,0.5,0.125,0.25879902363208196,0.03865447698417135,0.49922187913910965,False,False
0.42221983986050937,0.5,False,0.0,1.0,0.875,0.7875000000000001,0.25,0.3311478453589026,0.051259575360582295,0.3885348112579208,False,False
0.19781696967121776,0.0,False,0.0,0.0,1.0,1.0,0.125,0.8663916628385094,0.4306858719092466,0.05082083686665695,True,False
0.3201656894734407,0.25,False,0.0,1.0,1.0,1.0,0.125,0.3823947016434175,0.03358127732938259,0.2882165921491071,True,False
0.2905049056005683,0.25,False,0.0,1.0,0.875,0.875,0.125,0.386974807519405,0.021405065503524865,0.2983918659442586,False,False
0.48819683272269565,0.75,False,0.0,1.0,0.875,0.7875000000000001,0.25,0.2835221815806986,0.11209210992306105,0.38239147558018693,False,False
0.17904509321601503,0.75,False,0.0,1.0,1.0,1.0,0.125,0.31772129661836646,0.07158711892225067,0.38554132502088434,True,False
0.21923229936250388,0.25,False,0.0,1.0,0.875,0.7875000000000001,0.125,0.23080543532676095,0.05192377412493687,0.5519776460569132,True,False
0.3984072983297354,0.5,False,0.0,1.0,0.875,0.8625,0.125,0.1612064928990374,0.022704653543480276,0.5647910651054062,False,False
0.34834708746563126,0.5,False,1.0,0.0,0.875,0.8875,0.0,0.2516427035773774,0.028679458014786576,0.5180994071249598,False,False
0.3124257749366902,0.5,False,1.0,0.0,0.5,0.75,0.125,0.22828694355372905,0.043658012913732405,0.4797185534644146,False,False
0.5034191928446005,0.75,False,0.0,0.0,1.0,0.875,0.375,0.21375683961033426,0.01630382392907804,0.6283981393573042,False,False
0.20603541428460392,0.0,False,0.0,0.0,0.875,0.9125000000000001,0.125,0.29702904802435315,0.04463098979861059,0.431392991267338,True,False
0.24566777319209177,0.25,False,0.0,1.0,0.75,0.7250000000000001,0.125,0.11143031685441102,0.03105400582270215,0.668133828572159,True,False
0.38262721781504616,0.5,False,0.0,1.0,0.25,0.5,0.125,0.1807466600540648,0.05900768043881557,0.6056905905700485,False,False
0.16562468127914087,0.0,True,1.0,0.0,1.0,1.0,0.25,0.47531351484468093,0.33358798399197914,0.29490727585879717,True,False
0.34610860493463325,0.0,False,0.0,1.0,1.0,0.75,0.125,0.23437851267236165,0.053698762006320504,0.6182784297838824,False,False
0.4341072220436898,0.0,False,0.0,1.0,0.625,0.25,0.125,0.25319036128512545,0.040363529918556865,0.5143800255155524,False,False
0.21389001927083318,0.0,False,0.0,1.0,0.875,0.9375,0.125,0.30644934068324214,0.07606276438808632,0.3781084489849298,True,False
0.41862095384408715,1.0,False,0.0,0.0,1.0,0.9625000000000001,0.25,0.3318876087393033,0.028729590200575823,0.3963713347614426,False,False
0.20317804933718453,0.0,False,0.0,0.0,0.875,0.9625000000000001,0.125,0.3899411172682073,0.017106346808410725,0.3212781000043605,False,False
0.1054721281578358,0.0,False,0.0,1.0,0.875,0.8125,0.125,0.4700041422499415,0.09209804900055203,0.2918860814553812,True,False
0.43067715906714044,0.5,False,1.0,0.0,0.875,0.9125000000000001,0.25,0.2839507063145498,0.03842199318918185,0.4434873361706777,False,False
0.21115733074156973,0.0,False,1.0,0.0,1.0,1.0,0.125,0.5695761425752108,0.24053206232435667,0.1715152273894458,True,False
0.5142648195010328,1.0,False,0.0,1.0,0.875,0.6000000000000001,0.375,0.26029185036673924,0.12714101964642863,0.4524406913147101,False,False
0.2347592869000048,0.0,True,1.0,0.0,1.0,1.0,0.125,0.526821693688897,0.23449059257567295,0.18953872782367753,True,False
0.30378900298503353,0.25,False,0.0,1.0,0.875,0.8875,0.0,0.06458736822836553,0.03368872139053342,0.8424393431771304,True,False
0.16885782018472062,0.0,True,1.0,0.0,1.0,0.9750000000000001,0.125,0.435836932858284,0.1712212355316551,0.2468532261390992,True,False
0.20838190059244077,0.25,False,0.0,0.0,0.875,0.9750000000000001,0.125,0.3608461355560926,0.07212663710564185,0.35033794690963593,True,False
0.1839274901469682,0.0,False,0.0,0.0,1.0,1.0,0.125,0.43976524293652136,0.0746242087895778,0.30722635421594524,True,False
0.3254256838540833,0.0,False,0.0,0.0,0.875,0.8375000000000001,0.125,0.22750633952267227,0.01808410272287896,0.5903481293181392,False,False
0.43625009876764664,1.0,True,0.0,0.0,1.0,0.9375,0.25,0.8111819566771995,0.5307858355424523,0.07686744529924461,False,False
0.3427516955979847,0.5,False,0.0,0.0,1.0,0.9125000000000001,0.125,0.3568571723322104,0.346848750974822,0.32575037341512814,False,False
0.2235645371255457,0.0,False,1.0,0.0,0.5,0.5,0.25,0.3346413510729626,0.09188841453724038,0.35606352655540463,True,False
0.48001577083869995,0.0,False,0.0,1.0,1.0,1.0,0.125,0.06701002083278788,0.04349892184189451,0.8396758117090677,False,False
0.14320669321579982,0.0,False,0.0,0.0,1.0,0.9875,0.125,0.43976050528581456,0.059811398153959784,0.25570204917223904,True,False
0.34546381748910326,0.25,False,0.0,0.0,0.75,0.8375000000000001,0.125,0.34153397205865194,0.11682304130289323,0.3447713623942279,False,False
0.38087222049158076,0.0,False,0.0,0.0,0.875,0.8500000000000001,0.125,0.1364364348361421,0.055760759100037575,0.600124525262387,False,False
0.08890245099564842,0.5,False,0.0,0.0,1.0,0.75,0.25,0.5760181405967657,0.6346592090574522,0.18333637563545802,True,False
0.21115733074156973,0.0,True,1.0,0.0,1.0,1.0,0.125,0.4162095362162032,0.20308453666948553,0.2895362562791659,True,False
0.3082263403466404,0.5,False,1.0,0.0,0.75,0.9500000000000002,0.25,0.48656509712693635,0.10155921561754153,0.2838520199197352,False,False
0.26052055428457976,0.0,False,0.0,0.0,1.0,0.875,0.125,0.32265793783224284,0.030985980302497638,0.3884216149198594,True,False
0.6450094743760607,0.5,False,1.0,0.0,1.0,0.875,0.25,0.34405656113923,0.024089815586582367,0.3779578315967058,True,False
0.507742416111444,1.0,False,0.0,1.0,0.75,1.0,0.25,0.2385961347808154,0.026139337778847468,0.5561108067558107,False,False
0.2397121763990986,0.0,False,0.0,1.0,0.875,0.8375000000000001,0.125,0.21887676723375857,0.014580526252654128,0.5816447082540959,True,False
0.220977906775482,0.0,False,1.0,0.0,0.75,0.8500000000000001,0.125,0.2981253712186076,0.03008990064438125,0.39170300094817057,True,False
0.2770974130574285,0.0,False,0.0,1.0,0.75,0.8500000000000001,0.125,0.13766280375541567,0.03379051874591321,0.6318685794059005,True,False
0.31333130231796635,0.25,False,0.0,0.0,1.0,0.9625000000000001,0.125,0.8082877481889464,0.5234819212572726,0.07809141825211152,False,False
0.34546381748910326,0.5,False,1.0,0.0,0.875,0.925,0.25,0.20050313474760711,0.0688969797354311,0.5094478653988299,False,False
0.3424234377347789,1.0,False,1.0,0.0,0.875,0.8625,0.25,0.15174396949665944,0.07692263869700017,0.5686916181551185,False,False
0.22569162861852088,0.5,False,0.0,0.0,0.625,0.75,0.125,0.35545612977549307,0.14939545495996853,0.3211894006212457,True,False
0.21434140382802636,0.0,False,0.0,1.0,0.75,0.7625,0.125,0.24560405116714804,0.041681273189020034,0.5052100651116265,True,False
0.40484007719593784,0.5,False,0.0,1.0,0.875,0.875,0.25,0.2034274257591907,0.02128537452192164,0.5297657327314116,False,False
0.2737424067449248,0.5,False,0.0,0.0,0.875,1.0,0.125,0.44507176935169845,0.046861080575991754,0.24096393787415304,False,False
0.25594433800208805,0.0,False,0.0,1.0,1.0,0.925,0.125,0.1142540722802834,0.042059446920279776,0.667668288065371,True,False
0.21813250985352595,0.0,True,0.0,0.0,0.875,0.9625000000000001,0.125,0.36367719263299964,0.2447173165206123,0.3130022856867052,True,False
0.4498507076244561,0.5,True,0.0,1.0,1.0,0.9625000000000001,0.125,0.3593233014933128,0.11960014701318221,0.36625865602648844,False,False
0.26156005283736583,0.0,False,1.0,0.0,0.875,0.9000000000000001,0.125,0.26240979979660223,0.028898069528279228,0.48607431008448176,True,False
0.5940346730217848,0.0,False,1.0,0.0,1.0,1.0,0.0,0.19021568947584677,0.0593128880870595,0.5009235692001994,True,False
0.3652093828598225,0.0,False,0.0,0.0,1.0,0.9125000000000001,0.125,0.08307527606362801,0.039959245305841704,0.8048733522363491,False,False
0.5415045892806142,1.0,False,0.0,0.0,1.0,1.0,0.25,0.2713426640696239,0.020429328170975824,0.47347335801594537,False,False
0.21456666626282173,0.0,True,0.0,0.0,1.0,0.9875,0.125,0.5591505789153115,0.18142659306747594,0.24348455136280478,True,False
0.2229214057183464,0.0,True,0.0,0.0,1.0,0.9875,0.125,0.23546369485034116,0.02694099466192913,0.5127216651213025,True,False
0.283011683321037,0.5,True,0.0,1.0,1.0,0.925,0.125,0.3621075632878036,0.025086891977311725,0.3176944885657451,False,False
0.28239833003520975,0.5,False,0.0,0.0,0.875,0.8,0.125,0.24634886492807687,0.2090398663838063,0.43519522345713746,True,False
0.49030352459141213,1.0,False,0.0,1.0,0.875,0.9500000000000002,0.25,0.3367267712964793,0.05842968309237277,0.39276164095817845,False,False
0.250145080649786,0.0,False,0.0,0.0,0.875,0.8125,0.125,0.2011467102857695,0.05917383470918649,0.486456504487367,True,False
0.20485043200541464,0.0,False,0.0,1.0,0.875,0.8375000000000001,0.125,0.2338616953866551,0.06835449253795552,0.5757120656357957,True,False
0.31099340096054695,0.0,False,0.0,0.0,0.875,0.8625,0.0,0.20018512717941442,0.052166515482967656,0.4894057445073581,False,False
0.29684696291536883,0.0,False,0.0,1.0,0.75,0.7875000000000001,0.0,0.25985735141310595,0.03438748807119658,0.4527595543581959,False,False
0.16885782018472062,0.0,True,1.0,0.0,1.0,1.0,0.125,0.4313727301409871,0.3263471903046009,0.26477290394212827,True,False
0.34546381748910326,0.0,False,0.0,0.0,0.875,0.8875,0.125,0.30913651713671136,0.028163446956872524,0.3517844246341175,False,False
0.41783506095781375,0.25,False,0.0,0.0,0.75,0.9500000000000002,0.125,0.20607807654660637,0.05015316425968653,0.4981562240235209,False,False
0.4049940975947658,0.75,False,1.0,0.0,1.0,0.9000000000000001,0.125,0.1854041483978622,0.034037652522930485,0.6862064100695844,False,False
0.220977906775482,0.0,False,0.0,0.0,1.0,0.9625000000000001,0.125,0.36027248630116265,0.08208724785312074,0.3661341762934842,True,False
0.20485043200541464,0.0,False,0.0,1.0,0.875,0.7875000000000001,0.125,0.2495789293044203,0.11296576197547996,0.47700548976354984,True,False
0.4188346855794297,0.75,True,0.0,1.0,1.0,1.0,0.25,0.2294951278133808,0.07944220710687568,0.45924616753243974,False,False
0.16856632059829957,0.0,False,0.0,0.0,1.0,1.0,0.125,0.40122411746410785,0.20234399940297199,0.27563968271836425,True,False
0.19781696967121776,0.0,True,0.0,1.0,1.0,0.9625000000000001,0.125,0.18372355365608303,0.02967920777767543,0.5481358302100636,True,False
0.20603541428460392,0.0,False,1.0,0.0,0.875,0.9750000000000001,0.125,0.2214531993263555,0.030075104378306402,0.49411760763101076,True,False
0.1776646867011754,0.0,False,0.0,0.0,1.0,0.9750000000000001,0.125,0.209759436604221,0.059095029991259845,0.46563918088145617,True,False
0.2737424067449248,0.0,False,0.0,1.0,1.0,1.0,0.0,0.442971521241085,0.28178244589001156,0.30331304723558206,False,False
0.20508806235318777,0.25,False,0.0,1.0,0.875,0.8,0.125,0.1274463438454861,0.050110483615475244,0.620327773859974,True,False
0.3294771087624807,0.0,False,0.0,1.0,0.75,0.75,0.0,0.24509924832803076,0.05362437989252704,0.5179563735467354,False,False
0.4502090433431062,1.0,False,0.0,0.0,0.75,0.825,0.25,0.13594070439959832,0.0189258984218881,0.596375257835295,False,False
0.17655257740394903,0.0,False,0.0,1.0,0.625,0.5875,0.125,0.20603254911645272,0.023382056710394814,0.5254622881295663,True,False
0.35753251426047294,0.0,True,1.0,0.0,1.0,0.9750000000000001,0.125,0.10440896654717552,0.010912790110581723,0.6960907009953061,False,False
0.27898645911348063,0.0,False,0.0,0.0,1.0,1.0,0.0,0.14712939682880039,0.012608283779775652,0.6697550109827057,False,False
0.21069776311509292,0.0,False,1.0,0.0,1.0,0.9625000000000001,0.125,0.27816737674139536,0.05663847825816022,0.38572318465408406,True,False
0.529974286549774,0.5,False,0.0,0.0,0.875,0.875,0.25,0.07237989985825415,0.03236721162404545,0.7177227612807306,False,False
0.06755853425954395,0.0,False,1.0,0.0,1.0,0.9000000000000001,0.125,0.6746822827165329,0.2940036085186098,0.15145810206795307,True,False
0.38711060344260717,0.5,False,0.0,1.0,1.0,1.0,0.125,0.2760173693359584,0.020870921929529437,0.4747725109302472,True,False
0.20485043200541464,0.0,False,0.0,1.0,0.875,0.8375000000000001,0.125,0.24406750916017858,0.05735875278427658,0.5191150200023182,True,False
0.17655257740394903,0.0,False,0.0,1.0,0.75,0.7375,0.125,0.23797254550126887,0.046206700577555854,0.5332974277660862,True,False
0.21069776311509292,0.0,False,1.0,0.0,1.0,0.9375,0.125,0.29292233542933127,0.10783079602766026,0.37230092824417693,True,False
0.30662557203613117,0.0,False,0.0,1.0,0.875,0.9125000000000001,0.125,0.15292167016558997,0.0016094814130435415,0.5684299873637697,True,False
0.31879468553043033,0.0,False,0.0,1.0,1.0,0.75,0.125,0.33024145352388606,0.014667270948414876,0.3905065329463526,True,False
0.18658298875052648,0.0,True,1.0,0.0,1.0,0.9750000000000001,0.125,0.2652645540605108,0.13438423303708383,0.4294653577099463,True,False
0.3268661841772992,0.0,True,0.0,0.0,1.0,0.9625000000000001,0.125,0.15669391399568858,0.07171775829002099,0.5700182694167863,True,False
0.23273876403659832,0.0,False,0.0,1.0,1.0,0.9125000000000001,0.125,0.12616406870731214,0.02923821989504476,0.6232345733028355,True,False
0.2772556039184656,0.0,False,0.0,1.0,1.0,0.9125000000000001,0.125,0.11900908303398358,0.010632018028512125,0.630599896493413,True,False
0.4597334322345811,0.0,False,0.0,1.0,1.0,0.9375,0.125,0.06518881313043118,0.042463463637616244,0.8515120962417053,False,False
0.17487123497386725,0.0,False,1.0,0.0,0.875,0.8875,0.125,0.11806592708174743,0.04333457007556637,0.6569655234765839,True,False
0.3591345627500212,0.5,False,1.0,0.0,1.0,0.75,0.25,0.5099431152793455,0.10360387668034049,0.19910124142872498,False,False
0.29755351618285075,0.0,False,0.0,1.0,0.875,0.9125000000000001,0.125,0.023630741356033526,0.013200051092524206,0.8558324283853822,True,False
0.23212809351563968,0.5,False,0.0,0.0,0.875,0.8875,0.125,0.2607816428212129,0.022677671546786755,0.4563548126204142,True,False
0.22632481568164586,0.0,True,0.0,0.0,1.0,0.9875,0.125,0.4544664948416417,0.48434674437621966,0.25283393071668825,True,False
0.18658298875052648,0.0,True,1.0,0.0,1.0,0.9750000000000001,0.125,0.371446405733503,0.10332271516577768,0.35599791257713176,True,False
0.34132483847626804,0.0,False,0.0,0.0,1.0,0.9625000000000001,0.0,0.33418984191733647,0.051966692173574754,0.3810470803771231,False,False
0.3540793656014395,0.75,False,0.0,1.0,1.0,0.9125000000000001,0.125,0.19451891224628765,0.009320973047165011,0.5424327860337232,False,False
0.19781696967121776,0.0,True,0.0,0.0,1.0,1.0,0.125,0.48255389416353955,0.04655978645923591,0.2518183491565742,True,False
0.26733822115466044,0.0,False,0.0,0.0,0.875,0.9375,0.125,0.2746783173146571,0.07542166496523624,0.3894771472011265,True,False
0.34834708746563126,0.25,False,0.0,1.0,0.875,0.675,0.125,0.17706897741573477,0.02065507461228412,0.556651296613003,False,False
0.11201104130645712,0.0,False,0.0,0.0,1.0,0.9375,0.125,0.603332539773057,0.693452362683977,0.16600389742053867,True,False
0.28903136084746694,0.25,False,0.0,0.0,0.875,0.9750000000000001,0.125,0.1861836110440516,0.08752091470266943,0.5139016974681039,True,False
0.4681804642661894,0.5,False,0.0,0.0,0.875,0.9000000000000001,0.25,0.7080527916197907,0.34000051685072036,0.130352322772596,False,False
0.3628824450656146,0.0,False,0.0,1.0,0.75,0.825,0.125,0.23085161509004606,0.08339904101878422,0.5079633196716811,False,False
0.6875623846045388,0.5,False,0.0,0.0,0.5,0.65,0.125,0.1861090167908509,0.025675482014994262,0.5401801477043462,False,False
0.34307934735379086,0.0,False,0.0,1.0,0.75,0.5875,0.0,0.26156648016936046,0.04384040792288268,0.4931357757981989,False,False
0.3401084713842951,0.25,False,0.0,0.0,1.0,0.875,0.25,0.43148242373745743,0.1395698554431351,0.2588258326542143,False,False
0.3914834999159701,0.25,False,0.0,1.0,0.625,0.7250000000000001,0.125,0.1645634392007907,0.034844575945554436,0.604296298082982,False,False
0.2864979058744641,0.5,False,1.0,0.0,1.0,1.0,0.125,0.34655770669498037,0.29509171555579683,0.3308910810296011,False,False
0.3028333135086977,0.0,False,0.0,0.0,1.0,0.9750000000000001,0.125,0.437431202669948,0.33423778863789655,0.26184814602750106,False,False
0.4230561336252575,0.5,False,0.0,0.0,0.875,0.9375,0.125,0.1374169163304994,0.011092485852551287,0.6591160170863617,False,False
0.11715201760842131,0.0,False,0.0,0.0,1.0,1.0,0.0,0.38507765685539963,0.2153559265177484,0.3293838192791567,True,False
0.41589116475210586,0.25,False,1.0,0.0,1.0,1.0,0.125,0.14223517883380507,0.033574147389228856,0.6069697628234474,False,False
0.3607222770624977,0.0,True,1.0,0.0,1.0,1.0,0.125,0.2303173956306506,0.014796004329282691,0.5771084535231641,True,False
0.25069688375119514,0.0,False,1.0,0.0,1.0,1.0,0.125,0.36259469140252165,0.004820656920649419,0.3462893740540729,True,False
0.26156005283736583,0.0,False,0.0,0.0,1.0,1.0,0.125,0.36756260953136954,0.06837638309457675,0.3435037582843594,False,False
0.3777585799440689,0.0,True,1.0,0.0,0.875,1.0,0.125,0.2156983036175238,0.05863646080145096,0.48606088643942247,True,False
0.35753251426047294,0.0,True,0.0,0.0,1.0,0.9875,0.125,0.2411466998101553,0.09323420221702501,0.48401062899010494,False,False
0.25576595090664944,0.25,False,0.0,1.0,0.875,0.8875,0.125,0.033699230558519234,0.017183860698665083,0.8154666067832617,True,False
0.30365279063647177,0.0,True,1.0,0.0,0.875,0.825,0.125,0.4649910698297399,0.3337091551916786,0.29140427170033756,False,False
0.4139257379448672,1.0,False,0.0,1.0,1.0,0.925,0.25,0.1904301409467362,0.009189468801809653,0.5326345698923904,False,False
0.34187498828329843,0.5,True,0.0,0.0,0.875,0.9875,0.125,0.24804859030029228,0.11153468535336854,0.44490631969789995,False,False
0.12920631771671887,0.0,False,0.0,1.0,0.5,0.5125000000000001,0.125,0.34941413240045777,0.022265695820750175,0.3608473434238717,True,False
0.220977906775482,0.0,False,1.0,0.0,1.0,1.0,0.125,0.38560786490777604,0.33927082679573867,0.31209938056634057,True,False
0.2508804374664776,0.0,False,0.0,0.0,0.75,0.825,0.125,0.42765120384728567,0.20091590840097132,0.25279608442962265,False,False
0.23415554204266942,0.0,False,0.0,1.0,0.75,0.8500000000000001,0.125,0.10523362544012604,0.011377468921251317,0.6542075155827667,True,False
0.3786537803145139,1.0,False,0.0,1.0,0.75,0.9000000000000001,0.125,0.20611509855716523,0.032645084642442375,0.5250977371186727,False,False
0.34610860493463325,0.5,False,0.0,0.0,1.0,0.9750000000000001,0.25,0.4145735058920784,0.2439663868652334,0.3123358489221988,False,False
0.3816641179158843,0.0,False,0.0,0.0,0.875,0.8500000000000001,0.125,0.11422845978087615,0.0444763322395506,0.6584651437384186,False,False
0.18365974150551534,0.0,True,1.0,0.0,1.0,0.9750000000000001,0.125,0.26295061584940665,0.02447815384029594,0.39942893824642334,True,False
0.3221411563468829,0.5,True,1.0,0.0,1.0,1.0,0.125,0.35732483679540467,0.0702090973064875,0.36087679208115353,False,False
0.17655257740394903,0.0,False,0.0,1.0,0.875,0.7750000000000001,0.125,0.26422859254250436,0.10179240281533869,0.5191246936161358,True,False
0.2743863651066005,0.0,False,0.0,1.0,0.875,0.9125000000000001,0.125,0.03392207451421739,0.029138726512375153,0.8259656609053709,True,False
0.4249235075394996,0.75,False,0.0,0.0,0.875,0.9750000000000001,0.375,0.2761440589246285,0.0497500684376757,0.4260489784717163,False,False
0.5211569793709764,1.0,False,0.0,1.0,0.875,1.0,0.375,0.32934563450175636,0.09770454054182233,0.3326377409339685,False,False
0.38349825022627393,0.5,False,0.0,1.0,0.875,0.8500000000000001,0.125,0.27106749898905896,0.024690242153632996,0.45494719241320714,False,False
0.2701582475274953,0.0,False,0.0,1.0,0.875,0.8875,0.125,0.2143724160764927,0.02802732110736915,0.5101181779950299,True,False
0.28903136084746694,0.0,False,1.0,0.0,0.75,0.75,0.125,0.6115943884871429,0.2327090162558684,0.19553203801530805,False,False
0.30214751313210064,0.25,False,1.0,0.0,1.0,0.8500000000000001,0.0,0.11608312783612569,0.04122502835027957,0.6434326796863035,False,False
0.15555604159834224,0.0,False,1.0,0.0,0.875,0.8875,0.125,0.24193113852842912,0.05319041556326056,0.5737659334463181,True,False
0.26052055428457976,0.0,False,1.0,0.0,1.0,0.9500000000000002,0.125,0.4018341622763088,0.004295881897997981,0.30920525730566517,True,False
0.3207853885551156,0.5,False,0.0,0.0,1.0,1.0,0.25,0.5331046568364153,0.07755207010118896,0.18380160821323854,False,False
0.5180906240750695,1.0,False,0.0,0.0,1.0,0.9625000000000001,0.375,0.28238801118638723,0.09982775686593788,0.42258714450087376,False,False
0.6313825261500393,1.0,True,0.0,0.0,0.875,0.9875,0.375,0.03933221133355542,0.03556854519223431,0.7941420101917451,False,False
0.5100994620117983,0.5,False,0.0,1.0,0.5,0.75,0.25,0.2762649258353729,0.07771009422052423,0.4473277780671179,False,False
0.4056855398251106,0.5,True,0.0,0.0,1.0,1.0,0.125,0.1032623086697965,0.04040421459253697,0.6550113546051164,False,False
0.32360845694363405,0.25,False,1.0,0.0,1.0,0.9125000000000001,0.125,0.23131145540649156,0.033657587918874285,0.4926952487685088,False,False
0.1839274901469682,0.0,False,0.0,0.0,1.0,1.0,0.125,0.5171082242756732,0.1025276148735273,0.2015152480405551,True,False
0.3332075278298613,0.0,False,0.0,0.0,1.0,0.9375,0.125,0.34478605190153333,0.23335299750844565,0.329799744760358,False,False
0.17655257740394903,0.0,False,0.0,1.0,0.75,0.75,0.125,0.2656504568439945,0.09006681214154871,0.5118302893093978,True,False
0.33999747799441093,0.0,False,1.0,0.0,0.875,0.6625000000000001,0.125,0.26633152164786067,0.04496459018663952,0.45514806916415185,False,False
0.4139257379448672,0.75,True,1.0,0.0,1.0,0.9875,0.375,0.5690052389062044,0.1902561563269827,0.2340398909543926,False,False
0.5819892575869151,0.75,False,0.0,0.0,0.0,0.0,0.25,0.18378091839034555,0.05608749568765338,0.6987848153645451,False,False
0.25999851255513073,0.0,False,0.0,0.0,1.0,1.0,0.125,0.29195527555407447,0.19330198051300385,0.39088821822604736,True,False
0.3717342147810302,0.0,False,0.0,1.0,1.0,0.9500000000000002,0.125,0.22856364588283548,0.04827268767287496,0.5539508994682236,True,False
0.5346692748387069,1.0,True,0.0,0.0,0.875,0.9125000000000001,0.25,0.06112554509789748,0.021775964030665194,0.7346237327997809,False,False
0.4297422389840305,0.25,False,0.0,1.0,0.875,0.375,0.125,0.19528908115311067,0.0053313104939484695,0.5413641957412059,False,False
0.19228886384536403,0.0,False,0.0,0.0,1.0,1.0,0.125,0.5066176801548095,0.03969289243474121,0.20481789171067155,True,False
0.23455826676495228,0.0,False,0.0,1.0,0.75,0.8,0.125,0.0824404403948346,0.015981034896480235,0.6990778451153217,True,False
0.2690024825538354,0.0,False,1.0,0.0,0.875,0.8,0.0,0.32572865436930587,0.041578771285333084,0.41175185745794707,False,False
0.1876341603567594,0.0,False,1.0,0.0,1.0,0.9625000000000001,0.125,0.49495444301489827,0.4254788597387426,0.2515196530723669,True,False
0.20485043200541464,0.0,False,0.0,1.0,0.75,0.7375,0.125,0.250543329185636,0.06547466246367308,0.547926719929275,True,False
0.2402973393912795,0.5,False,1.0,0.0,0.875,0.8625,0.125,0.13252642241854679,0.0690211821564688,0.6042120855841788,True,False
0.1514272581382603,0.0,False,0.0,0.0,0.875,0.9125000000000001,0.125,0.33760874187967066,0.09273072006162938,0.3268867830988633,True,False
0.31371797537952617,0.5,False,1.0,0.0,0.75,0.8375000000000001,0.125,0.17726211458540342,0.04262118951020522,0.5252669391419189,False,False
0.4286676923555689,1.0,True,1.0,0.0,0.875,0.9500000000000002,0.25,0.3386338892026766,0.0222166924264407,0.37729688371859793,False,False
0.2252682452146565,0.5,False,0.0,1.0,0.875,0.8375000000000001,0.125,0.4241554203069588,0.04501413998639194,0.28674602001922533,True,False
0.41726130840894193,0.5,False,1.0,0.0,1.0,1.0,0.375,0.23603256378898996,0.16551713448087174,0.461827915042462,False,False
0.16172616516349725,0.0,False,0.0,1.0,1.0,1.0,0.125,0.7353036396322065,0.3905369117311701,0.11523093803279272,False,True
0.21069776311509292,0.0,False,1.0,0.0,1.0,1.0,0.125,0.4193161923347016,0.051755046057802276,0.2618820167552065,True,False
0.4050710576918001,0.0,True,1.0,0.0,0.875,0.9750000000000001,0.125,0.23204907320087645,0.046105861893613896,0.6031078206248837,True,False
0.19831108880083492,0.25,False,0.0,1.0,0.75,0.7875000000000001,0.125,0.13093106220182368,0.07748284035176863,0.5988174403176911,True,False
0.30145905203355305,0.0,False,0.0,1.0,0.75,0.5,0.125,0.16363117030853347,0.00861023658957616,0.5860068772971325,False,False
0.1899767738192364,0.0,False,0.0,1.0,1.0,0.9750000000000001,0.125,0.45494401092689507,0.25502678431923786,0.25310994923612706,True,False
0.35803470985911867,0.0,False,0.0,1.0,1.0,1.0,0.125,0.3051389588432827,0.03680825865006854,0.3808846348979327,True,False
0.19075082257961895,0.0,True,1.0,0.0,1.0,0.9750000000000001,0.125,0.24291998408402332,0.17554054363346844,0.4450536708716122,True,False
0.07562010182667156,0.0,False,0.0,0.0,1.0,1.0,0.125,0.35855667511146583,0.024030801771783572,0.3192692613332506,True,False
0.21746934944105067,0.0,True,1.0,0.0,1.0,0.9125000000000001,0.125,0.2879076210685538,0.12262290920079243,0.4681703110517039,True,False
0.31929445885789687,1.0,False,0.0,1.0,1.0,0.875,0.25,0.8983466489434329,0.5871802058634009,0.03859740205660622,False,False
0.375863829500133,0.5,False,0.0,1.0,0.875,0.8375000000000001,0.25,0.23662044501698967,0.022366615240670382,0.5544338662568733,False,False
0.29384832955464446,0.0,False,0.0,0.0,0.75,0.6875,0.125,0.2715629862809512,0.16007466205139126,0.41397121971173756,False,False
0.26104106472629673,0.0,False,0.0,1.0,0.875,0.9000000000000001,0.0,0.22567742876203645,0.011230604571239065,0.588817394336445,False,False
0.17738731210750946,0.0,True,1.0,0.0,1.0,0.9875,0.125,0.47563041495105113,0.4456733008505477,0.23324372155872353,True,False
0.2813198338470281,0.0,False,1.0,0.0,0.875,0.7000000000000001,0.0,0.33690651307326286,0.030787139149480083,0.38089891605061377,False,False
0.24977625633037193,0.5,False,0.0,1.0,0.75,0.7000000000000001,0.125,0.17240359592415264,0.07042256403358531,0.5740240293533341,True,False
0.4757276466444763,0.5,False,0.0,1.0,1.0,0.9125000000000001,0.125,0.3795229538782295,0.06914954834561986,0.32440359527631113,False,False
0.3894786215890188,1.0,False,0.0,0.0,0.875,0.8625,0.25,0.12590629120896543,0.07141512355967565,0.6195624402016366,False,False
0.3382120764826725,1.0,False,0.0,1.0,1.0,1.0,0.25,0.35402234481553196,0.033970571193974876,0.3629713646917194,False,False
0.4041453262640674,0.5,True,0.0,0.0,1.0,0.9750000000000001,0.25,0.2713146543692527,0.05062247812114946,0.39233970101183147,False,False
0.3872807995717006,1.0,False,1.0,0.0,0.75,0.75,0.25,0.2525669304934945,0.030028559276744516,0.42335280061092373,False,False
0.4494916468356095,1.0,False,0.0,1.0,1.0,1.0,0.25,0.24302313252790123,0.01172435354957369,0.48469822732044454,False,False
0.09868301252222789,0.0,False,0.0,0.0,1.0,1.0,0.125,0.5168742181421566,0.48439118637280204,0.23003889094103802,True,False
0.2351606452976025,0.0,False,1.0,0.0,1.0,0.9375,0.125,0.17640697387818027,0.04266997133630004,0.5457307913294238,True,False
0.5069641692672479,1.0,True,1.0,0.0,0.875,0.9500000000000002,0.375,0.30943598938244554,0.08770492564111744,0.36549829804636436,False,False
0.28239833003520975,0.5,True,0.0,0.0,1.0,0.9750000000000001,0.125,0.27119946946040085,0.05803562373609347,0.39265157003855156,True,False
0.19978524407306764,0.0,False,0.0,0.0,0.875,0.9125000000000001,0.125,0.26557309169991433,0.01450490131941456,0.41050938945060556,True,False
0.21613554699622606,0.0,False,0.0,0.0,1.0,1.0,0.125,0.8009113705645725,0.5099588805839685,0.08183029628277971,True,False
0.2508804374664776,0.75,False,0.0,1.0,0.875,0.9000000000000001,0.125,0.12021871134233625,0.05239274184622844,0.6410414299839475,True,False
0.41208628177858386,0.0,True,0.0,1.0,1.0,0.9500000000000002,0.125,0.22762786393958231,0.015476426188115741,0.5872302291318758,False,False
0.3806957623345478,0.5,False,0.0,0.0,0.875,0.8500000000000001,0.25,0.2814480943145059,0.07879687082810741,0.43529522330066905,False,False
0.1841948354016394,0.0,False,1.0,0.0,0.875,0.9375,0.125,0.5163016911297679,0.4126295107526008,0.1970112949263454,True,False
0.43054390025259226,0.0,False,0.0,1.0,1.0,0.9375,0.125,0.019003196195561265,0.017171965631131776,0.8698277596123121,False,False
0.3780276145630673,0.5,False,0.0,0.0,0.875,0.9000000000000001,0.25,0.3438867288847569,0.31438223331106474,0.3351501279252951,False,False
0.3020100344299156,0.0,False,0.0,1.0,1.0,1.0,0.0,0.28215333370760237,0.04836620093440094,0.46730269566238425,True,False
0.25522971112040116,0.0,False,0.0,1.0,0.75,0.75,0.0,0.21104357606401786,0.036437011068862865,0.5196766953729148,False,False
0.2043742145179328,0.0,False,0.0,1.0,0.875,0.8375000000000001,0.125,0.23986196636676754,0.0594035076018635,0.528690190526478,True,False
0.4521670588811101,0.5,False,0.0,0.0,0.875,0.9125000000000001,0.25,0.20065048803342922,0.015537065793310956,0.5336292583247055,False,False
0.24146190808888657,0.5,False,1.0,0.0,0.875,0.8125,0.25,0.5475677323382068,0.1799830623057015,0.1751921985012974,False,False
0.19557624719088196,0.25,False,0.0,1.0,0.75,0.8125,0.125,0.22887583121364433,0.008247562323740822,0.4399305654023433,True,False
0.13281132137964757,0.0,False,0.0,0.0,0.875,0.9125000000000001,0.125,0.3773549906620732,0.0407976534304507,0.3068303995974415,True,False
0.26800579991550777,0.0,False,0.0,1.0,1.0,1.0,0.125,0.2853811413242102,0.01933472727481183,0.3936959419112853,False,False
0.2942798206217231,0.0,False,0.0,1.0,0.625,0.5875,0.0,0.22369596461438443,0.05154110692635308,0.49132823995724917,False,False
0.3708966328440727,0.5,False,0.0,1.0,0.625,0.65,0.125,0.2646951618178166,0.05175276838249656,0.4867724971789993,False,False
0.3864281818344254,0.0,True,1.0,0.0,1.0,0.9500000000000002,0.125,0.2793753057061825,0.23249481995672,0.40220274368840014,False,False
0.1768312588239036,0.0,False,0.0,1.0,0.875,0.8375000000000001,0.125,0.36430736557144283,0.07487343595937489,0.3568401502340022,True,False
0.1602036306527207,0.0,False,0.0,0.0,1.0,0.6625000000000001,0.125,0.8200526525425479,0.5671493820138471,0.07297808303247022,True,False
0.3727525860768989,1.0,False,1.0,0.0,1.0,1.0,0.25,0.1868587236120794,0.06895208093528889,0.6091852126441601,False,False
0.4885817325865066,0.5,False,0.0,1.0,1.0,0.9875,0.125,0.17323559675491593,0.040758135246764464,0.5879725643458207,False,False
0.31320222383114726,0.5,False,0.0,0.0,1.0,1.0,0.125,0.36547854404455316,0.08069265566106987,0.3445762384855333,False,False
0.2737424067449248,0.0,True,1.0,0.0,1.0,0.9500000000000002,0.125,0.24784379607164578,0.06584900124751669,0.4361672914871946,True,False
0.24810699415119353,0.0,False,1.0,0.0,1.0,0.8375000000000001,0.25,0.2722367348276776,0.15692540465078209,0.39798597886642284,True,False
0.25124697627785897,0.0,False,1.0,0.0,0.875,0.9000000000000001,0.125,0.23012240308785117,0.02950092886683213,0.49598991240915735,True,False
0.2235645371255457,0.0,False,0.0,1.0,0.875,0.9500000000000002,0.125,0.23891921897096693,0.061143634865567745,0.6117417009117991,True,False
0.18867914175461908,0.0,False,0.0,0.0,1.0,0.9750000000000001,0.125,0.33989673007980625,0.033713926634905925,0.36107777203188096,True,False
0.2010044204517747,0.0,True,0.0,0.0,1.0,0.9125000000000001,0.125,0.4635366473121935,0.06706159893307063,0.251816046874485,True,False
0.40728850398260963,0.0,False,0.0,0.0,1.0,0.9625000000000001,0.125,0.1100243387989822,0.02334854786416811,0.7604078799500509,False,False
0.2945668995348184,0.0,False,0.0,0.0,1.0,1.0,0.125,0.22936783763939006,0.07718044519212339,0.5304620085341536,True,False
0.4418410624234056,1.0,True,1.0,0.0,1.0,1.0,0.25,0.04158069619662756,0.0337046392954644,0.7820071462707308,False,False
0.11715201760842131,0.0,False,0.0,0.0,0.875,0.8125,0.125,0.3237808640770467,0.28458639046777345,0.36264443772368127,True,False
0.1514272581382603,0.0,False,0.0,0.0,0.5,0.5,0.125,0.5440043102605627,0.5602714387905358,0.1905682487910032,True,False
0.3273437640392046,0.0,False,0.0,0.0,0.625,0.6875,0.125,0.16051357333908245,0.0426645688076388,0.580076216292922,False,False
0.36453383891588886,0.0,False,0.0,0.0,1.0,0.9375,0.125,0.06918711303953937,0.00915060196551381,0.7777736338839656,False,False
0.29755351618285075,0.0,False,0.0,1.0,1.0,0.9125000000000001,0.125,0.022071578862115155,0.017436699791750398,0.8642222082037012,True,False
0.34546381748910326,0.0,False,1.0,0.0,1.0,0.9500000000000002,0.125,0.14238962047992176,0.055795505883375104,0.5870076439744709,True,False
0.2005177546003617,0.0,False,0.0,0.0,1.0,1.0,0.0,0.5211463200722768,0.17192276560531364,0.20241517924788766,False,False
0.542287527232678,0.75,False,0.0,1.0,0.75,0.875,0.25,0.3152728787697412,0.01882186723729242,0.39953585357308263,False,False
0.26481219177777016,0.0,True,1.0,0.0,1.0,1.0,0.125,0.2799613049464771,0.04090551736527189,0.38228770783553023,True,False
0.17821813856939095,0.0,False,0.0,1.0,0.875,0.75,0.125,0.5263787735092527,0.03731281188205336,0.18820516443248914,True,False
0.283011683321037,0.5,False,1.0,0.0,0.875,0.825,0.25,0.4090902642354873,0.2142007980491362,0.27875296993451193,True,False
0.2235645371255457,0.25,False,0.0,1.0,0.875,0.8875,0.125,0.46638530031377023,0.1987898929957113,0.304476003575354,True,False
0.24165526198413423,0.0,True,0.0,0.0,1.0,1.0,0.125,0.2632011822116073,0.15052115899162344,0.42181785439193975,True,False
0.2905049056005683,0.0,False,0.0,1.0,1.0,0.75,0.125,0.3204463253487802,0.03550040506106795,0.3641211536567739,False,False
0.2905049056005683,0.0,False,0.0,0.0,1.0,1.0,0.125,0.21384646368410723,0.10003862004640011,0.47993026152416474,True,False
0.4304772332994228,0.5,False,0.0,0.0,1.0,1.0,0.25,0.2321501358496859,0.09862097976002146,0.46134423473039154,False,False
0.26532028250539186,0.0,False,1.0,0.0,0.875,0.9125000000000001,0.125,0.24517757071283375,0.021186061240556244,0.4662581742191927,True,False
0.2229214057183464,0.0,False,0.0,0.0,1.0,1.0,0.125,0.4840737423160089,0.08888641977840141,0.28969833897539954,True,False
0.1910080903280098,0.25,False,0.0,1.0,0.875,0.825,0.125,0.5071667164121502,0.12232401803668516,0.20178591750041974,True,False
0.43976503933612154,0.5,False,0.0,1.0,0.875,0.625,0.125,0.17426656706183735,0.0039552879196367435,0.5506178157104318,False,False
0.14253229716796056,0.0,False,1.0,0.0,0.875,0.9625000000000001,0.125,0.2908364482157591,0.05803187998997493,0.43373895898857384,True,False
0.175152567339807,0.0,False,0.0,0.0,0.75,0.8125,0.125,0.4297529457309661,0.1199190475088167,0.30188812492304384,True,False
0.25576595090664944,0.0,True,1.0,0.0,1.0,0.9750000000000001,0.125,0.3546577205469827,0.17164489646464476,0.32210942190268144,True,False
0.3584354455480264,0.0,True,1.0,0.0,1.0,1.0,0.125,0.22410233568784196,0.03479881285660327,0.6140649180074158,True,False
0.16050918442021356,0.0,False,0.0,1.0,0.75,0.8125,0.125,0.35747668615726164,0.12229221685713526,0.36007086212979234,True,False
0.20744702615819044,0.0,False,0.0,1.0,1.0,1.0,0.125,0.2451680380428973,0.09918687753423175,0.4774656175413414,True,False
0.19632630288517106,0.0,False,0.0,0.0,1.0,0.9375,0.125,0.24100310596048413,0.03556342545973072,0.5342833705589478,True,False
0.33999747799441093,0.75,False,0.0,1.0,0.625,0.6000000000000001,0.25,0.2559493844909822,0.016515840934911364,0.4545162069662767,False,False
0.49984706135560486,0.5,False,0.0,1.0,0.875,0.5,0.25,0.2754871246332674,0.0588520805160696,0.4827141403182489,False,False
0.19781696967121776,0.25,False,1.0,0.0,1.0,0.9500000000000002,0.125,0.08235400017514524,0.02734986400525609,0.7378330464897109,True,False
0.1564953483824092,0.0,False,0.0,1.0,0.875,0.8875,0.125,0.4824527427896397,0.09772313513466824,0.2865141230945796,True,False
0.30662557203613117,0.0,True,1.0,0.0,1.0,0.9750000000000001,0.125,0.34105444745192603,0.04262891865005185,0.37706644859092275,True,False
0.40690815715893935,1.0,False,0.0,0.0,0.75,1.0,0.375,0.39051801597679686,0.39628955232978674,0.2995264081058844,False,False
0.3777585799440689,1.0,False,0.0,1.0,1.0,1.0,0.25,0.8604706503595673,0.4526303957706042,0.053535110961789645,False,False
0.1682743413758333,0.0,False,1.0,0.0,1.0,1.0,0.125,0.2176955664990972,0.1226347845583479,0.4724628302397045,True,False
0.2863477466931945,0.0,True,0.0,0.0,1.0,0.9375,0.125,0.21311937082462618,0.07797592849831961,0.49180046696897395,False,False
0.19228886384536403,0.25,False,0.0,1.0,0.75,0.65,0.125,0.4653682389252998,0.04392731580111321,0.2646385250581238,True,False
0.3540793656014395,0.0,False,0.0,1.0,1.0,1.0,0.125,0.26394418874816655,0.028668977378288305,0.44146329668493234,False,False
0.0852078475878022,0.0,False,0.0,0.0,0.875,0.75,0.25,0.5012242077156016,0.07193416977862092,0.21238506135588042,True,False
0.30954937078703926,0.5,False,0.0,1.0,1.0,0.8875,0.0,0.42754077615915653,0.08211185423586441,0.31425755856689785,False,False
0.5423585324133281,0.75,False,0.0,1.0,1.0,0.875,0.25,0.24602188698143038,0.03931063298321218,0.5358251636383249,False,False
0.3969634602247728,0.5,False,1.0,0.0,0.875,0.8625,0.25,0.14351913642052383,0.032588379412932814,0.5980061188370205,False,False
0.2347592869000048,0.0,False,0.0,0.0,1.0,1.0,0.125,0.19373332373818833,0.027870671428194757,0.49180779933956287,True,False
0.1776646867011754,0.0,False,0.0,0.0,1.0,1.0,0.125,0.4392208650841349,0.008620331599712525,0.2732218569749627,True,False
0.2743863651066005,0.5,False,0.0,0.0,0.75,0.6875,0.125,0.23011674432820134,0.04252359515192869,0.4972966829933132,False,False
0.3124257749366902,0.25,False,0.0,1.0,0.625,0.5875,0.125,0.1456712680653077,0.0234905557484768,0.627465031300114,True,False
0.2962796877302484,0.0,False,0.0,0.0,1.0,1.0,0.125,0.30269453698668636,0.033915932136693125,0.42162475033055236,False,False
0.23675706209702108,0.0,True,0.0,0.0,0.875,0.9500000000000002,0.125,0.371931093862347,0.05208432606388749,0.3121506021744189,True,False
0.23536098458677301,0.0,False,1.0,0.0,0.5,0.5,0.125,0.21399385789705117,0.09935241966441553,0.5572308226452833,True,False
0.4711213355556322,0.5,True,1.0,0.0,0.75,1.0,0.25,0.15799034165122397,0.033966657801808214,0.5508700130968929,False,False
0.1623315399495997,0.0,False,1.0,0.0,0.875,0.9375,0.125,0.376366135478606,0.28129946364965286,0.31058170883042724,True,False
0.24660990722981224,0.0,False,1.0,0.0,1.0,0.925,0.125,0.2947665866274241,0.025382616452275946,0.43043632652163555,True,False
0.43160717922252634,0.5,False,0.0,0.0,1.0,1.0,0.375,0.42628241579217724,0.15911712048183133,0.2799693111189405,False,False
0.19781696967121776,0.0,True,0.0,0.0,1.0,0.9500000000000002,0.125,0.511756941948009,0.37154033177039547,0.2651203728518148,True,False
0.1255265552107213,0.0,False,0.0,1.0,0.75,0.8,0.125,0.26100334269767894,0.12175145529339178,0.44980550348920345,True,False
0.18658298875052648,0.0,False,1.0,0.0,1.0,1.0,0.125,0.3872465110721468,0.04269052138101141,0.2844800407667749,True,False
0.378206744639609,0.5,False,0.0,1.0,1.0,0.9750000000000001,0.125,0.21675481183666262,0.017917712452926317,0.6664064237699554,False,False
0.573707539043618,0.5,False,0.0,1.0,1.0,0.9375,0.25,0.06438496830523141,0.043918387491922464,0.9617294719256946,False,False
0.43727982773875496,1.0,False,0.0,1.0,0.875,0.7125,0.25,0.19531796124769138,0.02132355900942942,0.5419548893205612,False,False
0.2397121763990986,0.0,False,0.0,1.0,0.875,0.875,0.125,0.21553062627669492,0.032271228117051694,0.577914922398951,True,False
0.21069776311509292,0.5,False,0.0,0.0,0.875,0.9125000000000001,0.25,0.40040712307563403,0.091394748316234,0.28134664638938656,False,False
0.3197928285741477,0.0,False,0.0,0.0,0.875,0.8875,0.125,0.2540968896086013,0.188451513220376,0.4263860817519467,False,False
0.2550506038158944,0.0,False,0.0,0.0,0.75,0.9375,0.125,0.4074515595513911,0.06191682337914528,0.31472550729759874,False,False
0.3727525860768989,1.0,False,0.0,1.0,0.875,0.875,0.25,0.2563545635027754,0.017041917727823704,0.4181858678583541,False,False
0.32409487330064557,0.0,False,0.0,0.0,0.875,0.9125000000000001,0.125,0.14231175002965396,0.03531268892263386,0.6197670642708046,False,False
0.25999851255513073,0.0,False,1.0,0.0,1.0,1.0,0.125,0.30019562562614677,0.14246167705912438,0.4080875720030468,False,False
0.1255265552107213,0.0,False,0.0,0.0,0.875,0.9500000000000002,0.125,0.4740359448432614,0.2629858206450549,0.2323818680444003,True,False
0.19904969723200128,0.0,True,0.0,0.0,1.0,0.9625000000000001,0.125,0.33373695291996164,0.047738202719536244,0.39070895075090095,True,False
0.23415554204266942,0.0,False,1.0,0.0,1.0,0.9625000000000001,0.125,0.29125242812646207,0.11106680566195384,0.3742298350091138,True,False
0.2743863651066005,0.0,True,1.0,0.0,1.0,0.9625000000000001,0.125,0.36569460682034133,0.07736379606490913,0.3350362355003589,True,False
0.3872807995717006,1.0,False,0.0,1.0,0.75,0.8125,0.125,0.15673879705402066,0.05538309073868746,0.569628970238949,False,False
0.23715393228795045,0.25,False,0.0,1.0,0.75,0.8500000000000001,0.125,0.23501969387005717,0.019923551738556578,0.5630006369312157,True,False
0.3138466793870843,0.5,False,0.0,1.0,1.0,0.8875,0.125,0.2424466943114883,0.05294801999238023,0.5233023718738485,True,False
0.18339158825813184,0.0,False,0.0,1.0,0.75,0.8,0.125,0.23269732263470086,0.04891460769435672,0.5323761325294891,True,False
0.228210932524332,0.0,False,0.0,1.0,0.625,0.625,0.125,0.3319045878583764,0.035252197480685164,0.3839568085454024,True,False
0.1295701316748754,0.25,False,1.0,0.0,0.75,0.25,0.25,0.858902691128797,0.6225790596981611,0.05532622487034655,True,False
0.20508806235318777,0.25,False,0.0,1.0,0.875,0.825,0.125,0.10467981819351026,0.06072453026470854,0.6784538055909111,True,False
0.2235645371255457,0.0,False,0.0,1.0,0.875,0.9000000000000001,0.125,0.30190294053236644,0.06416768053680331,0.4376320362074575,True,False
0.2737424067449248,0.25,False,0.0,1.0,0.75,0.675,0.0,0.21446515089265983,0.04353590364855775,0.516456583540809,False,False
0.3332075278298613,0.0,False,1.0,0.0,0.75,0.7875000000000001,0.125,0.26610968923713585,0.05194387439521408,0.44845255073513335,False,False
0.3727525860768989,1.0,False,0.0,1.0,0.75,0.8875,0.25,0.9817284148574181,0.5785570838206942,0.006520492344294304,False,False
0.4179066497640941,0.25,False,0.0,0.0,0.75,0.8500000000000001,0.125,0.0404682833759676,0.035502469795247335,0.790251907749759,False,False
0.42109861505628843,0.75,False,1.0,0.0,0.75,0.9375,0.25,0.29014662967015187,0.058496570445547076,0.43390999401964514,False,False
0.21115733074156973,0.0,False,1.0,0.0,1.0,1.0,0.125,0.3004177760914144,0.048696806752692896,0.4298267597944718,True,False
0.4087264323643741,0.5,False,0.0,1.0,0.875,0.875,0.125,0.2865440799789585,0.023856837250233333,0.45141136778290547,False,False
0.2905049056005683,0.5,False,0.0,1.0,0.75,0.75,0.125,0.2873461111579591,0.1510261741723173,0.41814020940474106,False,False
0.5242891869577956,1.0,False,0.0,1.0,1.0,1.0,0.375,0.28074122884489094,0.04430374391130167,0.4690942160125615,False,False
0.1539793960592688,0.0,True,0.0,0.0,1.0,0.9750000000000001,0.125,0.3498976923865026,0.26719631890375267,0.3320172686359879,True,False
0.18339158825813184,0.0,True,0.0,0.0,1.0,0.9625000000000001,0.125,0.4301076944942788,0.0658777117977555,0.25239737405143936,True,False
0.46823437200101725,0.5,True,1.0,0.0,1.0,1.0,0.125,0.13278659631069062,0.020631461432706926,0.6188195347188734,False,False
0.39485695491981965,0.5,False,1.0,0.0,0.75,1.0,0.125,0.12382129705726667,0.026262705080813097,0.629173980171994,False,False
0.1759938981343364,0.0,False,0.0,1.0,0.625,0.675,0.125,0.35049010598887576,0.04178128926822036,0.3695576354249577,True,False
0.3628824450656146,0.0,False,0.0,0.0,0.25,0.5,0.125,0.17755807101821036,0.03265042176666075,0.5611678189485825,False,False
0.31371797537952617,0.5,False,1.0,0.0,1.0,0.9375,0.125,0.26509918062964966,0.07798549323751368,0.4165557292310156,True,False
0.2550506038158944,0.25,True,1.0,0.0,1.0,1.0,0.125,0.818011864304494,0.53011653566828,0.07324981280316156,False,False
0.44001797588429603,0.25,False,1.0,0.0,1.0,1.0,0.125,0.18141640017393568,0.02362662667330989,0.5482137759413679,False,False
0.17059683290839522,0.0,False,0.0,0.0,0.75,0.8625,0.125,0.13044998465132496,0.05734327565472501,0.608138603892713,True,False
0.2945668995348184,0.0,False,0.0,1.0,0.875,0.8875,0.0,0.18112115365966772,0.05840271180720891,0.6056193061659743,False,False
0.19954040040265897,0.0,False,1.0,0.0,1.0,0.9750000000000001,0.125,0.3601193402878675,0.060125165340995095,0.31913493795698034,True,False
0.25859884600537375,0.0,False,0.0,1.0,1.0,1.0,0.125,0.18153768736510847,0.0419189535124093,0.5505449566068326,True,False
0.402201067311312,0.5,False,0.0,1.0,0.875,0.6625000000000001,0.125,0.04297346600825994,0.03153062342021268,0.774968404912852,False,False
0.15555604159834224,0.0,False,1.0,0.0,1.0,1.0,0.125,0.40228185290940915,0.015493439214635684,0.31124025721811654,True,False
0.569401840013613,0.5,False,0.0,1.0,1.0,0.9625000000000001,0.25,0.06808852298185894,0.047476591972011734,0.8367093255179139,False,False
0.1331678261903072,0.5,False,0.0,0.0,0.875,0.7875000000000001,0.125,0.5419842960022391,0.5474877408711385,0.19135272695208982,False,False
0.3180423764059598,0.0,False,0.0,1.0,0.875,0.7125,0.0,0.2349601904613969,0.07422634940623836,0.4719132091629685,False,False
0.28739620234356344,0.0,True,0.0,0.0,1.0,0.9875,0.125,0.33385266850484724,0.11771694516634855,0.353348598108709,True,False
0.4304772332994228,0.0,False,0.0,1.0,0.75,0.75,0.125,0.05076473600943165,0.040488221459804914,0.7629206918479969,False,False
0.4604106722581395,0.5,False,0.0,1.0,1.0,1.0,0.125,0.15372108172026616,0.04021850663913306,0.5913747728453644,False,False
0.42208007358024957,0.5,False,0.0,1.0,0.875,0.925,0.125,0.14642309369928758,0.023879674548577815,0.5895205574790232,False,False
0.4417785081728852,0.0,False,0.0,0.0,1.0,0.9750000000000001,0.125,0.4706414725201071,0.1425843915567299,0.2570328929353376,False,False
0.21746934944105067,0.5,False,0.0,0.0,0.875,0.8500000000000001,0.25,0.5355452092866958,0.0679556949265219,0.1882898588447599,True,False
0.1714599898945014,0.0,False,0.0,0.0,0.75,0.75,0.125,0.6527196978756484,0.7905988423730416,0.13399329441485186,False,True
0.21023700219550734,0.0,False,0.0,1.0,0.875,0.875,0.125,0.11701917555061474,0.06739290199398058,0.6483211108827387,True,False
0.22463127001525063,0.0,False,0.0,1.0,0.875,0.8375000000000001,0.125,0.14533127132717377,0.016920902501196957,0.5986526095036355,True,False
0.3332075278298613,0.5,False,0.0,0.0,1.0,1.0,0.125,0.5377383498310059,0.021248038208403153,0.2372394375969864,False,False
0.2598241567996118,0.0,False,0.0,0.0,1.0,0.9375,0.125,0.236826635217054,0.04300674111236911,0.5838431864547475,True,False
0.2041356256633543,0.0,False,1.0,0.0,0.875,0.9125000000000001,0.125,0.27883131524833704,0.04395226591777578,0.4608242944971941,True,False
0.2235645371255457,0.0,False,0.0,0.0,1.0,1.0,0.125,0.47540067854681395,0.19903167176286723,0.3037595182431503,True,False
0.35356583408391373,0.5,False,0.0,1.0,0.75,1.0,0.125,0.23861473856777837,0.1103820993820723,0.4305584801816542,False,False
0.3644371223562429,0.0,True,0.0,1.0,1.0,0.9625000000000001,0.125,0.10108077694146643,0.025878232857068206,0.657281750794652,True,False
0.2343570186517372,0.0,True,1.0,0.0,1.0,0.9750000000000001,0.125,0.15430327683904702,0.045391056988365576,0.5659646421512456,True,False
0.12062586728341074,0.0,False,1.0,0.0,1.0,1.0,0.125,0.5415748480961541,0.603840400376004,0.20061081606911246,True,False
0.19152150956336766,0.0,False,1.0,0.0,0.75,0.825,0.125,0.1528246891912398,0.01800409017472021,0.6367650474557411,True,False
0.3108626099919015,0.5,False,0.0,1.0,1.0,1.0,0.0,0.27649610083327336,0.04604567428318619,0.47765297799116135,True,False
0.21613554699622606,0.0,False,0.0,1.0,0.75,0.7875000000000001,0.125,0.31177232664046134,0.04555190330301446,0.4150102816614909,True,False
0.4097785520887808,0.5,False,0.0,0.0,0.875,0.9125000000000001,0.25,0.3285673886017968,0.04075235349361215,0.4031431480243812,False,False
0.1899767738192364,0.0,False,0.0,1.0,0.875,0.8,0.125,0.11125633349679684,0.05037834455954363,0.71606495376873,True,False
0.2997957651159654,0.0,False,0.0,1.0,0.875,0.875,0.0,0.2758506873593555,0.04579623459772337,0.47883429246421305,True,False
0.29384832955464446,0.0,False,1.0,0.0,0.75,1.0,0.125,0.18779201936432893,0.03201057524275007,0.7247454293292384,True,False
0.3623938017677343,0.5,False,0.0,0.0,0.875,0.75,0.25,0.3315785575958633,0.028859080583970513,0.38828089061969706,False,False
0.3254256838540833,0.0,False,1.0,0.0,1.0,1.0,0.125,0.10026396951769384,0.05886549431104835,0.6637064492680484,True,False
0.33753789233017695,0.0,False,0.0,1.0,0.875,0.8125,0.125,0.20354817332291172,0.026053319744247655,0.5306255805052913,True,False
0.46287200397491624,1.0,False,0.0,1.0,0.375,0.5,0.125,0.1787038059172939,0.0302140013293378,0.5528742116485195,False,False
0.2235645371255457,0.0,True,0.0,0.0,1.0,0.9750000000000001,0.125,0.42561471030031206,0.35134047606146795,0.26541155883845313,True,False
0.28239833003520975,0.0,False,0.0,1.0,0.875,0.8500000000000001,0.0,0.21844193164691264,0.04686506624182591,0.506653050328775,False,False
0.46287200397491624,1.0,False,0.0,1.0,1.0,1.0,0.375,0.18559237112767304,0.018719839817431833,0.5547483595740745,False,False
0.4557305058736686,0.0,False,0.0,1.0,1.0,1.0,0.125,0.20426136914393173,0.09992754160293567,0.4877748963016999,False,False
0.38271451370725906,0.0,False,0.0,1.0,1.0,0.6625000000000001,0.125,0.11279229413506645,0.03732396351519425,0.6711327114493697,False,False
0.42416509615950415,0.0,False,0.0,0.0,1.0,0.75,0.125,0.017311935544678973,0.018707088805487555,0.8812922243154984,False,False
0.1331678261903072,0.0,False,0.0,0.0,1.0,1.0,0.125,0.8926064947084141,0.7065955871626748,0.0413367942601226,True,False
0.3273437640392046,0.0,False,0.0,0.0,1.0,1.0,0.125,0.40990253306803076,0.036555585451426884,0.30251408291875515,True,False
0.23395383641829348,0.25,True,1.0,0.0,1.0,0.9500000000000002,0.125,0.32087049142054497,0.043277092273762856,0.3981989697012005,True,False
0.4958328369828987,1.0,False,1.0,0.0,0.875,1.0,0.5,0.49655246746695025,0.11551706497350113,0.20963601868393145,False,False
0.1514272581382603,0.0,True,0.0,0.0,1.0,0.9750000000000001,0.125,0.5637599527110297,0.1719434555951804,0.2369625811822751,True,False
0.15206874199191067,0.0,False,0.0,1.0,0.75,0.625,0.125,0.22508412490907218,0.010845071487358271,0.5900384703996735,True,False
0.18339158825813184,0.0,False,0.0,0.0,1.0,0.9875,0.125,0.650125442280903,0.2911192392979705,0.16705977452695242,True,False
0.21923229936250388,0.5,False,0.0,1.0,0.75,0.8375000000000001,0.125,0.3156155235560041,0.0449463632238433,0.40343039456195284,True,False
0.1759938981343364,0.0,True,0.0,0.0,1.0,0.9875,0.125,0.54609613133685,0.04670605761230495,0.1762894167460598,True,False
0.32876883975144555,0.0,False,0.0,1.0,0.75,0.75,0.125,0.11789104380387434,0.04833665324013272,0.6467259367493279,True,False
0.26532028250539186,0.0,False,1.0,0.0,0.5,0.5,0.125,0.30970980045334684,0.04962365911638042,0.41284644937752346,True,False
0.2947102650160843,0.0,False,0.0,1.0,0.75,0.75,0.125,0.27254838077483134,0.03248542576932349,0.47125990159541,True,False
0.13669402701256517,0.0,True,0.0,1.0,1.0,0.9500000000000002,0.125,0.3758775794823615,0.22617369064034581,0.3029452586495738,True,False
0.3622959114322287,0.0,False,1.0,0.0,0.875,0.8875,0.125,0.27304876674138834,0.012647625051893529,0.45533870004542476,True,False
0.36121553853296307,0.0,False,0.0,1.0,0.375,0.4125000000000001,0.125,0.22426573197293123,0.1351068871018166,0.46420089676951193,False,False
0.23655829365336611,0.0,False,0.0,0.0,1.0,0.9750000000000001,0.125,0.285554244074529,0.07192370914661372,0.4056959002905265,True,False
0.45346050188448095,0.5,False,0.0,0.0,0.875,0.8875,0.125,0.09412946963791606,0.025041884489864216,0.7321883970758067,False,False
0.2634501275135426,0.0,False,0.0,0.0,0.875,0.9625000000000001,0.125,0.41341480267538594,0.2211637075305608,0.26381345232320075,False,False
0.31320222383114726,0.5,False,1.0,0.0,0.75,0.825,0.125,0.5602587712890673,0.655113804018754,0.18659823254988828,True,False
0.40560884582436596,0.0,False,0.0,1.0,1.0,0.8375000000000001,0.125,0.28010993386197075,0.04675265301370235,0.4708651288112369,True,False
0.3787430524671008,0.0,False,1.0,0.0,1.0,1.0,0.125,0.16780983904755886,0.007644779838545909,0.6126743338497387,False,False
0.2910909143356538,0.0,False,0.0,1.0,0.75,0.5,0.0,0.2759707156820117,0.043095172043571196,0.4779525594088456,True,False
0.233144713316363,0.0,True,0.0,1.0,1.0,0.9625000000000001,0.125,0.183908380577214,0.04894037529236119,0.5287516635897176,True,False
0.5196707661670291,0.5,False,1.0,0.0,0.875,0.6625000000000001,0.25,0.09633109795906473,0.029495978138938138,0.6679246544226598,False,False
0.19756939318629507,0.0,False,0.0,0.0,1.0,0.9750000000000001,0.125,0.24707351277167072,0.04104436675621999,0.5309656295450074,True,False
0.25576595090664944,0.0,False,1.0,0.0,1.0,1.0,0.125,0.1935962989372235,0.1351864736623762,0.49363065019836516,True,False
0.39023310792752486,0.75,False,1.0,0.0,0.875,0.875,0.25,0.2837115886586373,0.11853243329687202,0.47619013424570267,False,False
0.45151678463847855,1.0,False,0.0,1.0,0.75,0.8625,0.25,0.16214130129869883,0.0477707702102704,0.5711841200876,False,False
0.3357274441343051,0.5,False,0.0,1.0,0.875,0.8500000000000001,0.125,0.257646402442428,0.10189273749970819,0.41859001852906275,False,False
0.21524074289585682,0.0,False,1.0,0.0,1.0,0.9375,0.125,0.4781220725142909,0.12342826151514207,0.2327601198370597,False,True
0.31320222383114726,0.25,False,0.0,1.0,0.75,0.8125,0.125,0.469626707555174,0.08420776187337996,0.28691535950516833,True,False
0.14587893575264788,0.0,False,0.0,0.0,1.0,0.875,0.125,0.3374172962166586,0.07901080933528294,0.3651403547829588,True,False
0.3466441438462381,0.0,False,0.0,1.0,0.5,0.75,0.125,0.268048095886071,0.04284891809239704,0.45507316159042643,False,False
0.27358105135248967,0.0,False,0.0,0.0,0.875,0.8875,0.125,0.24596288061478785,0.030384589734902333,0.484027425248045,True,False
0.405301737920687,0.25,False,0.0,0.0,0.75,0.75,0.25,0.44925012952927684,0.28736698580582143,0.25518973156559843,False,False
0.283011683321037,0.0,True,0.0,0.0,1.0,0.9125000000000001,0.125,0.42058978817386944,0.1596352922014136,0.31736147883984445,True,False
0.30968113291437105,0.0,False,0.0,1.0,0.875,0.8625,0.125,0.2356948156461156,0.0819856004766578,0.4647648632953021,True,False
0.26481219177777016,0.0,False,0.0,1.0,1.0,0.9375,0.125,0.08071827660627398,0.03940784370043858,0.6932404898762368,True,False
0.25964962956097737,0.0,False,0.0,0.0,0.875,0.9750000000000001,0.125,0.3699214182476025,0.08292538717959,0.31324525444627116,True,False
0.41783506095781375,0.25,False,0.0,0.0,1.0,1.0,0.125,0.18540685713458,0.1352693039111562,0.514695615816136,False,False
0.3733976107957918,0.0,False,1.0,0.0,1.0,0.9125000000000001,0.125,0.2572654996607161,0.031471735885278886,0.4415041488318163,False,False
0.40932840726741004,0.0,True,0.0,1.0,1.0,1.0,0.125,0.07429599340533471,0.01982868259995941,0.7770183001145132,False,False
0.2813198338470281,0.0,False,0.0,1.0,0.875,0.8,0.125,0.34263449266900664,0.054391559488818825,0.3734918064181556,True,False
0.41589116475210586,0.0,True,0.0,1.0,0.875,0.875,0.125,0.289359107051566,0.025055842120279066,0.3918432002204921,False,False
0.39485695491981965,0.5,False,0.0,0.0,0.875,0.4375,0.25,0.2692133709109576,0.004952528873175332,0.4256604497088716,False,False
0.29283741793800566,0.5,False,0.0,0.0,1.0,1.0,0.125,0.5228401800212102,0.040084408335484975,0.1959333405516186,False,False
0.38914226185810674,0.5,False,0.0,1.0,0.875,0.875,0.125,0.3125485378394501,0.028836524430113353,0.3719873537877507,False,False
0.2043742145179328,0.0,False,1.0,0.0,0.75,0.7750000000000001,0.125,0.18766486605608884,0.03014290495839728,0.5440708391398723,True,False
0.26532028250539186,0.0,False,0.0,1.0,0.75,0.8125,0.125,0.29687533032772634,0.07323356779702442,0.49620929881616327,True,False
0.21023700219550734,0.0,True,0.0,0.0,1.0,0.9875,0.125,0.3533900659669026,0.15296673703538183,0.3413871228947023,True,False
0.20838190059244077,0.5,False,0.0,1.0,1.0,1.0,0.125,0.2116007410674676,0.02994160167306895,0.5094701914074728,True,False
0.4968449383966008,0.5,False,0.0,1.0,0.875,0.875,0.125,0.08063727690015304,0.05270708741216386,0.79080336206402,False,False
0.37284487613843986,0.75,False,0.0,0.0,0.0,0.0,0.25,0.21610181227929479,0.08372174371316597,0.6025168287508316,False,False
0.32876883975144555,0.5,True,1.0,0.0,1.0,1.0,0.125,0.2859844269982537,0.06665891147032181,0.4110845293439651,False,False
0.3332075278298613,0.0,False,0.0,0.0,1.0,1.0,0.125,0.31024077681472606,0.08898747147989748,0.3913450886143528,False,False
0.3207853885551156,0.0,True,0.0,1.0,1.0,0.9500000000000002,0.0,0.3543183277108055,0.0755551567765102,0.36154289797270267,False,False
0.3618056480981925,0.25,False,0.0,1.0,0.875,0.9125000000000001,0.125,0.10225196299609668,0.04633926015292495,0.6918990463375563,False,False
0.2351606452976025,0.0,False,0.0,0.0,1.0,0.925,0.125,0.37541374962650514,0.10081869652914384,0.31973443900531295,False,False
0.1404935931743213,0.0,False,0.0,0.0,0.5,0.6125,0.125,0.329476172951677,0.04564314504294209,0.3852670295995131,True,False
0.5801054882417708,0.75,False,0.0,1.0,1.0,1.0,0.25,0.041220685798858354,0.036895555948832995,0.8488562084839555,False,False
0.21069776311509292,0.0,False,0.0,1.0,0.875,0.875,0.125,0.23469166113021553,0.04703866575018396,0.5401966850758444,True,False
0.1083625951338244,0.0,False,0.0,1.0,0.75,0.7875000000000001,0.125,0.31326945007934515,0.12070405362671599,0.4239398131660226,True,False
0.3103384799797889,0.0,True,1.0,0.0,1.0,0.9625000000000001,0.125,0.21792481507675532,0.0507037653383613,0.5119874049555229,True,False
0.24585660058783687,0.0,False,0.0,0.0,0.875,0.9500000000000002,0.25,0.1836267622047794,0.08387495037663546,0.5049346012865712,True,False
0.09341509162752937,0.0,False,1.0,0.0,0.875,0.9000000000000001,0.125,0.33503195187780566,0.07707226330578133,0.3676132996652486,True,False
0.45275615652646917,1.0,False,0.0,1.0,1.0,0.75,0.25,0.1453818096468361,0.05047955640134985,0.5787904357511011,False,False
0.21115733074156973,0.0,False,1.0,0.0,1.0,1.0,0.125,0.3444133996943173,0.2208134017782221,0.33375577280202084,True,False
0.4249235075394996,0.0,False,0.0,0.0,0.875,0.875,0.125,0.21408776081510839,0.07999875051718089,0.4700598101701623,True,False
0.2022152776035211,0.0,False,0.0,1.0,0.75,0.7875000000000001,0.125,0.08419596817713756,0.0,0.7386524095028633,True,False
0.3028333135086977,0.0,False,0.0,0.0,1.0,0.9000000000000001,0.125,0.37812416957389117,0.1071765899682497,0.3520795812783428,False,False
0.32817644840819515,0.25,False,0.0,1.0,1.0,1.0,0.125,0.16316237639318293,0.05937093819955933,0.5488175972753766,True,False
0.29684696291536883,0.25,False,0.0,1.0,0.75,0.875,0.0,0.4373633457559527,0.07187011936692851,0.30867826064194825,False,False
0.31929445885789687,1.0,False,0.0,1.0,1.0,1.0,0.25,0.34076585337643694,0.08435732684849596,0.33462800433084494,False,False
0.3752277233258695,0.75,False,1.0,0.0,0.625,0.7000000000000001,0.25,0.20189014867595795,0.010520846295928154,0.5334429692480203,False,False
0.1839274901469682,0.0,False,0.0,0.0,0.875,1.0,0.125,0.1302379329461726,0.04324290075714624,0.6151088209601823,True,False
0.3874508326192271,0.5,False,0.0,1.0,0.25,0.0,0.125,0.18840388359615615,0.016145902865668523,0.5479856041744116,False,False
0.2686708766228971,0.0,False,0.0,0.0,1.0,0.9875,0.125,0.3101129184814562,0.13369963697572632,0.36322992856022407,False,False
0.17655257740394903,0.0,False,0.0,1.0,0.875,0.8375000000000001,0.125,0.26340791649383044,0.031227545313070097,0.49693429404148715,True,False
0.30297015610439615,0.0,True,1.0,0.0,1.0,1.0,0.0,0.3058918132381452,0.0292775848527882,0.4298603188118988,False,False
0.19831108880083492,0.0,False,0.0,0.0,1.0,0.9375,0.125,0.4817732310582377,0.18402572411520357,0.23780362275333244,True,False
0.2546918459552894,0.25,False,1.0,0.0,0.875,0.8875,0.125,0.415546794693586,0.029468582023036174,0.28327651419145106,True,False
0.2770974130574285,0.0,True,0.0,0.0,1.0,1.0,0.125,0.258283676141045,0.04364132649111637,0.5101111541915198,True,False
0.29123711464002977,0.5,False,0.0,1.0,0.5,0.7125,0.25,0.12932589330957497,0.05411805111386972,0.6195415412374081,True,False
0.10253379815408603,0.0,False,1.0,0.0,0.75,0.6625000000000001,0.125,0.4549339418479089,0.09536409555171978,0.29044622176786894,True,False
0.3405517519935658,0.0,False,1.0,0.0,1.0,1.0,0.0,0.41697996704979606,0.059086525132927524,0.29833707142139976,False,False
0.3478166710323848,0.25,False,0.0,0.0,1.0,0.9625000000000001,0.125,0.28354908915399457,0.06562612315093959,0.43054246124828266,False,False
0.11281172005477969,0.0,False,1.0,0.0,1.0,0.9625000000000001,0.125,0.4505124460568107,0.25950332171746227,0.256695016370746,True,False
0.2041356256633543,0.0,False,1.0,0.0,1.0,1.0,0.125,0.35249709543995433,0.058222627056822525,0.35951887195631294,True,False
0.2907981518703123,0.5,False,0.0,0.0,0.875,0.9375,0.25,0.17605105376677152,0.04842963345607679,0.5245895326897194,False,False
0.1841948354016394,0.0,False,0.0,0.0,0.625,0.75,0.125,0.5671060150711079,0.271310941447803,0.16431476981591886,True,False
0.28239833003520975,0.0,False,1.0,0.0,1.0,1.0,0.125,0.3018036007588404,0.11279279220189933,0.3633929519069008,True,False
0.2872468017004989,0.0,False,0.0,1.0,1.0,1.0,0.125,0.12794489180977997,0.03964556227604562,0.6193117244554607,True,False
0.16050918442021356,0.0,False,0.0,1.0,0.75,0.8375000000000001,0.125,0.1379413079915296,0.03712429544576862,0.6041870885020559,True,False
0.4528149588716198,1.0,False,0.0,1.0,0.875,0.875,0.375,0.13335463244036702,0.028398133092741966,0.6059290473399832,False,False
0.14253229716796056,0.0,True,0.0,0.0,1.0,1.0,0.125,0.3307246277954433,0.22812006152125955,0.34530932406015813,True,False
0.340662399340533,0.25,False,0.0,0.0,0.875,1.0,0.25,0.3534487749762098,0.026722486216426564,0.354498108697916,False,False
0.16885782018472062,0.0,False,0.0,1.0,0.75,0.8375000000000001,0.125,0.23792601256123772,0.04196828041609679,0.5778537579127037,True,False
0.45911035009249523,0.5,True,0.0,0.0,0.875,0.9375,0.25,0.2866431659357593,0.07302460288281029,0.4039629296684084,False,False
0.19330686823577015,0.25,False,0.0,0.0,0.875,0.9625000000000001,0.125,0.8111847514869619,0.5436317172359023,0.07730398108258218,False,False
0.22313604194574843,0.0,False,0.0,1.0,0.875,0.8375000000000001,0.125,0.18096093926970092,0.05084164606502824,0.5203193316569075,True,False
0.5023106067256286,0.5,False,0.0,1.0,1.0,0.875,0.25,0.24767210383495256,0.06154450426444863,0.5565864764390858,False,False
0.21023700219550734,0.0,False,1.0,0.0,1.0,1.0,0.125,0.269691968523897,0.11492579985018322,0.40573194414880676,False,False
0.29123711464002977,0.0,False,1.0,0.0,1.0,1.0,0.125,0.27988742175151204,0.15901176134771522,0.41409301805939003,True,False
0.3294771087624807,0.0,False,0.0,1.0,1.0,0.875,0.0,0.23983167789771773,0.04536149254506017,0.535711885222135,False,False
0.2864979058744641,0.5,False,0.0,0.0,0.875,0.9625000000000001,0.25,0.420851441999594,0.038489964324112835,0.2961025903547354,False,False
0.40375817493767896,1.0,False,0.0,1.0,0.875,0.8625,0.25,0.20558667412830023,0.006574443521242241,0.5687989358531298,False,False
0.1798682119669005,0.0,False,1.0,0.0,0.625,0.8,0.125,0.10442759603272363,0.06436548021830656,0.6778388570506824,True,False
0.2989582385018158,0.0,False,0.0,0.0,1.0,1.0,0.125,0.3565269553878332,0.02978344580540721,0.3225364395420516,False,False
0.1514272581382603,0.0,False,0.0,0.0,1.0,0.9125000000000001,0.125,0.4113435712969911,0.04679689570152562,0.3014324483406443,True,False
0.18365974150551534,0.25,False,1.0,0.0,0.875,0.8500000000000001,0.125,0.24413278302172928,0.03676000480490275,0.5486741054436806,True,False
0.19075082257961895,0.0,False,0.0,1.0,0.875,0.8375000000000001,0.125,0.09841815598654555,0.05359158368734444,0.6956305977721082,True,False
0.40560884582436596,0.5,False,0.0,0.0,1.0,0.9875,0.25,0.34708864591903504,0.015799452564659675,0.3684128619283149,False,False
0.2516127595347888,0.0,False,0.0,1.0,0.75,0.6625000000000001,0.125,0.5029259132944793,0.07487513434258031,0.20300050268339342,True,False
0.6528738937286115,0.5,False,1.0,0.0,1.0,1.0,0.25,0.1073590285326896,0.05422774605352573,0.6759728125719566,False,False
0.2229214057183464,0.0,False,1.0,0.0,1.0,0.9750000000000001,0.125,0.2603108689549998,0.2047498460053884,0.4298926280635207,True,False
0.3268661841772992,0.0,False,1.0,0.0,1.0,1.0,0.125,0.22008011541634936,0.07794505395428422,0.5249585848025744,False,False
0.5674096253183399,0.5,False,0.0,1.0,1.0,1.0,0.25,0.049303804381876565,0.03766595896823442,0.8065433440118612,False,False
0.2807005945079062,0.0,False,0.0,0.0,1.0,0.9500000000000002,0.125,0.09323607958366065,0.05443895535906229,0.6798822320774089,True,False
0.3787430524671008,0.5,False,0.0,1.0,1.0,1.0,0.125,0.19719621916541458,0.10382125813639125,0.5583885836013351,False,False
0.20697773546125786,0.0,True,1.0,0.0,1.0,0.9500000000000002,0.125,0.16245817897599668,0.04491615464870333,0.5436855678014281,True,False
0.13493968528381228,0.0,False,0.0,0.0,1.0,0.9875,0.125,0.5310367639293151,0.602320952200668,0.20353920950959004,True,False
0.2235645371255457,0.0,False,0.0,0.0,1.0,0.9375,0.125,0.3879893822486598,0.09467329107941128,0.2917944284853984,True,False
0.304604088647333,0.5,False,0.0,0.0,1.0,1.0,0.25,0.28656993105025635,0.05425887610369108,0.37744411291668034,False,False
0.25999851255513073,0.0,False,0.0,1.0,0.875,0.8625,0.125,0.2166004598379164,0.03367696403174604,0.5752365534340607,True,False
0.16503045611886513,0.0,False,0.0,1.0,0.75,0.8125,0.125,0.2466386275313002,0.03854091830796015,0.41807941293932216,True,False
0.3325140216513377,0.5,False,0.0,0.0,1.0,1.0,0.125,0.32371251994823436,0.226094048413193,0.35822255857137986,False,False
0.15866791960860183,0.0,True,0.0,1.0,0.875,0.9750000000000001,0.125,0.3797275344733515,0.12324549583542871,0.3458499981538121,True,False
0.32614739571272533,0.0,False,0.0,0.0,1.0,0.8875,0.125,0.23078886835160814,0.1007266835308382,0.44989307786002963,False,False
0.38787520380299145,0.5,False,0.0,1.0,0.875,0.9125000000000001,0.125,0.0919133063707366,0.051959862261471944,0.6832391173031596,False,False
0.8772271121896443,1.0,False,0.0,0.0,1.0,1.0,0.375,0.09655623417819734,0.03047646019203362,0.7258331226869621,False,False
0.2651510805228984,0.0,False,0.0,1.0,0.75,0.75,0.125,0.12934535933951036,0.01340385182522172,0.6208882676946677,True,False
0.2041356256633543,0.0,False,0.0,0.0,1.0,0.9500000000000002,0.125,0.45813752224280413,0.1330981445517809,0.263769434283353,True,False
0.04967661233555676,0.0,False,1.0,0.0,0.625,0.5375000000000001,0.125,0.8093814175335341,0.5297293677588493,0.07780355016324192,True,False
0.3882139715493874,0.5,False,0.0,0.0,1.0,0.825,0.25,0.3066445253047802,0.023004791223056802,0.35838507974675693,False,False
0.4550931829951178,0.5,False,0.0,1.0,0.875,0.8375000000000001,0.125,0.15291652715120313,0.04879140203660785,0.5924278179445255,False,False
0.2737424067449248,0.0,False,0.0,0.0,1.0,0.875,0.125,0.38361702253563956,0.16438759827107483,0.287228887123532,False,False
0.46292754847232376,1.0,False,1.0,0.0,0.25,0.5,0.25,0.12065787247147955,0.008675169693816894,0.6373688119690128,True,False
0.23655829365336611,0.0,False,0.0,1.0,0.875,0.8875,0.125,0.06994134904476285,0.04445598269455809,0.7508819830187559,True,False
0.3172868642569945,0.0,True,0.0,0.0,1.0,0.9375,0.125,0.1275877381929999,0.03735677570619521,0.6876897324439333,False,False
0.3274629584421477,0.0,True,0.0,0.0,1.0,0.9500000000000002,0.125,0.34013124840150666,0.14740481597746283,0.32897010627369605,False,False
0.28285854363842466,0.25,False,1.0,0.0,1.0,1.0,0.125,0.2793932954113127,0.023337467833455902,0.45960499388101095,True,False
0.40078789170443174,0.5,False,0.0,1.0,0.875,0.875,0.125,0.1815119594641295,0.05883988722059078,0.5844760233090498,False,False
0.23212809351563968,0.25,False,0.0,1.0,1.0,1.0,0.125,0.1840600337044204,0.08901500857608462,0.512549038917619,True,False
0.2954253601423583,0.0,False,1.0,0.0,1.0,0.9500000000000002,0.125,0.305316915400304,0.019077537020172328,0.37388259073356567,True,False
0.26481219177777016,0.0,False,0.0,0.0,1.0,1.0,0.125,0.5128255806634605,0.09855743298141423,0.1972657672029321,False,False
0.2769390810492902,0.5,True,1.0,0.0,0.875,0.9000000000000001,0.375,0.30225114513298545,0.09583306432066374,0.37291091407529775,True,False
0.25594433800208805,0.0,False,1.0,0.0,1.0,1.0,0.125,0.18585298190227073,0.0765114783015575,0.5010728191430129,False,False
0.1270076295043291,0.0,False,0.0,0.0,1.0,1.0,0.125,0.43262177498512566,0.05868102936544802,0.2853671063705385,True,False
0.23273876403659832,0.0,False,0.0,0.0,1.0,0.9375,0.125,0.2839340516434773,0.04980535420651894,0.39154656418640266,True,False
0.12138868484715493,0.0,False,0.0,0.0,1.0,0.9000000000000001,0.125,0.43988056655740476,0.10798721030113508,0.25196179716162415,True,False
0.6421198707901165,0.5,False,1.0,0.0,1.0,1.0,0.25,0.11259873352395486,0.03085839099139472,0.6647174363297763,False,False
0.17931989058423214,0.0,False,1.0,0.0,1.0,0.9750000000000001,0.125,0.25734507798443224,0.09811039123288397,0.5419496998805942,True,False
0.3628824450656146,0.5,False,1.0,0.0,1.0,1.0,0.25,0.42081867087533686,0.3839957174646259,0.2717711932098643,False,False
0.33193402222412105,0.5,False,0.0,1.0,0.625,0.375,0.125,0.3405440488350075,0.026608784493414316,0.368517693347171,False,False
0.1841948354016394,0.0,False,0.0,0.0,1.0,1.0,0.125,0.5588264548782048,0.10950713621681081,0.17436964429165536,True,False
0.3207853885551156,0.0,False,1.0,0.0,0.25,0.5,0.0,0.1605879006706816,0.04386180543388787,0.5631486147225935,False,False
0.26379162497329345,0.0,True,0.0,0.0,1.0,0.9625000000000001,0.125,0.16522876651537424,0.037828129922330075,0.6378037803900014,True,False
0.27867301131389066,0.0,True,0.0,0.0,1.0,0.9750000000000001,0.125,0.14203907040975483,0.0345332579160567,0.5867125819608565,True,False
0.22335041887289453,0.0,True,1.0,0.0,1.0,0.9500000000000002,0.125,0.31413734976444285,0.02718749037976389,0.3975152857970572,True,False
0.298537988166803,0.25,True,0.0,0.0,0.875,0.9375,0.125,0.2814864283186882,0.0590362510686562,0.43343332185268646,False,False
0.5103121945270451,1.0,False,1.0,0.0,0.875,0.9000000000000001,0.25,0.07375495569554262,0.03836516942422154,0.7016496085807509,False,False
0.26833864985313904,0.25,False,1.0,0.0,0.875,0.9375,0.125,0.5437274498286289,0.471015650962284,0.18186343656146975,False,False
0.18285406304126817,0.0,False,1.0,0.0,0.75,0.75,0.125,0.1306645769212297,0.022097003758355643,0.623903877926629,True,False
0.24088057908739002,0.0,False,0.0,1.0,0.875,0.875,0.0,0.2847269684246581,0.13833618186101895,0.42368469823358246,False,False
0.21658126268110822,0.0,False,1.0,0.0,0.875,0.875,0.125,0.15632824475573123,0.07498249205977331,0.558225629236855,True,False
0.19532552244298607,0.0,False,0.0,0.0,1.0,0.9750000000000001,0.125,0.36605352471571456,0.12098567949322044,0.33569885428814694,True,False
0.29684696291536883,0.0,False,0.0,1.0,0.875,0.8,0.125,0.5476624866015166,0.035322386083040204,0.17546311199987352,True,False
0.30662557203613117,0.0,False,0.0,1.0,0.875,0.9125000000000001,0.125,0.2798379997540638,0.07467628382568714,0.47751570471425264,True,False
0.3661700061540082,0.25,False,0.0,1.0,1.0,1.0,0.125,0.32782208272392926,0.01784565118929519,0.3934927199709253,True,False
0.0,0.0,False,0.0,0.0,0.5,1.0,0.125,0.554364493163667,0.6276093478587262,0.18826761820193494,True,False
0.4217301754993822,0.25,False,0.0,1.0,1.0,1.0,0.125,0.18937642961742202,0.008387476175063798,0.5342094018949477,False,False
0.46063584577424066,0.5,False,0.0,1.0,0.875,1.0,0.125,0.1498448258558927,0.013018124277357442,0.6474892278358122,False,False
0.23415554204266942,0.0,False,1.0,0.0,0.875,0.825,0.125,0.18068523194695163,0.0772120663217606,0.5241340374724663,True,False
0.2347592869000048,0.0,False,0.0,0.0,0.875,0.8375000000000001,0.125,0.3616349555631646,0.063624504161598,0.3585823005473989,False,False
0.22227593494282483,0.0,False,0.0,0.0,1.0,1.0,0.125,0.39105224920031656,0.14269580373974228,0.3371546559023053,True,False
0.41319224202474947,0.0,False,0.0,1.0,1.0,0.925,0.125,0.13277301781989687,0.02097373867084597,0.6580795890755082,True,False
0.2881413245974592,0.0,False,1.0,0.0,0.75,0.7125,0.125,0.18434790119888905,0.0473329308817644,0.6172007455829287,False,False
0.220977906775482,0.0,False,0.0,1.0,1.0,0.9375,0.125,0.35850081178458315,0.020234327167819168,0.3211933045310309,True,False
0.4659014227932442,1.0,False,0.0,0.0,1.0,0.9750000000000001,0.25,0.2854793399871559,0.01251830022947641,0.4465256547416361,False,False
0.3655942564375413,0.0,True,1.0,0.0,1.0,1.0,0.125,0.24958844624543172,0.05294292464511227,0.5056426047567144,True,False
0.4961554958411202,0.5,False,0.0,0.0,1.0,0.9125000000000001,0.25,0.27620147234217096,0.05154436726077692,0.43352721495438473,False,False
0.41646935730065515,0.0,False,1.0,0.0,1.0,1.0,0.125,0.20920488560405445,0.022019688029192738,0.6686347213677939,True,False
0.3201656894734407,0.5,False,0.0,0.0,0.875,0.9125000000000001,0.25,0.6525563878493823,0.787533863283882,0.13382874378484733,True,False
0.20485043200541464,0.0,False,0.0,1.0,0.875,0.825,0.125,0.24712404363024584,0.04987648423071707,0.5469470456964367,True,False
0.26800579991550777,0.0,False,0.0,1.0,0.875,0.825,0.0,0.24212390857440358,0.09235669074450362,0.5005266276584963,False,False
0.1899767738192364,0.0,True,1.0,0.0,1.0,1.0,0.125,0.3243288153282471,0.06376152321424618,0.35406623145483285,True,False
0.42228968174057246,1.0,False,0.0,1.0,0.75,0.7375,0.375,0.2049705264689695,0.025421155697185196,0.5279111348951073,False,False
0.2550506038158944,0.0,True,1.0,0.0,1.0,1.0,0.125,0.46515258367957896,0.08515642479124254,0.28774051734457107,True,False
0.3777585799440689,0.75,False,0.0,1.0,0.25,0.25,0.25,0.4132339530548171,0.0793857000793038,0.29466708772204475,False,False
0.19632630288517106,0.0,True,0.0,0.0,0.875,0.9500000000000002,0.125,0.3527666564944642,0.12001051976251108,0.3737983783929819,True,False
0.16856632059829957,0.0,False,0.0,0.0,1.0,1.0,0.125,0.3535584854636494,0.042390378411781435,0.36021014516750105,True,False
0.3980874591348803,1.0,False,0.0,1.0,0.875,0.8500000000000001,0.125,0.21248652153831724,0.017589193006273544,0.6145559250269876,False,False
0.18339158825813184,0.0,True,1.0,0.0,1.0,0.9875,0.125,0.3162059409693986,0.036560003019622464,0.3480430470426552,True,False
0.27358105135248967,0.0,True,1.0,0.0,1.0,1.0,0.125,0.41916407495823244,0.03445726817985233,0.2946471734312479,True,False
0.6165279749586253,0.75,False,0.0,1.0,1.0,0.9125000000000001,0.375,0.1459988978477938,0.03889998513180823,0.6278544075865793,False,False
0.16885782018472062,0.0,False,0.0,0.0,0.875,0.9375,0.125,0.28585669255062146,0.032953894653535175,0.39893340382019726,True,False
0.36826524881740663,1.0,True,1.0,0.0,1.0,1.0,0.25,0.46658156867374007,0.14548451093522377,0.25844874488866854,False,False
0.3490870169394459,0.25,False,1.0,0.0,0.75,0.8375000000000001,0.125,0.14701839182866,0.02761066918186293,0.6283425317028257,False,False
0.5893032664857113,0.5,True,0.0,1.0,1.0,1.0,0.25,0.09794330784241251,0.03238322838131952,0.7096206160358509,False,False
0.38905807221011857,0.5,False,0.0,1.0,0.875,0.7875000000000001,0.125,0.08919189428303383,0.04690099954191357,0.6916412856065421,False,False
0.36453383891588886,0.5,False,1.0,0.0,0.875,0.8625,0.25,0.23667843518304246,0.028281776554352767,0.5439458787753366,False,False
0.18658298875052648,0.0,False,0.0,0.0,1.0,1.0,0.125,0.5282496252691449,0.1992860324326806,0.19818555258139425,True,False
0.1839274901469682,0.0,False,0.0,1.0,0.75,0.7000000000000001,0.125,0.24193251010917735,0.05319065134005062,0.5737597100875098,True,False
0.2690024825538354,0.0,False,0.0,1.0,0.875,0.9375,0.125,0.4658596863879911,0.09167004157677254,0.27511799174245155,True,False
0.22611400426791528,0.0,False,1.0,0.0,0.875,0.9000000000000001,0.125,0.12313924713154294,0.049124786790371126,0.6568340516528575,True,False
0.1759938981343364,0.0,True,0.0,0.0,1.0,0.9875,0.125,0.48321825142481706,0.44751268554016,0.2285171318196486,True,False
0.19831108880083492,0.0,False,0.0,0.0,1.0,0.9500000000000002,0.125,0.29171165993998655,0.0609145579757675,0.40072231780852663,True,False
0.28054544643909585,0.0,False,0.0,0.0,1.0,0.9625000000000001,0.125,0.20461722225500464,0.0671941924499892,0.5053354317341119,True,False
0.2782017990288237,0.0,True,0.0,0.0,1.0,0.9750000000000001,0.125,0.26420338031027496,0.11377932158453867,0.45143306977898745,True,False
0.22862736097375158,0.25,True,1.0,0.0,1.0,0.9750000000000001,0.125,0.464371925079955,0.4982273430969687,0.2460642072301369,True,False
0.21501633507485973,0.0,False,0.0,0.0,0.625,0.7875000000000001,0.125,0.18423410703756618,0.027941928934852513,0.5362895971526993,True,False
0.19431906581166813,0.25,False,0.0,1.0,0.75,0.75,0.125,0.09185022447327448,0.03712454570567524,0.7167650535975043,True,False
0.1564953483824092,0.0,False,0.0,1.0,1.0,1.0,0.125,0.315067067146318,0.043485995270758714,0.4052803411691961,True,False
0.2397121763990986,0.0,False,1.0,0.0,1.0,0.9375,0.125,0.47378893116583726,0.03583039044428142,0.24351130958616318,True,False
0.2205431121343724,0.0,False,0.0,0.0,1.0,0.9750000000000001,0.125,0.28604567282964793,0.01668073104555558,0.39133210644878136,True,False
0.22119490524322316,0.0,False,0.0,1.0,1.0,0.875,0.125,0.323698329340718,0.04266996885753147,0.3947078491695837,True,False
0.19806420122279356,0.0,False,0.0,0.0,1.0,1.0,0.125,0.4044830657798852,0.22450992799121047,0.2956344804344948,True,False
0.30378900298503353,0.0,True,0.0,1.0,1.0,0.9375,0.0,0.26297522909875953,0.04411667789881631,0.48001468401764247,False,False
0.2872468017004989,0.0,False,0.0,1.0,1.0,1.0,0.0,0.11643376229098365,0.04486150589743448,0.6506310747860402,True,False
0.10795254270854027,0.25,False,0.0,1.0,0.75,0.7250000000000001,0.125,0.47903105480041913,0.10791682964794841,0.28770093150054965,True,False
0.283011683321037,0.5,False,0.0,0.0,1.0,0.925,0.125,0.31653698293259025,0.2246291632277842,0.37785650926618897,False,False
0.12515434704073025,0.0,False,0.0,0.0,0.625,0.625,0.125,0.30608605813173195,0.018452709019494275,0.3549597944642666,True,False
0.32275400673775134,1.0,False,1.0,0.0,1.0,1.0,0.25,0.8610939713159221,0.4804538108749504,0.0535043382658249,False,False
0.3628824450656146,0.5,False,1.0,0.0,0.75,0.9000000000000001,0.25,0.3491326275504318,0.13104481165986745,0.3475318854362648,False,False
0.1697294568213059,0.0,False,0.0,0.0,0.875,0.925,0.125,0.4788909173977915,0.19424764716674553,0.30159303507986346,True,False
0.10795254270854027,0.5,False,0.0,0.0,1.0,0.9750000000000001,0.25,0.5769523611942943,0.5876231037559401,0.16867579619695294,True,False
0.2508804374664776,0.0,False,1.0,0.0,1.0,0.875,0.125,0.09717153350240586,0.040480138996356545,0.7033600664020612,True,False
0.12290455240716902,0.0,False,0.0,1.0,0.625,0.8125,0.125,0.42713577241711836,0.08355819871650276,0.31446961429593423,True,False
0.30132103870755766,0.0,False,1.0,0.0,1.0,1.0,0.125,0.1437770926311009,0.044086217421914764,0.5812075191282893,True,False
0.29123711464002977,0.0,False,1.0,0.0,0.625,0.875,0.125,0.44409343461668793,0.21553348342344686,0.25172594395194237,False,False
0.2743863651066005,0.0,False,1.0,0.0,0.75,1.0,0.125,0.15040881053450003,0.07555487247619422,0.571371373654298,True,False
0.2719593761040271,0.5,False,1.0,0.0,1.0,0.875,0.25,0.8581033347364958,0.45918045707870075,0.0546100454702414,False,False
0.4245791768671169,1.0,False,0.0,0.0,1.0,1.0,0.375,0.2737567170790382,0.17622220210250933,0.41621533415897494,False,False
0.329947722434342,0.25,False,1.0,0.0,0.875,1.0,0.25,0.48015454603328217,0.4242554596769306,0.25354686836798357,False,False
0.2528870956490281,0.0,False,0.0,1.0,0.875,0.875,0.125,0.2415515066425521,0.09729391741786439,0.49379898689651025,True,False
0.1682743413758333,0.0,False,0.0,1.0,1.0,0.0,0.125,0.3431237313150729,0.024559020680173245,0.37237894174682107,True,False
0.9678267742424363,0.0,False,0.0,0.0,0.625,0.75,0.125,0.3230728408854426,0.0508720394160979,0.40094773706014797,True,False
0.19126498563031902,0.0,False,0.0,1.0,0.875,0.8125,0.125,0.13944104919194647,0.04294910563551893,0.602838885712424,True,False
0.06807325516926865,0.0,False,1.0,0.0,1.0,0.9000000000000001,0.125,0.8946014935052224,0.44980845026608357,0.03936741455381676,True,False
0.4569408934592304,0.5,True,0.0,1.0,1.0,1.0,0.125,0.08244865446420704,0.02759995281869911,0.6985054089508846,False,False
0.17655257740394903,0.0,False,0.0,1.0,0.875,0.7750000000000001,0.125,0.26171729902847574,0.08979717998428989,0.5223260956067546,True,False
0.423680777586103,0.5,False,1.0,0.0,0.75,1.0,0.25,0.47334909196892694,0.4159751758536425,0.23347753316352815,False,False
0.2002739202454118,0.0,True,0.0,0.0,0.875,0.9750000000000001,0.125,0.4336444494000297,0.29001734520517797,0.2988803476434152,True,False
0.2939922765215156,0.0,False,0.0,1.0,0.75,1.0,0.0,0.4466372365724697,0.026753675464678932,0.266555992948023,False,False
0.21613554699622606,0.0,True,1.0,0.0,1.0,0.9875,0.125,0.6782310923418794,0.4551016762798283,0.14532098133567595,True,False
0.5229875135904115,0.25,False,0.0,1.0,1.0,1.0,0.125,0.08331205139591942,0.026790432911519516,0.6819521090909335,False,False
0.5605278402278971,1.0,True,0.0,0.0,1.0,0.9625000000000001,0.375,0.22510390816950418,0.05658645696353403,0.45448533426177296,False,False
0.24049196569802778,0.0,False,0.0,0.0,0.875,0.9625000000000001,0.125,0.3699082882135767,0.29229751399354936,0.3136368347001963,True,False
0.2905049056005683,0.25,False,0.0,1.0,0.75,0.75,0.25,0.4496198398290938,0.012573710305086163,0.2638958597327006,True,False
0.23273876403659832,0.0,False,0.0,0.0,0.75,1.0,0.125,0.3260528884079413,0.1722589964470839,0.348717891670399,True,False
0.22313604194574843,0.0,False,1.0,0.0,0.875,0.9000000000000001,0.125,0.24597288489163838,0.10671831967833291,0.48212244397585047,True,False
0.2954253601423583,0.25,False,0.0,0.0,1.0,0.9500000000000002,0.0,0.19988494320378555,0.03270340774436694,0.5104934610721592,False,False
0.3884676236138268,0.5,False,0.0,0.0,0.625,0.625,0.25,0.3362506774451837,0.057730718574440544,0.3875830222891061,False,False
0.13352361620659736,0.0,False,0.0,0.0,1.0,1.0,0.125,0.5604164928117008,0.5492476536510752,0.17756842994938737,True,False
0.39872656208036383,0.0,False,0.0,0.0,0.875,0.9125000000000001,0.125,0.395550412119904,0.2408757310476461,0.2895216101236071,False,False
0.4329273806938444,0.5,False,0.0,1.0,0.875,0.8500000000000001,0.0,0.03636734216712214,0.02550332623049971,0.8173952942475569,False,False
0.33389833422413695,0.75,False,0.0,1.0,0.875,0.8500000000000001,0.25,0.19385891369527386,0.001566899286289542,0.5443426644900642,False,False
0.34286098008460353,0.5,True,0.0,0.0,0.875,0.9500000000000002,0.25,0.40054465472561235,0.40364953771266293,0.2958144535770324,False,False
0.5522304801944561,1.0,False,1.0,0.0,0.75,0.8375000000000001,0.25,0.063191809006994,0.024953399890698894,0.7228664769549962,False,False
0.4832147450710419,0.75,False,0.0,1.0,1.0,1.0,0.25,0.11805116814702932,0.076780653062362,0.6297438876990804,False,False
0.3849692630568352,1.0,False,0.0,1.0,1.0,1.0,0.125,0.23813593532294725,0.06214445438355182,0.5359463817300101,False,False
0.283011683321037,0.0,False,1.0,0.0,1.0,0.75,0.125,0.24712843050565964,0.06326301122835734,0.41823267314932866,False,False
0.30062935736273577,0.0,False,0.0,1.0,1.0,0.875,0.0,0.28353908629966346,0.05421361666812129,0.4659351529943576,True,False
0.2816286450518882,0.25,False,0.0,1.0,1.0,1.0,0.125,0.4510178775256354,0.04569396090045249,0.27723433920201335,True,False
0.2577184147642907,0.5,False,1.0,0.0,1.0,1.0,0.125,0.5414451158449323,0.3236897367920214,0.17939616289080407,True,False
0.5072672265252808,0.5,False,0.0,1.0,1.0,1.0,0.125,0.03198208661438439,0.0021281450256606872,0.8759432077222029,False,False
0.38787520380299145,0.5,False,0.0,0.0,1.0,1.0,0.125,0.2829518213119255,0.05749099319129746,0.390326683927976,False,False
0.33629519592700896,0.0,False,0.0,1.0,0.75,0.5,0.125,0.17722919599920145,0.008476815979499026,0.5538180581544849,False,False
0.2959953686354545,0.0,False,0.0,0.0,1.0,1.0,0.125,0.44039452110225064,0.048858478193882116,0.2628159338707061,False,False
0.3394414672750782,0.0,False,0.0,0.0,0.875,0.875,0.0,0.3185515437326869,0.10348365994149235,0.37297736206590026,False,False
0.30297015610439615,0.0,False,1.0,0.0,1.0,0.9500000000000002,0.125,0.030004723206897826,0.023443722803394105,0.9319887266652498,True,False
0.19781696967121776,0.0,False,1.0,0.0,1.0,0.9375,0.125,0.28328605403943974,0.18033109478936987,0.40105794325763444,True,False
0.3733976107957918,1.0,False,0.0,1.0,1.0,0.75,0.375,0.14147759257240944,0.032763599124711794,0.6174633354906387,False,False
0.13352361620659736,0.0,False,1.0,0.0,0.75,0.875,0.125,0.3778356822749139,0.03951910945622665,0.3353549984765174,True,False
0.5131384750050648,1.0,True,0.0,1.0,1.0,0.9125000000000001,0.125,0.23640640297162882,0.009303431039840007,0.49553673311856716,False,False
0.220977906775482,0.0,False,0.0,1.0,0.75,0.8,0.0,0.3249208584179561,0.03369579292347602,0.3922493347089695,True,False
0.1255265552107213,0.0,True,0.0,0.0,1.0,0.9375,0.125,0.5463289999849097,0.5182987046201594,0.18543331919035277,True,False
0.2770974130574285,0.0,False,0.0,1.0,0.875,0.9375,0.0,0.1396316422906728,0.03512788210082708,0.6264603105536901,True,False
0.25576595090664944,0.0,False,0.0,1.0,0.75,0.6000000000000001,0.0,0.22938105481802848,0.04751167910944964,0.49200540038888585,False,False
0.1514272581382603,0.0,False,0.0,0.0,1.0,0.9125000000000001,0.125,0.41890572734246195,0.2431391844268476,0.2716291133167996,True,False
0.4119382982431904,0.5,False,0.0,1.0,1.0,1.0,0.0,0.27063956680619794,0.047291192992092106,0.4748910208041728,False,False
0.2796116985718332,0.0,False,0.0,0.0,0.75,0.925,0.125,0.46385748959407797,0.15918345418210272,0.25951893309331187,False,False
0.23415554204266942,0.0,False,0.0,0.0,1.0,1.0,0.125,0.3722832838083444,0.2312792058108986,0.3041728806194024,True,False
0.14219413557029703,0.0,False,0.0,0.0,1.0,1.0,0.125,0.6211248943517218,0.5991657579100427,0.1637331879934254,True,False
0.17117273715447934,0.0,False,0.0,0.0,0.875,0.9125000000000001,0.125,0.32999437336180565,0.04286084938716059,0.38529542555692675,True,False
0.17655257740394903,0.0,False,0.0,1.0,0.875,0.7875000000000001,0.125,0.3190064504099154,0.07574195541020062,0.4117316692208228,True,False
0.20293784567168505,0.0,False,1.0,0.0,1.0,0.9750000000000001,0.125,0.6917392169982368,0.4161690416327125,0.13924906424747863,True,False
0.40660329164017595,1.0,False,0.0,1.0,0.875,0.9125000000000001,0.25,0.328858143046915,0.039694805127412594,0.3881649374903535,False,False
0.29123711464002977,0.0,False,0.0,0.0,0.875,0.8375000000000001,0.125,0.35018009577837056,0.03803009993677367,0.3713999492973308,True,False
0.2870972751670433,0.75,False,0.0,1.0,0.625,0.75,0.125,0.11488743848763186,0.04477581370477073,0.6564967235395716,True,False
0.46309407772365796,0.5,False,0.0,0.0,1.0,1.0,0.25,0.26209594442183576,0.03739340832445467,0.450372176188784,False,False
0.415818758039031,0.0,False,0.0,0.0,1.0,0.925,0.125,0.26517952564763636,0.03818318278336611,0.4756085940004324,False,False
0.5065737621568073,0.0,False,1.0,0.0,1.0,0.9750000000000001,0.125,0.13515713810765326,0.03527606791215029,0.6992548432145669,False,False
0.5398922846429134,0.0,False,0.0,1.0,1.0,0.875,0.125,0.013926589467637173,0.018227706660952966,0.944928586920927,False,False
0.13669402701256517,0.0,False,1.0,0.0,1.0,1.0,0.125,0.6533473295723097,0.748480973814715,0.13882916568033954,True,False
0.16413537063823236,0.0,False,0.0,1.0,1.0,0.9500000000000002,0.125,0.5491256152212042,0.4724276610112797,0.17724909930934118,True,False
0.30954937078703926,0.0,False,0.0,1.0,0.75,0.75,0.125,0.1752466765574885,0.01857928587612569,0.5598632158442647,False,False
0.22966417662094474,0.0,False,1.0,0.0,1.0,1.0,0.125,0.21736648147902293,0.09317591686813571,0.553011118255234,True,False
0.26017269716418734,0.0,False,0.0,0.0,1.0,0.9500000000000002,0.125,0.38648842456704774,0.4012639222725062,0.3041303396354502,False,False
0.4071364630670299,0.0,False,0.0,0.0,1.0,0.9500000000000002,0.125,0.20750293533228364,0.039364138408579386,0.5276649030915679,False,False
0.21702586163541515,0.0,False,0.0,0.0,1.0,1.0,0.125,0.5706198854062722,0.6153080450274186,0.18804374159080672,True,False
0.2743863651066005,0.5,False,0.0,0.0,0.625,0.75,0.125,0.5942915931853052,0.5797850659921565,0.17897565555263717,False,False
0.2451000824035493,0.0,False,0.0,0.0,1.0,0.9500000000000002,0.125,0.21538252209097405,0.08325380319261705,0.6862292238522447,True,False
0.25594433800208805,0.0,False,0.0,0.0,1.0,0.9875,0.125,0.3204276512926785,0.05588910155719048,0.3599478971523853,True,False
0.31741300653883664,0.0,False,0.0,0.0,1.0,0.9000000000000001,0.125,0.4337817404352051,0.056149376941757985,0.31150518108622083,False,False
0.25594433800208805,0.0,False,1.0,0.0,1.0,1.0,0.125,0.5614377576059862,0.21979290238082147,0.16730234056597526,True,False
0.21115733074156973,0.0,False,0.0,1.0,0.75,0.6625000000000001,0.125,0.17252928512121463,0.06413866696418101,0.567049678475529,True,False
0.33999747799441093,0.0,True,0.0,0.0,1.0,1.0,0.125,0.23242655083413755,0.07898869608311264,0.5144128586847558,True,False
0.3806957623345478,0.0,False,1.0,0.0,1.0,1.0,0.125,0.15789112469157823,0.024877833003655515,0.635807488058485,False,False
0.29909810106782675,0.75,True,0.0,0.0,0.875,0.9500000000000002,0.25,0.8103155502561169,0.5283247179990648,0.0772343740480761,False,False
0.45210804141152294,1.0,True,0.0,1.0,1.0,1.0,0.25,0.197243561245812,0.10721458626305254,0.4966824202521347,False,False
0.2113866689982885,0.0,False,0.0,1.0,1.0,0.8625,0.125,0.39342534180617345,0.295618633567531,0.31279135419906057,True,False
0.2351606452976025,0.0,False,0.0,1.0,0.875,0.8375000000000001,0.125,0.04192004329704591,0.02028947476378096,0.8334163574501812,True,False
0.45916708441617693,1.0,False,1.0,0.0,1.0,1.0,0.25,0.27908034838091333,0.05063841007631502,0.4169223994186919,False,False
0.264642504397139,0.0,True,0.0,0.0,1.0,1.0,0.125,0.1913477572798928,0.024540646464049812,0.5467133764054446,True,False
0.24792054755360438,0.0,False,0.0,0.0,1.0,1.0,0.125,0.3785525988633552,0.24036435628793526,0.3033454500627841,True,False
0.12515434704073025,0.0,False,0.0,0.0,0.75,0.9125000000000001,0.125,0.2771020850468067,0.09632141701012566,0.38815538246359016,True,False
0.18339158825813184,0.0,False,0.0,1.0,0.875,0.9500000000000002,0.125,0.26553652272881084,0.04179400367253045,0.4368434152296201,True,False
0.28239833003520975,0.0,False,0.0,0.0,1.0,1.0,0.125,0.3178902601688316,0.03080276402141768,0.39237772085095646,True,False
0.19781696967121776,0.0,False,0.0,0.0,1.0,1.0,0.125,0.5336417057824906,0.42866764824291315,0.23364640445310103,True,False
0.2785160795424342,0.5,False,0.0,0.0,0.875,0.8500000000000001,0.125,0.29062661311704346,0.03497849802218936,0.44152383426917297,False,False
0.23655829365336611,0.0,False,1.0,0.0,1.0,0.9750000000000001,0.125,0.23419961088175315,0.055180035876077095,0.4442411171815328,True,False
0.27358105135248967,0.0,False,0.0,1.0,1.0,0.8875,0.125,0.03511661887287632,0.03074545802711125,0.8184719289747484,True,False
0.11201104130645712,0.0,True,1.0,0.0,1.0,0.9375,0.125,0.5735870585802412,0.26755388635407984,0.16061841740355276,True,False
0.19279859605348382,0.0,True,1.0,0.0,1.0,0.9375,0.125,0.3414730903472268,0.036415993789138595,0.35956498792721625,True,False
0.3627848239922139,0.0,False,0.0,0.0,0.875,1.0,0.375,0.23497427799985138,0.08344000678437033,0.5085600134850325,True,False
0.10295655019191619,0.0,False,1.0,0.0,0.875,0.875,0.125,0.30447918615914993,0.12249124211749517,0.40956837292778725,True,False
0.44955154077707105,0.0,False,0.0,1.0,1.0,1.0,0.125,0.020536963506661097,0.0160754397286711,0.866188764759773,False,False
0.39800740917972377,0.0,False,1.0,0.0,1.0,0.875,0.25,0.2307232060294172,0.04666762103774161,0.6298481210963458,True,False
0.21069776311509292,0.0,False,1.0,0.0,1.0,0.9750000000000001,0.125,0.33302968284348794,0.11422865596943163,0.3547841527354003,True,False
0.18068753024402562,0.5,False,0.0,1.0,0.625,0.5875,0.125,0.4870672030758751,0.10283256487435767,0.28414116599171146,True,False
0.17288931976518618,0.0,False,1.0,0.0,1.0,0.9000000000000001,0.125,0.11982963838052539,0.04004133935717603,0.6533360985478205,True,False
0.2807005945079062,0.0,False,0.0,1.0,0.625,0.7000000000000001,0.125,0.5487498987660551,0.029515315167138918,0.17488323763180924,True,False
0.273903615550818,0.0,False,1.0,0.0,0.625,0.8375000000000001,0.125,0.3508510520518749,0.03209667215736658,0.3277898721587831,True,False
0.4230561336252575,0.75,False,0.0,0.0,0.75,0.9375,0.25,0.18072448444969508,0.06789472931815065,0.5312807982801184,False,False
0.175152567339807,0.0,False,0.0,0.0,1.0,1.0,0.125,0.42347508312619025,0.2355136055684011,0.2570179052276398,True,False
0.264642504397139,0.0,False,0.0,1.0,0.875,0.8500000000000001,0.125,0.13832132616458673,0.05747451157354035,0.5875776940066555,True,False
0.298537988166803,0.0,True,0.0,0.0,1.0,1.0,0.125,0.31611525416299013,0.11139526270153638,0.37443488262974123,False,False
0.4271115419011168,1.0,False,0.0,1.0,0.875,0.8625,0.25,0.18656245895160128,0.087873651599678,0.5002090087025077,False,False
0.19831108880083492,0.0,False,0.0,1.0,0.875,0.8500000000000001,0.125,0.3424765788573241,0.039987662433241894,0.3590420457698844,True,False
0.23754991685616444,0.0,False,0.0,1.0,0.875,0.8,0.125,0.11901827443443705,0.014063210499028306,0.6292513298994935,True,False
0.39098439991518685,0.0,False,0.0,1.0,1.0,0.925,0.125,0.23401923152680285,0.04855340485909464,0.5420580318635715,True,False
0.11870435249276634,0.25,False,1.0,0.0,0.875,0.825,0.125,0.6791422870075144,0.5902515323399777,0.13648275629539164,True,False
0.24940666382797205,0.0,False,0.0,0.0,1.0,1.0,0.125,0.4608365723139114,0.1666291581224032,0.23370890038659042,False,False
0.2385360294936566,0.0,False,0.0,1.0,0.75,0.7750000000000001,0.125,0.10288692515274775,0.015723062704542747,0.65646473243486,True,False
0.16503045611886513,0.0,False,1.0,0.0,0.875,0.7875000000000001,0.125,0.11056409966964041,0.018906940687131744,0.66574934386301,True,False
0.2041356256633543,0.0,False,0.0,0.0,1.0,0.9875,0.125,0.3232466562579862,0.019447147514718422,0.3556835167440182,True,False
0.2839277564095325,0.0,True,1.0,0.0,1.0,1.0,0.125,0.3897930169825702,0.13361424227544377,0.3385620997882488,True,False
0.38323738914002103,0.5,False,0.0,0.0,0.875,0.875,0.25,0.3298751674757887,0.12728104495603285,0.4022099414031164,False,False
0.40157437825614883,0.5,False,0.0,0.0,0.625,0.75,0.25,0.3378717249424442,0.163110545720299,0.33190059031228625,False,False
0.5154253778301449,1.0,False,0.0,1.0,1.0,1.0,0.25,0.2159453208155476,0.04402468127462818,0.520584822301144,False,False
0.3727525860768989,0.5,False,0.0,1.0,0.875,0.8625,0.25,0.22519809652243147,0.061872491398467816,0.45613612096616296,False,False
0.2770974130574285,0.0,False,0.0,0.0,1.0,1.0,0.125,0.20304606186368881,0.11515128567277412,0.501436372225113,True,False
0.29755351618285075,0.25,False,0.0,1.0,0.875,0.8625,0.0,0.1839489521089233,0.0642306752101197,0.5903978375763634,True,False
0.1759938981343364,0.0,False,0.0,1.0,0.75,0.7625,0.125,0.3445560429091793,0.018351929156429112,0.3738245227856045,True,False
0.1839274901469682,0.0,False,0.0,1.0,1.0,0.9125000000000001,0.125,0.40332384388319437,0.08243386436342108,0.30527252291979345,True,False
0.3332075278298613,0.0,False,0.0,0.0,0.875,0.7875000000000001,0.0,0.25489204235036106,0.03355910256996995,0.5095266904892404,False,False
0.21069776311509292,0.25,False,0.0,1.0,0.875,0.9125000000000001,0.125,0.3962955920723077,0.29916882503773123,0.31062813575830606,True,False
0.17655257740394903,0.0,False,0.0,1.0,0.875,0.7750000000000001,0.125,0.2631027395264971,0.030456316602192595,0.4970842439524179,True,False
0.23151531420482074,0.5,False,0.0,1.0,0.75,0.8,0.125,0.22897480749776694,0.11294573807750392,0.4592542152847703,True,False
0.21680370139973126,0.0,True,0.0,0.0,1.0,0.9500000000000002,0.125,0.1254030033657783,0.03055813497463183,0.6726033936532247,False,True
0.16710159638782063,0.0,False,0.0,1.0,0.875,0.8875,0.125,0.30342853632506067,0.059587975395519494,0.42902346775334665,True,False
0.20485043200541464,0.0,False,0.0,1.0,0.75,0.7750000000000001,0.125,0.2541857679975722,0.05997778710575979,0.5276905554497899,True,False
0.35356583408391373,0.0,False,0.0,1.0,1.0,1.0,0.125,0.2571603637159209,0.03219265265823409,0.4512665122973707,False,False
0.40305916685293164,0.5,False,0.0,0.0,1.0,1.0,0.25,0.34941743605626674,0.24518468102420285,0.3353162991050358,False,False
0.2571880515761136,0.0,False,0.0,1.0,0.875,0.925,0.125,0.15390908846401397,0.04771367274149354,0.5613497702897534,True,False
0.31461694925963635,0.0,False,1.0,0.0,0.875,1.0,0.125,0.2805562080044596,0.06268462310452698,0.41496760005019717,True,False
0.5280994181769033,1.0,False,0.0,1.0,1.0,0.9750000000000001,0.25,0.20695150351982536,0.1663021269408841,0.4774759914138589,False,False
0.21069776311509292,0.0,True,1.0,0.0,1.0,0.9625000000000001,0.125,0.5161111346117594,0.16591691797207975,0.2058299555886478,True,False
0.16885782018472062,0.0,False,1.0,0.0,0.625,0.8375000000000001,0.125,0.5117930365464223,0.46144115037759653,0.23783513190237904,True,False
0.2229214057183464,0.0,False,0.0,0.0,1.0,1.0,0.125,0.2923301448682098,0.057139934815129315,0.3687278644765628,True,False
0.34307934735379086,0.5,False,0.0,1.0,0.875,0.925,0.0,0.2516421249561015,0.028678086909181298,0.5181010342883601,True,False
0.15555604159834224,0.0,True,1.0,0.0,1.0,0.9500000000000002,0.125,0.4615790256556456,0.1006701393995516,0.2361307050370156,True,False
0.22335041887289453,0.0,False,0.0,0.0,1.0,1.0,0.125,0.48942171187458483,0.050969903874293426,0.22102477246015706,True,False
0.21434140382802636,0.0,False,1.0,0.0,1.0,1.0,0.125,0.29951262552712976,0.10194852788633957,0.4018555136748134,True,False
0.18339158825813184,0.0,True,0.0,0.0,1.0,1.0,0.125,0.46300493232186707,0.12494330381345786,0.2519345670859723,True,False
0.1878959831851006,0.0,False,0.0,1.0,0.75,0.8375000000000001,0.125,0.24658185189748,0.03683441886884899,0.41815701337619093,True,False
0.3937122393982392,0.5,False,0.0,1.0,1.0,0.9000000000000001,0.125,0.1552631714958148,0.06163079022338368,0.5686109481457249,False,False
0.29123711464002977,0.0,True,1.0,0.0,1.0,0.9875,0.125,0.28676249479326277,0.029404446821832464,0.4415904806924209,True,False
0.32817644840819515,0.5,False,0.0,0.0,0.5,0.65,0.125,0.24850235565176806,0.044986847537086885,0.5333598532134218,False,False
0.34546381748910326,0.0,False,0.0,0.0,1.0,0.9875,0.0,0.28665729133117823,0.025580480564237198,0.3740399733296289,False,False
0.2113866689982885,0.0,False,1.0,0.0,1.0,0.9875,0.125,0.5950024248503704,0.23697327889605893,0.21153909498920886,True,False
0.3273437640392046,0.5,False,0.0,0.0,0.875,0.8875,0.25,0.36656262345374974,0.05575076481204546,0.31132871959011577,False,False
0.25999851255513073,0.0,False,0.0,0.0,1.0,1.0,0.125,0.8058834922998503,0.5210939369641463,0.07943596806916875,False,False
0.464310540291237,0.5,False,0.0,0.0,0.75,0.7000000000000001,0.25,0.3332605572842716,0.10693633527032093,0.3555286065087975,False,False
0.3332075278298613,0.0,False,0.0,1.0,0.875,0.75,0.0,0.32229246641283027,0.006199294822967485,0.36336099564111035,False,False
0.14488155464167207,0.0,False,1.0,0.0,0.875,0.8125,0.125,0.45477775799311776,0.3391975780394098,0.2830925549233432,True,False
0.4494916468356095,0.5,False,0.0,1.0,0.75,0.5,0.25,0.24282346921323564,0.021565635664324047,0.4811941674354776,False,False
0.36492017887781325,0.0,False,0.0,0.0,1.0,1.0,0.125,0.16728271960390803,0.06887142401727846,0.6512188889596136,False,False
0.375863829500133,0.5,False,0.0,1.0,0.625,0.7000000000000001,0.125,0.23152158467952283,0.09526534910658861,0.44874712824911045,False,False
0.22463127001525063,0.0,False,0.0,1.0,0.875,0.9125000000000001,0.125,0.12383065515408796,0.058162718742878095,0.6168711818607009,True,False
0.3201656894734407,0.5,False,1.0,0.0,1.0,1.0,0.125,0.22865433557066062,0.04243522961352824,0.4795853189323498,False,False
0.22862736097375158,0.0,False,0.0,1.0,0.875,0.875,0.125,0.3214108275687244,0.09018724193544453,0.3402567266889509,True,False
0.5958819676303005,0.25,False,0.0,1.0,1.0,1.0,0.125,0.29963891037400614,0.08695419566763246,0.4422118094247527,True,False
0.28239833003520975,0.0,False,0.0,1.0,0.75,0.7750000000000001,0.125,0.21980979304970086,0.04303513479727232,0.5039623728240432,False,False
0.2229214057183464,0.0,False,1.0,0.0,1.0,0.9375,0.125,0.21151496080714743,0.03661748994299317,0.4982550940834669,True,False
0.23415554204266942,0.0,False,0.0,1.0,1.0,0.9125000000000001,0.125,0.5724970457780372,0.06329699014088035,0.16125598664035978,True,False
0.47608897482509216,0.0,False,1.0,0.0,0.875,1.0,0.125,0.08988922244348573,0.028114058678643177,0.7072144906279649,False,False
0.6586253577116562,1.0,True,1.0,0.0,1.0,0.9125000000000001,0.25,0.07164432264162267,0.006477581735417999,0.7110360872210699,False,False
0.14851153312476129,0.0,False,1.0,0.0,0.75,0.675,0.125,0.3355631619639436,0.03622983421800557,0.38724407566660446,True,False
0.1759938981343364,0.0,False,0.0,1.0,0.75,0.825,0.125,0.3131889275426556,0.04658360785961433,0.40761910470261764,True,False
0.2986781822256933,1.0,False,1.0,0.0,1.0,0.9750000000000001,0.125,0.1997983476793064,0.08802245930301997,0.49570602944444997,False,False
0.38358511877390444,0.5,False,0.0,1.0,0.875,0.8375000000000001,0.0,0.10504818389959726,0.02126881143383879,0.6488573520499199,False,False
0.4179066497640941,0.5,False,0.0,0.0,0.875,1.0,0.25,0.40661705888347804,0.15153213573590904,0.2784966035934855,False,False
0.22463127001525063,0.0,False,0.0,0.0,0.875,0.9500000000000002,0.125,0.20373276359245468,0.07125040068182106,0.4956203271070547,True,False
0.19228886384536403,0.0,True,0.0,0.0,1.0,0.9750000000000001,0.125,0.5445564193043195,0.13757353858601007,0.2504160523889154,True,False
0.2445305696606629,0.0,False,1.0,0.0,0.875,0.8875,0.125,0.3383748879571401,0.19467835201222536,0.3375911355876031,True,False
0.2872468017004989,0.0,True,0.0,0.0,1.0,1.0,0.125,0.1336780733012951,0.05812340158656387,0.6069066787497106,True,False
0.21115733074156973,0.0,False,1.0,0.0,0.625,0.8375000000000001,0.125,0.1957649395613304,0.04175325391139558,0.527845835266705,True,False
0.4028255509255346,0.5,False,1.0,0.0,1.0,0.9125000000000001,0.125,0.22679078763550198,0.09309842178102143,0.47213021145564515,False,False
0.34307934735379086,0.25,False,0.0,0.0,0.875,0.8875,0.125,0.1286627734259179,0.06170886082448522,0.6122733942562757,False,False
0.10295655019191619,0.0,False,1.0,0.0,0.875,0.9125000000000001,0.125,0.45572606493327755,0.2789220631732688,0.24551986628408917,True,False
0.4039131368424861,0.0,True,0.0,0.0,0.875,0.9500000000000002,0.125,0.32933478362370516,0.05793084892088071,0.35332658178638887,False,False
0.3512884715207659,0.0,False,1.0,0.0,1.0,1.0,0.125,0.2136695572831933,0.08603566661654194,0.646294842771503,True,False
0.4782416283219676,0.5,False,0.0,1.0,1.0,0.9750000000000001,0.25,0.24492022498076396,0.04134487839044384,0.4740759658314453,False,False
0.24491044783901683,0.0,False,0.0,0.0,1.0,0.9750000000000001,0.125,0.5097296677374887,0.3713217952903033,0.26650730079652574,False,False
0.30809349314989165,0.5,False,0.0,1.0,0.75,0.8125,0.125,0.39878977082149836,0.031514486255351054,0.3190706107082584,False,False
0.31602048495499047,0.5,True,0.0,0.0,1.0,0.9875,0.125,0.21151072996834835,0.05665521417466106,0.5346107764085559,True,False
0.12328150458496767,0.0,False,0.0,0.0,1.0,0.9500000000000002,0.125,0.3637675069640378,0.28786668373560165,0.3333995606032829,True,False
0.17655257740394903,0.0,False,0.0,1.0,0.75,0.7250000000000001,0.125,0.26437699344756277,0.03004502220990517,0.4950027303246418,True,False
0.34546381748910326,1.0,False,1.0,0.0,0.625,0.6625000000000001,0.25,0.44928770805394525,0.405592116381919,0.2679650652522132,False,False
0.13564350462413632,0.0,False,0.0,1.0,0.875,0.8875,0.125,0.3928707726286424,0.06923608556809135,0.32885689239536964,True,False
0.25216002455013686,0.0,True,1.0,0.0,1.0,1.0,0.125,0.2638399385432868,0.14825160349495656,0.42219701982841484,True,False
0.25576595090664944,0.0,False,0.0,0.0,1.0,1.0,0.125,0.10236178721718621,0.03785299624130141,0.6877112152193048,True,False
0.31320222383114726,0.75,False,0.0,1.0,1.0,1.0,0.125,0.43227833984304903,0.07600053214200424,0.3115450082610445,False,False
0.41326572820348073,1.0,False,1.0,0.0,0.5,0.5,0.25,0.18552603394007694,0.025751545506178218,0.5440317415769746,False,False
0.4909686244013677,0.5,False,0.0,1.0,1.0,0.8375000000000001,0.25,0.24540560367057895,0.05696900230738809,0.562034803925556,False,False
0.36826524881740663,0.5,True,0.0,1.0,0.875,0.9125000000000001,0.125,0.28293575987223485,0.06518260429529879,0.4073504852485341,False,False
0.3397752827221884,0.0,False,0.0,0.0,1.0,1.0,0.125,0.38419052260975284,0.35381733637520324,0.3114286003936215,True,False
0.2235645371255457,0.0,False,0.0,1.0,0.875,0.7250000000000001,0.125,0.11834979081455034,0.042121687700227485,0.647048317491981,True,False
0.35066226641081755,0.0,False,0.0,1.0,0.875,0.875,0.0,0.12154270338104398,0.031375665486280985,0.635687685928632,False,False
0.4352792706096008,0.5,False,0.0,1.0,1.0,1.0,0.125,0.2811087617455121,0.020989267331935325,0.4567168403998565,False,False
0.32275400673775134,0.0,True,1.0,0.0,1.0,1.0,0.125,0.14478004533671968,0.05807292648268294,0.5731847123248368,True,False
0.491063435488701,0.0,False,0.0,0.0,0.75,0.75,0.125,0.17243084738815184,0.0175359804984794,0.5546498915689526,False,False
0.21879320116125267,0.25,False,1.0,0.0,0.75,0.75,0.125,0.3533913882641834,0.09271093157255406,0.3671989865588363,True,False
0.42116889954226056,0.0,False,0.0,0.0,0.875,0.7750000000000001,0.125,0.10908225455664577,0.015037054669418638,0.642720327930288,False,False
0.34307934735379086,0.5,False,0.0,1.0,0.875,0.825,0.125,0.24002593007138717,0.03657510250786189,0.5342759844077853,False,False
0.16885782018472062,0.0,False,1.0,0.0,1.0,0.8625,0.125,0.42322965248466765,0.25890052146558834,0.2797731914359465,True,False
0.38323738914002103,1.0,False,1.0,0.0,0.875,0.9125000000000001,0.25,0.4922691669857792,0.23933236822485812,0.36064459404036286,False,False
0.18339158825813184,0.0,False,0.0,0.0,1.0,1.0,0.125,0.4435797506473179,0.037690012864517966,0.2816001556593306,False,True
0.5155905539977245,1.0,True,0.0,1.0,1.0,0.9375,0.25,0.24377548445453817,0.020571183913814076,0.47000100564738445,False,False
0.40880179099975555,0.0,False,0.0,1.0,1.0,1.0,0.125,0.25260873157239255,0.11605219497297586,0.47263682011419283,False,False
0.21724774408458336,0.0,False,1.0,0.0,0.0,0.0,0.125,0.2076114143053763,0.11148861335468538,0.48993001614148524,True,False
0.29123711464002977,0.25,False,0.0,1.0,0.75,0.75,0.125,0.24646632573622912,0.03994133190856289,0.5317354246293047,False,False
0.2499607643133207,0.0,True,1.0,0.0,1.0,0.9125000000000001,0.125,0.2225631341234311,0.011708981546837931,0.5747830825174685,True,False
0.35201626209856707,0.5,False,0.0,1.0,0.75,0.7250000000000001,0.125,0.1446748009558938,0.0339735282151099,0.6183031926918496,False,False
0.1714599898945014,0.25,False,1.0,0.0,1.0,1.0,0.125,0.21958898876643337,0.12186708394669615,0.4661122761621366,True,False
0.34610860493463325,0.25,False,1.0,0.0,0.625,0.875,0.125,0.27372054216845715,0.007914164157983588,0.4198467313792542,False,False
0.2451000824035493,0.0,True,0.0,0.0,1.0,0.9875,0.125,0.4120067147344214,0.07752294068907245,0.3018820262676716,True,False
0.3394414672750782,0.5,True,1.0,0.0,1.0,0.9500000000000002,0.125,0.3463485073483155,0.02239602821298692,0.36351669216966465,False,False
0.38262721781504616,0.25,False,1.0,0.0,0.875,0.7875000000000001,0.125,0.14928641864435827,0.05513703967778168,0.5693880890362439,False,False
0.11201104130645712,0.0,False,0.0,0.0,0.75,0.75,0.125,0.4371847514355623,0.388335451803217,0.2762002641865404,True,False
0.4042226552729188,0.0,False,0.0,1.0,1.0,0.9625000000000001,0.125,0.4144194322271803,0.02942944201641518,0.29893478302915466,True,False
0.4462879863113077,0.25,True,0.0,0.0,0.875,0.9000000000000001,0.125,0.279706327314414,0.17375643035752414,0.4051203260325682,True,False
0.1839274901469682,0.0,False,0.0,1.0,0.75,0.6000000000000001,0.0,0.32938420501820853,0.011034243746874098,0.38472432687288727,False,False
0.19482300767235994,0.0,False,0.0,1.0,1.0,1.0,0.125,0.21234096317690454,0.04007789688039968,0.5192797875048345,True,False
0.21069776311509292,0.0,True,0.0,0.0,1.0,0.9750000000000001,0.125,0.5373796409831652,0.20233359381827362,0.28072263379265494,True,False
0.16885782018472062,0.0,False,0.0,0.0,0.875,0.9500000000000002,0.125,0.285486105572223,0.06350915791055645,0.37776997073461627,True,False
0.1855255531601825,0.0,False,0.0,1.0,0.875,0.875,0.125,0.12877125636208286,0.02332859168212982,0.6153242017019154,True,False
0.19831108880083492,0.0,False,0.0,0.0,1.0,0.9875,0.125,0.29356306937221455,0.1431959297242648,0.3811700984315449,True,False
0.1839274901469682,0.0,False,1.0,0.0,1.0,0.9625000000000001,0.125,0.5072815034611093,0.07510534374438795,0.20685348921664026,True,False
0.30595429969375776,0.5,True,1.0,0.0,1.0,0.9625000000000001,0.125,0.5720477756593971,0.1229579625120659,0.2249571996094637,True,False
0.28239833003520975,0.0,False,0.0,0.0,1.0,0.9000000000000001,0.125,0.1829401687643341,0.023137493620340115,0.5540253750853634,True,False
0.141515872946807,0.0,True,0.0,0.0,0.875,0.9500000000000002,0.125,0.6805902112763422,0.8551457685765591,0.12160903914637333,True,False
0.19632630288517106,0.0,False,1.0,0.0,1.0,0.9750000000000001,0.125,0.8200619251533305,0.6856989160929564,0.07326243994635795,True,False
0.33955280887912653,0.5,False,0.0,0.0,0.875,0.875,0.125,0.2892628817197861,0.06385583658921981,0.4075051623707322,False,False
0.283011683321037,0.5,False,1.0,0.0,0.75,0.7625,0.125,0.4025753657818237,0.20208239894128868,0.2837672103684752,True,False
0.2402973393912795,0.0,False,0.0,0.0,0.5,0.5,0.125,0.4948625297333175,0.37533324644292726,0.27295822698820804,True,False
0.36511303389363514,0.0,False,0.0,0.0,1.0,1.0,0.125,0.24030026237661087,0.032642560298135274,0.5562023700372014,False,False
0.4390675990693699,0.5,True,0.0,1.0,0.875,0.875,0.25,0.3400559614754358,0.00952246311281179,0.414777040645973,False,False
0.19831108880083492,0.0,False,0.0,0.0,1.0,0.9625000000000001,0.125,0.34797874656472744,0.01726985576733188,0.3679229572415903,True,False
0.21658126268110822,0.0,True,0.0,1.0,0.875,0.8625,0.125,0.3264737668615616,0.04761684746831715,0.3561427045318015,True,False
0.29909810106782675,0.0,True,0.0,1.0,1.0,0.9750000000000001,0.0,0.2608266974361064,0.045999985201346044,0.4837479196022023,False,False
0.27325789973996917,0.0,False,0.0,0.0,1.0,0.925,0.125,0.057675163746145994,0.03739318963547203,0.7596989380909749,True,False
0.41326572820348073,0.75,False,0.0,1.0,1.0,1.0,0.125,0.08347888610475807,0.008380948505957764,0.7013535587377069,False,False
0.17059683290839522,0.0,False,0.0,1.0,0.875,0.9000000000000001,0.125,0.3798955638618411,0.055555701643338805,0.29921529336029296,True,False
0.1759938981343364,0.0,False,0.0,1.0,0.875,0.8125,0.125,0.3207823581832831,0.027585252227495857,0.3950003289371671,True,False
0.3687380097405183,0.0,False,0.0,1.0,0.875,0.8625,0.125,0.1841769450862103,0.07128217735412495,0.6600153423279194,False,False
0.3655942564375413,0.5,False,0.0,1.0,1.0,0.75,0.25,0.19930270022795474,0.016273641266441367,0.535912262175668,False,False
0.30214751313210064,0.0,False,0.0,0.0,1.0,1.0,0.125,0.43726688045551854,0.16471066644459859,0.24584010708194026,False,False
0.2745469902200719,0.5,False,0.0,1.0,0.625,0.7250000000000001,0.125,0.0408435445811583,0.02636900427685168,0.8551974274778473,True,False
0.21069776311509292,0.0,False,0.0,0.0,1.0,1.0,0.125,0.8929696237404409,0.43680679622509605,0.03993575427494811,True,False
0.26156005283736583,0.0,True,1.0,0.0,0.875,0.8500000000000001,0.125,0.5494294993658871,0.06132777148063978,0.1787233931201837,True,False
0.4921501375044469,0.5,False,0.0,0.0,0.75,0.8375000000000001,0.25,0.07640972449250721,0.05009603086865445,0.6941074120482669,False,False
0.21680370139973126,0.0,False,0.0,1.0,1.0,0.9500000000000002,0.125,0.2527017072152006,0.03765392013147046,0.45283149151461877,True,False
0.17655257740394903,0.0,False,0.0,1.0,0.75,0.7375,0.125,0.3135863840183793,0.054899451604651345,0.4153889616920605,True,False
0.3910676807938459,0.0,False,0.0,1.0,1.0,0.9500000000000002,0.125,0.4626014165268092,0.07786020477538477,0.29579889165658146,False,False
0.24184840542655606,0.0,False,0.0,0.0,0.875,0.8500000000000001,0.125,0.26927883394466257,0.05869137333738917,0.39372425878305695,True,False
0.23754991685616444,0.0,False,0.0,1.0,0.875,0.875,0.125,0.11901665761264099,0.014059424016332612,0.6292537314521507,True,False
0.21069776311509292,0.0,False,0.0,0.0,1.0,1.0,0.125,0.29810036165157755,0.042307322985838405,0.44928792032442755,True,False
0.45596169330461367,0.75,False,0.0,0.0,0.875,1.0,0.25,0.22944976371543313,0.02019662712965582,0.5999288905336293,False,False
0.3540793656014395,0.25,False,0.0,1.0,1.0,0.75,0.0,0.28235457552859894,0.05483199243764842,0.413850498175123,False,False
0.30888908858793085,0.0,True,0.0,0.0,1.0,1.0,0.125,0.27444294221952503,0.057078720261921415,0.4385984834199057,False,False
0.34546381748910326,0.0,False,0.0,0.0,0.875,0.925,0.125,0.36037026146100387,0.07688942635255827,0.3502319728518142,False,False
0.16651230459726163,0.0,False,0.0,1.0,0.75,0.6875,0.125,0.31539877451300097,0.039015018893645635,0.39624413698945204,True,False
0.2989582385018158,0.5,False,1.0,0.0,0.875,1.0,0.375,0.4184997121122794,0.2713737982939036,0.2816674478442813,False,False
0.2351606452976025,0.0,False,0.0,1.0,1.0,1.0,0.125,0.2314693642788758,0.030001394879481138,0.5897819656528371,True,False
0.2976944898699704,0.0,False,0.0,0.0,1.0,0.9125000000000001,0.125,0.20587817412137435,0.025089755235887582,0.5337157742561935,False,False
0.45080466620326864,0.5,False,0.0,1.0,1.0,0.6875,0.25,0.21976970130133672,0.016503732995090382,0.45188159769753744,False,False
0.29356008484014373,0.25,False,1.0,0.0,0.875,0.7875000000000001,0.125,0.11103909176556456,0.05092465949590262,0.6679350416847791,True,False
0.15742970927088884,0.0,False,0.0,1.0,0.75,0.7750000000000001,0.125,0.2655469996154635,0.03137449162460996,0.47661025660174694,True,False
0.22010724953117922,0.5,False,0.0,1.0,0.75,0.8,0.125,0.30002481900348105,0.052460336717013153,0.43347271450267355,True,False
0.5053536400872095,0.5,False,0.0,1.0,0.875,0.8875,0.25,0.06185229456183338,0.025033030110353485,0.8326176979706239,False,False
0.2229214057183464,0.0,False,1.0,0.0,1.0,1.0,0.125,0.6155312930674172,0.2592622729756777,0.19333404795097753,True,False
0.31320222383114726,0.0,False,0.0,1.0,1.0,1.0,0.0,0.20459419971396434,0.02331782994074098,0.5336042298115893,False,False
0.39256009147530635,0.0,False,0.0,1.0,1.0,1.0,0.125,0.17674674557331846,0.017771666290192122,0.5581799843400574,False,False
0.3717342147810302,0.0,False,0.0,0.0,1.0,0.9000000000000001,0.125,0.12806247433202436,0.05377775382142265,0.6134761352754721,False,False
0.1839274901469682,0.0,False,0.0,1.0,0.875,0.9125000000000001,0.125,0.4059006750015744,0.05554854555203958,0.3052879744327526,True,False
0.6184108835086831,0.75,False,0.0,1.0,1.0,1.0,0.0,0.21212154325618346,0.0323875820996681,0.5108768870849725,True,False
0.48963592255384214,0.5,False,0.0,1.0,0.875,0.8375000000000001,0.25,0.246502165169113,0.04572900414869753,0.5447465063766996,False,False
0.3130730513837682,0.0,False,0.0,1.0,0.875,0.7000000000000001,0.0,0.2651144968531011,0.0470961215650518,0.4858425458072999,False,False
0.45346050188448095,0.5,False,0.0,1.0,1.0,0.8875,0.125,0.27888554857880804,0.03146739237828123,0.4600609795413062,False,False
0.30954937078703926,0.5,False,0.0,0.0,0.875,0.9125000000000001,0.25,0.29756476784061814,0.0909298476753093,0.40635464369862695,False,False
0.32614739571272533,0.5,False,0.0,0.0,0.875,0.9125000000000001,0.125,0.34223740658138735,0.20044198350959175,0.33610992550268204,False,False
0.16885782018472062,0.0,False,1.0,0.0,0.875,0.9750000000000001,0.125,0.3438380046222978,0.2165213652538562,0.33386218884609176,True,False
0.18658298875052648,0.0,False,0.0,0.0,1.0,1.0,0.125,0.24014116524620613,0.19114951073107478,0.43816264354462686,True,False
0.1839274901469682,0.0,False,0.0,0.0,0.875,0.925,0.125,0.28989752429191334,0.0291110419666671,0.39735542627820264,True,False
0.4659014227932442,0.0,False,0.0,0.0,0.75,0.6875,0.125,0.31633274496929786,0.06956053428606199,0.3737709889299188,False,False
0.2954253601423583,0.5,False,0.0,0.0,0.875,0.9000000000000001,0.125,0.33301546429002626,0.17383183940044272,0.34185069476831176,False,False
0.38262721781504616,0.5,False,0.0,1.0,0.875,0.8375000000000001,0.125,0.1773010449086799,0.052793834980174745,0.5907407878511133,False,False
0.21879320116125267,0.0,False,0.0,1.0,0.875,0.8625,0.125,0.24360454941723825,0.05355490338228218,0.5210839635735969,True,False
0.13669402701256517,0.0,False,1.0,0.0,0.875,0.9500000000000002,0.125,0.26712524986841735,0.16810476838493435,0.4144112527470094,True,False
0.2508804374664776,0.5,False,0.0,0.0,1.0,1.0,0.125,0.42288763782249544,0.11404653088869414,0.30520295036669265,False,False
0.16856632059829957,0.0,False,1.0,0.0,1.0,1.0,0.125,0.2669749048046634,0.08289710013673478,0.4588440390671713,True,False
0.2719593761040271,0.25,False,0.0,0.0,0.875,0.875,0.125,0.3529769540449464,0.03237485372127002,0.32432077139866755,False,False
0.26532028250539186,0.0,True,1.0,0.0,1.0,0.9875,0.125,0.3680930314243304,0.12979701955461787,0.36085301564569416,True,False
0.4188346855794297,0.5,False,0.0,1.0,1.0,0.875,0.125,0.1871609306757327,0.044932484482003064,0.6126213786118235,False,False
0.1839274901469682,0.0,False,0.0,0.0,1.0,1.0,0.125,0.7741839461059563,0.9879064708360783,0.07795099886928059,True,False
0.38025384772625104,0.5,False,1.0,0.0,1.0,0.925,0.125,0.4264425731352821,0.049517798513767544,0.28467499413256037,False,False
0.2275844517662704,0.0,False,0.0,1.0,0.75,0.8625,0.125,0.13709403226266387,0.05690491415201198,0.589942698085012,True,False
0.30662557203613117,0.0,True,1.0,0.0,1.0,0.9875,0.0,0.3031091134606617,0.038476630035427915,0.3928062905228211,False,False
0.228210932524332,0.25,False,1.0,0.0,0.875,0.8375000000000001,0.125,0.1868608831517193,0.007415116109240297,0.538057244807312,True,False
0.22010724953117922,0.25,False,1.0,0.0,0.875,0.925,0.125,0.3475932098356318,0.27296507553227845,0.34677916007279097,True,False
0.33753789233017695,0.0,False,0.0,1.0,1.0,0.875,0.0,0.22536545663203478,0.037819625825262604,0.6402284389528292,False,False
0.30968113291437105,0.5,False,0.0,1.0,1.0,0.925,0.125,0.4573987671295998,0.04574750574484461,0.25702961338689034,True,False
0.17655257740394903,0.0,False,0.0,1.0,0.75,0.7000000000000001,0.125,0.29365605118907334,0.1054008566482919,0.4555853929844986,True,False
0.38323738914002103,0.0,False,0.0,0.0,1.0,0.9375,0.125,0.37166553386920115,0.02081769766503865,0.315741802110852,False,False
0.49853419785481423,0.0,False,0.0,1.0,0.875,0.7875000000000001,0.125,0.21866884506198248,0.04214632359739404,0.49694983341743537,False,False
0.19781696967121776,0.0,False,1.0,0.0,1.0,0.925,0.125,0.46795954576981247,0.08790993897822903,0.2862671867869828,True,False
0.1804148442601684,0.0,True,1.0,0.0,1.0,0.9625000000000001,0.125,0.424420824074519,0.05312429831196978,0.2865463920622273,True,False
0.21069776311509292,0.0,False,0.0,0.0,0.75,1.0,0.125,0.7382823166160037,0.4661067311997935,0.11333720510339718,True,False
0.31320222383114726,1.0,False,1.0,0.0,1.0,0.9500000000000002,0.25,0.29443886231022864,0.03067294953519172,0.423007541613855,False,False
0.44622698045896037,1.0,False,1.0,0.0,0.875,0.8375000000000001,0.25,0.2563351651185995,0.037199083574366465,0.5058420037451086,False,False
0.16856632059829957,0.25,False,1.0,0.0,1.0,0.9375,0.125,0.5284230621926269,0.4363077842232662,0.18994146905601883,True,False
0.33765043438141984,0.5,False,0.0,0.0,0.75,1.0,0.125,0.273217967581764,0.02940746517062027,0.47001183473882335,False,False
0.2508804374664776,0.0,False,1.0,0.0,0.875,0.8375000000000001,0.125,0.10805022513824587,0.06338056293291125,0.6703202155562877,True,False
0.20317804933718453,0.0,False,0.0,0.0,1.0,1.0,0.0,0.5360028383414226,0.5264223862146964,0.19479653969863042,False,False
0.17059683290839522,0.0,True,0.0,0.0,1.0,0.9625000000000001,0.125,0.4025354280051755,0.2939897816381999,0.29031710331842153,True,False
0.25522971112040116,0.0,False,0.0,1.0,0.625,0.625,0.0,0.24103279936403338,0.022920624330505828,0.48283562561882754,False,False
0.2587744092683798,0.0,False,0.0,0.0,1.0,0.925,0.125,0.14788004862516288,0.01783278482381081,0.5918475411680759,True,False
0.19781696967121776,0.0,False,1.0,0.0,0.75,0.8875,0.125,0.21795779706822238,0.07846600158343997,0.46479126124113135,True,False
0.3764072543426279,0.5,False,0.0,0.0,0.875,0.9375,0.125,0.21863569615521805,0.04847277182132773,0.4887258364988458,False,False
0.25379176517616986,0.0,False,1.0,0.0,1.0,0.9375,0.125,0.23209580807472588,0.04929841366631484,0.623915142299718,True,False
0.30742776123342896,0.0,False,0.0,0.0,0.875,0.9500000000000002,0.125,0.38623161901952346,0.29089234518084045,0.31778320430331597,False,False
0.3273437640392046,0.0,False,0.0,0.0,1.0,1.0,0.125,0.28430997469166897,0.1709462325882726,0.40569183846572976,False,False
0.31320222383114726,0.0,False,0.0,0.0,1.0,1.0,0.125,0.23910511065723536,0.0020416486971153646,0.5598704229092981,True,False
0.25270560696805777,0.0,False,0.0,0.0,0.875,0.6875,0.125,0.31996693524436964,0.029588726219351682,0.390758356520595,True,False
0.22227593494282483,0.0,False,0.0,1.0,0.875,0.825,0.125,0.12383037135797027,0.05816501487418668,0.6168714466670195,True,False
0.4179782097010313,0.0,False,0.0,1.0,1.0,1.0,0.125,0.10747316185225782,0.043904694160642924,0.6594344892183712,False,False
0.29196631480354684,0.25,False,0.0,1.0,1.0,0.925,0.125,0.5214760989010165,0.2337599419580115,0.19166065430290513,False,False
0.19632630288517106,0.0,False,0.0,0.0,0.875,0.9000000000000001,0.125,0.21898677385316015,0.192629444006208,0.46304455352358276,True,False
0.19806420122279356,0.0,True,1.0,0.0,1.0,0.9625000000000001,0.125,0.24520245490628137,0.023597755377891088,0.4679722339675052,True,False
0.13101797407266458,0.0,False,0.0,1.0,0.625,0.7875000000000001,0.125,0.3039476971298068,0.0465261161302106,0.4184659845878038,True,False
0.1697294568213059,0.0,False,0.0,1.0,0.875,0.8625,0.125,0.4160502930276826,0.046336017116728,0.29694256953030296,True,False
0.23655829365336611,0.0,True,1.0,0.0,1.0,0.9875,0.125,0.22511883086145323,0.035063087503376104,0.8693235312953176,True,False
0.39256009147530635,0.25,True,1.0,0.0,0.875,0.9375,0.125,0.2435557223966195,0.05808685888661882,0.518694311810675,False,False
0.5667611767960471,1.0,False,0.0,1.0,1.0,1.0,0.25,0.022030328441462934,0.012499824586219472,0.8756712770523949,False,False
0.24088057908739002,0.0,False,1.0,0.0,0.875,0.9125000000000001,0.125,0.32114006097865083,0.02885559082866861,0.3962500057764733,True,False
0.36511303389363514,0.5,True,1.0,0.0,1.0,1.0,0.25,0.42860040729771803,0.24868166439113187,0.2768723330737459,False,False
0.37247542754863716,0.5,True,0.0,0.0,1.0,0.9375,0.125,0.409546128727263,0.02896524522613608,0.3027739906437428,False,False
0.4711743573791197,0.75,False,1.0,0.0,1.0,1.0,0.25,0.22005325099062917,0.09590801016478127,0.4779677059050633,False,False
0.27260982568717207,0.0,False,0.0,1.0,0.875,0.9125000000000001,0.125,0.35544392968956245,0.2747993639049884,0.3278977373824912,False,False
0.3294771087624807,0.0,False,0.0,1.0,0.75,0.7125,0.0,0.23983322646360075,0.04536340283290645,0.5357064329673602,False,False
0.28285854363842466,0.0,False,0.0,1.0,0.875,0.875,0.0,0.3448388713887456,0.03254933153531715,0.37067029193050716,False,False
0.19075082257961895,0.0,False,1.0,0.0,1.0,0.9875,0.125,0.3328334600195045,0.130987273067414,0.3627653965952309,True,False
0.3639527472687668,0.5,False,1.0,0.0,0.75,0.7375,0.125,0.20415823420966273,0.05580612395232822,0.5129575172958094,False,False
0.332050173867274,0.5,False,0.0,1.0,1.0,1.0,0.125,0.6420405494081616,0.6449495956696027,0.15021931803338284,False,False
0.3242162693419982,0.0,False,1.0,0.0,1.0,0.8625,0.0,0.07871246097583576,0.04531245173295973,0.713907572634465,False,False
0.16856632059829957,0.0,False,1.0,0.0,0.875,0.925,0.125,0.4373868262815056,0.23800200490797127,0.2710079968813248,True,False
0.19831108880083492,0.0,False,0.0,0.0,1.0,0.9875,0.125,0.22743190450920134,0.06089110838552303,0.5433377502313161,True,False
0.2983976832608183,0.0,False,0.0,1.0,0.875,0.8500000000000001,0.0,0.20331085139167757,0.02036181697181211,0.5369413721952414,False,False
0.18339158825813184,0.0,False,0.0,0.0,0.75,0.9125000000000001,0.125,0.5539830118677932,0.02227138979439918,0.17199232822872146,True,False
0.1647325956691652,0.0,False,0.0,1.0,0.875,0.825,0.125,0.12753627552308353,0.0554156103482478,0.614700679593223,True,False
0.40251358382794244,0.5,False,0.0,0.0,1.0,0.9500000000000002,0.125,0.2712239706136477,0.05396759769278359,0.4421442580558388,False,False
0.39264263629844576,1.0,False,0.0,1.0,1.0,0.9000000000000001,0.375,0.42096861472681346,0.19838141534284404,0.2641235912602846,False,False
0.2743863651066005,0.5,False,0.0,0.0,1.0,1.0,0.125,0.3458403891018432,0.23136412542197946,0.3337829178381113,False,False
0.14083500787991265,0.0,False,0.0,1.0,0.875,0.8375000000000001,0.125,0.3038341985376477,0.03990157692892471,0.4071613515562227,True,False
0.3584354455480264,0.0,True,1.0,0.0,1.0,1.0,0.125,0.21356653329739173,0.02276147170912156,0.7307799049017834,True,False
0.2770974130574285,0.0,False,0.0,1.0,1.0,0.9125000000000001,0.125,0.036307222434866844,0.025070529961300953,0.8177519628773275,True,False
0.37631679902510207,0.5,False,1.0,0.0,1.0,1.0,0.25,0.3683995329830928,0.1858440424685365,0.31262175956998206,False,False
0.2113866689982885,0.5,False,1.0,0.0,1.0,0.875,0.125,0.39238895616365094,0.011915772799865542,0.32352921999375805,True,False
0.5061389667060338,0.5,False,0.0,0.0,1.0,1.0,0.25,0.17424498048503512,0.05812429892808044,0.6361056498380195,False,False
0.29513966780329415,0.75,False,1.0,0.0,0.875,0.9125000000000001,0.125,0.38786768475890604,0.06212805876632163,0.29217054477774673,False,False
0.1878959831851006,0.0,False,0.0,0.0,0.75,0.875,0.125,0.11531526962715995,0.04666857903593613,0.667923306164727,True,False
0.5381198416128951,0.5,False,0.0,0.0,1.0,0.9875,0.25,0.12680694312558247,0.03928058708040645,0.6891430591102443,False,False
0.12290455240716902,0.0,False,0.0,1.0,0.875,1.0,0.125,0.21512691787437324,0.09254739848617059,0.5649008526876425,True,False
0.1768312588239036,0.0,False,0.0,1.0,0.75,0.7875000000000001,0.125,0.36714389266890723,0.12153984825747532,0.3577083809173214,True,False
0.18068753024402562,0.0,False,1.0,0.0,1.0,0.9125000000000001,0.125,0.5779396358084962,0.5575736820621809,0.16503402806403233,True,False
0.3569279974660443,0.0,True,1.0,0.0,1.0,0.9500000000000002,0.0,0.2944457860812904,0.08483776345229055,0.4093830018926019,False,False
0.513347597423602,1.0,False,0.0,1.0,1.0,0.9625000000000001,0.375,0.23711619797505798,0.008615838648365338,0.4949111284514214,False,False
0.0731399783700506,0.0,False,0.0,0.0,1.0,0.7875000000000001,0.125,0.575386667728706,0.6069645857337436,0.17137145271390697,True,False
0.2989582385018158,0.0,False,0.0,0.0,1.0,0.9875,0.125,0.37267021473187617,0.2732337935427751,0.31412144028077416,False,False
0.3994428122393511,0.0,False,0.0,1.0,1.0,0.5,0.0,0.18349750039025514,0.052594355541765864,0.608878432045203,False,False
0.281474306626037,0.0,True,1.0,0.0,1.0,0.9875,0.125,0.13486351890124337,0.04216325396312653,0.6426807680094879,True,False
0.4097785520887808,1.0,False,0.0,0.0,0.875,0.875,0.5,0.3741022997091212,0.07177856217672976,0.3202701254032265,False,False
0.22335041887289453,0.0,False,0.0,1.0,0.875,0.9125000000000001,0.125,0.10337580691428247,0.03364831590761208,0.703110026699679,True,False
0.17738731210750946,0.0,False,1.0,0.0,0.875,0.75,0.125,0.13604357589721608,0.032289999536558846,0.5964503386032971,True,False
0.23151531420482074,0.0,False,0.0,1.0,0.875,0.8625,0.125,0.16871226735809286,0.06563001030332367,0.5866675347887955,True,False
0.175152567339807,0.0,False,0.0,1.0,0.75,0.75,0.125,0.17834611494602218,0.0165043694953241,0.5439778958374988,True,False
0.2649817170498764,0.0,False,0.0,0.0,1.0,0.9750000000000001,0.0,0.32120942009999504,0.03139928459101729,0.40212115168227447,False,False
0.30297015610439615,0.0,False,0.0,0.0,0.75,0.8875,0.125,0.2098823732228532,0.026218734098906675,0.5183950157922101,True,False
0.4028255509255346,0.0,False,0.0,1.0,1.0,0.875,0.125,0.5360023412682302,0.024906055621657534,0.32552864275302795,False,False
0.2796116985718332,0.0,False,0.0,0.0,0.875,0.9750000000000001,0.125,0.27297976794149587,0.006872558143065069,0.3884370723898165,False,False
0.22335041887289453,0.0,False,0.0,1.0,0.875,0.7875000000000001,0.125,0.29220643679123987,0.044172196865071664,0.44684940131212136,True,False
0.20365748341934764,0.0,False,1.0,0.0,1.0,0.925,0.125,0.42699436948773745,0.1083122594226483,0.30832102650328563,True,False
0.175152567339807,0.0,False,1.0,0.0,1.0,0.9750000000000001,0.125,0.24959692138057707,0.07747819838269038,0.5602155481113393,True,False
0.3628824450656146,0.25,False,0.0,0.0,1.0,0.9375,0.125,0.26145913786164654,0.04424208362844893,0.49365737839825896,True,False
0.29370426572415587,0.0,False,0.0,0.0,1.0,0.8625,0.0,0.12880253886592272,0.01911029448477566,0.6461586707115599,False,False
0.11440232011993279,0.5,False,1.0,0.0,0.75,0.75,0.125,0.5416147273951205,0.5614622002796166,0.19233077609566518,True,False
0.250145080649786,0.0,True,0.0,0.0,1.0,0.9375,0.125,0.37213733953747297,0.2297854249739843,0.32052446259942213,True,False
0.21366389568809163,0.0,True,1.0,0.0,1.0,0.9875,0.125,0.33276034479176964,0.1027635745634084,0.3295518580548775,True,False
0.34427558751205345,0.0,False,1.0,0.0,1.0,1.0,0.125,0.12535108023119912,0.025829887989596744,0.6599602952133354,True,False
0.38060746741076124,0.5,False,0.0,1.0,1.0,1.0,0.125,0.11622070872756014,0.04219679539000377,0.6400965886836283,False,False
0.09341509162752937,0.0,False,1.0,0.0,0.875,0.925,0.125,0.6593650694246895,0.47641539787437814,0.15429674854203057,True,False
0.2721222121583905,0.0,True,1.0,0.0,1.0,0.925,0.125,0.24570602643982864,0.02461691619438495,0.4778570665835129,True,False
0.215688708956697,0.0,False,1.0,0.0,0.875,0.9125000000000001,0.125,0.3868808080403767,0.18406436143439375,0.28726829293267064,True,False
0.45175352380438893,0.5,False,0.0,1.0,1.0,1.0,0.25,0.22250963008494146,0.008219666703686204,0.5930432573918174,False,False
0.35003384366221735,0.5,False,0.0,1.0,0.875,0.8,0.125,0.19570070264158781,0.0012480700885745266,0.5292392752918578,False,False
0.24773390485161428,0.0,True,0.0,0.0,1.0,0.9750000000000001,0.125,0.09809377353258222,0.025953019533083033,0.6961066257821691,True,False
0.3903167420651751,0.0,False,1.0,0.0,1.0,0.925,0.125,0.06513645738978505,0.029777778260650933,0.7172919985803312,True,False
0.21746934944105067,0.0,False,1.0,0.0,1.0,0.9500000000000002,0.125,0.43586663828182204,0.3665511389230033,0.2582226542376125,True,False
0.4139257379448672,0.5,False,0.0,1.0,1.0,0.9750000000000001,0.25,0.2881918116227386,0.04402199516439481,0.45469438103411175,False,False
0.3268661841772992,0.0,False,0.0,0.0,0.625,0.8,0.125,0.18163519997498082,0.010870353089520099,0.5107768392517242,False,False
0.39639877960853875,0.25,False,1.0,0.0,0.875,0.8875,0.125,0.24741191430011691,0.03377489307458524,0.5278588116968004,False,False
0.2863477466931945,0.5,False,0.0,0.0,1.0,1.0,0.0,0.29353598355169624,0.09022762306724562,0.4088962824312903,False,False
0.4340418806959826,0.75,True,1.0,0.0,0.875,0.9000000000000001,0.25,0.12397516544007346,0.048639269478615424,0.6980956138573062,False,False
0.34427558751205345,0.25,False,1.0,0.0,0.875,0.8500000000000001,0.125,0.11138313935811321,0.051230126588496204,0.6359918182509281,False,False
0.24922157850687243,0.0,True,1.0,0.0,1.0,0.9500000000000002,0.125,0.6362732511441231,0.49971332072370883,0.16472134214029466,False,False
0.22653537694884662,0.0,True,1.0,0.0,1.0,0.9375,0.125,0.14882161861560417,0.04384611638002279,0.5850782978587432,True,False
0.25576595090664944,0.0,True,0.0,0.0,1.0,1.0,0.125,0.18330556797922312,0.055543468255972096,0.5143307828223205,True,False
0.21813250985352595,0.0,False,0.0,0.0,0.875,0.9500000000000002,0.125,0.23073065377061963,0.10581146919065737,0.4590890093399176,True,False
0.1331678261903072,0.0,True,0.0,0.0,1.0,0.9750000000000001,0.125,0.31429754660085185,0.22785231610511716,0.37911142790830943,True,False
0.4532846774699736,1.0,False,0.0,0.0,0.625,0.9625000000000001,0.125,0.297276247635966,0.044745168347434194,0.43120516713809565,True,False
0.24088057908739002,0.25,False,0.0,1.0,0.875,0.8625,0.125,0.19913661227264148,0.022815818195653897,0.53740398759182,True,False
0.19756939318629507,0.0,False,0.0,0.0,1.0,0.925,0.125,0.20578210496634022,0.029261781636364986,0.5889426867169916,True,False
0.20485043200541464,0.0,False,1.0,0.0,1.0,0.9500000000000002,0.125,0.3875301937161167,0.05277054228620155,0.2926048755216899,True,False
0.39550777782053437,0.5,False,0.0,0.0,0.875,0.9375,0.25,0.30059331511736,0.019064322124086482,0.41620276006787105,False,False
0.30595429969375776,1.0,False,1.0,0.0,1.0,0.8500000000000001,0.25,0.4949554092279851,0.42548069117438525,0.2515189579219599,False,False
0.26086773083427817,0.25,False,0.0,1.0,0.875,0.8625,0.125,0.22162532821716702,0.038520671457409644,0.500309607521908,True,False
0.25069688375119514,0.5,False,0.0,1.0,0.875,0.8500000000000001,0.125,0.18172401371148278,0.08704431810800463,0.5621643638829315,True,False
0.12290455240716902,0.0,True,0.0,0.0,1.0,0.9625000000000001,0.125,0.6115509062262368,0.30939711513350104,0.14717207410565702,True,False
0.38358511877390444,0.0,False,0.0,1.0,0.25,0.625,0.0,0.03514779977981941,0.02998366751929878,0.8197010512607683,False,False
0.1759938981343364,0.0,False,0.0,0.0,1.0,1.0,0.125,0.37838777424307013,0.1370963887009597,0.3442763814666492,True,False
0.13352361620659736,0.0,True,1.0,0.0,0.875,0.9375,0.125,0.4714904663998889,0.2179601574988137,0.24230129310182158,True,False
0.3031068932542008,0.0,False,0.0,0.0,1.0,1.0,0.125,0.11246055014737152,0.045305302262131905,0.7019083364820213,True,False
0.45939384049459464,1.0,False,0.0,1.0,0.875,0.8500000000000001,0.25,0.14384819593345977,0.008582446771207298,0.6314671470841389,False,False
0.5703138339491766,1.0,False,0.0,1.0,0.625,0.65,0.375,0.09992915259994486,0.05559487785400727,0.6599108158205023,False,False
0.2939922765215156,0.0,False,0.0,1.0,0.875,0.6625000000000001,0.0,0.44903581663703196,0.025536995716476198,0.2643980857923054,False,False
0.4179782097010313,0.5,False,0.0,0.0,1.0,0.9500000000000002,0.25,0.35920241153601173,0.2808530212534703,0.3235395653368489,False,False
0.15206874199191067,0.0,False,0.0,0.0,1.0,1.0,0.125,0.47026618986290214,0.15253321444354762,0.25689860525199304,True,False
0.15206874199191067,0.0,False,0.0,0.0,1.0,0.75,0.125,0.2791966588199338,0.16016243892079335,0.39853544161407206,True,False
0.24376836489091658,0.25,False,1.0,0.0,0.75,0.75,0.125,0.11760937368727041,0.03870560753252022,0.6405325732925897,True,False
0.7087356264275576,1.0,False,0.0,1.0,1.0,1.0,0.375,0.23328537327465465,0.0557384691549102,0.5468501073518555,False,False
0.45939384049459464,1.0,False,0.0,1.0,0.875,0.8125,0.25,0.19550837333115978,0.03808008648461541,0.5144766653016193,False,False
0.31320222383114726,0.0,False,1.0,0.0,1.0,1.0,0.125,0.2592701832345097,0.21672965813185419,0.4276495915074372,True,False
0.20508806235318777,0.0,False,0.0,1.0,0.875,0.8875,0.125,0.3852157345762084,0.09974640264123488,0.3459139446606698,True,False
0.10379904476824553,0.0,False,0.0,0.0,0.875,0.7875000000000001,0.125,0.31842161090398374,0.29441401288744934,0.36563839136233955,True,False
0.4366369477129578,0.0,False,0.0,1.0,1.0,0.9750000000000001,0.125,0.09807218104080558,0.03458350202635963,0.7206703268960117,False,False
0.16050918442021356,0.0,False,0.0,1.0,0.75,0.7875000000000001,0.125,0.40220430741503505,0.09873818236725738,0.3224524145708416,True,False
0.4087264323643741,1.0,False,0.0,1.0,1.0,0.625,0.25,0.26223433068732105,0.053865974609120404,0.5074646438977337,False,False
0.14421350584311732,0.25,True,0.0,1.0,1.0,0.9625000000000001,0.125,0.5686662860283467,0.570910488616748,0.17330699747126466,True,False
0.25594433800208805,0.0,False,0.0,0.0,0.875,0.8875,0.125,0.2900125844719562,0.06297655472115445,0.40314082997581524,True,False
0.25576595090664944,0.25,False,1.0,0.0,0.875,0.925,0.125,0.08469935680277567,0.0120903492020751,0.7340572764148852,True,False
0.2577184147642907,0.25,False,1.0,0.0,1.0,1.0,0.125,0.32935112500537134,0.23450480345326738,0.3662432419806969,True,False
0.2347592869000048,0.0,False,0.0,0.0,1.0,1.0,0.125,0.46423549351047444,0.11341740611805139,0.24455069333775348,True,False
0.28239833003520975,0.0,False,0.0,1.0,1.0,1.0,0.0,0.18898955807225154,0.047307357767231176,0.602535330021285,False,False
0.28619746033940097,0.25,False,1.0,0.0,0.75,0.5,0.125,0.21841647530558644,0.07767684619260143,0.46419077448051604,True,False
0.5124256096929377,1.0,False,0.0,1.0,1.0,1.0,0.25,0.23970681966723598,0.03390591645022048,0.4815717759876048,False,False
0.08890245099564842,0.0,False,1.0,0.0,0.875,0.825,0.125,0.5965788897325645,0.6589508773676296,0.17166142901073633,True,False
0.08890245099564842,0.0,False,1.0,0.0,0.875,0.9125000000000001,0.125,0.59144535076223,0.6622986341980883,0.17405732269540874,True,False
0.3394414672750782,0.75,False,1.0,0.0,1.0,1.0,0.25,0.25565819383285243,0.14646196872359196,0.4543909034833131,False,False
0.24566777319209177,0.0,False,0.0,0.0,1.0,1.0,0.125,0.23923297221707243,0.05000799312903226,0.5823581433108966,True,False
0.14219413557029703,0.0,False,0.0,1.0,1.0,1.0,0.125,0.2190061287705275,0.11867958253586953,0.45509192533962395,True,False
0.28239833003520975,0.0,False,0.0,1.0,0.75,0.825,0.125,0.09633951747483026,0.026630290543320414,0.6702296409353963,True,False
0.41603588960440596,0.5,False,0.0,1.0,1.0,0.75,0.125,0.22741144518451595,0.06907391309464356,0.6090329456046955,False,False
0.15835917607605532,0.5,False,0.0,1.0,0.75,0.6625000000000001,0.125,0.48341554220804467,0.10083350053162557,0.2858457631185274,True,False
0.39968092128061483,0.75,False,0.0,1.0,0.875,0.6875,0.375,0.47682988247653624,0.19953586779355661,0.2398344108184456,False,False
0.15897612689682528,0.0,False,0.0,0.0,0.875,0.9000000000000001,0.125,0.13008055911907476,0.04615962945216997,0.613876116128643,True,False
0.41726130840894193,0.5,False,1.0,0.0,1.0,0.9500000000000002,0.375,0.2471882580762455,0.18595972934589852,0.4466376906471845,False,False
0.30076790948683885,0.0,False,0.0,1.0,1.0,0.5,0.0,0.20424551670114857,0.025681481160335477,0.5315962507262484,False,False
0.31371797537952617,0.0,False,0.0,1.0,0.875,0.8625,0.125,0.29809410477342047,0.07080185805911755,0.45093489621817806,True,False
0.2323318839485774,0.0,False,0.0,0.0,0.875,0.9375,0.0,0.44124774054590327,0.026799616973529766,0.28265059713161,False,False
0.30662557203613117,0.0,False,0.0,1.0,1.0,1.0,0.25,0.4042924435645706,0.1216214018854486,0.3225707852549782,True,False
0.3911509226056312,0.5,False,0.0,1.0,1.0,0.875,0.25,0.1496999103803322,0.02518567076609993,0.586798919145604,False,False
0.061795817342488846,0.0,False,0.0,0.0,0.875,0.75,0.125,0.8475124031217954,0.6148213489847381,0.06053463080030652,True,False
0.41208628177858386,0.0,False,0.0,1.0,1.0,1.0,0.125,0.3110989425865238,0.1757606471749544,0.3712001319535232,False,False
0.34546381748910326,0.5,False,0.0,1.0,0.625,0.8125,0.125,0.24054900374932628,0.03175658713479518,0.542295965179765,False,False
0.31602048495499047,0.25,False,0.0,1.0,0.875,0.875,0.125,0.13568391350089543,0.005911765530775598,0.6172806335010987,True,False
0.7233885482413401,1.0,False,1.0,0.0,0.875,0.9000000000000001,0.25,0.0717274109163334,0.03343952189962237,0.7041235302256776,False,False
0.31099340096054695,0.5,False,0.0,1.0,0.75,0.8625,0.125,0.3966147532336514,0.05003725107761758,0.31358418669576715,False,False
0.17655257740394903,0.0,False,0.0,1.0,0.875,0.8875,0.125,0.24748808056853394,0.05498392670810822,0.5508815005106091,True,False
0.42704357263550075,1.0,False,1.0,0.0,0.875,0.9125000000000001,0.25,0.16765239256387535,0.06788862255953851,0.5520472779989418,False,False
0.42499229356865265,0.25,False,0.0,0.0,0.875,0.8500000000000001,0.25,0.23050099437119226,0.11688632174896484,0.4464608016510401,False,False
0.22611400426791528,0.0,True,1.0,0.0,0.875,0.925,0.125,0.18489929007311307,0.03321379201941117,0.5347223592110821,True,False
0.18684636599629756,0.0,False,0.0,0.0,0.875,1.0,0.125,0.5197120348700689,0.22649879554571256,0.19248730640952716,True,False
0.31879468553043033,0.25,False,0.0,1.0,0.75,0.875,0.0,0.2784110281530606,0.04887391524014993,0.41992115602994406,False,False
0.24566777319209177,0.0,False,0.0,0.0,1.0,1.0,0.125,0.15217155392297727,0.027165538297343042,0.5671257819126114,True,False
0.21069776311509292,0.25,False,1.0,0.0,1.0,1.0,0.125,0.46980029805276097,0.1392024122893083,0.2567334887788735,True,False
0.21115733074156973,0.0,True,1.0,0.0,1.0,0.9625000000000001,0.125,0.5644465730643243,0.09290809238245518,0.17020270105529267,True,False
0.3497187957540765,0.0,False,0.0,0.0,1.0,0.9625000000000001,0.125,0.18728691180689788,0.07740654824662703,0.5161100331140529,True,False
0.2807005945079062,0.25,False,0.0,1.0,0.625,0.6875,0.125,0.2744321108436599,0.06167451274864531,0.4550100028415238,False,False
0.29370426572415587,0.5,False,1.0,0.0,0.875,0.8875,0.125,0.30644207887636166,0.023223969384265932,0.3574822246490126,False,False
0.2820908565425062,0.0,False,0.0,0.0,0.875,0.875,0.125,0.2646324284393202,0.13261919861285135,0.4127235497473498,False,False
0.25576595090664944,0.0,False,0.0,0.0,1.0,1.0,0.125,0.4659790771217234,0.11993325068673913,0.24342679077909524,True,False
0.3490870169394459,0.5,False,0.0,1.0,0.0,0.0,0.125,0.24663497297473752,0.012768976276427261,0.46559328484803086,False,False
0.15897612689682528,0.0,False,0.0,0.0,1.0,1.0,0.125,0.39857111251781224,0.24283809790573033,0.2995947912978427,True,False
0.2343570186517372,0.0,True,1.0,0.0,1.0,0.9875,0.125,0.48179080381399597,0.4310267165686605,0.2290738716663303,True,False
0.15742970927088884,0.0,False,0.0,1.0,1.0,0.875,0.125,0.2613752856068834,0.09987139850532943,0.5302557823889029,True,False
0.38025384772625104,1.0,False,0.0,1.0,0.875,0.7000000000000001,0.25,0.3406252087668185,0.015616217038705497,0.3692728188559371,False,False
0.10083264596088737,0.0,False,0.0,1.0,0.875,0.7875000000000001,0.125,0.49327319795269603,0.16583858958012587,0.29263820530336004,True,False
0.3087567368117331,0.0,False,1.0,0.0,0.875,0.9125000000000001,0.125,0.0498437469092353,0.03524283457503244,0.7705885607366638,True,False
0.28239833003520975,0.0,True,0.0,0.0,1.0,0.9500000000000002,0.125,0.33016204428462775,0.03736798641067357,0.3898910126598625,False,False
0.3623938017677343,0.0,False,0.0,0.0,1.0,0.9750000000000001,0.125,0.29216146072034604,0.054905621543480304,0.4336739406718657,False,False
0.340662399340533,0.25,False,0.0,1.0,0.75,0.7250000000000001,0.125,0.295190397442995,0.01958334364962077,0.42782313429146623,False,False
0.2205431121343724,0.0,False,1.0,0.0,0.875,0.925,0.125,0.19536891227241868,0.10491304303015182,0.49843805891405535,True,False
0.5049158410518498,1.0,False,0.0,1.0,0.625,0.8875,0.25,0.2356044576824243,0.010977726734299897,0.4970713976374419,False,False
0.5130128831572006,0.5,False,0.0,0.0,1.0,1.0,0.25,0.30565827489030983,0.12758777541020683,0.36756885492294034,False,False
0.31320222383114726,0.5,False,0.0,1.0,0.625,0.5625,0.125,0.28423571111918794,0.018942539211441713,0.4544597672431494,False,False
0.256122545949362,0.0,True,1.0,0.0,1.0,0.9750000000000001,0.125,0.19545099727244689,0.10195882414475196,0.558244206905625,True,False
0.15555604159834224,0.0,False,0.0,1.0,0.75,0.7875000000000001,0.125,0.42060361736913354,0.04141337523428497,0.29008478973174756,True,False
0.37070996541347856,0.75,False,0.0,1.0,0.875,0.75,0.125,0.2917004120160778,0.15745045643035396,0.3960337926110882,False,False
0.34546381748910326,0.5,False,0.0,0.0,1.0,0.9125000000000001,0.125,0.28040288412486036,0.07444543331871542,0.4424438858266555,False,False
0.25487131554953746,0.25,False,0.0,0.0,0.875,0.8375000000000001,0.0,0.18518148174187785,0.028371507471025254,0.546233987777504,False,False
0.37963331254600596,0.5,False,0.0,1.0,0.875,0.825,0.125,0.09093333107746004,0.050272648718550944,0.6883276499010647,False,False
0.2252682452146565,0.0,True,1.0,0.0,1.0,0.9750000000000001,0.125,0.1395839555030928,0.06835439775770254,0.582807086781078,True,False
0.1054721281578358,0.0,False,0.0,1.0,0.875,0.9000000000000001,0.125,0.284426926353581,0.21314137705246913,0.3866283586967243,True,False
0.25594433800208805,0.0,False,0.0,0.0,0.5,0.5,0.125,0.3341506119001654,0.023709025784052044,0.3692313227940245,True,False
0.22162810771808772,0.5,False,0.0,1.0,0.625,0.675,0.125,0.2969931202545648,0.033057108201208905,0.41763233205319206,True,False
0.2651510805228984,0.0,False,1.0,0.0,1.0,1.0,0.125,0.4716272583478721,0.3251230018423236,0.22377931855133415,True,False
0.12515434704073025,0.0,False,1.0,0.0,1.0,1.0,0.125,0.689530217417633,0.3849433045218044,0.14122863730872726,True,False
0.5232248927846205,1.0,False,0.0,1.0,1.0,1.0,0.25,0.048790479599266065,0.03282455328874231,0.809837603769219,False,False
0.17710950326901853,0.0,False,0.0,0.0,0.75,0.825,0.125,0.3338325714888121,0.08792725125261786,0.39833235542958967,False,False
0.1602036306527207,0.0,False,0.0,0.0,0.875,0.9125000000000001,0.125,0.4168134109140331,0.08683825633991242,0.3210737074689163,True,False
0.3466441438462381,0.0,False,0.0,1.0,0.75,1.0,0.125,0.2662249291811636,0.04395238045267164,0.4570114636256264,False,False
0.21546486728478287,0.0,False,0.0,0.0,1.0,0.9375,0.125,0.29503630608852904,0.02289147573632455,0.39571130341977323,True,False
0.1552418311750694,0.0,False,0.0,0.0,1.0,1.0,0.125,0.24434444480405168,0.16876890245458442,0.4362162845140123,True,False
0.3895626119953187,0.5,False,0.0,0.0,0.625,0.625,0.25,0.2831615981538202,0.06920662041608586,0.4375247766269519,False,False
0.1768312588239036,0.0,False,0.0,1.0,0.75,0.825,0.125,0.35485222011902884,0.08488526462612389,0.3687797553274854,True,False
0.22010724953117922,0.5,False,0.0,1.0,0.875,0.8625,0.125,0.35984411049011766,0.07626753880380639,0.36215177436077983,True,False
0.3194191825672693,0.25,False,0.0,1.0,0.75,0.7625,0.125,0.33300552759900015,0.022197328290382595,0.37796907474027375,False,False
0.23496007957282694,0.0,False,0.0,1.0,1.0,0.9375,0.125,0.3890868151609271,0.08031135537984517,0.300393532750759,True,False
0.34307934735379086,0.5,False,0.0,0.0,0.875,0.8375000000000001,0.125,0.2591573698637019,0.015827424188253458,0.41523788439395504,False,False
0.3546936481453137,0.25,False,0.0,1.0,0.875,0.75,0.0,0.26571992975476333,0.04239601526160415,0.48397166497340405,False,False
0.40078789170443174,0.5,False,0.0,1.0,0.75,0.75,0.125,0.18249520696180455,0.0636751104237401,0.594371245877801,False,False
0.21069776311509292,0.0,False,1.0,0.0,0.875,0.9625000000000001,0.125,0.38817115012815395,0.18785419718626414,0.2863650101819455,True,False
0.1745894558725003,0.0,False,0.0,0.0,1.0,1.0,0.125,0.3157783593637441,0.04031223077852703,0.3852724711197153,True,False
0.27867301131389066,0.0,True,0.0,0.0,1.0,0.9000000000000001,0.125,0.3239472295835784,0.022283571256690154,0.39436294313573295,True,False
0.15742970927088884,0.0,False,1.0,0.0,0.875,0.875,0.125,0.19647229432376298,0.10445423771338765,0.5116821330333541,True,False
0.30049069697378983,0.0,False,0.0,1.0,1.0,1.0,0.0,0.280698053426008,0.046451270256312786,0.4696660785798512,True,False
0.36501663258526607,0.5,False,0.0,1.0,0.875,0.8625,0.125,0.45563553880598817,0.0823095348708117,0.298698172629267,False,False
0.22335041887289453,0.0,False,0.0,1.0,0.875,0.7875000000000001,0.125,0.34614521948148014,0.051235040218937884,0.3692326380255866,True,False
0.2651510805228984,0.0,False,1.0,0.0,0.875,0.7750000000000001,0.0,0.3394590817124927,0.042876875448132755,0.37750068261888914,False,False
0.27992349411170125,0.0,False,0.0,1.0,1.0,0.75,0.0,0.44620333901988846,0.009338629058666356,0.2669302059252854,False,False
0.18123164832544447,0.0,False,0.0,0.0,1.0,0.9875,0.125,0.4030871383594831,0.2732552120932982,0.29246098424458866,True,False
0.2516127595347888,0.0,False,0.0,1.0,0.75,0.8,0.125,0.4983858807470162,0.07416868385783203,0.2059217317926314,True,False
0.15897612689682528,0.0,False,0.0,0.0,1.0,1.0,0.125,0.41623878868515785,0.044502585242384776,0.2998137726695991,True,False
0.6643747985455667,0.75,False,0.0,1.0,1.0,0.9125000000000001,0.375,0.06278459319083782,0.03232066950752374,0.7213384243625423,False,False
0.26190520355991465,0.5,True,1.0,0.0,1.0,0.9875,0.125,0.22992550688427807,0.041944536320533306,0.6295556251725358,True,False
0.26190520355991465,0.5,False,1.0,0.0,0.875,0.8875,0.125,0.28312493744165895,0.13880484280957245,0.3831066114065509,True,False
0.1514272581382603,0.0,False,0.0,0.0,1.0,1.0,0.125,0.6312091033712589,0.23294094611413424,0.17965562143974712,True,False
0.4950004387173005,0.5,True,1.0,0.0,1.0,0.9125000000000001,0.125,0.04534949509218298,0.036146950460495396,0.7783454400402405,False,False
0.39485695491981965,0.25,False,0.0,0.0,0.875,0.925,0.25,0.27852499120103535,0.04984701977349554,0.4302294795073207,False,False
0.2737424067449248,0.0,False,0.0,1.0,0.875,0.9125000000000001,0.125,0.07739656891767413,0.030476539588749598,0.7391718215323135,True,False
0.3966410056506132,0.75,False,0.0,0.0,0.875,0.8500000000000001,0.375,0.38385338224660204,0.3561312227859074,0.3114108688159478,False,False
0.45026869567540684,0.0,False,0.0,1.0,1.0,1.0,0.125,0.09814642421437082,0.03923335149168533,0.6774162961617187,False,False
0.2651510805228984,0.0,False,0.0,1.0,1.0,1.0,0.125,0.13886543812814067,0.030204939187911072,0.6117400008751659,True,False
0.27260982568717207,0.0,False,0.0,1.0,1.0,0.9500000000000002,0.125,0.4694491677884849,0.09833521366532842,0.27346190498946976,True,False
0.24376836489091658,0.0,False,0.0,0.0,1.0,1.0,0.125,0.33564860377574823,0.05556066042999815,0.36990687446310533,True,False
0.23212809351563968,0.0,False,0.0,0.0,1.0,0.9875,0.125,0.4188473977590677,0.3450970841932359,0.2917638641487348,True,False
0.08890245099564842,0.0,True,0.0,0.0,1.0,0.9750000000000001,0.125,0.5536538987645481,0.20762451091668194,0.17173495801703953,True,False
0.19152150956336766,0.25,False,0.0,1.0,0.875,0.8875,0.125,0.1079469730665964,0.04906667880665408,0.6781620838230671,False,True
0.491063435488701,0.5,False,0.0,1.0,0.75,0.75,0.25,0.2453488933744121,0.05553655847904489,0.5607618133881012,False,False
0.31371797537952617,0.0,False,1.0,0.0,1.0,1.0,0.0,0.11779295003984608,0.06568779052486036,0.6509127034299946,True,False
0.1841948354016394,0.25,False,1.0,0.0,0.875,0.875,0.125,0.41844453876830406,0.23046366789660258,0.2600665959324031,True,False
0.22987081477479465,0.0,False,0.0,0.0,1.0,0.75,0.125,0.4517001919232191,0.0951192820837123,0.2694529627964881,True,False
0.2870972751670433,0.75,False,0.0,1.0,0.375,0.75,0.125,0.10993672025386458,0.04058971269867329,0.6721970034212772,True,False
0.298537988166803,0.0,False,0.0,0.0,0.875,0.9125000000000001,0.125,0.21839921470771217,0.046538598460364906,0.511906842582315,True,False
0.36356429298276016,0.5,False,0.0,1.0,0.5,1.0,0.25,0.4502351155391438,0.10077602021029913,0.26296779840032025,False,False
0.283011683321037,0.0,False,1.0,0.0,1.0,1.0,0.125,0.11716238948001474,0.04104701510128188,0.6482265608614197,True,False
0.367601260364658,0.5,False,0.0,0.0,1.0,1.0,0.25,0.317135541141757,0.03799790372858331,0.34709086600307404,False,False
0.2905049056005683,0.0,False,0.0,0.0,0.875,0.8875,0.0,0.20008148235788045,0.11312495971349967,0.5271831344709963,False,False
0.298537988166803,0.5,False,0.0,0.0,1.0,1.0,0.125,0.22625477845022585,0.040979947134802616,0.6284039966042854,False,False
0.43727982773875496,0.0,False,0.0,1.0,0.5,0.5750000000000001,0.0,0.22749611120732208,0.03450758828147527,0.49873451604171737,False,False
0.23110561590342615,0.0,False,1.0,0.0,1.0,0.9500000000000002,0.125,0.4228564592828583,0.14818780068112333,0.2830421180601188,True,False
0.2229214057183464,0.0,False,0.0,0.0,1.0,1.0,0.125,0.4728974952895068,0.4183080244809349,0.2568547381456421,True,False
0.34307934735379086,0.0,False,0.0,0.0,1.0,1.0,0.125,0.6168386578137081,0.5798214772455713,0.16745893992626026,True,False
0.1514272581382603,0.0,False,0.0,1.0,0.875,0.875,0.125,0.46090234890901394,0.13647582350103066,0.29758269184689445,True,False
0.19228886384536403,0.0,False,0.0,0.0,1.0,0.9750000000000001,0.125,0.3341860548865382,0.07499453643274573,0.3310861148968458,True,False
0.20744702615819044,0.0,False,1.0,0.0,0.5,0.5,0.125,0.212173962347137,0.08842502236177452,0.47251337707075813,True,False
0.26052055428457976,0.0,False,1.0,0.0,0.875,0.875,0.125,0.2931634175375458,0.0942609240625853,0.4550315934787754,True,False
0.30954937078703926,0.0,False,0.0,0.0,1.0,0.9750000000000001,0.125,0.2425227526295249,0.03615374364776359,0.5314080419333691,True,False
0.3138466793870843,0.25,False,1.0,0.0,1.0,0.9750000000000001,0.125,0.26293275092197727,0.03730834011531714,0.4393058578865727,False,False
0.34610860493463325,1.0,False,0.0,1.0,1.0,1.0,0.375,0.4984906770407389,0.05747922197947197,0.2056921549248112,False,False
0.26916805342900985,0.0,True,0.0,0.0,1.0,0.9500000000000002,0.125,0.32822740012465645,0.08577568886107849,0.33448118684788297,False,False
0.1411757669663588,0.0,False,1.0,0.0,0.875,0.9125000000000001,0.125,0.4762447631185919,0.22445661349712928,0.21940141160588578,True,False
0.3424234377347789,0.5,False,1.0,0.0,0.875,0.925,0.125,0.26246385510909337,0.06885564022596803,0.418723753498754,True,False
0.23990744521238572,0.0,False,0.0,0.0,0.625,0.6625000000000001,0.0,0.40869624150828365,0.10428725977849146,0.2789423229749546,False,False
0.08890245099564842,0.0,False,0.0,0.0,1.0,1.0,0.125,0.4080310502177246,0.3686874545374847,0.2945382351335526,True,False
0.19880383585558348,0.25,False,1.0,0.0,1.0,0.9500000000000002,0.125,0.17539534196040166,0.07624782186494242,0.5337493444292791,True,False
0.11201104130645712,0.0,False,1.0,0.0,0.875,0.925,0.125,0.8434453996477148,0.5981073433468773,0.062232271655582094,True,False
0.1331678261903072,0.0,False,1.0,0.0,1.0,1.0,0.125,0.37833487772913577,0.2236157280207568,0.3007688920948768,True,False
0.22076064262299389,0.0,True,0.0,0.0,1.0,0.9625000000000001,0.125,0.22335807541617855,0.058919522174736505,0.48112789392930466,True,False
0.22569162861852088,0.0,True,0.0,0.0,1.0,0.9500000000000002,0.125,0.21221573819011805,0.01721203924750319,0.5062217489617817,True,False
0.16503045611886513,0.0,False,0.0,0.0,1.0,1.0,0.125,0.46142857885314603,0.3399745294718074,0.2846005647979648,True,False
0.06443845565265716,0.0,False,0.0,0.0,1.0,0.75,0.125,0.25389015756900823,0.025302208537899072,0.45886162523165375,False,True
0.2719593761040271,0.0,False,1.0,0.0,0.875,0.7625,0.0,0.37997845842541933,0.05714611178697064,0.30385655658753485,False,False
0.3489815014395631,0.5,False,0.0,1.0,0.875,0.8625,0.125,0.3151437123408469,0.041514000029507454,0.4061401363091557,False,False
0.23833924487322566,0.0,False,0.0,0.0,1.0,0.925,0.125,0.34157167343290323,0.036012979609953005,0.37478368868434253,True,False
0.34132483847626804,0.25,False,1.0,0.0,0.875,0.925,0.125,0.2075216012873067,0.04692274228316154,0.5329734400461217,False,False
0.3364085286288315,0.0,False,1.0,0.0,1.0,0.9750000000000001,0.125,0.07193274269813792,0.029888335494364805,0.7208448298921626,True,False
0.19557624719088196,0.5,False,0.0,1.0,0.625,0.7625,0.125,0.22950361665418767,0.010405354074642399,0.4391188581306762,True,False
0.3207853885551156,0.25,False,0.0,0.0,0.875,0.875,0.125,0.37344822702425523,0.033236404137409005,0.30554629838759606,False,False
0.21343748359103298,0.0,True,1.0,0.0,1.0,0.9875,0.125,0.3141118546106476,0.015404611028133298,0.4008488885232493,True,False
0.44008115372818246,0.0,False,0.0,1.0,1.0,0.925,0.125,0.08737647662023017,0.03390634616362679,0.705311143297827,False,False
0.1514272581382603,0.0,False,0.0,0.0,1.0,0.9375,0.125,0.23964334866443834,0.045294083478460666,0.5627340074157952,True,False
0.2663321202676794,0.0,True,1.0,0.0,1.0,0.9750000000000001,0.125,0.29057410358179264,0.06993861332063853,0.4032693666937577,True,False
0.4681804642661894,1.0,False,0.0,0.0,0.75,0.75,0.125,0.05738864444563501,0.012712238912501795,0.7938200316965149,False,False
0.264642504397139,0.0,False,1.0,0.0,1.0,0.875,0.125,0.25641457640771825,0.20105046988545494,0.4296645887491459,True,False
0.2584231088746167,0.0,False,1.0,0.0,1.0,0.9125000000000001,0.125,0.3618391603607813,0.06629684002296242,0.3535934717151479,True,False
0.1514272581382603,0.5,False,0.0,0.0,1.0,1.0,0.25,0.8169072449811496,0.5878646290764393,0.07462527012377751,True,False
0.1697294568213059,0.0,False,0.0,1.0,0.75,0.8,0.125,0.41107036635093064,0.03717612135138586,0.30555260075857404,True,False
0.39346597952587603,0.0,True,0.0,0.0,0.75,0.9625000000000001,0.125,0.2897181069939767,0.03186902590525077,0.4425259284728371,False,False
0.45210804141152294,0.5,False,1.0,0.0,0.75,0.8500000000000001,0.25,0.15754949701353868,0.07004387621413195,0.5628117929419896,False,False
0.49299598203536277,0.5,False,1.0,0.0,0.75,0.75,0.25,0.16415734648742428,0.08289232266457527,0.556134171906532,False,False
0.31320222383114726,0.0,False,0.0,0.0,1.0,0.9625000000000001,0.125,0.12692196382022838,0.039875298566082115,0.6315804974488537,False,False
0.24566777319209177,0.0,False,0.0,0.0,1.0,1.0,0.125,0.38497311625706426,0.037497616274174375,0.3256029390574333,True,False
0.5879906835328695,0.0,False,0.0,0.0,1.0,1.0,0.125,0.19572780427003664,0.05337615330042325,0.5100323597411738,False,False
0.19075082257961895,0.0,False,0.0,1.0,0.75,0.8125,0.125,0.2928994576704355,0.04697710550159744,0.455169389169396,True,False
0.31320222383114726,0.0,False,0.0,1.0,0.875,0.8500000000000001,0.0,0.19672658478031846,0.014067586549990093,0.543442633962472,False,False
0.24585660058783687,0.25,False,0.0,1.0,0.875,0.7875000000000001,0.125,0.12060012095383979,0.013792765368052035,0.6272466008625655,True,False
0.19781696967121776,0.0,False,1.0,0.0,1.0,1.0,0.0,0.3320745944045669,0.04991701456613343,0.4089181068881176,True,False
0.3424234377347789,0.5,False,0.0,0.0,0.875,0.875,0.125,0.32399462946327107,0.22342872685796,0.3566597047956186,False,False
0.3194191825672693,0.0,False,0.0,1.0,0.875,1.0,0.0,0.22536538601364534,0.037819386863459405,0.6402294781537674,False,False
0.09868301252222789,0.0,False,0.0,1.0,0.75,0.7625,0.125,0.4908851645426973,0.1698585061653011,0.2942366179171396,True,False
0.10083264596088737,0.0,False,1.0,0.0,0.875,0.8875,0.125,0.5861217647414323,0.47045998501165415,0.19571082590165712,True,False
0.39485695491981965,0.75,False,1.0,0.0,1.0,1.0,0.125,0.2520184260176282,0.04705161274096543,0.5204429774391994,False,False
0.42704357263550075,0.25,False,0.0,1.0,0.875,0.9500000000000002,0.125,0.017348687097809342,0.024544519234860583,0.9290263839003745,False,False
0.31099340096054695,0.25,False,0.0,1.0,0.875,0.8875,0.0,0.1869048614778125,0.06222364197873606,0.5864198486538135,True,False
0.48237062638151407,0.5,False,1.0,0.0,1.0,1.0,0.25,0.2036636386825738,0.00445439611261466,0.6620883664258432,False,False
0.35356583408391373,0.0,False,0.0,1.0,1.0,0.9125000000000001,0.125,0.2497403118551441,0.05031465927757024,0.47295779197128884,False,False
0.4898269224204669,0.25,False,0.0,1.0,1.0,0.8125,0.125,0.2400346419907015,0.04805909963997068,0.5760769165531969,False,False
0.1798682119669005,0.0,False,0.0,1.0,0.875,0.8500000000000001,0.125,0.12480321909497015,0.05774519202377338,0.6380504368073106,True,False
0.11241183227452445,0.0,False,1.0,0.0,0.875,1.0,0.125,0.386816662311338,0.0761238995787864,0.2932016478727262,True,False
0.39615622246828763,0.5,False,0.0,0.0,0.875,0.8375000000000001,0.0,0.2678925913970017,0.0528999263332654,0.4801608253549263,False,False
0.5253080648479472,1.0,False,0.0,1.0,0.875,0.8375000000000001,0.25,0.3168737742044371,0.025578244044283764,0.39496215152716485,False,False
0.19904969723200128,0.0,False,1.0,0.0,1.0,0.75,0.125,0.29993153585673243,0.01807775101876037,0.3610358193372998,True,False
0.2816286450518882,0.0,False,1.0,0.0,0.875,0.7375,0.0,0.2467344842813145,0.024881050627694166,0.46753950949939904,False,False
0.513347597423602,0.5,False,0.0,1.0,0.875,0.875,0.25,0.08020793293263667,0.013851405965332625,0.7062158482618357,False,False
0.3138466793870843,0.5,False,0.0,1.0,0.625,0.625,0.125,0.3072194176768746,0.03486023414577652,0.37832279934781354,False,False
0.507007494862253,0.5,False,0.0,0.0,1.0,1.0,0.25,0.3426498475714906,0.12788425503703793,0.3536893588342076,False,False
0.21069776311509292,0.0,False,1.0,0.0,0.875,1.0,0.25,0.23874558496669135,0.1150777879535623,0.44972087545677186,True,False
0.17655257740394903,0.0,False,0.0,1.0,0.75,0.8375000000000001,0.125,0.32262489372771913,0.07883199197311645,0.4075045516711897,True,False
0.3067595223219207,0.25,False,0.0,0.0,0.875,0.8625,0.125,0.27902893938531903,0.07687447966605011,0.4438281083374913,False,False
0.19632630288517106,0.5,False,0.0,1.0,0.75,0.7250000000000001,0.125,0.3006373851384753,0.025927420605435753,0.4141997666828823,True,False
0.2229214057183464,0.0,True,0.0,0.0,0.875,0.925,0.125,0.10454315901605103,0.039363340783947626,0.688518083647085,True,False
0.3994428122393511,0.25,False,0.0,1.0,0.875,0.65,0.125,0.2105086561714861,0.030356215726472468,0.5888393165932222,False,False
0.3687380097405183,0.0,False,0.0,0.0,1.0,0.9875,0.125,0.49739456343079275,0.11163450157134572,0.209327769947107,False,False
0.31461694925963635,0.5,False,0.0,0.0,1.0,0.9375,0.125,0.4716376786671813,0.04926104644463649,0.24378310486998878,False,False
0.2745469902200719,0.5,False,0.0,1.0,0.875,0.8625,0.125,0.04171672213591611,0.02869131524650272,0.8437436785718608,True,False
0.25665609849143534,0.0,True,1.0,0.0,1.0,0.9875,0.125,0.28463739868917515,0.09683255251030888,0.3885210607839469,True,False
0.3138466793870843,0.0,True,1.0,0.0,1.0,1.0,0.125,0.29112400738325556,0.05819143533538745,0.44160805034987716,True,False
0.48444884694607915,1.0,False,0.0,1.0,1.0,0.875,0.25,0.16415092639072337,0.04549890885635958,0.5751272746221514,False,False
0.27228489892483876,0.0,True,0.0,0.0,1.0,0.9875,0.125,0.3540999516761053,0.3313334371471856,0.33379420021900086,False,False
0.49238549903207607,0.75,False,0.0,1.0,1.0,1.0,0.25,0.1659872604754158,0.019300672141326403,0.5730270804112918,False,False
0.25487131554953746,0.0,False,0.0,1.0,0.0,0.25,0.0,0.2393508440912615,0.03352663670125271,0.5617231630786901,False,False
0.30662557203613117,0.5,False,0.0,0.0,1.0,1.0,0.125,0.33703445710850977,0.025533812701364116,0.401448244910245,False,False
0.2252682452146565,0.0,False,0.0,1.0,1.0,1.0,0.125,0.20610706169463772,0.09639468716209022,0.48139744830882036,True,False
0.6449497517505564,1.0,False,0.0,1.0,1.0,0.875,0.375,0.06903571338552593,0.046435720189117714,0.8324163119239194,False,False
0.367601260364658,1.0,False,0.0,1.0,0.875,0.825,0.25,0.14257679765773407,0.07425246556736784,0.5917642362414708,False,False
0.22862736097375158,0.0,True,0.0,1.0,1.0,0.9875,0.125,0.3485540319161604,0.11312916155178968,0.3169961052392636,True,False
0.25576595090664944,0.0,False,1.0,0.0,1.0,1.0,0.125,0.29361216256156003,0.07007230125085434,0.3994317057928005,True,False
0.21115733074156973,0.0,False,0.0,0.0,1.0,1.0,0.125,0.3041483604930155,0.06458104076713025,0.38147535058177184,True,False
0.30662557203613117,0.0,False,0.0,0.0,1.0,0.9750000000000001,0.125,0.11137220093206032,0.051385135685696595,0.6571161607523384,True,False
0.28316469095842334,0.25,False,0.0,0.0,0.75,0.8500000000000001,0.125,0.2965926833727331,0.08746376104124942,0.40806545805483285,False,False
0.37676861522205896,0.0,False,0.0,0.0,1.0,0.9375,0.25,0.20791903962173797,0.023688844028369585,0.5218559399995946,False,False
0.1682743413758333,0.0,True,0.0,0.0,1.0,0.9750000000000001,0.125,0.5047119711085922,0.06009452835865945,0.20564632384714931,True,False
0.1673955100429938,0.0,False,0.0,1.0,0.875,1.0,0.125,0.32015754673119606,0.09003239662665419,0.41184195018264824,True,False
0.11440232011993279,0.0,False,0.0,1.0,0.75,0.8125,0.125,0.47776894664532776,0.0942282675068372,0.28917694361100055,True,False
0.2743863651066005,0.0,False,0.0,1.0,0.75,0.7000000000000001,0.125,0.30079745296505744,0.026971157211271867,0.42441118707587444,True,False
0.29442341813256856,0.0,False,1.0,0.0,0.875,0.9000000000000001,0.125,0.08909191741990513,0.012646863619811242,0.6749264733484366,True,False
0.2989582385018158,0.0,False,0.0,1.0,0.75,0.7375,0.0,0.3427998171234901,0.029833990667032035,0.3732292892137934,False,False
0.32201833187143947,0.75,False,1.0,0.0,0.875,0.8125,0.125,0.4399476771528536,0.048790118617118926,0.28027018426276396,False,False
0.16885782018472062,0.0,False,0.0,0.0,0.875,0.8875,0.125,0.2087028950234158,0.05152219819994958,0.49496011884247015,True,False
0.4428389430247196,1.0,True,0.0,1.0,0.875,0.9000000000000001,0.375,0.29313116239820725,0.023540022902406452,0.36782575873774004,False,False
0.134586726009698,0.0,False,0.0,0.0,0.875,0.9125000000000001,0.125,0.28846861840566274,0.19742248006342944,0.39468918241346684,True,False
0.40078789170443174,0.5,False,0.0,1.0,1.0,0.9375,0.125,0.18190762892619441,0.06190887001539706,0.5886220112126013,False,False
0.16532781743217495,0.0,False,0.0,0.0,1.0,0.9500000000000002,0.125,0.3741422819387665,0.10874968762150543,0.35382392203380575,True,False
0.412455701599315,0.5,False,0.0,0.0,0.875,0.9375,0.25,0.1342342022294905,0.018709935622055154,0.6562582585011998,False,False
0.12515434704073025,0.0,False,0.0,0.0,0.25,0.25,0.125,0.6341314311311781,0.7278537780185603,0.1489680215101814,True,False
0.38323738914002103,0.5,False,0.0,1.0,0.875,0.9000000000000001,0.125,0.3267531774440088,0.04129879751589979,0.3815284300938664,False,False
0.1839274901469682,0.0,False,0.0,0.0,0.75,0.9125000000000001,0.125,0.5714720855171498,0.10287650570891911,0.16586191949986406,True,False
0.2737424067449248,0.0,False,1.0,0.0,1.0,0.9375,0.125,0.26920808525844786,0.07723004570641988,0.39512853234080914,True,False
0.2508804374664776,0.0,False,0.0,0.0,1.0,1.0,0.125,0.47574211568335173,0.12803865886281807,0.2537645691166306,True,False
0.3618056480981925,0.5,False,0.0,1.0,0.875,0.8125,0.0,0.15031040393134623,0.04558367049506244,0.5949397658210311,False,False
0.3590348573406056,0.0,False,0.0,0.0,1.0,0.925,0.125,4.196043979906236e-07,0.018094565964863564,0.986698920682282,True,False
0.3546936481453137,0.0,False,0.0,1.0,1.0,1.0,0.0,0.25790388631164074,0.03849290792774577,0.5020352683666249,False,False
0.37766881102012706,0.25,False,1.0,0.0,1.0,0.5,0.125,0.1931146002489881,0.07940767603833934,0.5957128758573453,False,False
0.2347592869000048,0.0,False,0.0,0.0,0.875,0.9125000000000001,0.125,0.4142579496546873,0.2120884120161333,0.27471772335521694,False,False
0.5888395029409258,0.5,False,0.0,1.0,1.0,0.9000000000000001,0.25,0.13015537517206782,0.04275828298059314,0.6342762481322257,False,False
0.4504475324493401,0.5,False,0.0,1.0,1.0,0.9375,0.25,0.1552364240367219,0.03089002243714568,0.5944955266184717,False,False
0.2235645371255457,0.25,False,0.0,1.0,0.75,0.825,0.125,0.26509885009939854,0.06376566353778447,0.5052062923544016,True,False
0.5029322679780986,0.5,False,0.0,0.0,1.0,0.9500000000000002,0.25,0.0787457522285146,0.031023715537867206,0.8482178972243717,False,False
0.46292754847232376,0.25,False,0.0,1.0,0.875,0.6625000000000001,0.125,0.15299080845065424,0.04164855142795988,0.5923929704967721,False,False
0.2743863651066005,0.0,False,0.0,1.0,1.0,1.0,0.125,0.12028135018517361,0.01018187784619183,0.6407688656724115,True,False
0.30365279063647177,0.0,True,0.0,0.0,1.0,0.9625000000000001,0.125,0.19154169524186923,0.10351936063569739,0.547856743560472,False,False
0.16856632059829957,0.0,False,1.0,0.0,1.0,0.9750000000000001,0.125,0.27544901871188066,0.10092576374575433,0.43434428420766813,True,False
0.3622959114322287,1.0,False,0.0,0.0,1.0,0.9500000000000002,0.25,0.5134264406159261,0.07371603851225104,0.26282948494253033,False,False
0.4188346855794297,0.75,False,0.0,1.0,0.75,0.5,0.25,0.23690095486112145,0.07183511410731581,0.44972808396059927,False,False
0.4154562806390919,0.5,False,0.0,0.0,0.875,0.8875,0.25,0.44750017093645456,0.0693486886449934,0.25664301996484795,False,False
0.3242162693419982,0.5,False,0.0,0.0,1.0,0.9750000000000001,0.125,0.4244604459748605,0.10570616857967294,0.2662402054522963,False,False
0.1855255531601825,0.0,False,1.0,0.0,0.875,0.8125,0.125,0.29466315618027356,0.028429480144559892,0.39069232247994545,True,False
0.14654075566553715,0.0,False,0.0,0.0,0.75,0.825,0.125,0.300543332482725,0.03838629343333285,0.4165440966742586,True,False
0.2323318839485774,0.0,False,1.0,0.0,0.875,0.8375000000000001,0.125,0.15618153513313907,0.07588583131954518,0.5587395115200848,True,False
0.2905049056005683,0.0,False,0.0,1.0,1.0,0.925,0.0,0.22747201757224897,0.010406304389670065,0.5826066367039673,False,False
0.24773390485161428,0.0,False,1.0,0.0,1.0,1.0,0.125,0.3593449677055428,0.10298677940990318,0.3693607562436141,True,False
0.2952825714676811,0.0,False,0.0,0.0,1.0,0.9375,0.125,0.3415044038494762,0.05304357446893423,0.3619788299336706,False,False
0.3325140216513377,0.0,False,1.0,0.0,1.0,0.925,0.125,0.3728603531034532,0.018834506474964482,0.30672070875970503,False,False
0.16710159638782063,0.0,False,0.0,1.0,0.75,0.7375,0.125,0.3821751940658242,0.06463663380637837,0.32222181159439445,True,False
0.20508806235318777,0.0,False,0.0,1.0,0.875,0.8125,0.125,0.24023637644318688,0.0725402815430828,0.5278856778189707,True,False
0.24566777319209177,0.0,True,0.0,0.0,1.0,1.0,0.125,0.22033054600829735,0.0522940430933577,0.4901538363944944,True,False
0.28054544643909585,0.0,False,1.0,0.0,1.0,0.75,0.125,0.06213835984838809,0.03994907281106676,0.9157884585602667,True,False
0.18339158825813184,0.0,True,0.0,0.0,1.0,0.925,0.125,0.4468957066866855,0.10226324953413293,0.24927946783618782,True,False
0.30689337157048124,0.5,False,0.0,1.0,1.0,0.8500000000000001,0.0,0.23439762047749135,0.07525052208122693,0.48620963697172526,False,False
0.16532781743217495,0.0,False,1.0,0.0,0.875,0.875,0.125,0.30538537083791245,0.00963885602636739,0.41156412540805554,True,False
0.2945668995348184,0.5,True,0.0,0.0,0.875,0.9750000000000001,0.125,0.47072425951316627,0.07788173406586246,0.2587459442902229,False,False
0.42326459268612326,0.5,False,0.0,0.0,1.0,0.9375,0.25,0.3119878504417604,0.056464021934118536,0.4097803840717493,False,False
0.44008115372818246,1.0,True,1.0,0.0,0.875,0.9125000000000001,0.25,0.09561136781248471,0.04680492325289274,0.71584395117398,False,False
0.2675053514421566,0.0,False,0.0,0.0,0.875,0.9125000000000001,0.125,0.11217758760876145,0.016558971470189157,0.6379576232038495,True,False
0.37766881102012706,0.5,False,0.0,1.0,1.0,0.825,0.125,0.29890793430418255,0.015814051725440974,0.36570601351085075,False,False
0.20861485165257365,0.75,False,0.0,1.0,0.5,0.5875,0.125,0.4762164826146455,0.10209579137975351,0.2890701432322633,True,False
0.3431884303016989,0.25,False,0.0,1.0,0.75,0.875,0.125,0.30892559450993395,0.007623249585549446,0.4090591698480994,False,False
0.3825398789570088,0.5,False,0.0,1.0,0.875,0.8375000000000001,0.125,0.2694358298955311,0.02545716211512333,0.45688855068327583,False,False
0.19482300767235994,0.0,False,1.0,0.0,0.875,0.9000000000000001,0.125,0.343749322537728,0.03568046435031074,0.3374628271133242,True,False
0.4230561336252575,1.0,False,0.0,0.0,1.0,1.0,0.375,0.47476619373887946,0.4588757301044017,0.24862947977935113,False,False
0.283011683321037,0.0,False,0.0,0.0,0.875,0.9500000000000002,0.25,0.13105269347688694,0.06144467653945501,0.6146656423012589,True,False
0.12515434704073025,0.0,False,0.0,1.0,0.75,0.675,0.125,0.22406850705313414,0.09781959213391789,0.4673376481225393,True,False
0.3872807995717006,0.0,False,0.0,1.0,0.75,0.625,0.125,0.23878230309522974,0.053953068620141875,0.5325193079477344,False,False
0.3815763036271532,0.0,False,0.0,1.0,1.0,0.9375,0.125,0.22665845824786704,0.045639396328905485,0.5568875402438118,True,False
0.6846731544835768,0.25,False,0.0,0.0,0.0,0.0,0.0,0.3318180559460043,0.037906355190504955,0.38078914989536905,False,False
0.49652353185305576,0.5,False,0.0,1.0,1.0,1.0,0.125,0.21283360569427345,0.031083922472223333,0.5133037647072252,False,False
0.0785512070204124,0.0,True,0.0,0.0,0.875,0.9625000000000001,0.125,0.6637911550192158,0.8048488746496073,0.12796464468199797,True,False
0.29909810106782675,1.0,False,1.0,0.0,0.875,0.8625,0.25,0.18900631512161375,0.07029612914465222,0.5123788979495323,False,False
0.2347592869000048,0.0,False,1.0,0.0,1.0,1.0,0.125,0.15563030578814183,0.03614847522094315,0.5733928862710069,True,False
0.3622959114322287,0.0,False,0.0,0.0,1.0,1.0,0.125,0.2685330436699977,0.059145535456147785,0.43325108831267367,False,False
0.37182703586896804,0.75,False,0.0,1.0,0.875,0.8,0.125,0.23269584057563683,0.05666414516080337,0.4461244348444704,False,False
0.16856632059829957,0.0,False,1.0,0.0,1.0,0.9375,0.125,0.2519861100904778,0.10174558748543663,0.4144913141727584,True,False
0.2351606452976025,0.25,False,0.0,1.0,0.75,0.8,0.125,0.0400590148643329,0.036049966910787073,0.8629502869910626,True,False
0.39550777782053437,0.75,False,1.0,0.0,0.0,0.0,0.25,0.4847347025336121,0.08048812360322158,0.2882560245097281,False,False
0.18971800542409967,0.0,False,0.0,0.0,0.75,0.9375,0.25,0.34433397605260313,0.3240354957521004,0.3417241707675456,True,False
0.19978524407306764,0.0,False,0.0,1.0,0.875,0.75,0.125,0.23257849948480958,0.05384420262387745,0.5498267004673105,True,False
0.3067595223219207,0.25,True,0.0,1.0,0.875,0.75,0.125,0.44051663706739985,0.13642360427638903,0.25191509260173417,False,False
0.08660235381352821,0.0,False,1.0,0.0,0.875,0.875,0.125,0.878026574379143,0.45523010923698126,0.046185224330852925,True,False
0.24547874464902375,0.0,True,1.0,0.0,0.875,0.9500000000000002,0.125,0.1390275968044743,0.03253706910139567,0.6142618726941524,True,False
0.3540793656014395,0.5,False,0.0,1.0,0.75,0.6875,0.125,0.1610988026903402,0.028394231858984195,0.6323156617493346,False,False
0.38770557709533604,1.0,False,0.0,1.0,1.0,0.875,0.125,0.21236246688424298,0.015726134804148455,0.6158626294256693,False,False
0.24566777319209177,0.0,True,1.0,0.0,1.0,0.9125000000000001,0.125,0.17658258069470223,0.034965547582532154,0.5617458249897536,True,False
0.3519124745886729,0.0,False,0.0,0.0,1.0,1.0,0.125,0.13639569172301688,0.06699927787406537,0.5882720870349021,False,False
0.22119490524322316,0.0,False,0.0,1.0,0.75,0.75,0.125,0.3290776286869843,0.0439092418980424,0.38843068199938346,True,False
0.4098534653330993,0.25,False,0.0,0.0,1.0,1.0,0.25,0.195055514899598,0.07233257661900301,0.5067820060646244,False,False
0.26481219177777016,0.0,True,0.0,1.0,0.875,0.9375,0.0,0.21987781598311754,0.05162422616758119,0.5072501097126239,False,False
0.25106380151150653,0.0,False,1.0,0.0,1.0,1.0,0.125,0.29241488869923465,0.18896870823708825,0.3864504836887013,True,False
0.3273437640392046,0.5,False,0.0,0.0,1.0,1.0,0.125,0.3425791172282837,0.16972781553058447,0.33297395072949354,False,False
0.4056855398251106,0.25,False,0.0,1.0,0.875,0.9125000000000001,0.125,0.13347815490607404,0.027618393201640987,0.6217458499414792,False,False
0.175152567339807,0.0,False,0.0,0.0,1.0,1.0,0.125,0.3803634911478858,0.0895323663234887,0.3201982442360487,True,False
0.13173748931548046,0.0,False,0.0,0.0,1.0,0.9000000000000001,0.125,0.19565896338009822,0.10076214509607774,0.5176460389990454,True,False
0.22184431301609697,0.0,True,0.0,1.0,1.0,0.9625000000000001,0.25,0.23511616380602315,0.03271106187326408,0.47118923287903147,True,False
0.357431904366342,0.75,False,0.0,1.0,0.875,0.8500000000000001,0.25,0.25320949380219365,0.012580601776005394,0.45757293923423425,False,False
0.4898269224204669,0.5,False,0.0,1.0,1.0,0.9125000000000001,0.25,0.23947132229765614,0.04369008967274739,0.5732482715563552,False,False
0.3568270441449498,0.5,False,0.0,0.0,1.0,0.9625000000000001,0.125,0.18507877267798895,0.07646739200202111,0.5934901520211442,False,False
0.17288931976518618,0.5,False,1.0,0.0,1.0,1.0,0.125,0.4111290828468181,0.23076436779027557,0.26933890653612425,True,False
0.2743863651066005,0.0,False,0.0,1.0,0.75,0.75,0.125,0.3968811492853408,0.10107554185849926,0.32751858872262796,True,False
0.13739093600892593,0.0,False,0.0,0.0,1.0,0.875,0.125,0.28787140171042186,0.09569106560255533,0.46524250570262105,True,False
0.24566777319209177,0.0,False,0.0,0.0,1.0,1.0,0.125,0.18307700335884763,0.04123720883403,0.5067414825815693,False,True
0.2910909143356538,0.25,False,1.0,0.0,1.0,0.9500000000000002,0.125,0.27052685657873515,0.12276796889715651,0.5059459040275953,True,False
0.2983976832608183,0.5,True,1.0,0.0,1.0,0.9500000000000002,0.125,0.22768019868262213,0.09934631689678022,0.4663352932289946,True,False
0.05638946285849755,0.0,False,0.0,0.0,0.5,0.75,0.125,0.7425326918115622,0.8945767467903047,0.09377066477078344,True,False
0.4329931336403118,0.5,False,0.0,1.0,0.75,0.0,0.25,0.2628084037342225,0.046165258455331544,0.49038497862323416,False,False
0.1745894558725003,0.0,True,0.0,0.0,1.0,0.9625000000000001,0.125,0.2488563608361882,0.054026961303025645,0.4158706358475872,True,False
0.175152567339807,0.0,False,0.0,1.0,0.75,0.7625,0.125,0.14159568830927732,0.03665449985452179,0.5993373645367202,True,False
0.3924775082369242,0.5,False,1.0,0.0,0.0,0.0,0.125,0.2841562162455034,0.03798522602561481,0.44358439769860336,False,False
0.16503045611886513,0.0,False,1.0,0.0,1.0,0.9625000000000001,0.125,0.3251196576332151,0.12144395052652282,0.408045270543407,True,False
0.264642504397139,0.0,False,0.0,1.0,0.625,0.6625000000000001,0.0,0.21784890860651493,0.049708991420488416,0.5113919195546643,False,False
0.33389833422413695,0.25,True,1.0,0.0,1.0,0.9750000000000001,0.0,0.17847346999247685,0.02519577349897218,0.7376999961924717,False,False
0.3254256838540833,0.0,False,0.0,1.0,1.0,0.925,0.0,0.22536645911214548,0.037821659990983,0.6402229418871865,False,False
0.08890245099564842,0.0,False,1.0,0.0,0.875,1.0,0.25,0.2987467792466916,0.274617986763937,0.3811125349329867,True,False
0.3388837089179356,0.5,False,0.0,1.0,0.875,0.875,0.125,0.22326486815429974,0.05201399452253141,0.5587549084900594,False,False
0.39264263629844576,0.5,False,0.0,1.0,0.625,0.75,0.25,0.4260581228262293,0.19205981419533624,0.2600862931697965,False,False
0.21702586163541515,0.0,False,0.0,1.0,0.875,0.8,0.125,0.27899842378113215,0.0356049839678515,0.46170770226090774,True,False
0.16856632059829957,0.0,False,1.0,0.0,1.0,0.9875,0.125,0.4495359947363639,0.4220549472827264,0.2513170461582932,True,False
0.26069422746428594,0.5,False,1.0,0.0,0.75,0.7875000000000001,0.125,0.3935251678111493,0.2266818782344163,0.3232660856021017,True,False
0.18123164832544447,0.0,False,1.0,0.0,1.0,1.0,0.375,0.47763779982003074,0.07197361202729616,0.22470565882725047,True,False
0.4098534653330993,0.5,False,0.0,0.0,1.0,1.0,0.125,0.47142024482913886,0.13536868804152827,0.25578638397575726,False,False
0.2113866689982885,0.0,True,1.0,0.0,1.0,0.9625000000000001,0.125,0.4029258067171231,0.028231829246200626,0.29350162069747276,True,False
0.42745099826132626,0.5,False,1.0,0.0,1.0,1.0,0.25,0.5705291539636316,0.11732748262104764,0.16718875356817886,False,False
0.21813250985352595,0.0,False,1.0,0.0,1.0,0.9750000000000001,0.125,0.29018975881042836,0.041809548754434586,0.42634821502783704,True,False
0.12290455240716902,0.0,False,0.0,0.0,0.875,0.825,0.125,0.9770967170071813,0.6131853715354837,0.00830846510813621,True,False
0.20485043200541464,0.0,False,0.0,0.0,0.875,0.9750000000000001,0.125,0.13634561543941814,0.03887407068790551,0.5957675381809424,True,False
0.3918983469302467,0.5,False,0.0,1.0,0.875,0.875,0.375,0.257348109136612,0.21084225611259508,0.4307786023361153,False,False
0.32275400673775134,0.5,False,0.0,0.0,0.875,0.8375000000000001,0.125,0.30826673086643197,0.026735879395422272,0.3526485496077012,False,False
0.31879468553043033,0.5,False,0.0,1.0,0.75,0.8500000000000001,0.125,0.15474549684274705,0.04735581219076552,0.5644326611550057,True,False
0.24088057908739002,0.0,False,0.0,0.0,1.0,0.9875,0.125,0.29094887013383225,0.17980563336228267,0.3797623538455588,True,False
0.19781696967121776,0.0,False,0.0,1.0,0.875,0.6875,0.0,0.2756821826181067,0.12606084210253846,0.43623175461705865,False,False
0.45369466376713896,1.0,False,0.0,0.0,0.875,0.9625000000000001,0.5,0.4540203815677222,0.41129146902823005,0.2470705336789294,False,False
0.26532028250539186,0.0,False,0.0,0.0,1.0,1.0,0.125,0.4469509214427808,0.155148311657095,0.24469945408679106,True,False
0.2989582385018158,0.0,False,0.0,1.0,0.875,0.7750000000000001,0.0,0.3376080359447922,0.032264044440531416,0.37995734916454116,False,False
0.2347592869000048,0.0,False,0.0,1.0,0.875,0.8500000000000001,0.125,0.25366926366317105,0.09330739884398866,0.5530364750180143,True,False
0.1514272581382603,0.0,False,0.0,0.0,1.0,1.0,0.125,0.4487425236618314,0.09477610462173734,0.2942442282035387,True,False
0.1673955100429938,0.0,False,0.0,1.0,1.0,1.0,0.125,0.47868695094104025,0.07811988130762139,0.2908236643526334,True,False
0.3727525860768989,0.5,False,0.0,1.0,0.875,0.9625000000000001,0.125,0.1947286973893343,0.15197598869303244,0.4985933161529017,False,False
0.25964962956097737,0.0,False,1.0,0.0,0.875,0.825,0.0,0.32868666758474296,0.044630670487970384,0.42518819521295304,False,False
0.4098534653330993,0.0,False,1.0,0.0,1.0,0.9625000000000001,0.125,0.1808761189467008,0.026733653290976878,0.5391266856712209,False,False
0.25576595090664944,0.0,False,0.0,0.0,1.0,1.0,0.125,0.43198784366464243,0.13575094146598954,0.25837018757691066,True,False
0.2634501275135426,0.0,True,1.0,0.0,1.0,1.0,0.125,0.3107825241155267,0.06763119486076487,0.42087063451187645,True,False
0.36492017887781325,0.25,False,0.0,0.0,0.75,0.75,0.25,0.1897041820665806,0.04598300082192852,0.6029221759197152,False,False
0.29123711464002977,0.25,False,0.0,0.0,1.0,0.8500000000000001,0.125,0.5180762040517778,0.4201951086553509,0.19669947176075753,False,False
0.3201656894734407,0.5,False,0.0,1.0,1.0,1.0,0.125,0.19994535710819386,0.017994330840549876,0.5351219263760894,False,False
0.25522971112040116,0.0,False,0.0,1.0,1.0,0.925,0.125,0.10185706874309206,0.018643590964630485,0.6895983524316995,True,False
0.25106380151150653,0.0,False,1.0,0.0,1.0,0.9500000000000002,0.125,0.3123688210565847,0.07822197932088494,0.3903421448001978,True,False
0.21434140382802636,0.0,False,0.0,0.0,1.0,0.9625000000000001,0.125,0.21409360828683982,0.03782086190066569,0.5794170660173279,True,False
0.220977906775482,0.0,True,0.0,0.0,1.0,0.9875,0.125,0.4047085657812124,0.1929716959265989,0.27869456921435143,True,False
0.25576595090664944,0.0,False,1.0,0.0,1.0,0.75,0.125,0.5286396580067606,0.4158277512090823,0.18849945040958138,True,False
0.18658298875052648,0.0,False,0.0,0.0,1.0,0.9000000000000001,0.125,0.28282438078842825,0.25315854135082533,0.40256169816441445,True,False
0.5079148973159603,1.0,False,0.0,1.0,1.0,1.0,0.25,0.1572472494173397,0.03402471778759954,0.6475709310384343,False,False
0.20556237051819792,0.0,False,0.0,1.0,0.875,0.8625,0.125,0.22600554577628446,0.05869388497688281,0.5429945004882728,True,False
0.4106008634904176,0.5,False,0.0,1.0,0.875,0.7250000000000001,0.125,0.20380764332336618,0.08584446759732743,0.4925578242342308,False,False
0.26532028250539186,0.25,False,0.0,0.0,1.0,1.0,0.125,0.17454603091887422,0.061252761105717035,0.5503336591123362,False,False
0.08333129346184553,0.0,False,0.0,0.0,0.75,0.75,0.125,0.5674964692562171,0.6269177673446165,0.18747786555214652,True,False
0.13739093600892593,0.0,False,0.0,0.0,1.0,1.0,0.125,0.7642614784214431,0.4422907007186085,0.10343371171245708,True,False
0.12884175632601236,0.0,True,0.0,0.0,1.0,0.9750000000000001,0.125,0.33091911149428355,0.21492352232800857,0.3472279542116412,True,False
0.29909810106782675,0.5,False,0.0,0.0,1.0,0.8,0.125,0.4310813348013862,0.25545579523671375,0.26229896659421925,False,False
0.2807005945079062,0.0,False,0.0,1.0,0.75,0.825,0.125,0.548748003033754,0.02951347604321127,0.17488435605778974,True,False
0.3752277233258695,0.5,True,1.0,0.0,1.0,1.0,0.25,0.46729582158748395,0.0817562276453065,0.28803687877831163,False,False
0.6538612903274695,0.0,False,1.0,0.0,1.0,1.0,0.125,0.211409515550144,0.055356598305301645,0.46330168264881366,False,False
0.3466441438462381,0.0,False,0.0,0.0,1.0,0.9875,0.125,0.21679742713135888,0.1846968679880699,0.4673028265004504,False,False
0.26565820322860956,0.0,True,0.0,1.0,0.875,0.9500000000000002,0.0,0.21987822055078965,0.05162577050251195,0.5072504802137656,False,False
0.41509306129386425,0.5,True,1.0,0.0,0.875,0.9625000000000001,0.125,0.3299725050248636,0.01680136909018819,0.37394642818077184,False,False
0.2807005945079062,0.25,False,1.0,0.0,0.875,0.9125000000000001,0.0,0.23600081612973212,0.009779260508090666,0.4958623272635825,False,False
0.2097750417697718,0.0,True,0.0,1.0,1.0,0.9375,0.125,0.3202928968816004,0.07160003212098606,0.3418656122457051,True,False
0.08890245099564842,0.0,True,0.0,0.0,1.0,0.9750000000000001,0.125,0.5977307249810522,0.5362309296631568,0.18137861931963628,True,False
0.19152150956336766,0.0,False,0.0,1.0,0.875,0.8625,0.125,0.34520639171295586,0.04481707077664444,0.3557232494625957,True,False
0.11479775234119138,0.0,False,1.0,0.0,1.0,0.9375,0.125,0.46334607871953454,0.20286611710547975,0.2278971869989901,True,False
0.2041356256633543,0.0,False,0.0,0.0,1.0,1.0,0.125,0.5685891863973163,0.08489169513230001,0.2307183509444406,True,False
0.2229214057183464,0.0,False,0.0,0.0,1.0,1.0,0.125,0.21565968675008468,0.1378420991230007,0.4938767140679101,True,False
0.20293784567168505,0.0,False,0.0,0.0,1.0,1.0,0.125,0.3041471829655666,0.04174366618315782,0.4535756656918959,True,False
0.283011683321037,0.0,False,1.0,0.0,1.0,0.9875,0.125,0.10966067153010593,0.02052017256217558,0.6684969219951391,True,False
0.33389833422413695,0.0,False,0.0,0.0,0.875,0.8625,0.125,0.09120510299870313,0.0549235648987316,0.7325836889878738,True,False
0.28239833003520975,0.0,True,0.0,0.0,1.0,0.9750000000000001,0.125,0.5659845677073462,0.09221932927508936,0.1689437812996415,False,False
0.26069422746428594,0.0,False,0.0,0.0,0.875,1.0,0.125,0.4006609003197571,0.026297444011246937,0.3128414606319645,False,False
0.3345864617729227,0.0,False,0.0,0.0,0.875,0.8125,0.125,0.272644747181491,0.03386962925783648,0.4655863265455502,False,False
0.11241183227452445,0.0,False,0.0,0.0,1.0,1.0,0.125,0.5183509187038878,0.36340672029747734,0.19393188959079088,True,False
0.18339158825813184,0.0,False,1.0,0.0,1.0,1.0,0.125,0.347219284803763,0.07305019200288108,0.35854269256904137,True,False
0.34610860493463325,0.0,False,0.0,1.0,1.0,1.0,0.125,0.23168664362192534,0.048726709739826166,0.6229493344800532,False,False
0.1682743413758333,0.0,False,1.0,0.0,1.0,1.0,0.125,0.40849186090428646,0.1829152084364065,0.27594431951025955,True,False
0.5548963330470112,0.5,False,0.0,1.0,0.625,0.75,0.25,0.08875464305932264,0.01091381303059475,0.6780657946549122,False,False
0.378385694073332,0.25,False,0.0,1.0,1.0,1.0,0.125,0.2889631468630712,0.03890273888191467,0.4518411041993824,False,False
0.351808626339993,0.5,False,0.0,1.0,0.75,0.7875000000000001,0.125,0.15966202875390098,0.026271027750942415,0.6506121608586404,False,False
0.1920334476056741,0.0,False,0.0,0.0,1.0,1.0,0.125,0.4610453319715145,0.5031635949487425,0.24970769068249932,True,False
0.3388837089179356,0.0,False,0.0,0.0,0.75,0.75,0.125,0.43610882424332875,0.17997907531443558,0.24666685246919262,True,False
0.38262721781504616,1.0,False,1.0,0.0,0.75,0.75,0.25,0.8338067605602721,0.5423280752263658,0.06604912183256673,False,False
0.6018450937058565,0.5,False,0.0,0.0,1.0,0.9625000000000001,0.25,0.08684306283204415,0.04605625997407269,0.677785170548673,False,False
0.18867914175461908,0.0,False,1.0,0.0,0.75,1.0,0.125,0.1036987157534737,0.04652673268024019,0.6908927088612726,True,False
0.3872807995717006,0.5,True,0.0,1.0,1.0,0.9375,0.125,0.19208000791419189,0.10385840557610485,0.501240501015696,False,False
0.4071364630670299,0.0,False,1.0,0.0,0.75,0.75,0.0,0.209178261977404,0.032810607527899875,0.519389906186124,False,False
0.375863829500133,0.5,False,1.0,0.0,0.875,0.825,0.125,0.23627107981213308,0.10966099208923402,0.44389780222968134,False,False
0.3888895729907115,0.5,False,1.0,0.0,0.75,0.75,0.25,0.15686913599942465,0.040466544416291765,0.5848682877970286,False,False
0.3884676236138268,0.5,False,0.0,1.0,1.0,0.75,0.25,0.09474582509501002,0.028081044739012205,0.7063276833849375,True,False
0.3656903445431038,1.0,False,0.0,1.0,0.625,0.7375,0.25,0.38016281020683984,0.03397762668077276,0.31460206593914597,False,False
0.46622879768848413,0.25,False,1.0,0.0,0.875,0.9125000000000001,0.25,0.371672601566159,0.07049032839802298,0.3361733326068572,False,False
0.10588794579889904,0.0,False,0.0,0.0,0.875,0.9000000000000001,0.125,0.5044016971704112,0.1400902144356281,0.21353123728822387,True,False
0.1759938981343364,0.0,False,0.0,0.0,1.0,0.9875,0.125,0.2955673356312851,0.2034497565281192,0.3873164263565785,True,False
0.4166856947247871,0.75,False,1.0,0.0,0.75,0.8375000000000001,0.125,0.07365827933291762,0.02673258121660051,0.7173131269126247,False,False
0.19254391297671025,0.0,True,1.0,0.0,0.875,0.9500000000000002,0.125,0.14697168850361886,0.03478807917682258,0.6002477651231728,True,False
0.479460092154406,1.0,True,0.0,1.0,1.0,0.9125000000000001,0.25,0.17830214760450494,0.02204382974447298,0.5536931876091913,False,False
0.2719593761040271,0.0,False,1.0,0.0,0.875,0.8500000000000001,0.125,0.15107938157680847,0.03154730936821514,0.5795090570682537,True,False
0.21702586163541515,0.0,False,1.0,0.0,1.0,0.9625000000000001,0.125,0.09536288780543205,0.0387587638604454,0.6640834176395818,True,False
0.23273876403659832,0.0,False,0.0,1.0,0.75,0.7125,0.125,0.10718185756673795,0.032780937312846994,0.6824092576074481,True,False
0.1734578435901587,0.5,False,1.0,0.0,0.875,0.875,0.0,0.4022713927427493,0.26698819556444636,0.28488768110853413,True,False
0.4329273806938444,0.5,False,0.0,1.0,0.875,0.75,0.25,0.06945406402746072,0.035867456298661095,0.7252779163590466,False,False
0.14185532831998227,0.0,False,1.0,0.0,1.0,0.9750000000000001,0.125,0.5398788215577953,0.06412060235874299,0.18060737958751938,True,False
0.28285854363842466,0.0,False,0.0,0.0,1.0,1.0,0.125,0.28224805929673563,0.04446154689557034,0.4012622472785845,False,False
0.310075833289598,0.0,False,0.0,1.0,0.875,0.875,0.0,0.07993636077173281,0.03326957796207031,0.8321667417185017,False,False
0.20485043200541464,0.0,False,0.0,0.0,1.0,1.0,0.125,0.20689610022670502,0.09015159454512683,0.4704973663342573,True,False
0.20508806235318777,0.0,False,0.0,1.0,0.75,0.7375,0.125,0.25086450400433635,0.07958271642480025,0.5561480898012203,True,False
0.4329273806938444,0.5,False,0.0,1.0,1.0,1.0,0.125,0.27892791505376396,0.03679782250092761,0.46008226501292926,False,False
0.38419201080660426,0.0,False,0.0,0.0,0.875,0.9000000000000001,0.125,0.28287876868509704,0.011590976670367435,0.4450042158440741,False,False
0.3655942564375413,0.0,True,0.0,0.0,1.0,0.9875,0.125,0.2412084306505154,0.061562888443329564,0.46540697459299274,False,False
0.2451000824035493,0.0,False,0.0,1.0,1.0,0.9375,0.125,0.1406194586149972,0.06454559894272406,0.5806790375066662,True,False
0.5253471358698357,0.75,False,0.0,1.0,1.0,0.25,0.25,0.05978396555330319,0.02567279906365252,0.7380578794143378,False,False
0.25124697627785897,0.0,False,0.0,1.0,0.75,0.75,0.0,0.21054080712296558,0.037579682529376726,0.5210860643054898,False,False
0.7361746598862325,1.0,False,1.0,0.0,0.875,1.0,0.375,0.07804719385425654,0.042089213647053286,0.7834604854365219,False,False
0.18365974150551534,0.0,False,1.0,0.0,0.875,0.9375,0.125,0.4325851493863079,0.24485803730877168,0.2741078856099062,True,False
0.5537349472278513,0.5,False,1.0,0.0,0.625,0.675,0.25,0.16068503066360287,0.05361732322163685,0.6738691070869054,False,False
0.44001797588429603,0.75,False,0.0,1.0,1.0,1.0,0.25,0.12796446602562866,0.02309672896712179,0.6194781511915832,True,False
0.18339158825813184,0.0,False,0.0,0.0,1.0,0.9750000000000001,0.125,0.8112383255992759,0.529515845153555,0.07673978615232446,True,False
0.253249517103329,0.0,True,0.0,0.0,1.0,0.9875,0.125,0.17668106381518145,0.033116905149955043,0.5562833961821421,True,False
0.13564350462413632,0.5,False,1.0,0.0,0.875,0.8875,0.125,0.43650546569844123,0.12270922019240983,0.29910526843285634,True,False
0.2737424067449248,0.0,False,0.0,0.0,1.0,1.0,0.125,0.37852617859329,0.219354775970927,0.3008826825583648,True,False
0.24376836489091658,0.5,False,1.0,0.0,0.875,0.9125000000000001,0.125,0.33802000434075163,0.011053635010331396,0.3725622083372384,True,False
0.15302664056903836,0.0,True,1.0,0.0,1.0,1.0,0.125,0.4284372814599206,0.11888001705247778,0.30256194179843665,True,False
0.24395922323095953,0.0,False,1.0,0.0,1.0,0.9375,0.125,0.2088610238519377,0.030719041520211824,0.5301380350596727,True,False
0.19781696967121776,0.25,False,1.0,0.0,0.75,0.8,0.125,0.21484205520376637,0.014683700301887962,0.583098961691429,True,False
0.3273437640392046,0.25,False,1.0,0.0,0.875,0.7875000000000001,0.0,0.22974315200581857,0.03252845214387919,0.4862607265607517,False,False
0.29442341813256856,0.0,False,0.0,0.0,0.875,0.9125000000000001,0.125,0.41178203081865566,0.24161159970117066,0.2770399108962487,False,False
0.1768312588239036,0.0,False,0.0,1.0,0.75,0.6625000000000001,0.125,0.29302550825018037,0.11312470397588562,0.45760408965507127,True,False
0.4194743405302993,0.25,False,0.0,1.0,0.875,0.875,0.125,0.14656297810198257,0.042549682886551754,0.6093495802430504,False,False
0.21023700219550734,0.0,False,1.0,0.0,1.0,1.0,0.125,0.4107364898131752,0.3137166345779462,0.28283877944563707,True,False
0.19532552244298607,0.0,False,0.0,1.0,0.625,0.525,0.125,0.34109760762297625,0.04138970554840854,0.37323195036613077,True,False
0.19831108880083492,0.0,True,0.0,0.0,1.0,0.9500000000000002,0.125,0.35478168541004845,0.03600021383523709,0.3612779372657875,True,False
0.4032147401138636,0.5,False,0.0,0.0,1.0,1.0,0.25,0.48765245054582,0.053274619401350816,0.21789509589980072,False,False
0.2235645371255457,0.0,False,0.0,0.0,0.875,0.925,0.125,0.4083113936903295,0.2964597936792171,0.2860917474253626,True,False
0.29123711464002977,0.0,True,0.0,0.0,1.0,1.0,0.125,0.16782335781490434,0.06052121940998557,0.5361861178700376,True,False
0.33999747799441093,0.75,False,1.0,0.0,0.75,0.8875,0.25,0.21829421902313792,0.050339036671129614,0.5050662429482993,False,False
0.16885782018472062,0.0,False,0.0,0.0,1.0,0.9625000000000001,0.125,0.36180319608995415,0.11359796356944092,0.36708351984385024,True,False
0.1602036306527207,0.5,True,0.0,0.0,1.0,0.9500000000000002,0.125,0.479075969838434,0.4282126457286552,0.2528485475976765,True,False
0.25894979900733195,0.0,False,1.0,0.0,1.0,0.9750000000000001,0.125,0.35044314364349716,0.057122212154722705,0.3272987502231455,False,False
0.493604371997009,1.0,False,0.0,0.0,1.0,1.0,0.25,0.13908687265788997,0.02043501366873087,0.5894984865559065,False,False
0.4488915929265386,0.5,False,1.0,0.0,1.0,0.9625000000000001,0.25,0.43573404650078557,0.06540392225964808,0.309864928591155,False,False
0.23754991685616444,0.0,False,0.0,1.0,0.875,0.8625,0.125,0.1211565205969539,0.010056897640148938,0.6310634310883434,True,False
0.1697294568213059,0.0,False,0.0,1.0,0.25,0.5,0.125,0.46113227623359526,0.060111391705715674,0.2664558230044507,True,False
0.2397121763990986,0.25,False,0.0,1.0,0.875,0.8125,0.125,0.2089028316168972,0.01632343877000274,0.5450233690233202,True,False
0.233144713316363,0.25,False,1.0,0.0,0.75,0.8375000000000001,0.125,0.44211856395609694,0.06108838758596373,0.2435988179714168,False,False
0.21069776311509292,0.75,False,0.0,0.0,0.875,0.875,0.25,0.3717168993423418,0.030929774217819807,0.33454071068054714,True,False
0.1768312588239036,0.0,False,0.0,1.0,0.75,0.7875000000000001,0.125,0.3576057700418053,0.06166180234657839,0.363248423409388,True,False
0.31320222383114726,0.0,False,0.0,0.0,1.0,0.9750000000000001,0.125,0.2970270829528987,0.14391430740270703,0.41058382856506426,True,False
0.26052055428457976,0.0,False,0.0,0.0,0.875,0.9750000000000001,0.125,0.20099520652213437,0.04911952134593982,0.5043503683146817,True,False
0.2239920000991058,0.0,False,0.0,0.0,1.0,1.0,0.125,0.26878545714380736,0.07165012185854461,0.46413345664788297,True,False
0.49058887266788476,0.75,False,0.0,0.0,1.0,1.0,0.25,0.3600394626273176,0.04270231788948649,0.35299725207970356,False,False
0.22925017703069872,0.0,False,0.0,0.0,0.75,0.75,0.125,0.3038133508475059,0.022479129429674005,0.3977243885396524,True,False
0.1514272581382603,0.0,False,1.0,0.0,1.0,0.9500000000000002,0.125,0.4497062958808774,0.4745273858857388,0.2558077475792109,True,False
0.40313697053250863,0.75,False,1.0,0.0,0.875,0.9125000000000001,0.25,0.4079865505124333,0.01946949532999133,0.2758970046142404,False,False
0.4136327033063071,0.5,False,0.0,0.0,1.0,0.0,0.25,0.4346293746943149,0.01376448547605218,0.24863720240867537,False,False
0.1768312588239036,0.0,False,0.0,1.0,0.875,0.8125,0.125,0.35888522631730707,0.0735834783437224,0.3630213293316513,True,False
0.20884749730392682,0.5,False,1.0,0.0,1.0,1.0,0.125,0.6835579402771146,0.4009466739418366,0.14436412633934026,True,False
0.29755351618285075,0.0,False,0.0,0.0,0.375,0.75,0.125,0.552302277963044,0.11534703702695617,0.17862705457732408,False,False
0.5732309407816579,0.5,False,0.0,0.0,0.875,0.9125000000000001,0.25,0.07863330408363457,0.04813245622171214,0.7291896774360875,False,False
0.2737424067449248,0.0,False,0.0,0.0,1.0,0.9875,0.125,0.23598875401494188,0.04498122570842577,0.4410074580075385,True,False
0.37219783545234,0.0,False,0.0,1.0,1.0,1.0,0.125,0.06754509412950957,0.017951411430025203,0.7745636908386362,False,False
0.23455826676495228,0.0,False,0.0,0.0,1.0,1.0,0.125,0.5844124936026945,0.6251634829464986,0.16642736337927277,True,False
0.48031813647765953,0.5,False,0.0,0.0,1.0,0.9125000000000001,0.25,0.31370953889560493,0.03922838849592438,0.40579833050260516,False,False
0.30662557203613117,1.0,False,0.0,1.0,0.75,0.7000000000000001,0.125,0.1744911862707671,0.07580018105924971,0.5767014019452776,True,False
0.3569279974660443,0.25,False,1.0,0.0,0.625,0.65,0.125,0.17923962390247974,0.031230411844945665,0.5172983361926395,False,False
0.2989582385018158,0.0,True,0.0,1.0,1.0,0.875,0.125,0.37298141918816846,0.09416709872094378,0.3281877339740096,True,False
0.31333130231796635,0.0,True,0.0,0.0,1.0,1.0,0.125,0.21591063521727846,0.057067640437897464,0.523884000883102,True,False
0.3800767732757747,0.5,False,0.0,1.0,1.0,0.825,0.125,0.22019576093076093,0.09021770121812835,0.4523241634863071,False,False
0.3708966328440727,0.0,True,0.0,0.0,0.875,0.9125000000000001,0.125,0.3663664958814774,0.01788200973055428,0.34496687522292113,False,False
0.3394414672750782,0.5,False,0.0,1.0,0.75,0.7125,0.125,0.23255059865971683,0.024454471529173315,0.4937990623546109,False,False
0.19831108880083492,0.0,False,0.0,0.0,0.875,0.75,0.125,0.3897183964430316,0.27334493006990157,0.29528361532621594,True,False
0.3242162693419982,0.0,False,0.0,0.0,1.0,0.9750000000000001,0.125,0.34409986945269166,0.04896075319591608,0.3391873405320487,False,False
0.3394414672750782,0.0,False,0.0,0.0,0.75,0.875,0.125,0.11252717773920312,0.00843382398198303,0.6379651531741164,False,False
0.23090041148935792,0.25,False,0.0,1.0,0.875,0.9375,0.125,0.20677073103163993,0.09656343804896873,0.4802968767781881,True,False
0.25576595090664944,0.0,False,1.0,0.0,1.0,1.0,0.125,0.45827284368634635,0.11619537716815011,0.26413006664947636,True,False
0.42109861505628843,0.25,True,0.0,0.0,1.0,0.9625000000000001,0.125,0.25059606381183175,0.03352486969403489,0.5199831233403556,False,False
0.4344335683667834,1.0,False,0.0,1.0,0.875,0.7875000000000001,0.25,0.1635076231683153,0.04015207514854534,0.54471154663537,False,False
0.4138525246387955,0.25,True,1.0,0.0,0.75,1.0,0.125,0.17692066322122801,0.007715946693428528,0.5542604839723047,False,False
0.37766881102012706,1.0,True,0.0,1.0,1.0,1.0,0.25,0.3216389356695089,0.1716496429480057,0.34765257773497904,False,False
0.215688708956697,0.0,False,0.0,1.0,0.875,0.8500000000000001,0.125,0.2382491913613858,0.05763070813533986,0.5332981520664046,True,False
0.2905049056005683,0.75,False,0.0,0.0,0.875,0.7875000000000001,0.125,0.21985896040192338,0.15128441592656214,0.5033662382139803,False,False
0.3041970138076818,0.0,False,0.0,0.0,0.875,0.9000000000000001,0.125,0.38110730959675077,0.04298188768678491,0.3296649948298489,False,False
0.45439530112217585,1.0,False,0.0,1.0,0.875,0.8,0.125,0.10475523538849489,0.062423150317330756,0.6673584206532714,False,False
0.2397121763990986,0.0,False,0.0,1.0,0.875,0.8125,0.125,0.21114151519806845,0.024439957919787092,0.5918811229743632,True,False
0.1759938981343364,0.0,False,0.0,1.0,0.75,0.7625,0.125,0.27545161476788543,0.06529058651056613,0.449448389206313,True,False
0.30297015610439615,0.0,True,0.0,0.0,1.0,0.9875,0.125,0.44707377998288056,0.029427131933501157,0.2397008457859875,True,False
0.31320222383114726,0.0,False,0.0,0.0,1.0,1.0,0.125,0.2635594463912842,0.030523307811504082,0.46435121218563213,True,False
0.45596169330461367,0.5,False,0.0,1.0,0.25,0.25,0.25,0.24280943352825723,0.036091584238909874,0.47808805988075354,False,False
0.3563214142401151,0.5,False,0.0,1.0,1.0,0.925,0.125,0.24246287455969293,0.09469379296490085,0.4978286658804085,False,False
0.3628824450656146,0.0,True,0.0,0.0,1.0,0.9625000000000001,0.125,0.2993239861546054,0.05949029580337752,0.42897791581607736,False,False
0.311776128813647,0.0,False,1.0,0.0,1.0,1.0,0.125,0.43221963469346897,0.13124214473151943,0.2839943788741175,True,False
0.3207853885551156,0.0,True,1.0,0.0,1.0,0.9500000000000002,0.0,0.43207648641958857,0.072819613875675,0.2797612103494047,False,False
0.18123164832544447,0.0,False,0.0,1.0,0.75,0.8500000000000001,0.125,0.35170911726682796,0.04736152619965032,0.3484994116066784,True,False
0.2778869609101591,1.0,True,0.0,1.0,0.875,0.925,0.375,0.37713965168211677,0.12210130010337227,0.3473192389345232,True,False
0.1839274901469682,0.0,False,1.0,0.0,0.875,0.8625,0.125,0.25920959488012796,0.035461740298907356,0.5048245478479125,True,False
0.1839274901469682,0.0,False,1.0,0.0,1.0,1.0,0.125,0.24410397262370173,0.08836538203544346,0.4448136017758215,True,False
0.3134602869808202,0.5,False,0.0,0.0,0.875,0.9875,0.375,0.35583291333060274,0.2008332170455996,0.3157941547429528,False,False
0.18919933382519116,0.0,False,0.0,0.0,0.75,0.875,0.125,0.23926468712048038,0.12705312151901682,0.43471934421920144,True,False
0.16885782018472062,0.0,False,1.0,0.0,1.0,1.0,0.125,0.2914498064678715,0.05865211078510299,0.4007904838553793,True,False
0.11201104130645712,0.0,False,0.0,0.0,0.75,1.0,0.125,0.5817392398259569,0.22549068632958863,0.16273242205739136,True,False
0.21115733074156973,0.0,False,0.0,1.0,0.75,0.6375000000000001,0.125,0.32927202364479624,0.017048530542478534,0.38539615338767774,True,False
0.3727525860768989,0.5,True,0.0,0.0,1.0,0.925,0.25,0.2713386931842553,0.05354418167396046,0.39109779121098964,False,False
0.507742416111444,0.0,False,0.0,1.0,1.0,0.9875,0.125,0.13524519933428872,0.053422343737775387,0.6448041719109634,False,False
0.2719593761040271,0.0,False,1.0,0.0,1.0,1.0,0.125,0.21099028936294562,0.08088865252724263,0.6561874471682683,True,False
0.1839274901469682,0.0,False,0.0,0.0,0.625,0.75,0.125,0.3631892093084334,0.07094356961706211,0.357686426742313,True,False
0.23375190125738088,0.0,False,0.0,0.0,1.0,0.9750000000000001,0.125,0.29106467073381875,0.005445686178771534,0.439067911924778,True,False
0.21389001927083318,0.0,False,0.0,1.0,1.0,0.9750000000000001,0.125,0.4596595479961703,0.25009510998853424,0.2494017157515156,True,False
0.14687074229750596,0.0,False,1.0,0.0,0.875,0.8625,0.125,0.3053846981553001,0.009640240341164487,0.41156470355603636,True,False
0.3546936481453137,0.25,False,0.0,1.0,0.875,0.8500000000000001,0.0,0.25852653583687635,0.040976467634181765,0.5005444219132384,False,False
0.25964962956097737,0.0,False,0.0,1.0,0.875,0.875,0.125,0.18656930771678776,0.027914889507684032,0.5424864232548567,False,False
0.15897612689682528,0.0,False,1.0,0.0,1.0,1.0,0.125,0.4419689158152516,0.05221432437020492,0.2615918394473269,True,False
0.3357274441343051,0.5,False,0.0,1.0,0.875,0.9000000000000001,0.125,0.3151434620620654,0.04151468789554564,0.40614022330739097,False,False
0.17821813856939095,0.0,False,0.0,0.0,0.875,0.9625000000000001,0.125,0.3491240900807837,0.05621687648142302,0.32990304513898017,True,False
0.4049940975947658,0.75,False,0.0,1.0,0.875,0.8625,0.125,0.07550370846086386,0.02372770767832336,0.713476946290577,False,False
0.2347592869000048,0.0,False,0.0,1.0,0.875,0.8500000000000001,0.125,0.03186886352466233,0.01866413679931093,0.830726923125837,True,False
0.41326572820348073,0.0,False,0.0,0.0,1.0,0.9750000000000001,0.125,0.3044141517563528,0.16987073317351134,0.3651151772282575,False,False
0.34535612476386623,0.5,False,1.0,0.0,0.875,0.8625,0.125,0.1734664227068104,0.06522647139225043,0.5379811452157612,False,False
0.2906515893109086,0.25,True,0.0,1.0,1.0,0.9125000000000001,0.125,0.0812434651314753,0.02396270838064571,0.7297762523686422,True,False
0.05638946285849755,0.0,False,1.0,0.0,0.625,0.75,0.125,0.42548987212788736,0.3044247478903052,0.2737857692747765,True,False
0.23334734023211423,0.0,False,0.0,0.0,1.0,0.9750000000000001,0.125,0.23352586356588945,0.07536949406000017,0.48943391911633394,True,False
0.34132483847626804,0.5,False,0.0,1.0,0.875,0.75,0.125,0.2726465302877202,0.05922390811587775,0.44183872384075173,False,False
0.20317804933718453,0.0,True,0.0,1.0,1.0,0.9375,0.125,0.8138854700477247,0.5335535779504205,0.07528549611889068,True,False
0.3801653325883635,0.5,False,0.0,1.0,0.875,0.8500000000000001,0.125,0.0913788132139262,0.05117665787889513,0.6876616290337889,False,False
0.28285854363842466,0.0,False,1.0,0.0,0.875,0.7875000000000001,0.125,0.15130114130234082,0.04555551610489167,0.5964312418756439,True,False
0.3821900930193708,0.0,False,0.0,1.0,0.875,0.875,0.125,0.27187498369497887,0.022551513964694056,0.4711570882718743,False,False
0.08890245099564842,0.0,False,0.0,0.0,1.0,1.0,0.125,0.8816548393671347,0.6784676591979647,0.04585235166391555,True,False
0.3495084526417568,0.5,False,1.0,0.0,1.0,0.9750000000000001,0.125,0.2792983850639051,0.16669545634361302,0.40981713280898524,False,False
0.17203310413582473,0.0,False,1.0,0.0,0.875,0.9125000000000001,0.125,0.2923410504868733,0.08618250732977664,0.38051145497509875,True,False
0.1878959831851006,0.0,False,1.0,0.0,1.0,1.0,0.125,0.23780097299412553,0.06022815055255266,0.6086977715815922,True,False
0.6821402176176347,0.5,False,0.0,0.0,1.0,1.0,0.125,0.4770323212990145,0.07742546906625063,0.29156935067935796,False,False
0.16050918442021356,0.0,False,0.0,1.0,0.75,0.7375,0.125,0.4052689114392368,0.10468217404742428,0.32015322586215467,True,False
0.22569162861852088,0.0,False,1.0,0.0,0.875,0.8375000000000001,0.0,0.34017759991508695,0.027473600725307475,0.36888491067502405,False,False
0.3274629584421477,0.0,False,0.0,0.0,0.875,0.925,0.125,0.09755630940297466,0.004703926865742173,0.6668280899566845,True,False
0.22695575141330848,0.0,False,0.0,0.0,1.0,1.0,0.125,0.2322078478500487,0.12049286369440768,0.4545728763085779,True,False
0.1602036306527207,0.0,False,0.0,0.0,1.0,1.0,0.125,0.44692041358229845,0.026249814280338228,0.23973027158994187,True,False
0.1514272581382603,0.0,False,0.0,0.0,0.5,0.0,0.125,0.3730755730849576,0.14163632469756096,0.29655965538340734,True,False
0.34492469909686096,0.5,False,0.0,1.0,0.625,0.5875,0.125,0.12175330494346603,0.03977640297383678,0.6386877341881365,True,False
0.31099340096054695,0.0,False,0.0,0.0,1.0,1.0,0.125,0.4848706880627612,0.09642576943536484,0.28554906265102487,False,False
0.19075082257961895,0.0,False,0.0,1.0,1.0,0.9125000000000001,0.125,0.2267843378565256,0.059355561975689905,0.5464208424915324,True,False
0.25522971112040116,0.0,False,0.0,1.0,0.875,0.925,0.125,0.10776860469810441,0.02423358654886166,0.6820392726751603,True,False
0.3790996926429705,0.5,False,0.0,0.0,1.0,0.8625,0.25,0.29479277466485554,0.03629678838806361,0.42015501013969647,False,False
0.43727982773875496,1.0,False,0.0,1.0,0.625,0.875,0.25,0.11878779879861133,0.01029924223717842,0.6310417779114808,False,False
0.29642167662952257,0.5,False,0.0,0.0,0.875,0.9375,0.125,0.2707136781873403,0.04925528842625241,0.39283649047873226,False,False
0.1623315399495997,0.25,False,0.0,1.0,0.75,0.7375,0.125,0.10468058263296164,0.06072635468521076,0.6784514102411561,False,True
0.1514272581382603,0.0,False,0.0,0.0,1.0,0.9625000000000001,0.125,0.541939977446854,0.049613255147353444,0.18352202898217773,True,False
0.3782962419140491,0.25,False,0.0,0.0,1.0,0.9125000000000001,0.125,0.279846138580053,0.019579758095890853,0.4599351086414265,False,False
0.12290455240716902,0.0,False,0.0,0.0,0.625,0.75,0.125,0.42814117280825265,0.06234536935519487,0.28878472436179226,True,False
0.2770974130574285,0.5,False,0.0,0.0,0.875,0.8125,0.125,0.3714237854721576,0.15033984514593168,0.3466509305206098,True,False
0.21115733074156973,0.25,False,0.0,1.0,0.75,0.7750000000000001,0.125,0.23598933668741673,0.06606172953657419,0.5559150559318315,True,False
0.4566534538921255,0.75,False,0.0,1.0,0.75,0.7750000000000001,0.375,0.08157130599351717,0.024040722148074224,0.6854851652214817,False,False
0.31879468553043033,0.0,False,0.0,1.0,0.875,0.925,0.125,0.24739022549087514,0.023643816513979326,0.4756556611991223,True,False
0.40313697053250863,0.5,False,0.0,0.0,1.0,1.0,0.25,0.2614079360058313,0.021421194968098932,0.4544832200785065,False,False
0.5278299554214468,0.75,False,1.0,0.0,0.875,0.9750000000000001,0.25,0.22930971941483697,0.045477003982724584,0.5647274799999209,False,False
0.398806288347323,1.0,False,0.0,1.0,0.875,0.8500000000000001,0.125,0.2177600538762884,0.04877380366550747,0.5067370270164533,False,False
0.23655829365336611,0.25,False,0.0,1.0,0.875,0.8500000000000001,0.125,0.23649660459358493,0.05727495504825457,0.5393621452137856,True,False
0.2508804374664776,0.0,False,0.0,0.0,1.0,1.0,0.125,0.5137200785449694,0.02847365501135347,0.2003821356790727,True,False
0.3201656894734407,0.0,False,1.0,0.0,0.875,0.9125000000000001,0.125,0.2153970894861704,0.1835420249658354,0.4690244681158753,True,False
0.5342982133481179,1.0,True,0.0,1.0,1.0,0.9875,0.25,0.13590124883006569,0.017457305671855303,0.605715304218196,False,False
0.46063584577424066,0.5,False,1.0,0.0,0.625,0.75,0.125,0.14158937595412652,0.042800684990050755,0.5851822973960288,False,False
0.35923421216881024,0.5,False,0.0,0.0,0.875,0.8500000000000001,0.125,0.1538840849720506,0.04070866818609467,0.5901539799840116,False,False
0.3201656894734407,0.0,False,1.0,0.0,1.0,0.9500000000000002,0.125,0.13207911437740222,0.04737731859333319,0.6003083232365265,True,False
0.21456666626282173,0.25,False,0.0,1.0,0.875,0.8500000000000001,0.125,0.13314052155482203,0.027719718356574084,0.6055176631509114,True,False
0.4352143594927004,1.0,False,0.0,1.0,0.75,1.0,0.25,0.07596009317842135,0.05793916771629155,0.7321446748664577,False,False
0.14818458643442645,0.25,False,1.0,0.0,0.875,0.925,0.125,0.39744588536988246,0.14550443749682695,0.27532165383970164,True,False
0.2347592869000048,0.0,False,0.0,1.0,1.0,0.9625000000000001,0.125,0.36456452036025766,0.09133732824205489,0.33347474497101715,True,False
0.22987081477479465,0.0,False,0.0,1.0,0.75,0.825,0.125,0.25583258998980213,0.04499442397455141,0.47000010506424994,True,False
0.25379176517616986,0.0,False,0.0,0.0,1.0,0.9500000000000002,0.125,0.1457355647416596,0.04759028454097273,0.5780636856048293,True,False
0.15206874199191067,0.5,False,0.0,0.0,0.5,0.625,0.25,0.3566883156566615,0.24312832564266895,0.34435656544938564,True,False
0.11281172005477969,0.0,False,0.0,0.0,0.75,0.75,0.125,0.47179530022624716,0.24440732177921784,0.23968251029561727,True,False
0.29909810106782675,0.0,True,0.0,1.0,0.875,0.8,0.125,0.12943607571169607,0.017408171952124,0.6172982198609969,True,False
0.4217301754993822,0.0,False,0.0,1.0,1.0,1.0,0.125,0.12895808785927085,0.003906581984125104,0.6316702366492706,False,False
0.4014958862774084,0.0,False,0.0,1.0,1.0,1.0,0.0,0.27594748682700937,0.03860688332204177,0.4594399452936304,False,False
0.1776646867011754,0.25,False,1.0,0.0,0.875,0.7875000000000001,0.125,0.21569462749493085,0.11486541620754157,0.47161397414615625,True,False
0.2797676648230015,0.0,True,1.0,0.0,1.0,0.9875,0.125,0.0656829191120408,0.03864766366137615,0.737520622194292,True,False
0.26242167414544937,0.0,False,0.0,1.0,0.875,0.7250000000000001,0.125,0.3418963025758517,0.039902892830265914,0.3660671181282331,False,False
0.40196631820177553,0.75,False,1.0,0.0,0.875,0.825,0.125,0.07002825354069975,0.024566721761000894,0.7353949720175241,False,False
0.36826524881740663,0.5,True,1.0,0.0,1.0,0.9625000000000001,0.125,0.10238126336354503,0.03533914297776876,0.6913162832146873,False,False
0.3629800124642518,0.0,False,0.0,1.0,0.75,0.7750000000000001,0.125,0.06348804069822218,0.025922288071110765,0.7217451134926525,False,False
0.32360845694363405,0.0,False,0.0,1.0,0.75,0.5,0.125,0.20637212340486874,0.11179377925498851,0.5567484542009489,True,False
0.34610860493463325,0.0,False,0.0,1.0,1.0,0.9750000000000001,0.125,0.27855293744647563,0.024467100438232355,0.3979463970014552,False,False
0.22184431301609697,0.0,False,0.0,1.0,1.0,0.9375,0.125,0.4515759357923005,0.033203115798659186,0.26214352652711215,True,False
0.3727525860768989,0.0,False,0.0,0.0,1.0,1.0,0.125,0.1404040722096022,0.06926055825035077,0.5966536744689381,False,False
0.2954253601423583,0.25,True,1.0,0.0,1.0,0.9750000000000001,0.125,0.21604167393152876,0.041472916837971746,0.5661451397573101,True,False
0.3067595223219207,0.0,False,1.0,0.0,0.75,0.6625000000000001,0.0,0.18355079546308456,0.021068621115097108,0.54404687202115,False,False
0.22653537694884662,0.0,False,1.0,0.0,0.875,0.9500000000000002,0.125,0.2086868942891374,0.03529000196602628,0.5218730272126151,True,False
0.1602036306527207,0.0,False,0.0,0.0,0.875,0.8875,0.125,0.18259438170596867,0.019714560183845396,0.5428282827114714,True,False
0.2043742145179328,0.0,False,0.0,1.0,0.875,0.8125,0.125,0.2369055581287802,0.05392734781171136,0.536138396546755,True,False
0.2347592869000048,0.0,False,1.0,0.0,1.0,0.9375,0.125,0.35850101666896084,0.054852466594849957,0.35523248638123284,True,False
0.23496007957282694,0.5,False,1.0,0.0,0.75,0.875,0.25,0.4350462611148251,0.23203328898322323,0.2731195079745874,True,False
0.3646305027905482,0.0,False,0.0,1.0,0.625,0.6125,0.0,0.28426591379309557,0.03228347952145806,0.44157009234981537,False,False
0.41646935730065515,1.0,False,1.0,0.0,0.75,0.75,0.25,0.11211418925849621,0.03154212024896301,0.6786343628313203,False,False
0.402201067311312,0.5,False,0.0,1.0,1.0,0.625,0.125,0.15367634308017408,0.0505269818227339,0.5782659444217029,False,False
0.1682743413758333,0.0,False,0.0,1.0,0.875,0.9125000000000001,0.5,0.2505265490004804,0.019598616375460506,0.5197505989888089,True,False
0.36453383891588886,0.0,False,0.0,1.0,1.0,0.875,0.0,0.04361565374748343,0.0396993291940223,0.7772380411201847,False,False
0.34834708746563126,0.0,True,0.0,0.0,1.0,0.9875,0.125,0.20722100811151886,0.018473802116629235,0.5747301757322496,True,False
0.253249517103329,0.0,False,0.0,1.0,1.0,1.0,0.125,0.47167852318013676,0.1092231328813317,0.2732997218577393,True,False
0.2634501275135426,0.0,False,0.0,0.0,1.0,1.0,0.125,0.4256198681366019,0.34736469641142925,0.27008875444186353,False,False
0.17655257740394903,0.0,False,0.0,1.0,0.875,0.8375000000000001,0.125,0.3063267736188879,0.06318400560758608,0.42505525689073576,True,False
0.378385694073332,1.0,True,0.0,0.0,1.0,0.9500000000000002,0.25,0.37207220282522124,0.025092088193273892,0.3246996250750911,True,False
0.3382120764826725,0.0,False,0.0,1.0,1.0,0.9375,0.0,0.22536620383574094,0.037821338503593635,0.640223002722327,False,False
0.4056855398251106,0.0,False,0.0,1.0,1.0,1.0,0.0,0.16256092699855487,0.03125705563861946,0.6239646255921358,False,False
0.20884749730392682,0.0,False,0.0,1.0,0.875,0.8,0.125,0.20646226467208265,0.029652063302177727,0.527736355726466,True,False
0.2118444582293666,0.0,False,0.0,0.0,1.0,1.0,0.125,0.4561449797404976,0.08737961872944287,0.2811062232906396,True,False
0.4152384382597595,0.5,False,0.0,0.0,1.0,1.0,0.25,0.25234191258090166,0.12289906711413387,0.4688355862118405,False,False
0.14785703624482216,0.0,False,0.0,1.0,1.0,1.0,0.125,0.20298013945917834,0.013019832687648118,0.5172266225153856,True,False
0.37080332367410807,0.5,True,0.0,0.0,0.875,0.9500000000000002,0.25,0.42859147601568753,0.3836277626429825,0.2811463494712001,False,False
0.6520340914200581,0.25,False,1.0,0.0,1.0,0.9625000000000001,0.125,0.4424902533968801,0.15871676248277775,0.30678089752644766,True,False
0.3511842573411904,1.0,True,1.0,0.0,0.875,0.9500000000000002,0.375,0.4219906663428893,0.03660778557926739,0.2904408214237564,False,False
0.26173271211552307,0.0,False,1.0,0.0,1.0,1.0,0.125,0.10059972346079252,0.06212626594759374,0.6645612779099404,True,False
0.4315409106151765,0.75,True,0.0,0.0,0.875,0.9750000000000001,0.25,0.18084172939022553,0.013326695562003837,0.5161388505323716,False,False
0.21923229936250388,0.0,False,0.0,1.0,0.875,0.7750000000000001,0.125,0.12020228917905595,0.008194242178283151,0.6324861640137218,True,False
0.3306513109895125,0.0,True,0.0,0.0,1.0,0.9750000000000001,0.125,0.17352230320995193,0.0360493028391599,0.6012765593005462,True,False
0.17001905351870295,0.0,True,0.0,1.0,1.0,0.9750000000000001,0.125,0.42012926823662183,0.23742698136584553,0.26151313233505014,True,False
0.1839274901469682,0.0,True,0.0,0.0,1.0,0.9625000000000001,0.125,0.4840241623948738,0.018250845091964035,0.25459916269591454,True,False
0.31320222383114726,0.0,True,0.0,0.0,1.0,0.9625000000000001,0.125,0.28260319272277895,0.05456784826282923,0.4412102309484056,False,False
0.34535612476386623,0.0,False,0.0,0.0,0.875,0.9125000000000001,0.125,0.30600307042290353,0.18766839698703347,0.37575756863605614,True,False
0.367601260364658,0.0,False,0.0,1.0,1.0,0.0,0.125,0.30918508062523176,0.030972661781367875,0.3760197595273518,False,False
0.1839274901469682,0.0,False,0.0,0.0,1.0,0.9375,0.125,0.3195700428384593,0.031034823988154988,0.3900808493677763,True,False
0.2751880406627567,0.0,True,1.0,0.0,1.0,0.9875,0.125,0.42161646004117787,0.05698409035010126,0.32994243802614776,True,False
0.3879599563902262,0.5,False,1.0,0.0,0.5,0.5,0.125,0.13006719543896755,0.019239091777794568,0.6300134722634576,False,False
0.14785703624482216,0.25,True,0.0,0.0,0.875,0.9500000000000002,0.125,0.46299029484846793,0.12546030505326045,0.2607407647486306,True,False
0.2690024825538354,0.0,False,1.0,0.0,1.0,1.0,0.125,0.10894720546667697,0.018557573435640976,0.6735236668103348,True,False
0.27081532053030977,1.0,False,1.0,0.0,0.875,0.9125000000000001,0.375,0.5301868046537227,0.43860528915017816,0.18867853478216778,False,False
0.3623938017677343,0.75,False,0.0,0.0,1.0,1.0,0.25,0.2974854422619251,0.06005250289614445,0.4110599827283039,False,False
0.37766881102012706,0.5,False,0.0,0.0,0.875,0.9875,0.25,0.23770874613198534,0.0656083322523159,0.4785165661214228,False,False
0.4188346855794297,0.75,True,0.0,1.0,1.0,0.75,0.25,0.23517807498243398,0.07006104316460093,0.45125413785588897,False,False
0.11201104130645712,0.0,False,1.0,0.0,0.875,0.9000000000000001,0.125,0.6968896973031804,0.40253090950783743,0.13664521520104667,True,False
0.3897304736398196,0.75,False,0.0,0.0,0.875,0.8625,0.25,0.1457254813130214,0.03781448388867088,0.5787072104267323,False,False
0.3248220069399107,0.0,False,0.0,1.0,0.875,0.8875,0.0,0.2253661055062443,0.037821083685556145,0.6402239186500829,False,False
0.19831108880083492,0.0,False,0.0,0.0,0.75,0.8125,0.125,0.5102206217323787,0.08258985123046288,0.20510030640421473,True,False
0.16885782018472062,0.0,False,0.0,0.0,1.0,0.9375,0.125,0.28520529501819447,0.11303569662387951,0.38852187681019523,True,False
0.16562468127914087,0.0,False,0.0,0.0,0.75,0.6875,0.125,0.3867971664890849,0.11302712402669017,0.34375313953562237,True,False
0.31333130231796635,0.0,False,1.0,0.0,1.0,0.9750000000000001,0.125,0.4744305579640972,0.03503641383448573,0.2429957820500639,True,False
0.1514272581382603,0.0,True,1.0,0.0,1.0,0.9625000000000001,0.125,0.604393493989304,0.44029576458015157,0.18942259909329318,True,False
0.20245646069050482,0.0,True,0.0,1.0,1.0,1.0,0.125,0.23788869093990955,0.046394446154907266,0.46688525183584995,True,False
0.3590348573406056,0.0,True,0.0,0.0,1.0,0.9375,0.125,0.318929506391363,0.032678794395382064,0.39723250452910475,False,False
0.1839274901469682,0.0,False,1.0,0.0,1.0,0.9875,0.125,0.4655278283664236,0.24946919395233563,0.23778426286483478,True,False
0.2041356256633543,0.75,False,0.0,0.0,1.0,0.925,0.125,0.39253453896280066,0.12458276225346723,0.33343673861889034,True,False
0.25859884600537375,0.0,False,0.0,1.0,0.75,0.75,0.125,0.186734892995984,0.04798829008646652,0.5488045896888993,True,False
0.32004148953752243,0.75,False,1.0,0.0,1.0,0.9500000000000002,0.125,0.21618206466285406,0.08185612827038773,0.4688315582425182,True,False
0.33999747799441093,0.25,False,0.0,1.0,0.75,0.625,0.125,0.2951894419908496,0.01958495693624844,0.4278245295289842,False,False
0.26052055428457976,0.0,False,0.0,0.0,0.75,0.8,0.125,0.45276016790744633,0.2721981555951536,0.24736969067178127,False,False
0.1759938981343364,0.0,False,0.0,1.0,0.875,0.7125,0.125,0.355506365780228,0.03813078718523404,0.3620393360662246,True,False
0.2939922765215156,0.0,False,0.0,1.0,0.875,0.6625000000000001,0.0,0.4476133082377812,0.010643926521584197,0.2656700353743129,False,False
0.27228489892483876,0.0,True,0.0,0.0,1.0,0.9375,0.0,0.22958739243344822,0.07207753929001223,0.49879219561484156,True,False
0.20838190059244077,0.0,True,1.0,0.0,1.0,0.9750000000000001,0.125,0.15767182838670793,0.030774197608518152,0.6774368011683034,False,True
0.13669402701256517,0.0,False,0.0,0.0,1.0,1.0,0.125,0.6913489766361041,0.3062926404222584,0.14127793273415,True,False
0.3568270441449498,0.0,False,0.0,1.0,1.0,1.0,0.125,0.24017259613441216,0.06220117907632154,0.5068605473243755,False,False
0.2229214057183464,0.0,False,0.0,0.0,1.0,1.0,0.125,0.787564774021207,0.4858967405779039,0.08874987915993171,True,False
0.3325140216513377,0.25,False,0.0,0.0,0.875,0.9125000000000001,0.125,0.25532928724143505,0.07821026853701261,0.5383615702045879,False,False
0.3633697464895339,0.5,False,1.0,0.0,0.75,0.875,0.125,0.1806380919834456,0.1242991091856257,0.5232986240596538,False,False
0.32817644840819515,0.0,False,0.0,0.0,0.75,0.75,0.125,0.3914514956348446,0.07342738042679788,0.3148595008961723,False,False
0.25379176517616986,0.0,False,0.0,1.0,0.75,0.7250000000000001,0.125,0.16894917211484836,0.060728048827191995,0.5750123544993118,True,False
0.175152567339807,0.0,False,0.0,0.0,1.0,0.9375,0.125,0.1933429600002166,0.06817807947433273,0.48973480886913534,True,False
0.1878959831851006,0.25,False,1.0,0.0,0.875,0.8875,0.125,0.23655743626717188,0.058355559656344765,0.5853318125862395,True,False
0.24242657760571618,0.0,False,0.0,1.0,0.875,0.9500000000000002,0.125,0.23436425054106624,0.0886318725348321,0.5020547112226321,True,False
0.1632357473303182,0.0,False,0.0,1.0,0.75,0.8500000000000001,0.125,0.47754135385805796,0.07591414751594196,0.2910794034150579,True,False
0.3877904107176021,1.0,False,0.0,1.0,1.0,1.0,0.25,0.28049003580812965,0.05778491750391719,0.4172342613760929,False,False
0.2981167402054462,0.25,False,0.0,1.0,1.0,0.9625000000000001,0.125,0.2516080991444204,0.11102369963482256,0.47612523180402677,True,False
0.46887999066801445,0.5,False,0.0,0.0,0.875,0.8625,0.25,0.15268414786337892,0.049766321372781246,0.5914946608512623,False,False
0.3364085286288315,0.0,False,0.0,0.0,0.875,0.9375,0.0,0.023023137590254393,0.011616832042372183,0.8698743769983168,False,False
0.3221411563468829,0.0,False,1.0,0.0,1.0,1.0,0.125,0.22211427358199198,0.08157764269840598,0.4617434762133663,True,False
0.39550777782053437,0.5,False,1.0,0.0,1.0,0.9500000000000002,0.125,0.19569130912997276,0.0012730845801197399,0.5442060251713687,False,False
0.3496136553644432,0.25,False,1.0,0.0,0.875,1.0,0.125,0.41059883874786496,0.047997478364919244,0.2999439889417268,False,False
0.33193402222412105,0.0,True,1.0,0.0,1.0,0.9625000000000001,0.125,0.041120887723210285,0.019108289884207836,0.8335345288444262,True,False
0.3943672664900938,0.5,True,0.0,0.0,1.0,0.9875,0.25,0.3742949323416446,0.031734166740451694,0.32278221304623056,False,False
0.35530581155820584,0.5,False,0.0,0.0,0.875,0.8125,0.125,0.4642433487066898,0.07594742019071607,0.29035333093398386,False,False
0.27867301131389066,0.0,False,1.0,0.0,1.0,1.0,0.125,0.34241896880376343,0.05418405195288613,0.39809479601325126,True,False
0.37229041440906585,0.0,False,0.0,1.0,1.0,0.8500000000000001,0.125,0.2704215138416313,0.01953918810743284,0.47381785251259445,False,False
0.4494916468356095,0.75,True,0.0,0.0,1.0,0.9625000000000001,0.375,0.26042720400462194,0.14432732695579364,0.42550113555075786,False,False
0.3969634602247728,0.0,False,0.0,1.0,0.875,0.6875,0.125,0.2736580253683623,0.034784283464191074,0.480317006564595,True,False
0.1514272581382603,0.0,False,0.0,0.0,1.0,1.0,0.25,0.4015512305020876,0.19674798179184222,0.2730713522669581,True,False
0.47819067697846307,0.5,True,0.0,1.0,1.0,0.9500000000000002,0.125,0.17968469999477904,0.05642223819647882,0.6139380391499376,False,False
0.19557624719088196,0.0,False,1.0,0.0,0.75,1.0,0.125,0.31573855656109584,0.05444061992974768,0.4128539802488631,True,False
0.5330307686959802,1.0,False,0.0,1.0,1.0,0.875,0.25,0.024583406787307513,0.013498723819898943,0.8632865124055189,False,False
0.1602036306527207,0.0,False,0.0,0.0,1.0,1.0,0.125,0.5196111042376498,0.5709469602508325,0.20927171727686744,True,False
0.34307934735379086,0.0,False,0.0,0.0,1.0,1.0,0.125,0.18848065219984925,0.139609485626479,0.5076548001133423,True,False
0.1682743413758333,0.0,False,1.0,0.0,1.0,1.0,0.125,0.15557359736989493,0.055922162551025396,0.5598857814600218,True,False
0.2550506038158944,0.0,False,0.0,0.0,0.0,0.0,0.125,0.27057583391222495,0.2239014846507033,0.4116765103689217,False,False
0.33228224931863937,0.0,False,0.0,0.0,0.875,0.9625000000000001,0.125,0.4856442612326345,0.04633433114380557,0.2239053256733643,True,False
0.2343570186517372,0.0,False,1.0,0.0,1.0,1.0,0.125,0.2808978598777604,0.06579670822292825,0.38301149374878474,True,False
0.2351606452976025,0.0,False,0.0,1.0,1.0,0.9625000000000001,0.125,0.36802469924741976,0.18766021717895803,0.32628650229960776,True,False
0.3332075278298613,0.0,False,0.0,0.0,1.0,0.75,0.125,0.1762146592871986,0.0694921259579792,0.5354647590407178,False,False
0.29513966780329415,0.0,False,1.0,0.0,1.0,0.9500000000000002,0.125,0.24966521782257187,0.036869242739222485,0.51527842114121,False,False
0.2347592869000048,0.0,True,1.0,0.0,1.0,1.0,0.125,0.24549338647204932,0.013746211020826975,0.4654183369533036,True,False
0.1682743413758333,0.0,False,0.0,0.0,1.0,0.9875,0.125,0.32989111123103315,0.07240030357741552,0.33409505548058127,True,False
0.13877659637533346,0.0,False,0.0,0.0,1.0,1.0,0.125,0.8267341728919,0.52014871127739,0.06909838574636362,True,False
0.4948149298611374,0.5,False,0.0,1.0,1.0,0.875,0.25,0.2391398955504408,0.03516086983446131,0.5646464701388594,False,False
0.3268661841772992,0.75,False,1.0,0.0,1.0,1.0,0.25,0.8916261599192515,0.69248049898975,0.041674257865338404,False,False
0.21069776311509292,0.0,False,0.0,0.0,0.625,0.7000000000000001,0.0,0.379039792342408,0.03583548593520234,0.30537712139509576,False,False
0.2743863651066005,0.0,False,0.0,0.0,0.875,1.0,0.125,0.34925474166717624,0.2340693514953039,0.33060429152387716,True,False
0.4682882633642088,0.0,True,0.0,1.0,1.0,0.875,0.125,0.01922839177065047,0.014597522211781176,0.8605122490211774,False,False
0.2654893233050304,0.0,False,0.0,1.0,0.875,0.75,0.125,0.19448984891802987,0.037823066372464166,0.5499526619464472,True,False
0.17904509321601503,0.0,False,1.0,0.0,0.875,0.9000000000000001,0.125,0.26497342719377887,0.04434311787947648,0.43692243634272065,True,False
0.2412683432816859,0.0,False,0.0,0.0,1.0,1.0,0.125,0.3083092578445195,0.041197300050783495,0.37469566839282287,True,False
0.26532028250539186,0.0,False,0.0,1.0,0.875,0.825,0.125,0.2969685812495329,0.06772741467834538,0.5176281638229394,True,False
0.1682743413758333,0.0,True,0.0,0.0,1.0,1.0,0.125,0.2618850528518748,0.06201833460802003,0.4017429175863003,True,False
0.46882627873869753,0.25,False,0.0,0.0,1.0,1.0,0.25,0.31137848154888664,0.07604142461671835,0.37962709106249926,False,False
0.13281132137964757,0.0,True,1.0,0.0,1.0,0.9750000000000001,0.125,0.6048596236929076,0.6495608625040836,0.16811726131997862,True,False
0.15206874199191067,0.0,False,0.0,0.0,0.875,0.8375000000000001,0.125,0.3569860178820652,0.23281983891478156,0.3303229123242972,True,False
0.26481219177777016,0.0,False,0.0,1.0,0.75,0.8625,0.125,0.0762420760860107,0.03662706645924361,0.7025411375799719,True,False
0.18204470987269283,0.0,False,0.0,0.0,0.875,0.9000000000000001,0.125,0.3356200283803498,0.0604342399882034,0.34792456042600906,True,False
0.24903629993598153,0.25,False,0.0,1.0,1.0,0.8125,0.0,0.31000892238299393,0.014098411286663264,0.4074824643234698,False,False
0.43449876567193646,0.0,True,0.0,1.0,1.0,1.0,0.125,0.22762876395755674,0.0154786386915988,0.587229630237798,False,False
0.25894979900733195,0.0,False,0.0,0.0,1.0,0.9750000000000001,0.125,0.28706481923256594,0.18110423246669682,0.3996133847564012,True,False
0.3268661841772992,0.0,False,0.0,0.0,1.0,0.9500000000000002,0.125,0.3506993412600769,0.045303462497901355,0.3320608487608683,True,False
0.4566534538921255,1.0,False,0.0,1.0,0.875,0.8125,0.25,0.19062098594792692,0.011487751091223426,0.5323024838565702,False,False
0.39800740917972377,0.5,False,0.0,0.0,0.875,0.9375,0.25,0.2028002703773854,0.07144711975550602,0.505785019188588,False,False
0.19781696967121776,0.0,False,0.0,0.0,1.0,1.0,0.125,0.4068669553780674,0.22365963473473183,0.27508271697707687,True,False
0.17655257740394903,0.0,False,0.0,1.0,0.875,0.9125000000000001,0.125,0.24738653629026672,0.05764464528133584,0.5540167692186084,True,False
0.1370428236348713,0.0,True,1.0,0.0,0.875,0.9750000000000001,0.125,0.39225950753048017,0.20587814222378836,0.30604395613800284,True,False
0.31879468553043033,0.25,True,0.0,1.0,1.0,0.9875,0.125,0.3125564439754872,0.07344232899379852,0.3487961959392667,True,False
0.2905049056005683,0.25,True,1.0,0.0,0.875,0.9375,0.125,0.24034396947195028,0.07770464978938278,0.4470179246439008,True,False
0.23754991685616444,0.0,False,0.0,1.0,0.875,0.9000000000000001,0.125,0.11901683659721358,0.014061306055741697,0.6292540705923488,True,False
0.5191860655355697,1.0,False,0.0,1.0,0.875,0.8875,0.25,0.11942769426308136,0.0748380475263674,0.626929566309292,False,False
0.2451000824035493,0.0,False,0.0,1.0,0.875,0.9125000000000001,0.125,0.1650960080182748,0.052045938827993604,0.5568770051728833,True,False
0.21524074289585682,0.0,True,0.0,0.0,1.0,0.9750000000000001,0.125,0.38298942382213386,0.14691840505021653,0.3014763918945347,True,False
0.1839274901469682,0.5,False,0.0,0.0,1.0,1.0,0.25,0.9387284806281563,0.5338163365313411,0.022427653193830555,True,False
0.45026869567540684,0.0,False,0.0,1.0,1.0,0.75,0.125,0.12082079444447291,0.008943206258175579,0.6395884154867812,True,False
0.256122545949362,0.0,True,0.0,1.0,1.0,1.0,0.125,0.24071769387914455,0.02879581779869301,0.4639308869477361,True,False
0.1682743413758333,0.0,True,0.0,0.0,1.0,0.9625000000000001,0.125,0.42581808946264754,0.3504595125415142,0.2875528251921,True,False
0.3422042613240691,0.0,False,1.0,0.0,1.0,1.0,0.125,0.19037028567008635,0.09494173746436434,0.5070938981735036,False,False
0.23028337060200865,1.0,False,0.0,1.0,1.0,1.0,0.125,0.29004061462995484,0.02110613383056286,0.44140486265380363,False,True
0.24773390485161428,0.0,False,0.0,1.0,0.875,0.8500000000000001,0.125,0.12699588358078598,0.02163374164264101,0.6246098996381013,True,False
0.1759938981343364,0.0,False,0.0,1.0,0.875,0.8125,0.125,0.35664937612586867,0.03936401731633887,0.3604954208090454,True,False
0.26850484098812977,0.0,False,0.0,1.0,0.75,0.825,0.125,0.14257706198855674,0.07425206280042157,0.5917641149548791,True,False
0.26532028250539186,0.0,False,0.0,0.0,1.0,0.75,0.125,0.33132992852093557,0.01835060470193153,0.3729113496890497,False,False
0.2205431121343724,0.0,False,0.0,1.0,0.75,0.625,0.0,0.2763002043265958,0.12429562559771545,0.4360069295832376,False,False
0.30809349314989165,0.0,False,1.0,0.0,0.875,0.8875,0.125,0.15882433888179825,0.05693748331271821,0.5844777843462368,True,False
0.18339158825813184,0.0,False,0.0,1.0,1.0,0.8875,0.125,0.45900431344825465,0.13754351920688127,0.2985222483734522,True,False
0.31371797537952617,0.0,True,0.0,0.0,1.0,1.0,0.125,0.13116596949942916,0.023836457446787016,0.6114259038510341,True,False
0.20861485165257365,0.0,False,0.0,0.0,0.875,0.9375,0.125,0.2735539721158479,0.08430634286399524,0.49268793131604305,True,False
0.2772556039184656,0.5,False,0.0,0.0,0.875,0.9125000000000001,0.125,0.2797756191495295,0.11608448377995904,0.3866073173550084,False,False
0.16651230459726163,0.0,False,1.0,0.0,0.875,1.0,0.125,0.37004841512513903,0.02649664011808744,0.32209571867417996,True,False
0.2441498765127298,0.0,False,0.0,0.0,0.75,0.7875000000000001,0.125,0.10352536829163676,0.019634176208998596,0.6623661981877316,True,False
0.15835917607605532,0.0,False,0.0,1.0,0.875,0.925,0.125,0.31452740038846533,0.21075867682352145,0.35560630140691174,True,False
0.4697906147634051,0.5,False,0.0,1.0,1.0,0.9375,0.125,0.10403433747104826,0.032066225171806975,0.6861097610056617,False,False
0.36549811627291795,0.5,False,0.0,0.0,0.875,0.9125000000000001,0.125,0.34288044704939186,0.06919405450020899,0.3630665475273531,False,False
0.27341954910668875,0.75,False,0.0,0.0,1.0,0.9625000000000001,0.25,0.4199657336996671,0.2548313989560699,0.28226787407584086,False,False
0.061795817342488846,0.0,False,0.0,0.0,0.5,1.0,0.125,0.9885174039827228,0.5707498006868618,0.00403707952747534,True,False
0.215688708956697,0.0,False,0.0,0.0,1.0,1.0,0.125,0.42430808295938477,0.07872539557799145,0.2912764148728053,True,False
0.35479582214730054,0.0,False,0.0,1.0,0.75,0.75,0.0,0.2844498200762061,0.03966708266189312,0.44209639254046684,False,False
0.16172616516349725,0.0,False,0.0,0.0,1.0,1.0,0.125,0.3286594086098934,0.07524175430500096,0.35353244273666706,True,False
0.15206874199191067,0.0,True,1.0,0.0,1.0,0.9875,0.125,0.40211032152229403,0.010916660815014866,0.30839744128085567,True,False
0.18339158825813184,0.0,True,1.0,0.0,1.0,1.0,0.125,0.4515609721164616,0.0818243152314381,0.24540790723163664,True,False
0.13352361620659736,0.0,False,0.0,0.0,0.875,0.875,0.125,0.43592923545072926,0.1632345031854329,0.24679095437310572,True,False
0.33389833422413695,0.25,False,1.0,0.0,1.0,0.75,0.125,0.17155715377521963,0.019326651543434163,0.5651742502456742,False,False
0.3460013029308767,1.0,False,1.0,0.0,1.0,0.9625000000000001,0.25,0.34906522984736943,0.12226063636043791,0.3804139853790778,False,False
0.15366237894083623,0.0,False,1.0,0.0,1.0,1.0,0.125,0.2840756111907117,0.16924888810150648,0.4068372809988854,True,False
0.30595429969375776,0.25,False,1.0,0.0,0.875,0.625,0.0,0.1880066244910429,0.034077359172743266,0.5053561372124444,False,False
0.2743863651066005,0.25,False,0.0,0.0,0.875,0.875,0.125,0.12889469260066563,0.03161670390361079,0.6767140435318848,True,False
0.3733056078320337,0.5,False,0.0,0.0,1.0,0.9625000000000001,0.125,0.3090394755808203,0.022188628122158757,0.41232280508336094,False,False
0.220977906775482,0.5,False,1.0,0.0,0.75,0.75,0.125,0.43439007772232924,0.20022608275605702,0.2479480461329593,False,False
0.19532552244298607,0.0,False,1.0,0.0,0.875,0.9500000000000002,0.125,0.4257697995973989,0.17671469953627186,0.2614726189175336,True,False
0.26276515465118755,0.0,False,0.0,1.0,0.625,0.5,0.125,0.3480253330396625,0.03395469619916805,0.3643426729829906,False,False
0.15555604159834224,0.0,False,0.0,1.0,0.75,0.6625000000000001,0.125,0.40475113746127006,0.10667226165950676,0.32815492920358236,True,False
0.4713862863872321,0.5,False,0.0,0.0,0.875,0.9125000000000001,0.25,0.14532728677723847,0.027597115707866268,0.6655940961228239,False,False
0.21115733074156973,0.0,False,0.0,1.0,0.875,0.9125000000000001,0.125,0.09984057126707964,0.05784711297349391,0.6909463759737617,True,False
0.22010724953117922,0.0,False,0.0,1.0,1.0,1.0,0.125,0.24223312442047135,0.09921583838291381,0.4865059780527181,True,False
0.3512884715207659,0.25,False,0.0,0.0,0.875,0.9500000000000002,0.125,0.5250703419863448,0.4122232402719171,0.2427483241950139,False,False
0.4279251488666943,0.75,False,0.0,1.0,0.875,0.875,0.125,0.22470658649177686,0.03075831642745294,0.5608674514114638,False,False
0.2252682452146565,0.0,False,1.0,0.0,0.875,0.9000000000000001,0.125,0.11540340938602724,0.039114488404045064,0.6699610326213259,True,False
0.22862736097375158,0.0,False,1.0,0.0,0.75,0.825,0.125,0.12649232867269397,0.04162074004038702,0.6281731737098362,True,False
0.18123164832544447,0.0,True,0.0,0.0,1.0,0.9125000000000001,0.125,0.3548704923128371,0.1615658092129976,0.3392409354566972,True,False
0.26532028250539186,0.0,False,0.0,1.0,0.75,0.8500000000000001,0.125,0.11993334978356703,0.01182416834938304,0.6411090307643006,True,False
0.36655280410285973,0.0,False,0.0,1.0,0.75,0.65,0.125,0.229326881702568,0.14203512400890866,0.45587096823019446,False,False
0.3484529807619151,0.0,False,0.0,0.0,1.0,0.9750000000000001,0.125,0.2773393181008727,0.03813516373034533,0.39832108374718866,False,False
0.13281132137964757,0.0,False,0.0,0.0,1.0,0.9375,0.125,0.6383072339805619,0.24211965175258754,0.17463002238017888,True,False
0.2488508277113286,0.0,True,0.0,0.0,0.875,0.9500000000000002,0.125,0.3305037535399995,0.05162082651793274,0.36029642009140495,True,False
0.19557624719088196,0.0,True,0.0,0.0,1.0,0.925,0.125,0.31001462243636907,0.1517475449936873,0.36413001608818796,True,False
0.26650020038237876,0.5,False,0.0,1.0,1.0,1.0,0.125,0.3157014187472583,0.046962378313715906,0.3470826031081726,False,False
0.43823980176285293,0.0,False,0.0,1.0,1.0,0.825,0.125,0.04649108297234216,0.04222128445181567,0.7682955142797829,False,False
0.29196631480354684,0.0,False,0.0,0.0,1.0,1.0,0.125,0.37889596227458966,0.1190909291324317,0.35057689567822403,False,False
0.6004433706969098,1.0,False,0.0,1.0,1.0,0.9000000000000001,0.25,0.15484426397246565,0.019842472159592874,0.5911210964481253,False,False
0.1682743413758333,0.0,True,0.0,0.0,0.875,0.9625000000000001,0.125,0.48485235540212296,0.10210313394054106,0.23454704396810677,True,False
0.1759938981343364,0.0,False,0.0,1.0,0.875,0.8,0.125,0.3545945961176042,0.03607926137198312,0.3628696731382004,True,False
0.17655257740394903,0.0,False,0.0,1.0,0.75,0.7375,0.125,0.25418532672264027,0.0490193228743098,0.5189811114238989,True,False
0.1632357473303182,0.0,False,1.0,0.0,1.0,0.9625000000000001,0.125,0.3907676058674588,0.11905679143035974,0.3179301987629528,True,False
0.2820908565425062,0.0,False,1.0,0.0,1.0,1.0,0.125,0.34950877992745855,0.023239117881886585,0.3700186350782786,True,False
0.31320222383114726,0.0,False,0.0,1.0,1.0,0.0,0.0,0.20078649241538496,0.018506908344196948,0.5377233632784704,False,False
0.14818458643442645,0.0,False,1.0,0.0,0.875,0.9750000000000001,0.125,0.42166210295284445,0.05011503183310102,0.2892656723413931,True,False
0.31879468553043033,0.5,False,0.0,1.0,0.875,0.75,0.125,0.6370714084813202,0.6263593544905791,0.15388455199047835,False,False
0.35076678750857593,0.0,False,0.0,1.0,0.625,0.5375000000000001,0.125,0.1874073356976567,0.013675493529477629,0.5501912140774441,False,False
0.4337802744377234,0.75,True,0.0,1.0,0.875,0.875,0.25,0.13536288044278452,0.007006568063134714,0.6162255369166121,False,False
0.5814774823478494,1.0,True,0.0,1.0,1.0,0.9875,0.25,0.0342583118693762,0.022011395991130746,0.835377027081218,False,False
0.378385694073332,0.25,False,0.0,0.0,0.875,0.9625000000000001,0.125,0.09642410514175993,0.04585884315122786,0.711033176934992,False,False
0.2402973393912795,0.0,False,1.0,0.0,1.0,1.0,0.125,0.4181508177081572,0.02792428047224056,0.2679545250555684,True,False
0.21069776311509292,0.0,True,0.0,0.0,1.0,0.9875,0.125,0.5784229017300536,0.08179619487306529,0.15788659418875084,True,False
0.22313604194574843,0.5,False,0.0,0.0,1.0,1.0,0.25,0.47162560478847154,0.4258339283241029,0.25563205249032217,False,False
0.3614124598461156,0.5,True,0.0,1.0,1.0,0.8500000000000001,0.0,0.261741801604348,0.06232268797038398,0.5115923136163985,False,False
0.5893032664857113,0.5,True,0.0,1.0,1.0,1.0,0.25,0.10115551026059144,0.03179860529563775,0.7064880560467328,False,False
0.3028333135086977,0.0,False,0.0,0.0,0.875,0.825,0.125,0.2963205449890642,0.08490977796287866,0.367597361357455,False,False
0.1404935931743213,0.0,False,1.0,0.0,0.875,0.9750000000000001,0.125,0.26117550749689344,0.13217473387687032,0.4304940890396334,True,False
0.16532781743217495,0.0,False,0.0,0.0,1.0,0.9375,0.125,0.4111985216958184,0.022880844014980924,0.2864464630793473,True,False
0.378385694073332,0.5,False,1.0,0.0,1.0,0.9375,0.25,0.3409285706127083,0.04615799986872511,0.4203182029457144,False,False
0.2239920000991058,0.0,False,0.0,1.0,1.0,0.9375,0.125,0.12807935275981225,0.028527253058055885,0.6337598394647608,True,False
0.375773096677097,0.0,False,0.0,0.0,0.875,0.875,0.0,0.2307684565713243,0.07817893716259752,0.5147909667648984,False,False
0.4352143594927004,0.5,False,0.0,1.0,1.0,1.0,0.125,0.07128358395306111,0.022950463109669233,0.7628683493399087,False,False
0.4742228279564221,0.5,True,1.0,0.0,1.0,1.0,0.25,0.2849250784430609,0.03710340825378057,0.45934916688854943,False,False
0.22313604194574843,0.0,False,1.0,0.0,1.0,0.875,0.0,0.3643166700419365,0.05367097882236337,0.3480430087079034,True,False
0.35003384366221735,0.0,False,1.0,0.0,0.625,0.5750000000000001,0.0,0.162812957371778,0.06834618057324525,0.5576029894997119,False,False
0.29123711464002977,0.25,False,1.0,0.0,1.0,0.9375,0.125,0.2784030363674475,0.12758313796696477,0.4880345535705326,True,False
0.18339158825813184,0.5,False,0.0,1.0,0.875,0.8375000000000001,0.125,0.6819118782132767,0.6432269094939524,0.13181359672013082,True,False
0.30595429969375776,0.0,False,0.0,0.0,0.875,1.0,0.125,0.17558471149634744,0.066463958995617,0.543700326780358,False,False
0.20365748341934764,0.0,False,0.0,0.0,1.0,1.0,0.125,0.579577491035118,0.22537195521193304,0.22744154600072597,True,False
0.3813125997220287,0.5,False,0.0,1.0,1.0,0.75,0.25,0.25267835390968596,0.03765373630806465,0.507492866038856,False,False
0.19279859605348382,0.5,False,1.0,0.0,0.625,0.75,0.0,0.47076208130459635,0.024285886736262374,0.23472397357828578,False,False
0.3268661841772992,0.0,True,1.0,0.0,1.0,0.9750000000000001,0.125,0.23355840657826119,0.05224687822675141,0.6255987190234804,False,False
0.507957991434392,0.75,False,1.0,0.0,0.875,1.0,0.25,0.07574357122277706,0.029521265035926447,0.7182082661881957,False,False
0.25999851255513073,0.0,True,0.0,0.0,1.0,0.9125000000000001,0.0,0.1789317541022429,0.0313693710841253,0.5177380928303132,False,False
0.4613096569994547,1.0,False,0.0,1.0,0.875,0.7875000000000001,0.25,0.12972558491467415,0.027323215383618607,0.6205906790260234,False,False
0.21546486728478287,0.0,False,0.0,0.0,1.0,1.0,0.125,0.4306128664371385,0.057387266537705726,0.280682548989857,True,False
0.1682743413758333,0.0,False,0.0,1.0,1.0,1.0,0.125,0.7817337636555575,0.47561032426319183,0.09185169960298101,True,False
0.31461694925963635,0.0,True,1.0,0.0,1.0,0.9875,0.125,0.16604948497806007,0.049915292842759675,0.5734161094246883,True,False
0.3727525860768989,0.25,False,0.0,0.0,0.875,0.9500000000000002,0.25,0.349340389748376,0.03235715292127176,0.3286935343398416,False,False
0.2905049056005683,0.5,False,0.0,0.0,1.0,1.0,0.25,0.8075139804720539,0.522339511146504,0.07852296729737729,False,False
0.3941219145923279,0.75,False,0.0,0.0,0.875,0.9125000000000001,0.375,0.3307652395084925,0.010085857046436204,0.3539101642669158,False,False
0.298537988166803,0.0,True,0.0,0.0,1.0,0.9750000000000001,0.125,0.08881693405237627,0.029684031094651953,0.713216708350811,True,False
0.21069776311509292,0.0,False,0.0,1.0,0.875,0.875,0.125,0.23686351477540432,0.14146414048668277,0.48135825848678504,True,False
0.22313604194574843,0.0,True,1.0,0.0,1.0,0.9500000000000002,0.125,0.3524050909070463,0.1320676933738553,0.3156398384806045,True,False
0.31320222383114726,0.5,False,0.0,0.0,0.75,0.75,0.125,0.26717892300186175,0.01915138206039601,0.40842645477544215,False,False
0.5278299554214468,0.5,True,0.0,0.0,1.0,0.925,0.25,0.2641186469366525,0.04451098605060807,0.44169355087741025,False,False
0.22611400426791528,0.0,False,0.0,0.0,1.0,1.0,0.125,0.31752442263180325,0.03777749143485535,0.40818922421465276,True,False
0.20603541428460392,0.0,False,0.0,0.0,0.875,0.875,0.125,0.25417526798298223,0.006273694645525187,0.4229211450457109,True,False
0.4271115419011168,1.0,False,0.0,1.0,0.875,0.8125,0.25,0.1865625041907316,0.08787504936403107,0.5002089873414768,False,False
0.4059154231455081,0.0,False,0.0,1.0,1.0,0.9500000000000002,0.0,0.2167981222899031,0.023540103208557987,0.5798347585395114,False,False
0.5216762213253386,0.5,False,0.0,1.0,0.875,0.9500000000000002,0.25,0.10343705175775547,0.03839748588949349,0.6958365397870803,False,False
0.3194191825672693,0.0,False,0.0,0.0,0.875,0.875,0.125,0.4112399619397415,0.023509240035684806,0.2864548010385206,False,False
0.32201833187143947,0.5,False,0.0,0.0,0.875,0.875,0.125,0.3939179910526469,0.19814981499894335,0.28792597784894935,False,False
0.47417070936051087,0.0,False,0.0,0.0,1.0,1.0,0.125,0.17172096465997963,0.009917588733871028,0.5615651205687764,False,False
0.38401882477587324,0.5,False,0.0,1.0,1.0,0.875,0.125,0.22472656771973962,0.07822697419176672,0.45765553385963353,False,False
0.2863477466931945,0.0,True,1.0,0.0,1.0,0.9750000000000001,0.125,0.1341183554638273,0.019810690531195635,0.6152351867212631,True,False
0.24773390485161428,0.0,True,1.0,0.0,1.0,0.9875,0.125,0.11900218786555593,0.04178705371479233,0.6599360247405746,True,False
0.37293711822598496,0.0,False,0.0,0.0,0.875,1.0,0.125,0.21504594274535027,0.044285816130589926,0.500031171085491,False,False
0.1878959831851006,0.25,False,0.0,0.0,1.0,0.9750000000000001,0.125,0.3057912918426732,0.18795528742158463,0.37151648277205473,True,False
0.18068753024402562,0.0,False,1.0,0.0,1.0,0.9750000000000001,0.125,0.3952861020316269,0.049789749107052673,0.3177071993443148,True,False
0.3512884715207659,0.0,True,1.0,0.0,1.0,0.9125000000000001,0.125,0.25445539648067644,0.10475232416775244,0.47730952528964044,False,False
0.3333228491454189,0.25,False,1.0,0.0,0.875,0.9375,0.125,0.18741866300622315,0.050977844924859114,0.5265082511216188,True,False
0.3733976107957918,0.5,False,0.0,0.0,0.875,0.925,0.125,0.27407198233863256,0.036228430370654936,0.4685307516051369,False,False
0.30595429969375776,0.0,False,0.0,0.0,1.0,0.8375000000000001,0.125,0.25850052036292376,0.030767828930484954,0.4638375255911711,False,False
0.33999747799441093,0.25,False,0.0,1.0,0.75,0.75,0.125,0.2749614367150296,0.027230635804896357,0.46719290227369736,False,False
0.2701582475274953,0.0,True,0.0,1.0,1.0,0.925,0.0,0.2198779405916769,0.051624788869217515,0.5072503129563308,False,False
0.27882980442263117,0.25,False,1.0,0.0,0.875,0.9125000000000001,0.125,0.06682628374159089,0.0035422765030990546,0.7245858871578892,True,False
0.18123164832544447,0.0,True,0.0,0.0,1.0,0.9750000000000001,0.125,0.27810913839157286,0.16666208763738383,0.40901628913754573,True,False
0.4747431737242275,1.0,False,0.0,1.0,1.0,0.925,0.25,0.27581441544049434,0.033730681976304376,0.4607080738112266,False,False
0.4909686244013677,0.5,False,0.0,0.0,0.875,0.9125000000000001,0.125,0.015615517905311514,0.03338110810272139,0.9059236800065822,False,False
0.43592707917461515,0.75,False,0.0,1.0,0.75,0.825,0.25,0.0719485860621265,0.021014322400082434,0.7310662709612745,False,False
0.16532781743217495,0.0,False,0.0,1.0,0.875,0.8125,0.125,0.12813902126766005,0.05754558909500625,0.6133483708789758,True,False
0.3125554192462777,0.0,False,0.0,0.0,1.0,0.9750000000000001,0.125,0.3210954737834898,0.059052486253825025,0.36346566700955973,True,False
0.19126498563031902,0.0,False,0.0,0.0,1.0,1.0,0.125,0.38869571144066145,0.18027247630037854,0.2934515334693686,True,False
0.23110561590342615,0.25,False,0.0,1.0,0.625,0.7375,0.125,0.3006386050333239,0.025924477366278852,0.41419880720555535,True,False
0.41127084088268273,0.25,True,0.0,0.0,1.0,0.9875,0.125,0.08848500936565047,0.024481925102734385,0.6826205036659481,False,False
0.2539721469395586,0.25,False,0.0,1.0,0.75,0.8500000000000001,0.125,0.29128864417929706,0.06447692254689967,0.3997542754685659,True,False
0.24146190808888657,0.0,False,1.0,0.0,1.0,1.0,0.125,0.21593993390415786,0.07655798057527537,0.48060284563349875,True,False
0.19880383585558348,0.0,True,0.0,0.0,1.0,0.9750000000000001,0.125,0.307952726048098,0.17003530073530448,0.3731946971426956,True,False
0.37229041440906585,0.0,False,0.0,0.0,1.0,1.0,0.125,0.3003446724491588,0.0633380030137708,0.43239748391925414,True,False
0.5041690948138341,1.0,False,0.0,1.0,0.875,0.9125000000000001,0.25,0.17276663314847981,0.06289925954516228,0.6613520029395072,False,False
0.215688708956697,0.0,False,0.0,1.0,0.75,0.7250000000000001,0.125,0.20957623892600102,0.034549401322522925,0.523829734283489,True,False
0.19756939318629507,0.0,True,0.0,0.0,1.0,0.9625000000000001,0.125,0.32535161148286135,0.22645571934170708,0.358170922075173,True,False
0.3207853885551156,0.0,False,0.0,1.0,1.0,1.0,0.125,0.2870337861566864,0.04442476862007102,0.40270893887287573,True,False
0.2351606452976025,0.0,False,0.0,1.0,0.75,0.7875000000000001,0.125,0.03580468233064784,0.03273309574247971,0.8441492640029664,True,False
0.2550506038158944,0.0,False,1.0,0.0,1.0,1.0,0.125,0.6176552773635402,0.26406187733051556,0.19166826743120224,True,False
0.4140720739994729,0.5,False,0.0,1.0,0.875,0.8125,0.25,0.1938564647466216,0.07471597291384637,0.6033731063993915,False,False
0.3801653325883635,0.5,False,1.0,0.0,1.0,1.0,0.125,0.1921983915246237,0.04561035730595477,0.5971794608510697,False,False
0.38838311320546237,0.5,False,0.0,1.0,1.0,1.0,0.25,0.19765056650895824,0.05802517018138936,0.4949236027597972,False,False
0.19126498563031902,0.0,False,0.0,1.0,0.875,0.825,0.125,0.11727917394668552,0.07667524135663938,0.6415734223948415,True,False
0.5035959256853341,0.0,False,0.0,0.0,1.0,1.0,0.25,0.2696596518615252,0.1437155896956175,0.423008138675097,False,False
0.40781962365270374,1.0,False,0.0,1.0,0.625,0.5,0.375,0.9511282948497531,0.45213618752054496,0.017332861229518937,False,False
0.22862736097375158,0.0,False,0.0,1.0,1.0,0.75,0.0,0.3465979659924387,0.034433926589576856,0.36118120125380515,False,False
0.42116889954226056,0.0,False,1.0,0.0,0.875,0.875,0.125,0.09212075433643448,0.044976012753481016,0.6695345964817969,False,False
0.3884676236138268,0.0,False,1.0,0.0,0.875,0.875,0.125,0.2820871337299277,0.03343453418940165,0.45471753212689414,True,False
0.44726123833390286,0.5,False,0.0,0.0,0.875,0.8375000000000001,0.25,0.13128068655192854,0.08111646091456526,0.5989152977163705,False,False
0.3424234377347789,0.5,False,0.0,0.0,0.875,0.8875,0.125,0.3540400333131812,0.2543280973003755,0.3269700783656384,False,False
0.23833924487322566,0.0,True,1.0,0.0,1.0,1.0,0.25,0.5470715600605819,0.0704168231070355,0.17559253574502942,True,False
0.18658298875052648,0.0,False,0.0,0.0,1.0,1.0,0.125,0.3234370185955232,0.268913905675337,0.35121418387558045,True,False
0.37766881102012706,0.5,False,0.0,1.0,0.75,0.7875000000000001,0.125,0.09535665489462299,0.05554109063667889,0.6741665296707784,False,False
0.26532028250539186,0.0,False,0.0,0.0,1.0,0.9750000000000001,0.125,0.29235665287898593,0.04225424712346351,0.3964748799112663,True,False
0.18339158825813184,0.0,True,0.0,0.0,1.0,0.9750000000000001,0.125,0.3245037112362496,0.06157794677935374,0.3388559498340791,True,False
0.39023310792752486,0.5,False,1.0,0.0,1.0,0.9500000000000002,0.25,0.28669370324582805,0.02743528415750064,0.44702155731898285,False,False
0.6528167605626022,0.5,False,1.0,0.0,1.0,0.9750000000000001,0.25,0.10483949366933248,0.043855679781023504,0.682990162677815,False,False
0.37070996541347856,0.5,False,0.0,1.0,0.875,0.9125000000000001,0.125,0.30852289603464494,0.053532039318187966,0.40170719885248807,False,False
0.12138868484715493,0.0,False,1.0,0.0,0.875,0.8125,0.125,0.3699685908896788,0.01848088793180911,0.3390143584108636,True,False
0.30297015610439615,0.0,True,0.0,0.0,1.0,0.9750000000000001,0.125,0.18884286508548812,0.06978596941839663,0.571480415278278,True,False
0.444140202861386,1.0,False,0.0,0.0,0.875,0.9000000000000001,0.25,0.08852329690546958,0.009921250976961471,0.7246918567896459,False,False
0.2347592869000048,0.0,True,0.0,0.0,0.875,0.925,0.125,0.24022344648578287,0.08330094257972472,0.43783983788281855,True,False
0.1564953483824092,0.0,False,1.0,0.0,1.0,1.0,0.125,0.4090713850346106,0.10577460170176459,0.2805769101210971,True,False
0.47885190605656647,1.0,False,0.0,1.0,0.75,0.65,0.25,0.27358384060397634,0.034932139462824835,0.4694302660278975,False,False
0.29123711464002977,0.0,False,0.0,0.0,0.875,0.8500000000000001,0.125,0.1340006671905088,0.03035317189714395,0.604997216222281,False,False
0.21658126268110822,0.0,False,0.0,0.0,1.0,1.0,0.125,0.3731685536622205,0.0932322474279058,0.34913477479123634,True,False
0.10083264596088737,0.0,False,1.0,0.0,0.875,1.0,0.125,0.5172904492480767,0.4169452978997633,0.1968746152244749,True,False
0.6559695116145975,0.75,False,1.0,0.0,1.0,0.9500000000000002,0.25,0.0599879253883098,0.029128945452148836,0.8675171708354061,False,False
0.4348894472647621,0.25,False,0.0,1.0,1.0,1.0,0.125,0.10750137815487042,0.048076057034215254,0.6753544223201269,False,False
0.08660235381352821,0.0,False,0.0,1.0,0.875,0.8375000000000001,0.0,0.4882544352350328,0.15514291828951715,0.2905227874507541,True,False
0.12774355668892456,0.0,False,0.0,0.0,1.0,0.9125000000000001,0.125,0.5332076316946321,0.1373543711782892,0.18362356594914409,True,False
0.3659782970684552,0.5,False,1.0,0.0,1.0,0.75,0.125,0.44410408453994293,0.07811907320910125,0.3047380709520946,False,False
0.2252682452146565,0.0,False,1.0,0.0,1.0,0.9500000000000002,0.125,0.2747784930861076,0.1563978039229711,0.40321841542670267,True,False
0.5339635933026349,0.5,False,0.0,1.0,1.0,0.9125000000000001,0.25,0.09603478390544604,0.030503634542337173,0.7280070527351681,False,False
0.44457184424879104,0.5,False,0.0,0.0,1.0,0.9375,0.25,0.26946494653104924,0.012420688286184058,0.4746494684624982,False,False
0.1514272581382603,0.0,False,0.0,0.0,0.625,0.9750000000000001,0.125,0.3031949802949086,0.11389406746679655,0.3617320208432051,True,False
0.19781696967121776,0.0,True,0.0,0.0,1.0,0.9750000000000001,0.125,0.2837154918731904,0.1368229638954659,0.3915394869562112,True,False
0.2005177546003617,0.0,True,1.0,0.0,1.0,0.9750000000000001,0.125,0.48965448948010787,0.292041388785048,0.21117548829749055,True,False
0.11241183227452445,0.0,True,0.0,0.0,1.0,0.9500000000000002,0.125,0.435388689641059,0.2576304888051233,0.24848707703133477,True,False
0.35530581155820584,0.0,False,0.0,0.0,0.875,0.875,0.125,0.4082856551765227,0.13200882365597147,0.3212694784844574,False,False
0.21023700219550734,0.0,True,1.0,0.0,1.0,1.0,0.125,0.4697681342569506,0.14786767260278166,0.2582013283011031,True,False
0.19075082257961895,0.0,True,1.0,0.0,1.0,0.9750000000000001,0.125,0.3322339071951635,0.04170148062134664,0.3777852489536875,True,False
0.3172868642569945,0.0,False,1.0,0.0,0.0,0.5,0.0,0.34599260912017976,0.08197142282816464,0.3573707908521866,True,False
0.3228763232373576,0.25,False,1.0,0.0,0.75,0.7625,0.0,0.22762207575547505,0.036420076605854314,0.4903993737775125,False,False
0.283011683321037,0.0,False,0.0,0.0,0.875,1.0,0.125,0.40654173435726537,0.06362332226239763,0.32986808245750665,True,False
0.39379425013631775,0.0,False,0.0,0.0,1.0,1.0,0.125,0.261938260197816,0.0342633467399554,0.4657149065197157,False,False
0.16885782018472062,0.0,True,1.0,0.0,1.0,0.9750000000000001,0.125,0.43256266241835517,0.181593247273746,0.2491993137551889,True,False
0.3267465881087811,0.5,True,0.0,0.0,0.875,0.9750000000000001,0.125,0.2931453362158457,0.017908149638192355,0.3912126102143376,False,False
0.07903505181335913,0.0,False,1.0,0.0,0.875,1.0,0.125,0.556058732277944,0.17341021915416358,0.17027355585291604,True,False
0.5612313448987142,0.5,False,0.0,0.0,1.0,0.9625000000000001,0.25,0.06822866200944543,0.0462227738378223,0.708835885609608,False,False
0.3326297943954285,0.0,False,0.0,1.0,0.875,0.9000000000000001,0.0,0.22540057752571546,0.036707878319158616,0.6574600416001624,False,False
0.3424234377347789,0.0,False,0.0,0.0,1.0,0.875,0.125,0.13461509928970472,0.04859654823056679,0.6480857215608711,False,False
0.1210076859605198,0.0,False,0.0,0.0,1.0,0.9125000000000001,0.125,0.503026279408466,0.11678377646792228,0.20977374155841644,True,False
0.6505548054557272,1.0,False,1.0,0.0,1.0,0.9125000000000001,0.375,0.2817657098262261,0.0725558221211058,0.44188422452274945,False,False
0.5061389667060338,0.0,False,0.0,1.0,0.875,0.9000000000000001,0.125,0.04624087650407907,0.02857311925407987,0.8149109011606064,False,False
0.44859080334205326,1.0,False,0.0,1.0,1.0,0.875,0.25,0.12105779475296864,0.016129164211519036,0.6259164740680494,False,False
0.5585624984763081,0.75,False,0.0,1.0,1.0,1.0,0.375,0.20292676377475624,0.10079741717834542,0.48839728423640283,False,False
0.38060746741076124,0.0,True,1.0,0.0,1.0,0.9125000000000001,0.125,0.2142813399859344,0.0882828131900482,0.6323327845285927,False,False
0.19781696967121776,0.0,False,0.0,0.0,1.0,1.0,0.125,0.2959079365207498,0.017868285315195864,0.3659225935568551,True,False
0.32201833187143947,0.5,False,1.0,0.0,1.0,0.9750000000000001,0.125,0.4168568014701772,0.012255179790145187,0.26881627390639773,False,False
0.15711880197023254,0.0,False,0.0,1.0,0.75,0.7625,0.125,0.24263617808106797,0.04554465350772171,0.5616231780345331,True,False
0.4268395084927187,0.5,False,0.0,1.0,0.25,0.5,0.0,0.27064003969607736,0.047292986593042555,0.4748901081317074,False,False
0.33389833422413695,0.25,False,0.0,0.0,1.0,1.0,0.125,0.29688700471093227,0.016726512659412662,0.4306129377868546,False,False
0.5158380303241669,0.5,False,0.0,1.0,0.625,0.6625000000000001,0.25,0.009488723708094098,0.020510191953904668,0.9456973738185921,False,False
0.20931187557619513,0.0,True,1.0,0.0,0.875,0.9375,0.125,0.2709254873583743,0.007175686079843289,0.47338293750300475,True,False
0.2508804374664776,0.5,True,1.0,0.0,1.0,0.9500000000000002,0.125,0.34381611185539723,0.11297664121199241,0.3723525379523662,False,False
0.16413537063823236,0.0,False,0.0,1.0,0.625,0.75,0.125,0.447467169468442,0.11311996415485327,0.29252030556067066,True,False
0.43963843573356554,0.5,False,0.0,1.0,0.875,0.6625000000000001,0.25,0.11679396100603968,0.05016153462497107,0.6620167523327729,False,False
0.15206874199191067,0.0,True,1.0,0.0,1.0,0.9875,0.125,0.3443309421176849,0.18387302622867158,0.33171578893050846,False,True
0.332050173867274,1.0,False,0.0,1.0,0.875,0.875,0.125,0.8661530437622212,0.4497000279063736,0.05108778708104866,False,False
0.26481219177777016,0.0,False,0.0,0.0,1.0,1.0,0.125,0.2085883598281943,0.08541585458463816,0.4753882798867606,False,False
0.2451000824035493,0.0,True,0.0,0.0,1.0,0.9750000000000001,0.125,0.16925198813492093,0.03019405992030089,0.5325796903875548,True,False
0.2807005945079062,0.0,False,0.0,1.0,0.875,0.825,0.125,0.5487481128430434,0.029513433540685332,0.17488429269778183,True,False
0.3976066168357054,0.25,False,0.0,1.0,0.875,0.8500000000000001,0.125,0.08459581726987886,0.018278659453595855,0.6820089994495429,False,False
0.19831108880083492,0.0,False,0.0,0.0,0.875,0.875,0.125,0.22465019573808528,0.11772543856954,0.4475580967481467,True,False
0.5189837155389739,0.75,False,1.0,0.0,0.875,0.875,0.25,0.3527271140074502,0.1491412899947242,0.33006869988038123,False,False
0.21702586163541515,0.0,False,0.0,1.0,0.875,0.9000000000000001,0.125,0.19610194583913307,0.10877166029182898,0.4959234009760485,True,False
0.2906515893109086,0.0,False,1.0,0.0,1.0,1.0,0.125,0.3225060181763052,0.089212826457329,0.3393132161631869,True,False
0.37963331254600596,0.5,False,0.0,1.0,1.0,0.9000000000000001,0.125,0.3169162841471975,0.014874967945515754,0.36870720999875095,False,False
0.540789817379096,0.75,False,1.0,0.0,0.875,1.0,0.25,0.10913850799568602,0.02909627664044293,0.6516581794140066,False,False
0.23951669247323193,0.0,True,0.0,0.0,1.0,0.9375,0.125,0.2847583001967506,0.020628323710425465,0.4509273427196634,True,False
0.3963179640618252,0.5,False,0.0,1.0,0.875,0.925,0.125,0.2142783308366356,0.034863998375101776,0.511961254272574,False,False
0.35003384366221735,0.25,False,0.0,1.0,0.5,0.5,0.125,0.20907362273295396,0.12585133013550465,0.5392331341967065,True,False
0.23496007957282694,0.0,True,0.0,0.0,1.0,0.9375,0.125,0.4103743776816866,0.3442651787570256,0.27748600135899726,True,False
0.39832739255990257,0.0,False,1.0,0.0,0.875,0.825,0.125,0.24339028337435925,0.01303540705430654,0.46895442228220285,False,False
0.35076678750857593,0.5,False,1.0,0.0,0.875,1.0,0.125,0.19942426050527784,0.04349394999263635,0.5198130044010425,False,False
0.329947722434342,0.25,True,1.0,0.0,0.875,0.9000000000000001,0.125,0.2440692238326652,0.046473982166578824,0.5115521612509459,True,False
0.3087567368117331,0.25,False,0.0,0.0,0.875,0.9000000000000001,0.125,0.19011187859955914,0.05961184598057281,0.49502108127958366,False,False
0.1849944629541187,0.0,False,0.0,1.0,0.75,0.7750000000000001,0.125,0.21270049949472847,0.038233251970562016,0.5169964607437745,True,False
0.4418410624234056,0.75,False,0.0,1.0,1.0,0.625,0.25,0.2993278776997141,0.01323849112314332,0.36182156731571613,False,False
0.3326297943954285,0.0,False,0.0,1.0,0.875,0.9000000000000001,0.0,0.22536620473008329,0.037821356113071615,0.6402228902003233,False,False
0.16885782018472062,0.0,False,0.0,1.0,0.875,0.75,0.125,0.18289807595107052,0.06163323990099645,0.5191366708966627,True,False
0.3401084713842951,0.0,False,1.0,0.0,0.875,0.875,0.5,0.40888032427280196,0.21559774138028706,0.26688037030426415,True,False
0.061795817342488846,0.0,False,1.0,0.0,1.0,0.5,0.5,0.807960201110997,0.5271016201231065,0.07848452624937896,True,False
0.3312355112379316,0.5,False,0.0,0.0,0.625,0.6625000000000001,0.125,0.44773840405076243,0.302093881825698,0.29694956085327817,False,False
0.32614739571272533,0.0,False,0.0,1.0,1.0,0.875,0.125,0.1367668763247842,0.003465029492650627,0.6191484675200134,True,False
0.41326572820348073,1.0,False,0.0,0.0,0.875,0.9125000000000001,0.25,0.20499497792328314,0.06993583051344196,0.6668378834328195,False,False
0.2347592869000048,0.0,False,0.0,0.0,1.0,1.0,0.125,0.45417098200897366,0.20952846324314323,0.23414898526108785,False,False
0.5056158019877629,0.5,False,0.0,1.0,0.75,1.0,0.125,0.20383917397687268,0.16142651831164337,0.4822824644188157,False,False
0.283011683321037,0.0,True,1.0,0.0,1.0,0.9375,0.125,0.4575025761779342,0.03167509820702759,0.24514551152993636,True,False
0.264642504397139,0.0,False,0.0,0.0,1.0,1.0,0.125,0.2702135935792081,0.11561263647560749,0.39672580023806914,False,False
0.46606518573661726,0.5,False,0.0,1.0,1.0,1.0,0.125,0.432650690828842,0.04694049038637179,0.31289476357645896,False,False
0.20317804933718453,0.0,False,1.0,0.0,0.875,0.8875,0.125,0.2699703356203054,0.21292065034058436,0.42164545719940727,True,False
0.30595429969375776,0.0,False,1.0,0.0,0.0,0.0,0.125,0.4478731926641577,0.05313612612449186,0.27927028841658585,False,False
0.14687074229750596,0.0,False,0.0,0.0,1.0,0.9500000000000002,0.125,0.33867444809370745,0.10756097473828605,0.3924732322492639,True,False
0.253249517103329,0.0,False,0.0,0.0,0.875,0.9625000000000001,0.125,0.45291323737357164,0.10108043842774461,0.24483530472538573,False,False
0.21923229936250388,0.25,False,0.0,0.0,0.875,0.9000000000000001,0.125,0.3828214934303994,0.023573378564472076,0.30229189782145127,True,False
0.45181265927934156,0.25,False,1.0,0.0,1.0,1.0,0.125,0.238206471483559,0.06868807040752545,0.5219415330206281,False,False
0.24146190808888657,0.0,True,0.0,0.0,1.0,0.9875,0.125,0.3649809763606995,0.16232555788829228,0.31286676124867907,True,False
0.5503741948502873,1.0,True,0.0,1.0,1.0,0.9625000000000001,0.5,0.1558248154209515,0.0200591484315035,0.7353388411517292,False,False
0.2541523455280844,0.0,False,0.0,1.0,0.75,0.75,0.125,0.1887956833800693,0.0369659542126399,0.5485179675123615,True,False
0.1697294568213059,0.0,False,1.0,0.0,0.875,0.925,0.125,0.22913911695233094,0.16486798003819725,0.48344779348712286,True,False
0.10211003656277295,0.0,False,0.0,1.0,1.0,0.9625000000000001,0.125,0.6201168489416783,0.7384671181146838,0.15492522607073123,True,False
0.3512884715207659,0.25,False,1.0,0.0,0.875,0.8500000000000001,0.125,0.026372051246261952,0.015064763247195806,0.8552296853588723,True,False
0.2235645371255457,0.0,False,1.0,0.0,0.75,0.7250000000000001,0.125,0.11505549965417383,0.06337282386344868,0.6461514590351314,True,False
0.33999747799441093,0.5,False,0.0,1.0,1.0,0.8875,0.125,0.11426177178202888,0.046615935055436875,0.6572018869097458,False,False
0.33135212084661003,0.0,True,0.0,0.0,1.0,0.9375,0.125,0.24662467775722383,0.0408830889433332,0.5359740513369768,True,False
0.3969634602247728,0.0,False,0.0,0.0,1.0,0.9375,0.125,0.1011003883636005,0.045856108783464654,0.7044199113571499,False,False
0.2451000824035493,0.0,False,0.0,0.0,1.0,1.0,0.125,0.275794333535686,0.1526498740423066,0.39372556181039187,True,False
0.08660235381352821,0.0,False,0.0,1.0,0.875,0.875,0.125,0.5243393723190258,0.09463171021110407,0.1890121886603846,True,False
0.256122545949362,0.0,False,0.0,0.0,0.75,0.875,0.0,0.5433892086656809,0.47861704831810115,0.21864173573366075,False,False
0.25594433800208805,0.0,False,1.0,0.0,0.875,0.9125000000000001,0.125,0.1076595287412837,0.040747527033251255,0.6525112043158456,True,False
0.15897612689682528,0.0,False,1.0,0.0,0.875,0.7875000000000001,0.125,0.35251223682570615,0.09225840649659109,0.36793732101649335,True,False
0.1968245844728419,0.0,False,1.0,0.0,0.875,0.9500000000000002,0.125,0.41848497848432575,0.10711331516297837,0.27141696837871154,True,False
0.1776646867011754,0.0,False,0.0,0.0,1.0,1.0,0.125,0.9999995709594186,0.5971011056168041,1.4789330671227674e-07,True,False
0.4720205589937244,1.0,False,0.0,1.0,0.75,0.75,0.25,0.24755789304537842,0.030346176499870803,0.5283090576882188,False,False
0.30145905203355305,0.0,False,0.0,1.0,0.875,0.8625,0.0,0.17635116519690203,0.019114313749791653,0.5548106004138074,False,False
0.3727525860768989,0.0,False,0.0,0.0,1.0,1.0,0.125,0.2972741420092634,0.05663233370271289,0.3909603138028477,False,False
0.19075082257961895,0.0,False,0.0,1.0,0.875,0.8125,0.125,0.1010910411223763,0.034998652302794434,0.7112383978825494,True,False
0.16885782018472062,0.0,False,1.0,0.0,0.875,0.875,0.125,0.16189225007167757,0.03699564933664865,0.6183686650376217,True,False
0.2571880515761136,0.5,False,0.0,1.0,0.875,0.7750000000000001,0.125,0.21218497121998478,0.020638422866573414,0.5437161229964287,True,False
0.23496007957282694,0.0,False,1.0,0.0,0.75,0.7875000000000001,0.125,0.25485487315357014,0.06906667554115609,0.5438186638351901,True,False
0.4528149588716198,0.5,True,1.0,0.0,0.75,0.75,0.25,0.23071889366078172,0.07102175987766454,0.45613098887948245,False,False
0.269993598409354,0.0,False,0.0,0.0,0.75,0.7125,0.125,0.2655442709768861,0.01651617776035259,0.48333124140132555,True,False
0.1839274901469682,0.0,True,0.0,0.0,1.0,0.9875,0.125,0.4165972137218673,0.12886863546323826,0.3143561032894877,True,False
0.2229214057183464,0.0,False,1.0,0.0,0.0,0.5,0.125,0.6560861861759973,0.814992910134197,0.1343949385624199,True,False
0.2641324664963399,0.0,False,1.0,0.0,0.75,0.875,0.0,0.3222511262018888,0.0408302364952682,0.40797054041511327,False,False
0.29755351618285075,0.0,False,0.0,1.0,0.875,0.8500000000000001,0.0,0.33843348820327057,0.021962254028069127,0.3789045295186255,False,False
0.13669402701256517,0.0,True,1.0,0.0,1.0,1.0,0.125,0.4757701042955959,0.03836452104748896,0.22044560964333693,True,False
0.25999851255513073,0.0,False,1.0,0.0,1.0,0.8375000000000001,0.125,0.29451671790386863,0.03316498819844554,0.36600322568548105,True,False
0.33955280887912653,0.0,False,0.0,1.0,0.75,0.6625000000000001,0.125,0.24914738101705156,0.0906563104804028,0.42775318426519515,False,False
0.3165281216925372,0.25,False,0.0,0.0,0.75,0.8625,0.125,0.20967593239491567,0.03650327588405672,0.4657410780324307,False,False
0.1539793960592688,0.0,True,0.0,0.0,1.0,0.9625000000000001,0.125,0.3222952104895852,0.15961252833078238,0.35188242943511305,True,False
0.16885782018472062,0.0,False,0.0,1.0,0.75,0.7625,0.125,0.2674090572162054,0.0741307753046737,0.5034599303375384,True,False
0.06755853425954395,0.0,False,1.0,0.0,0.875,0.9000000000000001,0.125,0.605523644920224,0.6583336137595714,0.15444388435044032,True,False
0.1632357473303182,0.0,False,0.0,1.0,0.75,0.7125,0.125,0.33102185877705803,0.01817942810560637,0.3865873759472709,True,False
0.20838190059244077,0.0,False,0.0,1.0,1.0,1.0,0.125,0.17492499374244758,0.07967620205670703,0.5276280014158683,True,False
0.4286003166512321,0.0,True,0.0,0.0,1.0,0.9875,0.125,0.18216208005278958,0.05269341567643865,0.5187358388812455,False,False
0.29442341813256856,0.0,False,0.0,1.0,0.75,0.8500000000000001,0.125,0.10336776636383407,0.020110468589905655,0.6972368425185813,True,False
0.15555604159834224,0.0,False,0.0,0.0,0.75,1.0,0.125,0.44843003756574745,0.21215441349947706,0.2485590812898817,True,False
0.2651510805228984,0.0,False,0.0,0.0,1.0,1.0,0.125,0.19661043675303871,0.07627058244700412,0.5000923705053606,True,False
0.16885782018472062,0.0,False,0.0,1.0,1.0,0.75,0.125,0.21695648739406379,0.0390306741388168,0.49836705951385096,True,False
0.24566777319209177,0.5,False,0.0,0.0,1.0,1.0,0.0,0.29181254400923484,0.04015590488336871,0.3893093542542576,False,False
0.24242657760571618,0.0,False,0.0,1.0,0.75,0.75,0.125,0.2557275773535822,0.09937822439384542,0.5472304887371591,True,False
0.3879599563902262,0.5,False,0.0,0.0,1.0,1.0,0.25,0.17420376770955193,0.09720584316425386,0.5219339310021816,False,False
0.5211569793709764,1.0,False,0.0,1.0,0.75,0.5,0.375,0.322781879570921,0.08717338952531781,0.3387134668286218,False,False
0.15174828993494538,0.0,False,0.0,0.0,1.0,0.925,0.125,0.4020129779153835,0.20179713667841312,0.2841375463234097,True,False
0.4534019131011636,0.5,False,0.0,0.0,1.0,1.0,0.25,0.3416710343903127,0.12964091616991416,0.3875588750445955,False,False
0.30062935736273577,0.0,False,0.0,1.0,0.875,0.6875,0.125,0.33555968892874954,0.005782282974841835,0.384030352058913,True,False
0.19482300767235994,0.0,True,1.0,0.0,0.75,1.0,0.125,0.4330675555860096,0.2532163479074125,0.2502517477276911,True,False
0.18658298875052648,0.25,False,0.0,0.0,0.5,0.625,0.125,0.14068458399574277,0.060736947226783904,0.5803497858772815,True,False
0.33389833422413695,0.5,False,0.0,0.0,1.0,0.9750000000000001,0.125,0.34413325106063164,0.10494425041150741,0.3316076176801095,False,False
0.6165046038687,1.0,False,0.0,0.0,1.0,0.9500000000000002,0.25,0.05976047085037116,0.03294533927882117,0.7282002092917739,False,False
0.3513926245328761,0.5,False,0.0,1.0,0.5,0.75,0.125,0.21268212408034964,0.018236447096143995,0.5956016999168214,False,False
0.23415554204266942,0.0,True,0.0,0.0,1.0,0.9625000000000001,0.125,0.4500009399513791,0.054987887807941956,0.2812375705975083,True,False
0.34297019730895684,0.5,False,1.0,0.0,0.875,0.8625,0.25,0.42252635749850515,0.06010031250023631,0.25875710424096665,False,False
0.24146190808888657,0.0,True,0.0,0.0,0.875,0.8875,0.125,0.19162020813632594,0.010823020446714862,0.5308621833842222,True,False
0.2451000824035493,0.5,False,1.0,0.0,1.0,0.9375,0.25,0.8796431274371094,0.6366460417828098,0.046499609963621236,False,False
0.2745469902200719,0.5,False,0.0,1.0,0.875,0.9000000000000001,0.25,0.19271869843489028,0.06687882078877783,0.49040725374548955,True,False
0.23028337060200865,0.25,False,1.0,0.0,0.5,0.625,0.125,0.35216401154216237,0.2812313144637285,0.3423902463220314,False,True
0.3565238391243223,0.5,False,0.0,1.0,0.75,0.7875000000000001,0.125,0.1838465504966489,0.022693729097681383,0.5582584077807462,False,False
0.3087567368117331,0.0,False,0.0,1.0,1.0,0.9500000000000002,0.125,0.28722347111289864,0.07346303697844157,0.46278293848383223,True,False
0.24660990722981224,0.0,False,1.0,0.0,0.5,0.5,0.125,0.13957059692211507,0.06023545433977567,0.5933644346480702,True,False
0.3723829450910586,0.0,False,0.0,0.0,1.0,1.0,0.0,0.3434927742083258,0.017838046560199664,0.36705087754970545,False,False
0.2945668995348184,0.0,False,0.0,1.0,0.875,0.9000000000000001,0.0,0.18452020237564465,0.05112218536212654,0.6085048042384611,False,False
0.5154253778301449,1.0,False,0.0,1.0,1.0,0.9375,0.375,0.27488017576439244,0.04275346657011604,0.4799509518662013,False,False
0.1552418311750694,0.0,False,0.0,0.0,0.875,0.8875,0.125,0.4971475216597567,0.12099705462164106,0.21827156061836295,True,False
0.3254256838540833,0.5,True,0.0,0.0,0.875,1.0,0.25,0.31430861711177677,0.13008692959347012,0.382509311481787,False,False
0.16413537063823236,0.0,False,1.0,0.0,1.0,0.9750000000000001,0.125,0.4456347258761073,0.12691776204019703,0.30423429486495723,True,False
0.1768312588239036,0.0,False,0.0,0.0,0.75,0.75,0.125,0.3413906825971683,0.032236327751579016,0.39794695193047724,True,False
0.26276515465118755,0.5,False,0.0,1.0,0.875,0.6625000000000001,0.125,0.2814323924290691,0.13395322067951632,0.42811528834272417,False,False
0.23395383641829348,0.0,True,0.0,0.0,1.0,0.9875,0.125,0.18295912392249217,0.0818506487422978,0.5297684919935717,True,False
0.2451000824035493,1.0,True,1.0,0.0,1.0,0.9750000000000001,0.25,0.42040624650642977,0.14598612480526657,0.2849103742655712,True,False
0.4843504340250476,0.5,False,0.0,1.0,1.0,0.9750000000000001,0.125,0.20120915620242313,0.04687079432014845,0.504703099587708,True,False
0.23415554204266942,0.0,False,0.0,0.0,0.875,0.9000000000000001,0.125,0.2783986911077365,0.14319195705809903,0.3901046993194619,True,False
0.19831108880083492,0.0,False,0.0,0.0,0.875,0.9125000000000001,0.125,0.17593531454558786,0.06894278245339035,0.5313362980771679,True,False
0.24146190808888657,0.25,False,0.0,1.0,0.875,0.8500000000000001,0.125,0.17526931180299932,0.07515609922003376,0.5773711640600327,True,False
0.24146190808888657,0.0,False,1.0,0.0,0.875,0.875,0.0,0.2900508422111398,0.06674125991912118,0.406192114633972,False,False
0.22779352453265422,0.25,False,0.0,1.0,0.875,0.8625,0.125,0.14533064986378683,0.016919296187169103,0.5986544926042883,True,False
0.250145080649786,0.0,True,1.0,0.0,1.0,0.9875,0.125,0.3279560755084627,0.18442840886335285,0.3424997895006656,True,False
0.2229214057183464,0.0,True,1.0,0.0,0.875,1.0,0.125,0.28039286857467427,0.16961739927479447,0.4072754928176119,True,False
0.19781696967121776,0.0,True,1.0,0.0,1.0,0.9750000000000001,0.125,0.4786228834306381,0.3313838122374932,0.2988780777376696,True,False
0.19632630288517106,0.5,False,0.0,1.0,0.75,0.7750000000000001,0.125,0.30063801583932565,0.025924120732519935,0.41419968071924096,True,False
0.329947722434342,0.0,True,0.0,0.0,1.0,0.9500000000000002,0.125,0.23140425595168662,0.02631670073821427,0.5858147393551549,False,False
0.6545416682566753,0.5,False,0.0,0.0,1.0,1.0,0.25,0.11467887098183902,0.055926501476917044,0.655695934670379,False,False
0.28239833003520975,0.5,False,0.0,1.0,0.875,0.875,0.0,0.22787851090685843,0.0393058606015635,0.553709317077355,False,False
0.45978996772841196,0.25,False,0.0,1.0,1.0,0.9125000000000001,0.125,0.0868191791748272,0.020143652140413724,0.6769475097705189,False,False
0.5657062577195041,0.5,False,0.0,0.0,1.0,1.0,0.25,0.4864768980736398,0.09332687493246893,0.2870474505790577,False,False
0.1514272581382603,0.0,False,1.0,0.0,1.0,0.9375,0.125,0.45109590515888104,0.053600567666027964,0.28044292445641883,True,False
0.11870435249276634,0.0,False,0.0,1.0,0.75,0.8,0.125,0.3115611933487644,0.047597407262032564,0.41010818388571435,True,False
0.30159695810240017,0.0,False,0.0,0.0,0.875,0.9500000000000002,0.125,0.46805251946492527,0.036174200784137744,0.22516806849765025,False,False
0.34481667859013754,0.75,True,0.0,1.0,1.0,0.9750000000000001,0.25,0.3340602284181072,0.05210530673587824,0.3729260987972658,False,False
0.3963179640618252,0.0,False,1.0,0.0,1.0,1.0,0.125,0.29334271438688897,0.11769923780184086,0.40131639912430317,False,False
0.12062586728341074,0.0,False,1.0,0.0,1.0,1.0,0.125,0.28662914930815486,0.2538563948267946,0.39472804138499695,True,False
0.3821900930193708,0.0,False,1.0,0.0,1.0,0.9500000000000002,0.125,0.15914573878782948,0.02230258954285199,0.54780366908035,True,False
0.2005177546003617,0.0,False,1.0,0.0,0.875,0.9000000000000001,0.125,0.272090084212031,0.19996640086853282,0.41595688071777914,True,False
0.25522971112040116,0.0,False,1.0,0.0,0.375,0.625,0.125,0.37956710544633065,0.17346661981209158,0.2931900386196966,True,False
0.19431906581166813,0.0,False,1.0,0.0,1.0,0.9500000000000002,0.125,0.47102574320914015,0.32489927275264296,0.22494352769691828,True,False
0.35356583408391373,0.0,False,0.0,1.0,1.0,1.0,0.125,0.2605594144956895,0.024933711625859153,0.4437137654183878,False,False
0.1647325956691652,0.0,False,0.0,0.0,1.0,1.0,0.125,0.5814219961727407,0.6045155139492602,0.1835434453779592,True,False
0.328057732456874,0.75,False,0.0,0.0,0.75,0.75,0.25,0.5460032802664891,0.007460365630964789,0.1767787694919476,False,False
0.3872807995717006,0.5,False,0.0,0.0,1.0,0.9375,0.125,0.26260969171179543,0.03557243942672998,0.44923393433367664,False,False
0.36750620172755555,0.0,False,0.0,1.0,0.625,0.6375000000000001,0.125,0.2768687611590847,0.06610488709639753,0.4486981726302903,False,False
0.007387101325869949,0.0,False,0.0,0.0,1.0,1.0,0.125,0.28928883352568674,0.12928424308030959,0.37631222844122747,False,True
0.21813250985352595,0.0,False,1.0,0.0,0.875,0.8500000000000001,0.125,0.15768428213069588,0.044064962429916255,0.5839341031450751,True,False
0.3759545159540679,0.5,False,0.0,0.0,1.0,0.9500000000000002,0.25,0.37218094964680226,0.14237707747246384,0.31290265654657246,False,False
0.40751632137933747,0.25,False,0.0,1.0,0.875,0.8875,0.0,0.2197005587560835,0.04070455950104879,0.5691092746136084,False,False
0.2807005945079062,0.0,False,0.0,1.0,0.75,0.75,0.125,0.5487480026030278,0.029512801130403405,0.1748843627587371,True,False
0.3380998901827291,0.0,False,0.0,1.0,1.0,1.0,0.0,0.18136658560662025,0.017716094025921673,0.5475665914152856,False,False
0.23395383641829348,0.5,False,0.0,1.0,0.875,0.8625,0.125,0.12163425666767556,0.047661614710946563,0.6243312265015772,True,False
0.30076790948683885,0.0,True,0.0,0.0,1.0,1.0,0.125,0.3215146417771297,0.01893333477191768,0.3966805584695692,False,False
0.2772556039184656,0.0,False,1.0,0.0,1.0,0.9750000000000001,0.125,0.21720729575874545,0.06605500864161534,0.5252695092905033,True,False
0.19781696967121776,0.0,False,0.0,0.0,1.0,1.0,0.125,0.2735223243904199,0.16253255892977633,0.39711719486348396,True,False
0.3918983469302467,0.5,False,1.0,0.0,1.0,1.0,0.25,0.21539282007473304,0.0852657567716016,0.6138469309536787,False,False
0.09117311568673825,0.0,True,0.0,0.0,1.0,0.9625000000000001,0.125,0.566080337019984,0.6552198250048091,0.18469057772454534,True,False
0.2983976832608183,0.0,True,1.0,0.0,0.875,0.9000000000000001,0.125,0.42209104402282216,0.036327468078783225,0.2901094956082455,True,False
0.21923229936250388,0.5,False,0.0,1.0,0.75,0.7875000000000001,0.125,0.3076256073163701,0.04843936703116682,0.41409974011178474,True,False
0.30595429969375776,0.0,False,0.0,0.0,1.0,1.0,0.125,0.2946978432894348,0.07697589304501389,0.3689015969555334,True,False
0.534780442151206,1.0,False,0.0,0.0,0.875,0.875,0.25,0.05481644742677675,0.025951148521487805,0.7497324877239082,False,False
0.41919033406411177,1.0,False,0.0,1.0,0.75,0.8875,0.25,0.23685072312911898,0.09005631130019004,0.4597559895742478,False,False
0.3248220069399107,0.0,False,0.0,0.0,1.0,1.0,0.125,0.23084831471565492,0.1141605521523701,0.4571544642604719,False,False
0.2347592869000048,0.0,True,1.0,0.0,1.0,1.0,0.125,0.36860425864449925,0.1247141837305942,0.36060797566386826,True,False
0.16172616516349725,0.25,False,1.0,0.0,1.0,0.925,0.125,0.42076877995934603,0.1495120810139811,0.28458002389622794,True,False
0.29755351618285075,0.5,False,0.0,1.0,0.875,0.8625,0.125,0.288239550296688,0.01487616096241459,0.44147574951299373,False,False
0.35243080616858535,0.0,False,0.0,1.0,1.0,1.0,0.125,0.0769762446290943,0.0319295757914033,0.7155376588023312,False,False
0.25999851255513073,0.0,True,0.0,1.0,1.0,0.9625000000000001,0.125,0.3551560193800736,0.11988146437276943,0.31122572019469974,True,False
0.26733822115466044,0.25,False,0.0,1.0,0.75,1.0,0.125,0.284897157171802,0.14444335422144128,0.4220802415544205,False,False
0.23556109795104652,0.0,False,0.0,0.0,0.875,0.9125000000000001,0.0,0.32603864365233326,0.021038995661932867,0.35716577473513533,False,False
0.41603588960440596,0.5,False,0.0,1.0,0.875,0.8125,0.125,0.2125676986032279,0.08674647782407674,0.6247985512276539,False,False
0.3568270441449498,0.25,False,0.0,1.0,1.0,0.9625000000000001,0.125,0.1473168835462075,0.012399715327867582,0.6691222929568559,False,False
0.228210932524332,0.0,True,0.0,0.0,1.0,0.9625000000000001,0.125,0.3180222487737642,0.046727603096810656,0.3584817680726249,True,False
0.30595429969375776,0.0,False,0.0,0.0,1.0,0.9750000000000001,0.0,0.3587661181844351,0.0522890047558539,0.3543851740837247,False,False
0.6518043629623004,1.0,False,0.0,1.0,1.0,1.0,0.375,0.06647244875189035,0.04462408806129224,0.8487528465840506,False,False
0.41516576466435484,0.0,False,0.0,0.0,0.875,0.7750000000000001,0.0,0.17941471659690322,0.013920054134553205,0.54721053533682,False,False
0.19126498563031902,0.0,False,0.0,1.0,0.875,0.8375000000000001,0.125,0.35269718878618594,0.1283578924486114,0.36294291857295,True,False
0.6510941555212729,1.0,False,1.0,0.0,0.875,0.9625000000000001,0.375,0.2842987781221648,0.06816642893778231,0.4437701148036233,False,False
0.22862736097375158,0.0,False,1.0,0.0,1.0,1.0,0.125,0.36854912608501905,0.10795101554681537,0.33763352856115714,True,False
0.17655257740394903,0.0,False,0.0,1.0,0.75,0.7375,0.125,0.25429242442859556,0.04013098411543722,0.513286978786337,True,False
0.3754097007439977,0.5,False,0.0,1.0,1.0,1.0,0.125,0.35081125905092536,0.02560778470731403,0.36758846854832794,False,False
0.08890245099564842,0.0,False,0.0,0.0,1.0,0.9750000000000001,0.125,0.580288103768043,0.6816945417377365,0.17614301176695601,True,False
0.5219950012890798,0.5,True,0.0,1.0,1.0,0.9625000000000001,0.25,0.27978561026503607,0.050249473141811385,0.4475824531271273,False,False
0.3717342147810302,0.0,False,0.0,0.0,1.0,1.0,0.125,0.28340717192376924,0.06901072326262803,0.4418885413938227,False,False
0.6706170135037114,1.0,False,0.0,1.0,1.0,1.0,0.375,0.019822117850584103,0.022062021856919245,0.9189747740915428,False,False
0.3821025386962299,0.75,False,1.0,0.0,0.875,0.875,0.125,0.2156251230537459,0.03309668946772607,0.5088037866886979,False,False
0.2737424067449248,0.0,False,0.0,0.0,1.0,0.9500000000000002,0.125,0.14082397070945404,0.038579824737875947,0.5878227169272348,True,False
0.42416509615950415,0.0,True,1.0,0.0,1.0,0.9000000000000001,0.0,0.14183876402505513,0.005287633081241045,0.6731969414345662,False,False
0.24922157850687243,0.0,False,0.0,1.0,0.875,0.9375,0.125,0.14475986920384984,0.013699175529613531,0.6450426842633403,True,False
0.39550777782053437,0.0,False,0.0,1.0,0.875,1.0,0.125,0.2640323615856169,0.04641956182262706,0.4498657235861838,False,False
0.1768312588239036,0.0,False,0.0,1.0,0.75,0.7125,0.125,0.3591717740566727,0.045164149163570505,0.3583212318274118,True,False
0.1894588591278764,0.5,False,1.0,0.0,0.875,1.0,0.125,0.26162910393726735,0.11280901635782678,0.41471036268939443,True,False
0.30809349314989165,0.0,False,0.0,0.0,1.0,0.9875,0.125,0.20224829304707306,0.01999134534007067,0.5263298162347028,True,False
0.3801653325883635,0.5,False,0.0,0.0,0.875,1.0,0.25,0.30201142222429406,0.05153040899166546,0.427144246837339,False,False
0.25576595090664944,0.0,False,1.0,0.0,0.25,0.125,0.125,0.43038944318234584,0.30765534268524125,0.29446942418187994,False,False
0.31929445885789687,0.25,False,0.0,0.0,0.875,0.9375,0.125,0.2815594691463585,0.07938995298985245,0.47920714626909144,False,False
0.19557624719088196,0.0,True,0.0,0.0,1.0,0.9750000000000001,0.125,0.20906919731429463,0.0643698767994926,0.46670530975873037,True,False
0.2113866689982885,0.0,False,1.0,0.0,1.0,0.9875,0.125,0.161436188732365,0.013235845107221403,0.5535268881951434,True,False
0.34546381748910326,0.0,False,1.0,0.0,0.875,0.9125000000000001,0.125,0.29306487671811066,0.07568119173070556,0.4141898743517525,False,False
0.38236507217413684,0.5,False,0.0,1.0,0.875,0.8500000000000001,0.125,0.06469586359324098,0.02359876856378596,0.7259610921153454,False,False
0.19831108880083492,0.5,False,0.0,1.0,0.5,0.625,0.125,0.22274125902150535,0.011212086876778124,0.4479682040039965,True,False
0.3388837089179356,0.5,False,0.0,1.0,0.875,0.875,0.125,0.22805033123663856,0.06059133964121677,0.5613009552376866,False,False
0.09341509162752937,0.0,True,0.0,0.0,1.0,0.9625000000000001,0.125,0.4515912980629626,0.45478406212551487,0.2600004989632094,True,False
0.3333228491454189,0.75,False,0.0,1.0,1.0,0.8875,0.125,0.34525404058320586,0.04203261653128326,0.33297632130823906,False,False
0.20485043200541464,0.0,False,0.0,1.0,0.75,0.7875000000000001,0.125,0.2483871776720358,0.06757282618599231,0.5588436233117089,True,False
0.41783506095781375,1.0,False,1.0,0.0,0.875,0.925,0.375,0.3227228522030137,0.1583090678164377,0.3513944980798187,False,False
0.21069776311509292,0.0,False,1.0,0.0,1.0,0.9500000000000002,0.125,0.35070782474995393,0.05830286737160849,0.3503486919323795,True,False
0.19806420122279356,0.0,False,0.0,0.0,0.875,0.9125000000000001,0.125,0.3720082910620942,0.20902016658596934,0.30766740763465705,True,False
0.41862095384408715,0.5,False,0.0,1.0,0.75,0.8375000000000001,0.25,0.2197688903818182,0.016505096033139627,0.4518826618836651,False,False
0.2905049056005683,0.0,False,0.0,1.0,0.75,0.75,0.125,0.05280963131322282,0.0170507244004799,0.8140658182476654,True,False
0.25576595090664944,0.0,False,0.0,0.0,1.0,1.0,0.125,0.488231345473863,0.046076692895955125,0.2116901708908827,True,False
0.2397121763990986,0.0,False,0.0,1.0,1.0,0.9625000000000001,0.125,0.5695701248175247,0.05700264379261273,0.16291424411790545,True,False
0.497211548740926,0.25,False,0.0,0.0,0.875,0.9625000000000001,0.125,0.3513912252474899,0.06347233025592239,0.3499221209326293,False,False
0.38227760416448453,0.5,False,0.0,1.0,1.0,1.0,0.25,0.2897886200224648,0.028260700694079176,0.43393244358617555,False,False
0.3268661841772992,1.0,False,0.0,1.0,0.875,0.8125,0.125,0.4255820759676075,0.059842949001392365,0.31642692115057813,False,False
0.21207291072711842,0.0,False,1.0,0.0,1.0,1.0,0.25,0.33729987876608786,0.07018223661218637,0.3457777141505025,True,False
0.40078789170443174,0.5,False,0.0,1.0,0.875,0.875,0.125,0.1822188201486691,0.06379527901544975,0.5948661420691497,False,False
0.20884749730392682,0.0,False,1.0,0.0,1.0,1.0,0.125,0.12413649844939519,0.0406388772412405,0.6203735409067646,True,False
0.3268661841772992,0.0,False,0.0,0.0,1.0,1.0,0.125,0.27292893624673936,0.0659061101169399,0.4566742095932963,True,False
0.16885782018472062,0.0,False,0.0,0.0,0.875,0.8500000000000001,0.125,0.29033315375813845,0.26324892953763357,0.39466842354554843,True,False
0.34307934735379086,0.25,False,0.0,1.0,0.75,0.6875,0.0,0.26427663997226164,0.05226337374704496,0.4876555355670784,False,False
0.22653537694884662,0.0,False,0.0,1.0,0.875,0.8125,0.125,0.19594178510254856,0.034988325895041465,0.5515337114029453,True,False
0.1370428236348713,0.0,False,0.0,0.0,0.875,0.925,0.125,0.5291287364182072,0.038096372726066884,0.1917704253045882,True,False
0.1839274901469682,0.0,True,1.0,0.0,1.0,0.9875,0.125,0.5076271239367585,0.05512738617358505,0.20382280913429707,True,False
0.2780444497937604,0.5,False,1.0,0.0,0.75,0.8,0.125,0.3004017625915989,0.04853792693841377,0.42887373605046175,False,False
0.12290455240716902,0.0,True,0.0,0.0,1.0,0.925,0.125,0.5155162259067615,0.33546570853396696,0.28266959785312173,True,False
0.12062586728341074,0.0,False,0.0,0.0,1.0,1.0,0.125,0.3438388309129697,0.0631994109368634,0.33206949246206907,True,False
0.4379843160484983,1.0,False,1.0,0.0,0.875,0.9500000000000002,0.25,0.14593125575583601,0.02767317283825479,0.5744468586569367,False,False
0.2451000824035493,0.0,False,0.0,0.0,1.0,0.9375,0.125,0.18337455235649136,0.08389585462149227,0.5130993247838858,True,False
0.30954937078703926,0.0,False,0.0,1.0,0.875,0.75,0.125,0.13104978043539556,0.013657386386333844,0.6227057258002571,True,False
0.29123711464002977,0.0,False,0.0,0.0,1.0,0.9375,0.125,0.3716545562400765,0.042647362602747145,0.35725370177097737,False,False
0.4230561336252575,0.5,False,0.0,1.0,1.0,0.75,0.125,0.24689885815493526,0.03596403580170414,0.4771165272074587,False,False
0.22945729756037014,0.5,False,0.0,0.0,0.625,0.9375,0.25,0.32864662149424545,0.1876769941525395,0.34708871735586766,True,False
0.34546381748910326,0.0,False,0.0,0.0,1.0,1.0,0.125,0.20576238052296336,0.014092143387206718,0.5708593122806302,True,False
0.17655257740394903,0.0,False,0.0,1.0,0.75,0.8,0.125,0.2936287727971868,0.10008597479424396,0.45497108292648036,True,False
0.3300651810942702,0.5,False,0.0,1.0,0.875,0.7750000000000001,0.125,0.33507531520980466,0.037018654695589785,0.3831912757973226,False,False
0.5402518426786272,0.5,False,0.0,1.0,1.0,1.0,0.25,0.27846059169695747,0.061692493004218946,0.43542046252991384,False,False
0.2252682452146565,0.0,False,0.0,0.0,0.875,0.9000000000000001,0.125,0.4566007461223759,0.48084276654246066,0.25071307781407226,True,False
0.22335041887289453,0.0,True,0.0,1.0,1.0,1.0,0.125,0.08474621713166561,0.021917951427373978,0.7317603602399902,True,False
0.1682743413758333,0.0,False,0.0,0.0,0.875,0.9375,0.125,0.3652132946681014,0.09907676366886391,0.3427825018758419,True,False
0.298537988166803,0.5,False,0.0,0.0,1.0,0.9625000000000001,0.125,0.30881276256454876,0.0625784571755105,0.3519471040890578,False,False
0.3300651810942702,0.0,False,0.0,1.0,0.625,0.75,0.0,0.24279480306593335,0.09435493611947456,0.4981940486634666,True,False
0.1514272581382603,0.0,False,0.0,0.0,1.0,1.0,0.125,0.342015739386118,0.040946216717930216,0.34933964579033905,True,False
0.3918983469302467,1.0,False,0.0,1.0,0.875,0.9125000000000001,0.25,0.4339481945351957,0.05621170845983491,0.3114005248637961,False,False
0.34834708746563126,0.0,False,1.0,0.0,0.375,0.5,0.125,0.8401646535454589,0.4918655455288275,0.06275893665006316,True,False
0.26379162497329345,0.0,False,0.0,0.0,1.0,1.0,0.125,0.8314753544548316,0.5064938932523079,0.06680330012060254,True,False
0.19806420122279356,0.0,True,0.0,0.0,1.0,0.9750000000000001,0.125,0.3356882354820306,0.13046155028421275,0.3390694029661163,True,False
0.20508806235318777,0.0,False,0.0,1.0,0.875,0.825,0.125,0.1298062200040528,0.04485959619407596,0.6268380972000758,True,False
0.1682743413758333,0.5,True,0.0,0.0,1.0,0.9500000000000002,0.125,0.2620782972804666,0.12398705353536682,0.4045538421051367,True,False
0.32275400673775134,0.0,False,0.0,0.0,1.0,1.0,0.125,0.6180792910338636,0.29271977922647185,0.1920966296485962,False,False
0.4041453262640674,0.0,False,0.0,0.0,0.875,0.925,0.125,0.06152084063572293,0.029797890583726384,0.8226240486814307,False,False
0.33999747799441093,0.0,False,0.0,0.0,1.0,1.0,0.25,0.3093772749323431,0.04873367730193115,0.41528801573130325,False,False
0.23990744521238572,0.0,False,0.0,0.0,0.875,0.7000000000000001,0.0,0.2809464717613842,0.05215154411451557,0.381906273417262,False,False
0.16050918442021356,0.0,False,0.0,1.0,0.75,0.8,0.125,0.40245220531634024,0.10243767321387838,0.3225337860594679,True,False
0.1682743413758333,0.0,False,1.0,0.0,0.75,0.75,0.125,0.45604267796680814,0.09692108854920556,0.29839013122927094,True,False
0.3628824450656146,0.0,False,1.0,0.0,1.0,1.0,0.125,0.10420824832554952,0.01937964595718349,0.6693105617187176,True,False
0.22862736097375158,0.0,False,0.0,1.0,0.75,0.75,0.125,0.07007864126060274,0.027365930639537888,0.7305225341422852,True,False
0.45538315900047144,1.0,False,0.0,1.0,0.75,0.7125,0.25,0.25742617778987115,0.04719225298896715,0.45892641803611145,False,False
0.44622698045896037,0.5,True,1.0,0.0,1.0,0.9875,0.25,0.1296893527765605,0.08136468612475184,0.6020249862339337,False,False
0.21613554699622606,0.0,True,0.0,0.0,0.875,0.9625000000000001,0.125,0.43732276478127863,0.08677779232469578,0.2564063987643279,True,False
0.2571880515761136,0.25,True,1.0,0.0,0.875,0.9625000000000001,0.0,0.8133642419367232,0.5325671029905853,0.07552854169914935,False,False
0.34481667859013754,0.25,False,1.0,0.0,1.0,0.9375,0.125,0.2713603633162619,0.02753227975298721,0.42346941699242824,False,False
0.13493968528381228,0.0,False,0.0,0.0,1.0,1.0,0.125,0.2938202952061787,0.048056499917661324,0.4186253514696108,True,False
0.19781696967121776,0.0,False,0.0,1.0,1.0,0.925,0.125,0.398651878478726,0.0628075595530568,0.30971140902789274,True,False
0.35066226641081755,0.0,False,0.0,1.0,0.75,0.75,0.125,0.08418090389249949,0.011918000358029777,0.6974513928762631,True,False
0.40078789170443174,0.5,True,0.0,0.0,1.0,0.9750000000000001,0.25,0.27424137542627053,0.08623464006366113,0.44804379435876296,False,False
0.47291524862748224,1.0,False,0.0,1.0,0.875,0.8375000000000001,0.25,0.16352395392221455,0.03331337431807799,0.5393521357633808,False,False
0.2041356256633543,0.0,False,0.0,1.0,0.625,0.6375000000000001,0.125,0.1820502652211834,0.023108227913111925,0.5479230489357758,True,False
0.2690024825538354,0.0,False,0.0,0.0,1.0,1.0,0.125,0.17300374353456033,0.0489129280327694,0.5390644239254521,False,False
0.21746934944105067,0.0,True,1.0,0.0,1.0,1.0,0.125,0.42543615230959303,0.10928137077399519,0.30299987784995586,True,False
0.3801653325883635,0.5,False,1.0,0.0,0.875,0.8125,0.0,0.18821193294702723,0.06264625474016614,0.5832890422615877,False,False
0.33389833422413695,0.5,False,1.0,0.0,0.75,0.8,0.0,0.34317719137035785,0.031986071401559506,0.37274901188398357,False,False
0.46579216347577235,0.75,False,0.0,1.0,0.875,1.0,0.125,0.43477193573948275,0.0741619787155258,0.31011890353711746,False,False
0.19904969723200128,0.0,True,0.0,0.0,1.0,0.9625000000000001,0.125,0.2535333874570268,0.05015821164499508,0.41073698670426007,True,False
0.3294771087624807,0.0,False,0.0,1.0,0.75,1.0,0.0,0.23983339681661173,0.04536294974256137,0.5357062782623181,False,False
0.36750620172755555,0.25,True,1.0,0.0,0.875,1.0,0.0,0.24242658081164595,0.04417722940683298,0.5297145863739778,True,False
0.21923229936250388,0.0,False,0.0,0.0,1.0,0.9750000000000001,0.125,0.2637236339020679,0.004570989769230139,0.49658673875795434,True,False
0.20556237051819792,0.0,False,0.0,1.0,0.875,0.8375000000000001,0.125,0.2355048231440804,0.05246895241059284,0.5396189041223121,True,False
0.2634501275135426,0.0,False,1.0,0.0,0.75,0.75,0.125,0.24910916887128973,0.06789469029269007,0.4162324842892331,False,False
0.39023310792752486,0.5,False,0.0,1.0,1.0,0.875,0.125,0.15636465221819426,0.04671104974307517,0.5761412954338068,False,False
0.17821813856939095,0.0,False,1.0,0.0,1.0,0.9500000000000002,0.125,0.3591602682810837,0.27021672790549917,0.32269881064874784,True,False
0.3294771087624807,0.75,False,0.0,1.0,0.875,0.9125000000000001,0.125,0.14499256227712443,0.047258632722400586,0.5792282086673262,False,False
0.2879925502399644,0.5,False,0.0,1.0,0.75,0.7875000000000001,0.125,0.16775883465942065,0.06031197611128575,0.5781636526386948,True,False
0.2252682452146565,0.0,False,0.0,1.0,1.0,0.9125000000000001,0.0,0.22148774024279252,0.03470758123905024,0.565924843373943,True,False
0.1331678261903072,0.0,True,0.0,1.0,1.0,1.0,0.125,0.5724279636802908,0.5772796340584869,0.17108655383955007,True,False
0.4179066497640941,0.0,False,0.0,0.0,1.0,1.0,0.0,0.43065665458556746,0.19330593301754403,0.26076834381887637,False,False
0.4131187254012235,1.0,False,0.0,1.0,0.875,0.5,0.25,0.2791850678210602,0.05178853996806671,0.43114435983204147,False,False
0.34546381748910326,0.75,False,0.0,1.0,1.0,1.0,0.25,0.8386994105170632,0.5424613418170744,0.06383602671130784,False,False
0.42116889954226056,0.0,False,0.0,1.0,0.875,0.75,0.125,0.09144045679223442,0.04683346495494154,0.6703151406358385,False,False
0.38280176667589993,0.5,False,1.0,0.0,0.875,0.825,0.125,0.21402221001181593,0.17953993101724167,0.467793175398028,False,False
0.4725473931581238,1.0,False,1.0,0.0,1.0,0.9375,0.25,0.18856801741293588,0.01690698592555669,0.5545643863219898,True,False
0.3254256838540833,0.0,False,1.0,0.0,0.25,0.25,0.125,0.10274006547304326,0.05555009464889512,0.6563275112301468,True,False
0.19406655718505061,0.0,True,0.0,0.0,1.0,0.9625000000000001,0.125,0.4304038778491186,0.2489845276780498,0.25180090444882186,True,False
0.3260273140576445,0.0,False,0.0,0.0,1.0,0.9625000000000001,0.125,0.2777462436580452,0.06945815453381013,0.44654339159376377,False,False
0.13493968528381228,0.0,True,0.0,0.0,1.0,0.9625000000000001,0.125,0.4036704459511366,0.20276171089736753,0.27313710985343254,True,False
0.18919933382519116,0.0,False,0.0,0.0,0.625,0.7625,0.0,0.22466676230645785,0.08474653534227565,0.46541026936176433,True,False
0.29755351618285075,0.0,False,1.0,0.0,1.0,1.0,0.125,0.36579890885416116,0.1531578140159072,0.3614747217079102,True,False
0.2229214057183464,0.25,False,1.0,0.0,1.0,0.9375,0.125,0.2636546128166666,0.04706804850744262,0.4470313819352345,True,False
0.21702586163541515,0.25,False,0.0,1.0,1.0,0.9750000000000001,0.125,0.1852264714675049,0.0882486143448895,0.5105081201007835,True,False
0.29370426572415587,0.5,False,1.0,0.0,1.0,1.0,0.125,0.2916339875039836,0.13481829901652007,0.3753807795568771,False,False
0.2945668995348184,0.0,False,0.0,1.0,0.875,0.7750000000000001,0.0,0.23273469999727386,0.06972496863551932,0.4750756849411306,False,False
0.31099340096054695,0.0,False,1.0,0.0,0.875,0.8375000000000001,0.125,0.18203480756996981,0.05573200731695267,0.6075658768037844,False,False
0.2675053514421566,0.0,True,1.0,0.0,1.0,0.8875,0.125,0.2406036422189267,0.03857775695846016,0.4772383859402132,True,False
0.3138466793870843,0.0,False,0.0,0.0,1.0,0.875,0.0,0.3118817679122435,0.29097061710252714,0.36505053245959473,False,False
0.1514272581382603,0.0,False,1.0,0.0,1.0,0.875,0.125,0.3502387240491156,0.14265140036592636,0.3452260717192148,True,False
0.1841948354016394,0.0,True,0.0,0.0,1.0,0.9750000000000001,0.125,0.19832116426739385,0.10729184141924257,0.5098659075250478,True,False
0.273903615550818,0.25,False,1.0,0.0,0.625,0.625,0.0,0.4273953671268024,0.3335553270694501,0.2629075512089787,False,False
0.17904509321601503,0.0,True,0.0,0.0,1.0,0.9875,0.125,0.38331322459578154,0.04297606762389762,0.3136057004654904,True,False
0.3568270441449498,0.5,False,0.0,0.0,1.0,1.0,0.25,0.2024261245241295,0.053896306667369484,0.48726435121279366,False,False
0.2864979058744641,0.75,False,0.0,1.0,0.875,0.8125,0.125,0.9127958444137435,0.6113992547761975,0.03286205634208961,False,False
0.3326297943954285,0.25,False,0.0,1.0,0.25,0.0,0.125,0.11042017643785924,0.029554381286839015,0.6714786797785597,True,False
0.2952825714676811,0.0,False,0.0,0.0,1.0,0.9625000000000001,0.125,0.2809236173376956,0.023479199221083675,0.4122388250882838,False,False
0.41589116475210586,0.5,False,0.0,1.0,0.5,0.75,0.125,0.06340658225563482,0.03113857374673026,0.7325076833416841,False,False
0.17117273715447934,0.0,True,0.0,1.0,1.0,0.9750000000000001,0.125,0.37419185845082203,0.11481823402660818,0.3501914096614438,True,False
0.1798682119669005,0.25,True,1.0,0.0,1.0,0.9500000000000002,0.125,0.4052333030903899,0.03410480036240918,0.3073697490314464,True,False
0.13669402701256517,0.25,False,0.0,1.0,0.75,0.8,0.125,0.2524517469719199,0.10470068749891256,0.4769343535290418,True,False
0.228210932524332,0.25,False,0.0,0.0,0.0,0.0,0.125,0.09280189615146114,0.041899308151581084,0.689162360787599,True,False
0.3326297943954285,0.0,False,0.0,1.0,1.0,0.9375,0.0,0.2253650045159793,0.037819170921642054,0.6402277666125653,False,False
0.26259349750500316,0.0,False,0.0,0.0,1.0,1.0,0.125,0.3415590473946099,0.2695797612766528,0.35149332837439706,True,False
0.3686435582637858,0.0,False,0.0,1.0,0.875,0.9125000000000001,0.125,0.257447274483026,0.030888159111830838,0.4499681215827225,False,False
0.09868301252222789,0.5,False,1.0,0.0,0.875,0.9125000000000001,0.125,0.6631408335259406,0.6927433465540821,0.13736519774419143,True,False
0.30954937078703926,0.5,False,1.0,0.0,0.75,0.8625,0.25,0.44459762997109387,0.1379182200205056,0.27259464321322624,False,False
0.13352361620659736,0.0,False,0.0,0.0,0.75,0.8500000000000001,0.125,0.336731990619447,0.09796030186599275,0.3389819866054744,True,False
0.36911531371354267,0.5,False,0.0,1.0,0.875,0.875,0.125,0.27980139995229736,0.16732042677001677,0.40964087711588415,False,False
0.1682743413758333,0.0,True,1.0,0.0,1.0,0.9625000000000001,0.125,0.2917102479353119,0.18986158635948655,0.3942059914966345,True,False
0.41509306129386425,0.25,False,0.0,0.0,0.875,0.925,0.125,0.11951998521088135,0.045615868838916586,0.6767897835520071,False,False
0.3733976107957918,0.75,True,0.0,0.0,1.0,0.8875,0.25,0.20491641103333205,0.05339119741025646,0.5116158589021698,False,False
0.13669402701256517,0.0,False,1.0,0.0,0.875,0.875,0.125,0.26825432903252183,0.0994087801418018,0.4521637720278602,True,False
0.2651510805228984,0.0,False,0.0,1.0,1.0,0.25,0.125,0.3435119550928522,0.017952605011267025,0.3660788711337222,True,False
0.26532028250539186,0.0,False,0.0,0.0,1.0,0.75,0.125,0.42574644461068345,0.04797089793075317,0.2853515809405607,True,False
0.1759938981343364,0.5,False,1.0,0.0,1.0,1.0,0.125,0.7626458186617822,0.5477162315809383,0.10023652638166536,True,False
0.5077855521323725,0.75,False,0.0,0.0,0.875,0.8375000000000001,0.125,0.40522747930252573,0.0556265683222049,0.30483657922423935,False,False
0.18339158825813184,0.0,True,1.0,0.0,1.0,0.9875,0.125,0.4153900945350229,0.12745355640607892,0.2710731420086485,True,False
0.370242435938659,0.5,True,1.0,0.0,0.875,1.0,0.25,0.18636016803796687,0.07831078558978774,0.594732123366565,False,False
0.36022764064684554,0.5,False,0.0,1.0,1.0,0.9125000000000001,0.25,0.20015604345914265,0.10789723924902243,0.4900340795692466,True,False
0.25807111162994967,0.0,False,1.0,0.0,1.0,0.8875,0.125,0.24036002094178371,0.12536505850748572,0.43263814182586136,True,False
0.34427558751205345,0.5,False,0.0,0.0,1.0,1.0,0.125,0.4161731749774218,0.06071633670438303,0.3227812694229655,False,False
0.21115733074156973,0.0,True,1.0,0.0,1.0,0.9875,0.125,0.3544139952620701,0.26129465535818136,0.329782916680734,True,False
0.13877659637533346,0.0,True,1.0,0.0,1.0,0.9875,0.125,0.5487907508327053,0.06286491908878225,0.17941548805859076,True,False
0.17794162840544014,0.0,False,0.0,1.0,0.75,0.7250000000000001,0.125,0.21629639770705497,0.027780382319203815,0.4994312948987747,True,False
0.11870435249276634,0.0,False,0.0,1.0,0.75,0.8125,0.125,0.46866689360194086,0.08932806770745946,0.29254466831357084,True,False
0.3912341253871784,0.5,False,0.0,1.0,1.0,0.9625000000000001,0.125,0.07408010221664295,0.02799398820921425,0.8596762752047389,False,False
0.32004148953752243,0.5,True,0.0,1.0,1.0,0.925,0.25,0.44037391938483544,0.055858887368833605,0.27956680928795796,False,False
0.3921467904147661,1.0,False,1.0,0.0,0.875,0.9500000000000002,0.25,0.3361705799620613,0.05827846104686217,0.3715183257228951,False,False
0.34610860493463325,0.0,False,0.0,0.0,1.0,1.0,0.125,0.446905146209964,0.08283889546026173,0.2585398551088105,True,False
0.14421350584311732,0.0,False,1.0,0.0,0.875,0.8875,0.125,0.27338116426967346,0.03451105504645432,0.40137021777917425,True,False
0.298537988166803,0.25,False,1.0,0.0,0.875,0.8625,0.125,0.28435594959140803,0.13531716500758617,0.38311870418893834,False,False
0.31879468553043033,0.5,False,0.0,1.0,0.75,0.7000000000000001,0.125,0.23809498965043277,0.00966206070157525,0.49349895275748135,False,False
0.1841948354016394,0.0,False,0.0,0.0,0.875,0.9875,0.0,0.3131098872556594,0.04452068325488659,0.3714284536245951,True,False
0.1745894558725003,0.0,True,0.0,0.0,1.0,0.9375,0.125,0.2744129954437111,0.0520046879592175,0.3893911602665179,True,False
0.340662399340533,0.0,False,0.0,1.0,0.75,0.6375000000000001,0.125,0.08194723432615192,0.02010105339461977,0.6979834678716252,True,False
0.13669402701256517,0.0,False,0.0,0.0,1.0,0.9625000000000001,0.125,0.5888385037996603,0.6588845495937541,0.1755112211307326,True,False
0.11281172005477969,0.0,False,0.0,0.0,0.5,0.5,0.125,0.3773221555925497,0.09461369209266784,0.326810067366998,True,False
0.21069776311509292,0.0,False,0.0,0.0,0.875,0.9375,0.125,0.311977264942588,0.059850839901762966,0.413455480484316,True,False
0.42263847940498345,0.5,False,0.0,1.0,1.0,1.0,0.125,0.15367512679622544,0.025988985765428217,0.6057617882150557,False,False
0.2772556039184656,0.0,False,0.0,1.0,0.875,0.8375000000000001,0.125,0.23161864545380947,0.029076150931234244,0.4364141878240644,True,False
0.3424234377347789,0.5,False,1.0,0.0,0.875,0.8125,0.125,0.20948136758594119,0.024036325280413728,0.5944728150075596,False,False
0.11201104130645712,0.0,False,0.0,0.0,0.625,0.8375000000000001,0.125,0.8373758841910353,0.49226782038511063,0.06400821346774821,True,False
0.28054544643909585,0.0,True,0.0,0.0,1.0,1.0,0.125,0.34608500741455,0.17758061873392672,0.33419313051865496,False,False
0.2770974130574285,0.0,False,0.0,0.0,1.0,0.9750000000000001,0.125,0.32500917371475335,0.10026142087864401,0.3500175879355194,False,False
0.39321937742805646,0.5,False,0.0,1.0,0.75,0.7250000000000001,0.125,0.20474395628577413,0.0231624777202799,0.5342620777792051,False,False
0.20317804933718453,0.0,False,0.0,0.0,1.0,1.0,0.125,0.4854434758865041,0.09627044555120343,0.2862325579328526,True,False
0.24773390485161428,0.0,False,0.0,0.0,0.875,0.8500000000000001,0.125,0.11495772899377757,0.03363836730176185,0.6540229124221639,True,False
0.28499056531145317,0.0,False,0.0,0.0,0.875,0.8875,0.125,0.5231447470463444,0.3772013090052473,0.2554453036534259,False,False
0.19831108880083492,0.0,False,0.0,0.0,1.0,1.0,0.125,0.4080162740278896,0.2124041929355701,0.26750896745137354,True,False
0.3364085286288315,0.5,False,0.0,1.0,0.875,0.625,0.125,0.24238264279777388,0.13912735381640706,0.43931632752008554,False,False
0.28285854363842466,0.0,False,1.0,0.0,1.0,0.9750000000000001,0.125,0.2200077792477162,0.049449949122560156,0.5045350078855506,True,False
0.40078789170443174,0.0,False,0.0,0.0,1.0,1.0,0.125,0.23297528691927882,0.0899286504230755,0.45807587707114394,False,False
0.5594673259540658,0.75,False,1.0,0.0,0.875,0.9000000000000001,0.25,0.07758204109117564,0.03153177526743,0.7091925763181242,False,False
0.4098534653330993,1.0,False,0.0,1.0,0.75,0.8125,0.25,0.1418436274328657,0.06832102844072703,0.5892493974495088,False,False
0.04967661233555676,0.0,False,1.0,0.0,0.875,0.8875,0.125,0.3408367195295912,0.07214631437686753,0.36352471137969444,False,True
0.2967053140409176,0.5,False,0.0,0.0,1.0,0.9375,0.125,0.5037311420002414,0.347209070332155,0.2851434427862587,False,False
0.33999747799441093,0.0,False,0.0,0.0,1.0,1.0,0.125,0.3726674199238345,0.06320616076871498,0.33825936566846315,False,False
0.16856632059829957,0.0,False,0.0,0.0,0.875,0.875,0.125,0.483427218159133,0.4702750489170807,0.2288963750266535,True,False
0.3273437640392046,0.0,False,0.0,1.0,0.5,0.5,0.125,0.1266270762998186,0.02236949550310575,0.6249454968166535,True,False
0.27309610298404585,0.0,False,0.0,1.0,0.875,0.8125,0.125,0.17570805927219021,0.036196312504619875,0.522475139874301,False,False
0.45596169330461367,1.0,False,1.0,0.0,0.75,0.825,0.25,0.20652061020681628,0.023066893199797857,0.5244650476018131,False,False
0.1768312588239036,0.0,False,0.0,0.0,1.0,0.9375,0.125,0.3573427064049933,0.254094848279699,0.3239604093033166,True,False
0.2343570186517372,0.0,False,1.0,0.0,1.0,1.0,0.125,0.6252768428490262,0.6919766239431503,0.1552902472291049,True,False
0.25576595090664944,0.0,False,0.0,1.0,1.0,1.0,0.125,0.27155314515192075,0.05405926287664862,0.4060867441468634,False,False
0.2229214057183464,0.0,True,1.0,0.0,1.0,1.0,0.125,0.2855397487603843,0.20097578673898583,0.3878832272673842,True,False
0.24395922323095953,0.0,True,1.0,0.0,1.0,0.9500000000000002,0.125,0.26358572092018245,0.22889625265565433,0.42006092770087355,True,False
0.2872468017004989,0.0,False,0.0,0.0,1.0,0.9750000000000001,0.125,0.38953049717184957,0.28143787358200983,0.2957495277640496,False,False
0.25859884600537375,0.0,True,0.0,1.0,1.0,0.8625,0.125,0.31901430584381546,0.062362092204250416,0.3641343718070491,True,False
0.21923229936250388,0.5,False,0.0,1.0,0.75,0.75,0.125,0.33525342509387024,0.00394272268162719,0.38410203531145193,True,False
0.378206744639609,1.0,False,0.0,1.0,0.875,0.9500000000000002,0.125,0.2186350087902238,0.025392210115778906,0.7401278633236452,False,False
0.2235645371255457,0.0,False,0.0,0.0,1.0,0.9875,0.125,0.21501232771181994,0.07817046502164837,0.469911740971213,True,False
0.7212772774225457,1.0,False,1.0,0.0,1.0,1.0,0.375,0.2578623287022808,0.015336318238528471,0.4165522088501521,False,False
0.6046157532105322,1.0,False,0.0,1.0,1.0,0.9375,0.25,0.16270745528715652,0.02821655501208701,0.5759421177581965,False,False
0.21702586163541515,0.0,False,0.0,1.0,0.875,0.9125000000000001,0.125,0.20478419106732415,0.09991403396257141,0.4831763219812806,True,False
0.26532028250539186,0.0,False,0.0,0.0,0.875,0.875,0.125,0.4948544462131876,0.02480098938078159,0.20772737522268714,True,False
0.2743863651066005,0.0,True,1.0,0.0,0.75,0.8,0.125,0.3709016127931296,0.12059111576946813,0.35848877407593394,True,False
0.13669402701256517,0.0,False,0.0,0.0,1.0,0.9375,0.125,0.3977543838454412,0.33975052817156093,0.30429485455049243,True,False
0.29755351618285075,0.0,False,0.0,1.0,0.625,0.5,0.0,0.33984358700805367,0.03413798536196386,0.3770102517439693,False,False
0.2397121763990986,0.25,False,0.0,1.0,0.875,0.9125000000000001,0.125,0.28816602865383045,0.07362501636936304,0.4019790259578697,True,False
0.33389833422413695,0.5,False,1.0,0.0,1.0,1.0,0.125,0.5060299096488451,0.021593043140843506,0.2056815034014121,False,False
0.20884749730392682,0.0,False,1.0,0.0,0.875,0.7375,0.125,0.3402628617996587,0.010872766493759062,0.37065354297063746,True,False
0.5014634249552418,1.0,False,0.0,1.0,0.875,0.8125,0.25,0.19836059877865142,0.010681209589867728,0.5369148494390032,False,False
0.2317198091841085,0.0,True,0.0,0.0,1.0,1.0,0.125,0.41022210869684067,0.07815259443042538,0.31335730654964844,True,False
0.3370870090054702,0.5,False,0.0,1.0,1.0,1.0,0.125,0.3179190661190458,0.021557628414541757,0.36712404741016913,False,False
0.2397121763990986,0.0,True,0.0,0.0,0.875,0.9625000000000001,0.0,0.280585098366483,0.014938675994128967,0.4462226856255511,True,False
0.30595429969375776,0.0,False,0.0,1.0,1.0,0.7750000000000001,0.125,0.21049906381313765,0.08951303590888869,0.4752116913666433,False,False
0.27081532053030977,0.0,False,0.0,1.0,1.0,1.0,0.125,0.26239240626662186,0.03577479347192034,0.43716465509655134,False,False
0.3460013029308767,0.0,True,0.0,0.0,0.875,0.9750000000000001,0.125,0.28400267619864666,0.06622759537719906,0.43609249618427204,False,False
0.2235645371255457,0.0,False,0.0,0.0,1.0,1.0,0.125,0.5271219586948692,0.06666571658159585,0.19372118883549216,True,False
0.42018237439793216,1.0,False,1.0,0.0,0.875,0.8625,0.25,0.07297610602850169,0.01992800859800522,0.7272723945226369,False,False
0.298537988166803,0.0,False,0.0,0.0,1.0,0.925,0.125,0.4520269804168099,0.40337969030284504,0.2671693841521603,False,False
0.5553257763091278,0.25,True,1.0,0.0,0.875,0.9625000000000001,0.125,0.32742261258665883,0.022478088896747715,0.37660383705596967,True,False
0.16172616516349725,0.0,False,0.0,1.0,0.375,0.125,0.125,0.7271715332060692,0.3764635521008632,0.11959155781690067,True,False
0.19657561857560946,0.0,True,1.0,0.0,1.0,0.9625000000000001,0.125,0.23236081088468927,0.02069105224735309,0.5758445405481765,False,True
0.41156779858591286,0.5,False,0.0,1.0,1.0,1.0,0.125,0.1882322055731199,0.015247716826075597,0.5487900827989249,False,False
0.3879599563902262,1.0,False,0.0,1.0,0.875,0.8625,0.25,0.14055833390860076,0.07320925800057555,0.5948555651393099,False,False
0.4796118135382884,1.0,False,0.0,0.0,0.875,1.0,0.25,0.2107029591433991,0.07156180621032719,0.47523509365640915,False,False
0.1768312588239036,0.0,False,0.0,1.0,0.875,0.875,0.125,0.36714298174005894,0.12153929041217869,0.3577093371657514,True,False
0.15174828993494538,0.0,False,0.0,0.0,1.0,1.0,0.125,0.4333067592104243,0.2830813122824173,0.26160545316374306,True,False
0.3655942564375413,0.5,False,1.0,0.0,0.875,0.9125000000000001,0.125,0.36066566248550846,0.22794995138647375,0.328061748799344,False,False
0.5531346901689952,0.75,False,1.0,0.0,1.0,1.0,0.25,0.28093437335243265,0.014065232962367837,0.45680177560883095,False,False
0.20697773546125786,0.0,False,0.0,0.0,1.0,1.0,0.125,0.45506171400128237,0.09901954551517983,0.24048062753041033,True,False
0.340662399340533,0.5,True,0.0,1.0,1.0,1.0,0.125,0.34007280670430856,0.010346209828517182,0.37057382455679133,False,False
0.42375004693628193,0.25,False,1.0,0.0,0.875,0.8375000000000001,0.125,0.28090018240169506,0.00997783845765264,0.4470589819287678,False,False
0.3294771087624807,0.0,False,0.0,0.0,0.75,0.8125,0.125,0.4320745991879454,0.07231856581113899,0.3117854149204451,False,False
0.2451000824035493,0.0,True,0.0,0.0,1.0,1.0,0.125,0.25731246866437757,0.1836346046536702,0.437948478910545,True,False
0.18867914175461908,0.0,False,0.0,1.0,0.875,1.0,0.125,0.350544717036469,0.025737244663200487,0.3606380673144558,True,False
0.2235645371255457,0.0,True,0.0,0.0,1.0,0.9750000000000001,0.125,0.3905695142441511,0.13608980307773266,0.29104723968886415,True,False
0.13137809637373,0.0,False,0.0,1.0,0.75,0.7750000000000001,0.125,0.4295770190043381,0.09159433445753103,0.3087564779115912,True,False
0.35753251426047294,1.0,False,0.0,0.0,1.0,1.0,0.375,0.4334327747486777,0.32711773376460324,0.26578775636580687,False,False
0.25069688375119514,0.25,False,1.0,0.0,0.875,0.8,0.125,0.18686091636328786,0.007414179738493254,0.538057186226887,True,False
0.5060083200559679,0.0,False,1.0,0.0,1.0,0.875,0.125,0.1417869954014295,0.03668025677112543,0.585177433307221,False,False
0.2906515893109086,0.0,False,0.0,0.0,1.0,1.0,0.125,0.3610502007009923,0.1580372289355329,0.31067192696516766,False,False
0.29684696291536883,0.0,False,0.0,1.0,0.75,0.7000000000000001,0.125,0.5476617788525241,0.03532065201962648,0.17546353870737375,True,False
0.30888908858793085,0.0,False,0.0,0.0,0.875,0.9125000000000001,0.125,0.47649044535137847,0.12919011416643567,0.2346689595063851,False,False
0.1626334546350061,0.0,False,0.0,1.0,0.875,0.8875,0.125,0.3114966397086427,0.06835734607782713,0.38315370193716514,True,False
0.41045163548169683,0.5,False,0.0,1.0,0.5,0.5,0.125,0.16589682929842955,0.04476119512350292,0.5381355186394121,False,False
0.17904509321601503,0.0,True,0.0,1.0,1.0,0.9625000000000001,0.125,0.46733767228471523,0.0845945504409768,0.2486040122243831,True,False
0.2905049056005683,0.25,False,0.0,0.0,0.75,0.8500000000000001,0.125,0.2749744606016807,0.06859268963434592,0.4418876979728952,False,False
0.3596322511930946,0.5,False,1.0,0.0,0.875,0.9000000000000001,0.125,0.27521539924907934,0.07951424450191798,0.4485333955582149,False,False
0.329947722434342,0.5,False,1.0,0.0,1.0,1.0,0.125,0.27649214385956294,0.016154956955531565,0.416236111215446,False,False
0.374315026373513,0.75,False,0.0,1.0,1.0,1.0,0.125,0.5344823696194494,0.031789721781600035,0.24189671273447955,False,False
0.1167618027271069,0.0,False,0.0,1.0,0.75,0.8,0.125,0.6789642244671752,0.6368033004834682,0.1335485205946414,True,False
0.3633697464895339,0.75,False,0.0,1.0,1.0,1.0,0.125,0.48609101474834976,0.10352609044577839,0.26245145398073566,False,False
0.23455826676495228,0.25,False,1.0,0.0,0.875,0.8375000000000001,0.125,0.566663347406834,0.6263109883133442,0.17912836826409673,True,False
0.23375190125738088,0.0,True,0.0,0.0,1.0,0.9875,0.125,0.3807654140486135,0.040305483714074095,0.3131846583313942,True,False
0.1255265552107213,0.0,True,0.0,0.0,0.875,0.9625000000000001,0.125,0.48870062365266087,0.21667484637412382,0.2212669517984307,True,False
0.264642504397139,1.0,False,0.0,1.0,0.75,0.7250000000000001,0.125,0.6825648001255722,0.6481740453548779,0.13121405748833448,True,False
0.24566777319209177,0.5,True,0.0,0.0,1.0,0.9750000000000001,0.125,0.5714304961111574,0.09456315756216083,0.2274530548625895,True,False
0.21115733074156973,0.0,True,1.0,0.0,1.0,0.9625000000000001,0.125,0.15323770454500796,0.022667318602328103,0.5597025725443463,True,False
0.15302664056903836,0.0,True,1.0,0.0,1.0,1.0,0.125,0.45154907451301135,0.477800884562871,0.25459940924425584,True,False
0.2229214057183464,0.0,False,0.0,0.0,1.0,0.9625000000000001,0.125,0.2561580349143221,0.05167658178637167,0.46356636416606256,True,False
0.08890245099564842,0.0,False,0.0,0.0,0.875,0.875,0.125,0.5799404593641405,0.5006764586478494,0.19505913163667477,True,False
0.4667187303729686,0.0,False,0.0,0.0,0.75,0.8125,0.125,0.3256608935326099,0.01737920639833436,0.4041811262737953,True,False
0.3523272609049949,0.5,False,0.0,0.0,0.875,0.925,0.125,0.3021515594451241,0.005411040546810474,0.38608334214757445,False,False
0.2347592869000048,0.5,False,1.0,0.0,0.5,0.125,0.125,0.15942169328323086,0.06357489214636672,0.5631319917446733,True,False
0.21115733074156973,0.0,False,0.0,1.0,1.0,0.9125000000000001,0.125,0.4519398516116711,0.2572852042932916,0.2556200391592247,True,False
0.16081421295707443,0.0,False,0.0,0.0,1.0,0.9750000000000001,0.125,0.47431510346913747,0.20282158428293337,0.241789653867732,True,False
0.19126498563031902,0.0,False,0.0,0.0,1.0,1.0,0.125,0.5235716088536996,0.10400131742998285,0.18944067410551524,True,False
0.22862736097375158,0.0,True,1.0,0.0,1.0,0.9875,0.125,0.30441356497714256,0.029406560923757704,0.3585230028466848,True,False
0.4521670588811101,1.0,False,0.0,1.0,1.0,0.9125000000000001,0.25,0.1305367419236289,0.017460533255101645,0.6132263575097641,False,False
0.1839274901469682,0.0,False,0.0,0.0,0.875,0.8875,0.125,0.4190890165066811,0.18729588663947852,0.26680255861209456,True,False
0.1839274901469682,0.0,False,1.0,0.0,0.875,0.8625,0.125,0.20702680453559993,0.059928103081061126,0.471111093829496,True,False
0.38315035015762355,0.75,False,0.0,0.0,1.0,0.9000000000000001,0.25,0.5322845707294075,0.10542402207187974,0.1855013511044148,False,False
0.20744702615819044,0.0,True,0.0,0.0,1.0,0.8875,0.125,0.18021315157846698,0.04996052862989049,0.5192677696516212,True,False
0.38419201080660426,0.5,False,0.0,0.0,0.875,1.0,0.125,0.3371798753378173,0.04734006474270757,0.37841708255737316,False,False
0.402201067311312,0.0,False,0.0,1.0,1.0,1.0,0.125,0.21976966502460318,0.01650383544822735,0.45188164960681987,False,False
0.3332075278298613,0.5,False,0.0,1.0,0.375,0.6125,0.125,0.2366364566648557,0.013319522762765547,0.49241811563060867,False,False
0.16885782018472062,0.0,False,1.0,0.0,0.75,0.75,0.125,0.3345404532394144,0.10731823737611733,0.4029685469038653,True,False
0.4071364630670299,0.5,False,0.0,1.0,0.75,0.8500000000000001,0.125,0.09018144732725132,0.027919740061533443,0.6784612954966125,False,False
0.1759938981343364,0.0,False,0.0,1.0,0.75,0.7750000000000001,0.125,0.3538913941631332,0.03732977566740182,0.3643035949757143,True,False
0.1768312588239036,0.0,False,0.0,0.0,0.5,0.75,0.125,0.27273007755958584,0.03461321010183891,0.4217931800784376,True,False
0.3807840133469361,0.0,True,1.0,0.0,1.0,1.0,0.125,0.37966670861792673,0.1177005678907977,0.34801296433498874,True,False
0.34546381748910326,0.5,False,0.0,0.0,0.75,0.75,0.25,0.2538674015252715,0.10802250451630811,0.46763568906254727,False,False
0.1083625951338244,0.25,False,1.0,0.0,0.75,0.7000000000000001,0.125,0.42204741541724117,0.0801199825960947,0.30298817358037633,True,False
0.13352361620659736,0.0,False,0.0,0.0,1.0,1.0,0.125,0.5264397703559373,0.12651237971458754,0.19682428287568943,True,False
0.3234866442354115,0.5,False,0.0,1.0,0.875,0.625,0.125,0.26658536619989853,0.03053197230018952,0.4595458084784254,False,False
0.21389001927083318,0.0,False,0.0,1.0,0.75,0.7125,0.125,0.3127451296066082,0.058976110152581106,0.4170722094767667,True,False
0.2780444497937604,0.0,True,0.0,0.0,0.875,0.925,0.0,0.26137537686259715,0.034473529465122256,0.4506962069788534,True,False
0.2275844517662704,0.0,False,1.0,0.0,1.0,1.0,0.125,0.1449622182084386,0.011095976149957595,0.5763367508477315,True,False
0.41201230543707534,0.5,False,0.0,0.0,0.875,0.8500000000000001,0.25,0.4185344353301898,0.10173398073659866,0.2717432274150078,False,False
0.2229214057183464,0.0,False,0.0,1.0,1.0,0.9375,0.125,0.40108899573153844,0.07585332232050981,0.3060132492426606,True,False
0.34535612476386623,0.0,False,0.0,0.0,0.875,0.75,0.125,0.35627480235837883,0.1301949599204484,0.30879168492296794,True,False
0.33389833422413695,0.0,True,1.0,0.0,1.0,0.9750000000000001,0.125,0.3194236435751523,0.06369525953607033,0.363713872309416,True,False
0.22569162861852088,0.0,False,0.0,0.0,0.625,0.7750000000000001,0.125,0.16213615424159927,0.04205025588072154,0.5789031061265038,True,False
0.23892894526760478,0.0,False,0.0,0.0,1.0,1.0,0.125,0.3730259791798864,0.20795525355765868,0.30085815687964645,True,False
0.4491318580363467,0.5,False,0.0,1.0,1.0,0.9875,0.25,0.2412660971152108,0.06498611077682825,0.49939594343087945,False,False
0.30595429969375776,0.0,False,1.0,0.0,1.0,1.0,0.125,0.40672723281048156,0.056006389843953036,0.2809769191948459,False,False
0.30954937078703926,0.0,False,0.0,1.0,0.875,0.8875,0.0,0.18466349794699946,0.06213319034022512,0.5913511955532897,False,False
0.45210804141152294,0.5,False,0.0,1.0,0.0,0.0,0.25,0.23660627936243322,0.028336883167594036,0.5280710744773678,False,False
0.215688708956697,0.0,True,0.0,0.0,1.0,0.9750000000000001,0.125,0.2839739402567262,0.19253189187673236,0.3855312845765091,True,False
0.19632630288517106,0.0,False,0.0,1.0,0.75,0.7750000000000001,0.125,0.2561542816755134,0.05189885897792732,0.4681397176716733,True,False
0.40055126439436195,0.5,True,0.0,1.0,1.0,0.875,0.25,0.31823737334096386,0.09104972777709473,0.35676465410792546,False,False
0.3332075278298613,0.0,False,1.0,0.0,1.0,0.9500000000000002,0.125,0.41665893160821393,0.11913356598933644,0.2891469934690294,True,False
0.08890245099564842,0.0,False,1.0,0.0,0.75,0.825,0.125,0.4313085926507077,0.2993797601696641,0.2964408180297391,True,False
0.16885782018472062,0.0,False,0.0,0.0,1.0,0.9000000000000001,0.125,0.5830761359672451,0.25139961552060247,0.15529828298777826,True,False
0.20556237051819792,0.0,True,1.0,0.0,0.875,0.9125000000000001,0.125,0.29673689392835284,0.025649301870814715,0.42149868685771463,True,False
0.2397121763990986,0.0,False,1.0,0.0,0.875,0.9375,0.125,0.17351929013742926,0.06359375227508925,0.5404156328269261,True,False
0.269993598409354,0.0,False,0.0,0.0,1.0,1.0,0.125,0.45611474312676786,0.011935678315364675,0.24524383237317338,True,False
0.32578690669312815,0.25,False,1.0,0.0,1.0,1.0,0.125,0.28278035304541516,0.018269332472383996,0.4503227611029208,True,False
0.25197779034574197,0.0,False,0.0,1.0,1.0,1.0,0.125,0.14440769633332057,0.023644401191360808,0.6896561136196233,False,True
0.3247010247246819,0.0,False,1.0,0.0,0.875,0.7875000000000001,0.125,0.0636998086963612,0.03301802023625885,0.7328948356193372,True,False
0.4461659536261936,1.0,True,0.0,1.0,0.875,0.9500000000000002,0.25,0.15103723828896773,0.036440215942915015,0.5866823331362914,False,False
0.17117273715447934,0.0,False,1.0,0.0,1.0,1.0,0.125,0.2236886220667508,0.067016757745149,0.4769353905997533,True,False
0.37302931238938364,0.25,False,0.0,0.0,0.875,0.9125000000000001,0.125,0.5025901967682522,0.390683631817267,0.20624082863358084,False,False
0.1768312588239036,0.5,False,1.0,0.0,0.75,0.8875,0.125,0.41962057195206987,0.2329893789869579,0.3134299888548353,True,False
0.14785703624482216,0.0,False,0.0,0.0,1.0,1.0,0.125,0.5131680783000864,0.01985950577669297,0.20091471648837755,True,False
0.4010242038967383,0.75,False,0.0,1.0,1.0,1.0,0.25,0.4505286652280329,0.06744941077864947,0.25457456460357575,False,False
0.2347592869000048,0.0,False,0.0,1.0,1.0,0.8875,0.125,0.03577170855823241,0.03352294756153247,0.8139633323996791,True,False
0.26276515465118755,0.0,False,0.0,1.0,1.0,0.875,0.125,0.4718287417599715,0.11117607165615316,0.2734513600949091,True,False
0.2351606452976025,0.0,False,0.0,0.0,0.875,0.9125000000000001,0.125,0.40538067219535096,0.01665856467579666,0.30502479097276813,True,False
0.18339158825813184,0.5,False,0.0,0.0,1.0,1.0,0.125,0.8610514426642557,0.44749329413323374,0.053240774125257184,False,True
0.289622247908352,0.0,False,0.0,0.0,1.0,1.0,0.125,0.2452512860918887,0.032290135280442105,0.5203331804779265,True,False
0.283011683321037,0.25,False,1.0,0.0,0.875,1.0,0.125,0.45989038875281735,0.17658357123800933,0.25978082845929507,False,False
0.3734895660834897,0.25,False,1.0,0.0,1.0,0.9750000000000001,0.25,0.2209113510469435,0.05616721657353245,0.4914162706673375,False,False
0.3201656894734407,1.0,False,1.0,0.0,1.0,0.9375,0.25,0.4089981293846352,0.09784959531188132,0.2970346397386594,True,False
0.30076790948683885,0.25,False,1.0,0.0,0.75,0.7875000000000001,0.125,0.22433039385928102,0.03284295622448983,0.495022417168266,False,False
0.2870972751670433,0.0,False,0.0,0.0,1.0,0.9375,0.125,0.159864418983634,0.011283434188460582,0.5551493112021588,True,False
0.4681804642661894,0.5,False,1.0,0.0,0.75,0.7750000000000001,0.0,0.06125705105546144,0.019386157354465076,0.7872803062525735,False,False
0.2343570186517372,0.0,False,0.0,0.0,1.0,0.9750000000000001,0.125,0.214730219201742,0.11413448530633243,0.5116126064745621,True,False
0.4131187254012235,1.0,False,0.0,1.0,0.875,0.65,0.25,0.3426826739382098,0.054302416435036104,0.37343296279788984,False,False
0.34492469909686096,0.0,False,0.0,0.0,0.875,0.925,0.125,0.12187295586337062,0.02766249782074013,0.6501125229879574,True,False
0.16081421295707443,0.0,False,0.0,0.0,0.375,0.5,0.125,0.1728019571345147,0.014067940027133236,0.5271707666113246,True,False
0.2235645371255457,0.0,False,0.0,0.0,0.25,0.75,0.125,0.31771623378497044,0.06686596228961561,0.3579357738440314,True,False
0.41326572820348073,0.5,False,0.0,1.0,0.75,0.75,0.25,0.5368114178574603,0.350376366050247,0.25823681857046576,False,False
0.40078789170443174,0.5,False,0.0,1.0,1.0,0.875,0.125,0.17996708045748044,0.0605950270755587,0.6053139108000516,False,False
0.21069776311509292,0.0,True,1.0,0.0,1.0,0.9625000000000001,0.125,0.3396313518281118,0.04353245877695624,0.32436738730513337,True,False
0.2229214057183464,0.0,False,1.0,0.0,1.0,0.9500000000000002,0.125,0.3160122520531455,0.03637546704824586,0.34824284880257994,True,False
0.14851153312476129,0.0,False,1.0,0.0,1.0,1.0,0.125,0.46557140731775387,0.027381553075266577,0.23887627001408207,True,False
0.19228886384536403,0.0,False,1.0,0.0,0.875,0.8875,0.125,0.30457728083427776,0.08998397168859112,0.3828438134441381,True,False
0.19431906581166813,0.0,False,0.0,0.0,1.0,1.0,0.125,0.4516343236127574,0.08044236497507552,0.28326543308767294,True,False
0.18919933382519116,0.0,False,1.0,0.0,1.0,0.925,0.125,0.09356550611853046,0.04193957080463357,0.66782644424022,True,False
0.42567869131748937,0.5,False,0.0,1.0,1.0,1.0,0.25,0.2394246321067285,0.09549154712639665,0.495082936660443,False,False
0.24604522726389022,0.25,True,1.0,0.0,1.0,0.9625000000000001,0.125,0.13938703192894886,0.04581061923950589,0.5881128142118135,True,False
0.20744702615819044,0.0,False,0.0,0.0,1.0,1.0,0.125,0.40669732671146896,0.11328512854829463,0.2761243152813422,True,False
0.27358105135248967,0.0,False,0.0,1.0,0.875,0.8625,0.125,0.02720236910350949,0.026601277394286606,0.8539767044019686,True,False
0.34610860493463325,0.5,False,0.0,1.0,1.0,0.75,0.125,0.22790303357004157,0.06116879328551858,0.5475146393204362,False,False
0.36022764064684554,0.75,False,0.0,1.0,0.75,0.65,0.25,0.25115766912626214,0.012512283917395922,0.4602016221971901,False,False
0.2997957651159654,0.0,True,0.0,0.0,1.0,0.9000000000000001,0.125,0.3454118568328593,0.021212695113108904,0.36476567916297253,False,False
0.44622698045896037,1.0,False,0.0,0.0,0.875,0.9000000000000001,0.375,0.45701987086532186,0.05474161978079637,0.26870804219799793,False,False
0.20838190059244077,0.0,True,0.0,1.0,1.0,0.9125000000000001,0.125,0.3729818271139011,0.09416430701764393,0.3281871483374983,True,False
0.1083625951338244,0.0,False,0.0,0.0,0.75,0.5875,0.125,0.42612517639783787,0.20798587587739834,0.264809141804738,True,False
0.22313604194574843,0.0,False,0.0,0.0,1.0,1.0,0.125,0.3270750039359104,0.03344061000345492,0.3870931796317094,True,False
0.351808626339993,0.0,False,0.0,0.0,1.0,1.0,0.125,0.26092230075531236,0.022103633642477923,0.4365183293682444,True,False
0.4884855858610445,0.5,False,0.0,0.0,1.0,0.9375,0.125,0.315754308817813,0.04549563859931294,0.40348707579708587,False,False
0.2743863651066005,0.0,False,1.0,0.0,1.0,0.9750000000000001,0.125,0.21789724562574117,0.04333700744721818,0.4550731333072946,True,False
0.3844514733451213,0.25,False,1.0,0.0,1.0,0.9375,0.125,0.10000855785768846,0.022771265038550068,0.7099343132186395,False,False
0.3708966328440727,0.25,False,1.0,0.0,0.75,0.8,0.125,0.11338702042796897,0.03521811996625247,0.6587810278912474,True,False
0.20884749730392682,0.25,False,0.0,1.0,0.75,0.7875000000000001,0.125,0.1403644097028581,0.05925998595411112,0.5813304538357424,True,False
0.36121553853296307,0.0,False,1.0,0.0,0.75,0.8,0.125,0.4825345580013184,0.09713508416856426,0.28353796846909374,False,False
0.4144373870432848,0.5,False,0.0,1.0,0.875,1.0,0.125,0.23654618988036635,0.008789904683440616,0.4944806006385023,False,False
0.46436563639739925,0.5,True,0.0,1.0,1.0,1.0,0.25,0.2710489190976061,0.027769763124463748,0.4714043560467558,False,False
0.19831108880083492,0.0,False,0.0,0.0,1.0,0.875,0.125,0.073326101842453,0.020142546169658652,0.7795589221708643,True,False
0.19756939318629507,0.0,False,0.0,0.0,0.875,0.8875,0.125,0.1972197429495243,0.1095867858196142,0.49480093901478983,True,False
0.44352174525297106,0.5,False,0.0,1.0,1.0,0.875,0.25,0.22837005270443017,0.054246100608717436,0.4795715632346096,False,False
0.31879468553043033,0.0,False,0.0,1.0,0.75,0.8375000000000001,0.0,0.21894319275565577,0.0252457981601284,0.6413269325779476,False,False
0.23273876403659832,0.0,False,0.0,0.0,1.0,1.0,0.125,0.4209331266601927,0.19085348462513438,0.25765533598386403,True,False
0.3231207035893132,0.25,False,1.0,0.0,1.0,1.0,0.125,0.13283886111433615,0.02110244996511046,0.6093478145174545,False,False
0.18068753024402562,0.0,False,0.0,1.0,0.875,0.8875,0.125,0.4170622138265623,0.0363498982832067,0.29746850628153854,True,False
0.31665480429401416,0.5,False,1.0,0.0,0.875,0.875,0.125,0.36066143963319247,0.2341601845032969,0.3197496858551552,True,False
0.3401084713842951,0.5,False,0.0,0.0,0.75,0.8,0.125,0.2027578501392709,0.07117406633287551,0.4889366724904509,False,False
0.3022848854061738,0.0,False,0.0,0.0,0.875,0.9625000000000001,0.125,0.21932634815856528,0.042240201363112226,0.5149372755675392,True,False
0.1255265552107213,0.0,False,1.0,0.0,0.875,0.8875,0.125,0.39316074411372615,0.08715343190049435,0.3095917714217187,True,False
0.17655257740394903,0.0,False,0.0,1.0,0.75,0.7250000000000001,0.125,0.2936239499717392,0.10623756521271713,0.4557435188292871,True,False
0.3022848854061738,0.0,False,1.0,0.0,1.0,1.0,0.125,0.43371107083425764,0.020398559664990417,0.3180831873619516,True,False
0.20317804933718453,0.0,False,1.0,0.0,1.0,1.0,0.125,0.3629287132890348,0.2107726018045872,0.30995395094776756,True,False
0.253249517103329,0.0,False,0.0,1.0,0.75,0.5,0.125,0.21247025936089553,0.02725554545228791,0.8096761939978765,True,False
0.11281172005477969,0.0,False,1.0,0.0,0.375,0.75,0.125,0.28935050896558256,0.036447838567791234,0.38679743649654186,True,False
0.16856632059829957,0.0,False,0.0,0.0,1.0,0.9375,0.125,0.5706838472983107,0.6319595492219643,0.1856296520408256,True,False
0.4754691038888502,0.5,False,0.0,1.0,1.0,0.5625,0.25,0.21342385125216307,0.04016621695349374,0.5162758859666707,False,False
0.24547874464902375,0.0,True,1.0,0.0,1.0,0.9875,0.125,0.4895632600021447,0.27553640671466834,0.33503870255831747,True,False
0.15835917607605532,0.0,False,1.0,0.0,1.0,1.0,0.125,0.39064040297338876,0.04200434742003624,0.2922996934865183,True,False
0.4414654057216495,0.0,False,1.0,0.0,1.0,1.0,0.125,0.17373122747459477,0.05678159192408105,0.6582207443235593,False,False
0.2872468017004989,0.0,True,0.0,0.0,1.0,1.0,0.125,0.34859929708881043,0.04177147652234234,0.3584495625342654,True,False
0.26017269716418734,0.25,False,0.0,0.0,1.0,0.875,0.125,0.5348638658978857,0.019482071919343286,0.23742265832412812,True,False
0.29755351618285075,0.0,True,1.0,0.0,1.0,0.9875,0.125,0.18186854721634318,0.019803563643708378,0.5098391755076903,True,False
0.3234866442354115,0.5,False,0.0,0.0,1.0,0.9000000000000001,0.125,0.3169899476950926,0.23330281137634118,0.36424431882914066,False,False
0.41119652374371507,0.75,False,1.0,0.0,0.875,0.8625,0.125,0.24409644336378072,0.09435361270485661,0.49280419047140467,False,False
0.262936645905265,0.0,False,0.0,1.0,0.875,0.8625,0.0,0.3257286067140268,0.041575909165638275,0.4117510515300846,False,False
0.43041054129057066,0.5,False,0.0,1.0,1.0,0.8375000000000001,0.125,0.06012939469558165,0.01595237585379111,0.8484503660970169,False,False
0.05306477854529845,0.0,False,0.0,0.0,0.875,0.8625,0.125,0.5732095403728273,0.6063089667315443,0.17286806351596318,True,False
0.24049196569802778,0.0,True,1.0,0.0,1.0,0.9625000000000001,0.125,0.32380066194147955,0.03227529148476384,0.3988963522381208,True,False
0.1759938981343364,0.0,False,0.0,1.0,0.75,0.675,0.125,0.35497199968171117,0.044996315687867126,0.3642402467324317,True,False
0.1841948354016394,0.0,False,0.0,0.0,1.0,1.0,0.125,0.5348248672131513,0.05784611789893028,0.18287439620815826,True,False
0.3512884715207659,0.0,False,0.0,0.0,1.0,1.0,0.125,0.014234289945621424,0.005551137589791028,0.9160468395779993,True,False
0.44979091459092857,1.0,True,0.0,0.0,1.0,0.9875,0.375,0.5058184602521351,0.10663031661006821,0.20315249051438267,False,False
0.28529305948197203,0.0,False,0.0,0.0,1.0,1.0,0.125,0.40245610781606644,0.11324679649531089,0.2860014902822485,True,False
0.48963592255384214,0.5,False,0.0,1.0,0.875,0.75,0.25,0.23945760215167614,0.0332271413999257,0.5608688598833544,False,False
0.3962371116929314,0.5,False,1.0,0.0,1.0,0.9500000000000002,0.25,0.3360353079995463,0.05406410302244229,0.3563621693939607,False,False
0.2397121763990986,0.0,False,0.0,0.0,1.0,1.0,0.125,0.44969873905474267,0.0433505611078546,0.25147657844606486,True,False
0.0852078475878022,0.0,False,0.0,0.0,0.625,0.6625000000000001,0.125,0.34380391537096716,0.12448047913824459,0.324517674747266,True,False
0.25859884600537375,0.0,True,1.0,0.0,1.0,0.9875,0.125,0.348122821656618,0.02241709956430416,0.3726030087442942,True,False
0.33389833422413695,0.0,True,1.0,0.0,1.0,0.9875,0.0,0.19464698138573938,0.02984090751986195,0.6118133056135311,False,False
0.20627146412145259,0.0,True,1.0,0.0,1.0,0.9750000000000001,0.125,0.29249773319342,0.0615450693658012,0.39978462611366994,True,False
0.4085001642509932,1.0,False,1.0,0.0,1.0,1.0,0.125,0.3360874523301629,0.09318471762328978,0.3923643284793408,False,False
0.2954253601423583,0.0,False,0.0,0.0,0.75,0.8875,0.125,0.3847369378796457,0.04344289726976555,0.32568651663355475,True,False
0.23028337060200865,0.0,True,0.0,0.0,1.0,1.0,0.125,0.20915615702784876,0.09436960910629105,0.4834289817531374,True,False
0.31320222383114726,0.5,False,1.0,0.0,0.875,0.8125,0.125,0.2209422724084102,0.02710990735191596,0.5690660800805147,False,False
0.34610860493463325,0.0,False,1.0,0.0,0.75,0.75,0.125,0.28469571861306814,0.03964329045686966,0.44098678523916357,True,False
0.3306513109895125,0.0,True,0.0,0.0,1.0,0.9750000000000001,0.125,0.3383458610401079,0.21692328193323923,0.3397521074303542,False,False
0.14981332910580847,0.0,True,1.0,0.0,1.0,1.0,0.125,0.47433447554347896,0.4654453549178463,0.2477684776843203,True,False
0.1855255531601825,0.0,False,0.0,1.0,1.0,0.875,0.125,0.26296698415489095,0.09258833253278877,0.5252823642675768,True,False
0.15174828993494538,0.0,False,1.0,0.0,1.0,1.0,0.125,0.4129363076653815,0.09367783445230252,0.3121507866338966,True,False
0.22484384923597567,0.0,False,0.0,1.0,0.875,0.9000000000000001,0.125,0.1389678713801911,0.014403258703735286,0.6031990605983748,True,False
0.41726130840894193,0.5,False,0.0,0.0,1.0,0.9500000000000002,0.25,0.23929851044829714,0.011760340531935818,0.5582150002586388,False,False
0.1602036306527207,0.0,False,1.0,0.0,0.75,0.8875,0.125,0.36984442390663136,0.11500102708139173,0.35261862367694796,True,False
0.21769067839603506,0.0,False,1.0,0.0,0.875,0.9500000000000002,0.125,0.3370473332653267,0.23955161306247383,0.3597144319283967,False,False
0.2043742145179328,0.0,False,0.0,1.0,0.875,0.7875000000000001,0.125,0.22398722212976027,0.054493536110591205,0.5485450186134504,True,False
0.3628824450656146,0.0,True,1.0,0.0,1.0,1.0,0.125,0.36737003749724645,0.048937595062624954,0.3315385864719367,False,False
0.20317804933718453,0.0,False,0.0,0.0,0.875,0.8,0.125,0.42749958203660293,0.0620628078548628,0.31506666776201375,True,False
0.22010724953117922,0.5,False,0.0,1.0,0.75,0.7750000000000001,0.125,0.2946693942991453,0.0960982106769156,0.45252275339047343,True,False
0.25069688375119514,0.0,False,0.0,0.0,1.0,0.9750000000000001,0.125,0.43367272817985536,0.2862729375033673,0.2697065230423652,True,False
0.25576595090664944,0.0,False,0.0,0.0,0.875,0.9125000000000001,0.125,0.1456694093791858,0.03804811627337423,0.5952979730897197,True,False
0.21702586163541515,0.0,False,1.0,0.0,1.0,0.8500000000000001,0.125,0.39948095331745326,0.01621512636538141,0.312544640545086,True,False
0.3596322511930946,0.75,False,0.0,1.0,0.75,0.75,0.25,0.2565988935462384,0.03384663602150896,0.45703108990422514,False,False
0.10877170219658894,0.0,False,0.0,0.0,1.0,1.0,0.125,0.38309009572216596,0.038820966482287694,0.2973419779187587,True,False
0.2113866689982885,0.0,False,0.0,0.0,1.0,0.5,0.125,0.34603237406119564,0.013346853738186837,0.36992971810393716,True,False
0.3546936481453137,0.0,False,0.0,1.0,0.875,0.8125,0.0,0.26055160589533505,0.04194687650072725,0.4954436397646642,False,False
0.19904969723200128,0.0,False,1.0,0.0,0.75,0.75,0.125,0.4471337827691526,0.1415666374444871,0.3040667062052431,True,False
0.35530581155820584,0.0,True,0.0,0.0,1.0,0.925,0.0,0.15242567632215234,0.01596219418809653,0.6399671615828533,False,False
0.14320669321579982,0.0,False,1.0,0.0,1.0,1.0,0.125,0.5104123520830376,0.0811276259242862,0.2663058499712698,True,False
0.35753251426047294,0.0,False,1.0,0.0,0.875,0.875,0.125,0.16734311439890212,0.00607805981415626,0.5576244940234896,True,False
0.07363878386911371,0.0,False,1.0,0.0,0.625,0.525,0.125,0.8101126148421612,0.5325078994304453,0.07748481013359942,True,False
0.24547874464902375,0.25,False,0.0,1.0,0.875,0.925,0.125,0.0323042352031552,0.012474429178273926,0.8243413109892388,True,False
0.3207853885551156,0.0,True,0.0,1.0,1.0,0.9875,0.125,0.3329870111559887,0.038763688898056245,0.38395460867219366,True,False
0.1602036306527207,0.0,False,1.0,0.0,0.875,0.8125,0.125,0.3466978652912981,0.03540655035019225,0.37353041232460815,True,False
0.18710935290994468,0.0,False,1.0,0.0,0.875,0.875,0.125,0.13531550616577245,0.012125045596548922,0.6105446736468765,True,False
0.43792038710402104,0.5,False,0.0,1.0,0.5,0.5,0.25,0.21976888673050876,0.016505009223526303,0.45188265702285557,False,False
0.19781696967121776,0.0,True,1.0,0.0,1.0,0.9125000000000001,0.125,0.5470412290323975,0.07061598335440791,0.1808921308475986,True,False
0.1210076859605198,0.0,False,1.0,0.0,0.75,0.75,0.125,0.36189707690727274,0.30125058390706627,0.3329383875594085,True,False
0.28054544643909585,0.25,False,0.0,0.0,0.75,0.8,0.0,0.15492454859189714,0.048502958239463906,0.5780457165114528,True,False
0.28483912463706695,0.0,False,0.0,0.0,1.0,1.0,0.125,0.2782880251823987,0.05037031680193531,0.4614291127399037,True,False
0.1514272581382603,0.0,False,0.0,0.0,1.0,1.0,0.125,0.45332738848213006,0.3097539640872012,0.2963470987414738,True,False
0.1759938981343364,0.0,False,0.0,1.0,0.75,0.7750000000000001,0.125,0.3610371962643087,0.048843653251008486,0.35648693890888516,True,False
0.3809603838120722,0.25,False,0.0,1.0,0.5,0.25,0.0,0.16975997889021568,0.0367149181366206,0.5940355250462392,False,False
0.17931989058423214,0.0,False,0.0,0.0,0.875,1.0,0.125,0.31674030246866697,0.04739861249753909,0.39161461350313576,True,False
0.26259349750500316,0.0,True,0.0,0.0,1.0,0.9750000000000001,0.125,0.2722139521334949,0.039716865534281595,0.4027934146156069,True,False
0.1768312588239036,0.0,False,0.0,1.0,0.75,0.7375,0.125,0.29393272759666017,0.11607996266138366,0.45622163588048137,True,False
0.2229214057183464,0.0,False,0.0,0.0,0.75,0.8875,0.125,0.18733611623164442,0.1330386281375584,0.5082103314010575,True,False
0.3628824450656146,0.5,False,0.0,0.0,0.875,1.0,0.25,0.43078954067930675,0.2421339419945392,0.26216225066732757,False,False
0.5053536400872095,0.5,True,0.0,0.0,1.0,0.9500000000000002,0.25,0.2723436229063046,0.053431584279742136,0.42836161680558704,False,False
0.21923229936250388,0.5,False,0.0,0.0,1.0,1.0,0.125,0.43590918677747803,0.05687287862562657,0.31018492468926806,True,False
0.23212809351563968,0.25,False,0.0,1.0,1.0,1.0,0.125,0.17585616056732034,0.08164735087627843,0.525890252275766,True,False
0.3300651810942702,0.5,False,0.0,1.0,0.75,0.7875000000000001,0.125,0.22231469639095322,0.028173205758295437,0.5660597595105394,False,False
0.1514272581382603,0.0,True,0.0,0.0,1.0,0.9625000000000001,0.125,0.5499051358554536,0.407657891461251,0.17540979100657705,True,False
0.4271115419011168,0.75,False,0.0,1.0,0.625,0.5875,0.125,0.07415524962041037,0.013534790928383495,0.7699154609103234,False,False
0.2516127595347888,0.0,False,0.0,1.0,0.75,0.7875000000000001,0.125,0.49838619757775504,0.07416855995255311,0.2059215254889244,True,False
0.44008115372818246,0.75,False,0.0,0.0,1.0,1.0,0.25,0.030415081837564233,0.01971269612542558,0.8522704360164184,False,False
0.2235645371255457,0.0,False,0.0,0.0,1.0,0.9375,0.125,0.6087989988952358,0.5720435065791986,0.17221001190194896,False,False
0.4613096569994547,1.0,False,1.0,0.0,1.0,1.0,0.25,0.4011544343644486,0.06697186171717452,0.33665911478884025,False,False
0.4713862863872321,0.0,False,0.0,0.0,0.75,1.0,0.125,0.17238875857525254,0.04751819325673791,0.5989109571328988,False,False
0.4087264323643741,0.0,False,0.0,1.0,0.75,0.25,0.0,0.18080477595482983,0.0565373546376375,0.6099219728180363,False,False
0.19075082257961895,0.0,False,0.0,1.0,0.875,0.8500000000000001,0.125,0.16003900088424755,0.04638228030116935,0.5476435981204129,True,False
0.3165281216925372,0.25,False,0.0,0.0,1.0,0.9625000000000001,0.25,0.4381234649725486,0.07978130794289755,0.27385429865106126,True,False
0.398806288347323,0.0,False,0.0,1.0,1.0,1.0,0.125,0.23514517143605898,0.08327260101375142,0.5088089436487027,False,False
0.2428109818112687,0.0,False,1.0,0.0,0.625,0.6875,0.125,0.8036766197899042,0.5162215721757757,0.08049231164468074,False,False
0.4361855418721564,0.75,False,0.0,0.0,1.0,0.875,0.375,0.3741482833502826,0.08918754367867435,0.3284979009624529,False,False
0.3306513109895125,0.5,False,0.0,0.0,1.0,0.9500000000000002,0.125,0.1589760339651129,0.04123062583368037,0.5869251132358495,False,False
0.5252689852215321,1.0,False,1.0,0.0,0.75,0.75,0.25,0.24850662196444143,0.027366344370270617,0.46136388409648843,False,False
0.30742776123342896,0.25,False,1.0,0.0,1.0,0.9500000000000002,0.125,0.368091072791535,0.1545381566236831,0.29918635143677696,True,False
0.16081421295707443,0.0,False,0.0,0.0,1.0,0.925,0.125,0.47986325641111,0.2616414596082415,0.21725772580487956,True,False
0.17655257740394903,0.0,False,0.0,1.0,0.875,0.75,0.125,0.26993431463482176,0.07645001516277306,0.4986150410269772,True,False
0.21988891610179528,0.0,True,0.0,0.0,0.875,0.925,0.125,0.27195508259911144,0.0540174716624643,0.42735184608727406,True,False
0.14320669321579982,0.0,False,0.0,0.0,0.75,0.6625000000000001,0.125,0.5996499563725759,0.22758253696227382,0.20612520602873263,True,False
0.1841948354016394,0.0,True,1.0,0.0,1.0,0.9875,0.125,0.4456421053263749,0.277173304512584,0.2592743624671865,True,False
0.13281132137964757,0.0,False,0.0,0.0,0.875,0.9500000000000002,0.125,0.3280572955786317,0.12588521084249069,0.3461851759952703,True,False
0.2578948508235197,0.5,False,1.0,0.0,0.875,1.0,0.25,0.482503681062922,0.3475759396474294,0.2887702194348334,False,False
0.3737651463836983,0.5,True,0.0,0.0,1.0,0.9625000000000001,0.25,0.29021044342664654,0.062148094112192256,0.3736875382149212,False,False
0.21069776311509292,0.0,False,1.0,0.0,0.0,0.0,0.125,0.3445695909175272,0.020961051673086692,0.3377128624976553,False,False
0.3332075278298613,0.5,False,1.0,0.0,0.875,0.875,0.125,0.31406398035084143,0.06343555389653442,0.39081563567081146,False,False
0.2863477466931945,0.0,False,0.0,0.0,1.0,1.0,0.125,0.5661424650230682,0.516323389274336,0.16943617783292697,True,False
0.25576595090664944,0.0,True,0.0,0.0,1.0,0.9875,0.125,0.41393693714684193,0.22845037632134488,0.28911026825075714,False,False
0.4534019131011636,0.5,False,0.0,1.0,0.875,0.8125,0.125,0.06662657657744801,0.03006682856502835,0.7962230817622231,False,False
0.1602036306527207,0.0,False,0.0,0.0,1.0,1.0,0.125,0.4290092160640883,0.04537825909224289,0.3153533154422652,True,False
0.26276515465118755,0.0,False,1.0,0.0,0.875,0.9375,0.0,0.2570983596904557,0.0272726334590638,0.46661123712109287,False,False
0.2719593761040271,0.0,False,0.0,0.0,0.875,0.8500000000000001,0.125,0.3309419027895995,0.00924816103257229,0.3878255642211106,False,False
0.367601260364658,0.0,False,1.0,0.0,1.0,1.0,0.125,0.1749946001629757,0.04766878020137178,0.7500713285165643,False,False
0.1745894558725003,0.0,False,0.0,0.0,1.0,0.8875,0.125,0.5338572618986926,0.15365837105207195,0.26393284709531994,True,False
0.19781696967121776,0.0,True,0.0,0.0,1.0,0.9875,0.125,0.572309955708405,0.24845844969631342,0.24236982192167678,True,False
0.1682743413758333,0.0,False,0.0,1.0,0.875,0.7875000000000001,0.125,0.26912459895227075,0.06438799881013173,0.4970564297491773,True,False
0.1697294568213059,0.0,False,0.0,1.0,0.625,0.6625000000000001,0.125,0.24431112605795444,0.06573809780789744,0.4997602554586149,True,False
0.41326572820348073,0.5,True,0.0,0.0,0.875,0.925,0.25,0.15856492923151613,0.041885102047313716,0.5499235326752496,False,False
0.11281172005477969,0.0,False,0.0,1.0,0.75,0.9000000000000001,0.125,0.5512214295358074,0.13839308269652423,0.1730412047751777,True,False
0.38539960332752454,0.25,False,0.0,0.0,1.0,1.0,0.125,0.2667307306223718,0.056011487499004704,0.4681774766803395,False,False
0.27867301131389066,0.0,False,1.0,0.0,1.0,1.0,0.125,0.1501847858976964,0.0287017956686626,0.5850176205836801,True,False
0.26532028250539186,0.0,False,0.0,1.0,1.0,0.875,0.125,0.29700842134991323,0.07303774028039031,0.5003273145769014,True,False
0.2807005945079062,0.0,False,0.0,0.0,1.0,1.0,0.0,0.273405541502811,0.023302492562570765,0.47292640518577866,False,False
0.20365748341934764,0.0,False,0.0,0.0,1.0,0.9875,0.125,0.1897589828671578,0.021553232716055658,0.4977654424563438,True,False
0.2229214057183464,0.0,False,1.0,0.0,0.75,0.8375000000000001,0.125,0.27546430310495096,0.07334556139519594,0.4494655792565627,True,False
0.22335041887289453,0.0,True,0.0,1.0,1.0,1.0,0.125,0.08315821802264965,0.025218415292593114,0.735961363122831,True,False
0.23596064893911328,0.0,True,1.0,0.0,0.875,1.0,0.125,0.1983140541983361,0.0521516160799725,0.48325863854568096,False,False
0.24088057908739002,0.0,False,0.0,1.0,0.875,0.7625,0.0,0.2792734002847469,0.1400770988891765,0.4288970691511462,False,False
0.2017319257813619,0.0,False,1.0,0.0,1.0,0.9375,0.125,0.3110008240297867,0.02511360633781608,0.35007877618333794,True,False
0.15866791960860183,0.0,True,0.0,0.0,1.0,0.9750000000000001,0.125,0.42352557503491267,0.2355451070873428,0.25701813922294403,True,False
0.2043742145179328,0.25,False,1.0,0.0,1.0,0.8500000000000001,0.125,0.433740082161249,0.05132115913573353,0.2848547799348724,True,False
0.1682743413758333,0.0,False,0.0,1.0,0.875,0.8500000000000001,0.125,0.16876954110290063,0.01818795197707513,0.5536004775800822,True,False
0.40274761055353714,0.25,True,0.0,1.0,0.875,0.9875,0.125,0.10514806064815092,0.028331264738779907,0.6670584558648796,False,False
0.29909810106782675,0.5,True,1.0,0.0,1.0,1.0,0.25,0.39089717307957306,0.25109571017562704,0.32080326809028237,False,False
0.43970174882562374,1.0,False,0.0,1.0,1.0,0.875,0.25,0.18345573326172718,0.021562678080444358,0.5417747964230109,False,False
0.37164134511478564,0.0,False,0.0,1.0,1.0,0.9625000000000001,0.125,0.2610057465451916,0.046203682864849875,0.456267463742543,False,False
0.2864979058744641,0.0,False,0.0,0.0,1.0,1.0,0.0,0.5690112656637204,0.10355943615457926,0.16766193874033686,False,False
0.2976944898699704,0.0,False,1.0,0.0,0.875,0.9375,0.125,0.03999246012395229,0.03702635099481259,0.8248350497727266,True,False
0.0731399783700506,0.0,False,1.0,0.0,0.875,0.8375000000000001,0.125,0.3937580350981739,0.04956739212070523,0.3266881939436175,True,False
0.3659782970684552,0.5,False,1.0,0.0,0.75,0.675,0.125,0.18050983638584017,0.08406008052127677,0.5199396131378204,False,False
0.08935891432104215,0.0,False,0.0,0.0,1.0,1.0,0.125,0.7036690807582433,0.33075628594684053,0.13294678188369113,True,False
0.19557624719088196,0.25,False,0.0,1.0,0.75,0.75,0.125,0.46553672437652327,0.1206094216558124,0.2499098587561157,True,False
0.11201104130645712,0.25,False,1.0,0.0,0.875,0.8625,0.125,0.5674972473671281,0.05558689816569814,0.1640641933078142,True,False
0.2343570186517372,0.0,False,0.0,0.0,0.25,0.75,0.125,0.3416923972948324,0.18647942761721326,0.3378077081587594,True,False
0.30662557203613117,0.0,True,1.0,0.0,0.875,0.9000000000000001,0.125,0.15183248861067955,0.03321505334154187,0.5773678197260463,True,False
0.27277206622777384,0.75,False,1.0,0.0,0.875,0.8875,0.25,0.5724245817982723,0.05683921748771194,0.1614047519932622,False,False
0.17655257740394903,0.0,False,0.0,1.0,0.75,0.7375,0.125,0.307814245781945,0.054891022314801134,0.4213032017963969,True,False
0.19075082257961895,0.25,False,1.0,0.0,0.875,0.75,0.125,0.42508155911284373,0.05213695685498658,0.29178670406031504,True,False
0.3608210391073633,0.25,False,0.0,0.0,0.875,0.925,0.125,0.14975078993239047,0.06473234214467823,0.5709864520447223,False,False
0.16885782018472062,0.0,False,0.0,1.0,0.75,1.0,0.125,0.4723248761902362,0.1960498056338849,0.2219194853794575,True,False
0.4354738616157824,0.5,False,0.0,1.0,1.0,0.8500000000000001,0.25,0.1832438760780633,0.011411735670163865,0.5438843015004948,False,False
0.3273437640392046,0.0,True,0.0,1.0,1.0,1.0,0.125,0.35464942830405954,0.0742350804687995,0.3619611164520069,False,False
0.31320222383114726,0.0,False,1.0,0.0,1.0,0.9500000000000002,0.125,0.31585506344586517,0.06831941428480974,0.34506775264211864,True,False
0.25683359342990364,0.0,True,1.0,0.0,1.0,0.9625000000000001,0.25,0.5382600473704053,0.06878820175125153,0.18077161634827776,True,False
0.38453787662035877,0.25,False,1.0,0.0,1.0,0.9500000000000002,0.125,0.25109196781873183,0.1261043846399978,0.4680487471057997,False,False
0.42690755595128016,0.5,False,0.0,1.0,0.875,0.9125000000000001,0.0,0.27063941693234667,0.04729138748418834,0.474891304646879,False,False
0.29684696291536883,0.0,False,0.0,1.0,0.875,0.8875,0.125,0.020958525564861687,0.01103879760839802,0.8649460150323849,True,False
0.2002739202454118,0.0,False,1.0,0.0,1.0,1.0,0.125,0.2967801898689147,0.18853827939794854,0.38573670572573215,True,False
0.26052055428457976,0.0,True,0.0,0.0,1.0,0.9625000000000001,0.0,0.41580406467016706,0.10281564795100663,0.31033221023037383,False,False
0.4138525246387955,0.75,False,1.0,0.0,0.875,0.9500000000000002,0.25,0.31655985536739284,0.03145564641597823,0.41937862262130987,False,False
0.51069447156036,1.0,False,0.0,1.0,0.875,0.9125000000000001,0.375,0.2808906712415433,0.048004824135293,0.4696483833932903,False,False
0.42326459268612326,0.5,False,0.0,1.0,0.75,0.6875,0.25,0.15227565518049227,0.04976769705049854,0.59184230761379,False,False
0.2737424067449248,0.0,False,0.0,1.0,0.875,0.8125,0.125,0.09991615340025209,0.04570470304561061,0.6601989918724565,True,False
0.11201104130645712,0.0,True,1.0,0.0,0.875,0.9500000000000002,0.125,0.5622366384271019,0.04061942243219472,0.1671270108905505,True,False
0.4056855398251106,0.75,False,0.0,1.0,0.625,0.7875000000000001,0.25,0.15801703034531017,0.057518397181572485,0.585574040413894,False,False
0.4831156451491453,1.0,False,0.0,0.0,0.875,0.925,0.25,0.16682146198033687,0.056268890514053725,0.6746554415106059,False,False
0.31371797537952617,0.5,False,0.0,0.0,0.875,0.9125000000000001,0.25,0.626342496453873,0.7184226740011997,0.1453244168439316,False,False
0.3628824450656146,0.5,False,0.0,0.0,0.875,0.9125000000000001,0.125,0.33702249663481926,0.0466571387309398,0.378695653758117,False,False
0.3568270441449498,0.25,False,1.0,0.0,0.875,0.625,0.125,0.2792917545835195,0.06258411559941904,0.4452804567427491,False,False
0.34728466438291183,0.0,True,0.0,0.0,1.0,0.9875,0.125,0.2426229321729614,0.09633226646349792,0.4990261455781271,True,False
0.402201067311312,0.5,False,0.0,1.0,0.0,0.0,0.125,0.21976886544420665,0.016505089987951003,0.4518826896293502,False,False
0.11201104130645712,0.0,False,1.0,0.0,1.0,0.9875,0.125,0.862299828131151,0.47743108395224554,0.05296191673669659,True,False
0.2737424067449248,0.0,False,0.0,0.0,1.0,1.0,0.125,0.35236575902054434,0.0750828616698505,0.3565217380969028,True,False
0.1167618027271069,0.0,True,0.0,0.0,0.875,0.9375,0.125,0.2475788991469004,0.16672248126060613,0.4299307628054023,True,False
0.22862736097375158,0.0,False,0.0,1.0,0.75,0.8,0.125,0.10913476353453758,0.04466654861919017,0.6745348289367019,True,False
0.22484384923597567,0.0,False,0.0,1.0,0.875,0.8875,0.125,0.17825195642704303,0.08070583683998213,0.5721012499408353,True,False
0.14253229716796056,0.0,False,1.0,0.0,1.0,0.9000000000000001,0.125,0.38521088283175997,0.13650581033501827,0.34079231500153084,True,False
0.2737424067449248,0.25,False,0.0,1.0,1.0,0.8375000000000001,0.125,0.2829027744356442,0.1337701715646711,0.4266391500918163,False,False
0.21069776311509292,0.0,False,1.0,0.0,0.875,0.7375,0.0,0.3440357396013745,0.025542733424125396,0.37169879421785046,False,False
0.37766881102012706,0.25,False,0.0,0.0,0.75,0.7000000000000001,0.0,0.17472197387383942,0.11429497555429363,0.5335099494577269,False,False
0.5814774823478494,1.0,True,1.0,0.0,1.0,0.9750000000000001,0.25,0.03425931668971431,0.02201496890650414,0.8353661648797472,False,False
0.13101797407266458,0.0,False,1.0,0.0,0.875,0.9375,0.125,0.44422995494630657,0.08972542819444491,0.2682709549893032,True,False
0.17117273715447934,0.0,False,0.0,0.0,1.0,0.9500000000000002,0.125,0.5860144999610799,0.2349153987884965,0.16038684872068343,True,False
0.3325140216513377,0.0,True,0.0,1.0,1.0,0.875,0.125,0.13996162284937075,0.01276604612413793,0.6146727258258053,True,False
0.26650020038237876,0.0,False,0.0,1.0,1.0,0.8500000000000001,0.125,0.2172967143590582,0.021786895448557584,0.6445842289551442,True,False
0.26532028250539186,0.0,False,0.0,1.0,1.0,1.0,0.125,0.29844327161956713,0.0705973075877757,0.45044240288332404,True,False
0.04967661233555676,0.0,False,1.0,0.0,1.0,0.25,0.125,0.4361117280785124,0.03915030049143505,0.2836833543624071,True,False
0.12290455240716902,0.0,False,0.0,1.0,0.75,0.7625,0.125,0.4216121907826622,0.07645811557310725,0.31822973306921964,True,False
0.20245646069050482,0.0,True,1.0,0.0,1.0,1.0,0.125,0.32083031141101653,0.03787225050340123,0.39177791819486374,True,False
0.37312145867840807,0.5,False,0.0,0.0,0.75,0.8625,0.25,0.32432353216006143,0.021023464666015967,0.39979719105226486,False,False
0.3443839378016743,0.25,False,0.0,1.0,0.75,1.0,0.125,0.3088520156582115,0.00936064350758153,0.4089894151100426,False,False
0.23833924487322566,0.0,False,1.0,0.0,0.75,0.75,0.125,0.4031938337416264,0.10234461354118449,0.3304249125011174,False,False
0.256122545949362,0.0,False,1.0,0.0,0.875,0.8625,0.625,0.25556328979928056,0.03648436381811652,0.4589886599963857,True,False
0.32004148953752243,0.0,True,0.0,0.0,1.0,0.9875,0.125,0.010061529720163508,0.012576458097989431,0.947985582555996,True,False
0.2796116985718332,0.0,False,0.0,1.0,0.75,0.8125,0.125,0.23755271979509673,0.07621468266268869,0.5330899071001787,True,False
0.2229214057183464,0.0,False,0.0,0.0,0.75,0.9375,0.125,0.2102901603341816,0.04906905225851041,0.5293169510705924,True,False
0.13564350462413632,0.0,False,1.0,0.0,0.75,0.8125,0.125,0.4207122879661754,0.2395652727042941,0.31202108168273157,True,False
0.2807005945079062,0.0,False,0.0,1.0,0.75,0.8875,0.125,0.1610889931858137,0.05308180383569641,0.6765932903157492,True,False
0.1968245844728419,0.0,False,1.0,0.0,0.875,0.8375000000000001,0.125,0.13012863728960294,0.018584248554769846,0.6133360315506589,True,False
0.264642504397139,0.0,False,1.0,0.0,1.0,1.0,0.125,0.2601174769488664,0.20306195411588893,0.42228012259334635,True,False
0.3546936481453137,0.5,False,0.0,1.0,0.25,0.25,0.125,0.27065106007433043,0.03563328425247021,0.4747149544071936,False,False
0.3686435582637858,0.0,False,1.0,0.0,1.0,0.9750000000000001,0.125,0.10684479927649705,0.034616818877907636,0.6765318849798319,True,False
0.1759938981343364,0.0,False,0.0,1.0,0.875,0.8500000000000001,0.125,0.3291294783184339,0.015253839761156051,0.38943530645542745,True,False
0.21069776311509292,0.0,False,1.0,0.0,0.875,0.8375000000000001,0.125,0.11655901238006652,0.012811842090314177,0.6326055726866975,True,False
0.2347592869000048,0.0,False,0.0,0.0,0.875,0.75,0.0,0.15872560248824558,0.055027194970745326,0.5841194197664155,True,False
0.3268661841772992,0.75,False,0.0,1.0,0.875,0.825,0.125,0.3449730020889704,0.0403898418327283,0.3327168343742277,False,False
0.329947722434342,0.0,False,0.0,1.0,0.875,0.9125000000000001,0.0,0.25620216684999764,0.03633110403751974,0.5062020054972602,False,False
0.37219783545234,0.5,False,1.0,0.0,0.875,0.8375000000000001,0.25,0.4304997232840383,0.04107110463181549,0.28794156232376666,False,False
0.2002739202454118,0.0,True,0.0,0.0,1.0,0.9750000000000001,0.125,0.5516514282623343,0.47939504802603344,0.17625516658189833,True,False
0.25576595090664944,0.25,False,0.0,0.0,0.75,0.8625,0.125,0.4727580302187384,0.24248033815643819,0.23264311198534404,False,False
0.21456666626282173,0.0,False,1.0,0.0,0.875,0.9000000000000001,0.125,0.3326137990930555,0.05083121327767644,0.37674191889714304,True,False
0.43054390025259226,0.0,True,1.0,0.0,1.0,0.9750000000000001,0.125,0.09212927024955206,0.019568254551329975,0.6753545962314416,False,False
0.26276515465118755,0.0,True,0.0,0.0,1.0,1.0,0.125,0.24581871075796669,0.05144516274462514,0.4364481275840779,True,False
0.3918983469302467,1.0,False,1.0,0.0,0.75,0.8375000000000001,0.25,0.9985168951647659,0.5803555658213437,0.0004807300409250814,False,False
0.2634501275135426,0.0,False,0.0,1.0,1.0,0.9000000000000001,0.125,0.10361429743256535,0.023326017743455663,0.6860434362505838,True,False
0.33999747799441093,0.5,False,0.0,1.0,1.0,0.925,0.125,0.1298906170515025,0.053118020386542265,0.6186520422293693,False,False
0.2387325961309844,0.0,True,1.0,0.0,1.0,0.9625000000000001,0.125,0.4951003184815578,0.10841374321826697,0.28119220921399,True,False
0.4098534653330993,0.5,False,1.0,0.0,1.0,0.875,0.25,0.20976263689937358,0.035068457190506525,0.5000541953169626,True,False
0.16081421295707443,0.25,False,0.0,0.0,0.875,1.0,0.125,0.2940249304163553,0.07628881158354421,0.37959022418282595,True,False
0.4494916468356095,1.0,True,0.0,1.0,0.75,0.75,0.25,0.8172129916105624,0.5399312380175229,0.07375955508414811,False,False
0.46579216347577235,1.0,False,0.0,1.0,1.0,0.875,0.125,0.19444896923822116,0.0007129221799564217,0.543269098268,False,False
0.36032667829362286,0.0,False,0.0,0.0,1.0,0.9750000000000001,0.125,0.38594774150977473,0.09839065102381185,0.31846794386434696,False,False
0.31602048495499047,0.0,False,0.0,0.0,1.0,1.0,0.125,0.35418728897848406,0.0023782831626684583,0.32811598428997146,False,False
0.2043742145179328,0.0,False,0.0,1.0,0.875,0.75,0.125,0.22586042869716597,0.05985837301326439,0.5379439733761355,True,False
0.2508804374664776,0.0,False,0.0,0.0,1.0,1.0,0.125,0.3326076224772335,0.03872779186569922,0.37901047592611503,False,False
0.2387325961309844,0.25,False,0.0,1.0,0.875,0.8500000000000001,0.0,0.28764540313397097,0.14575022949135003,0.4190450677556783,False,False
0.26532028250539186,0.0,False,0.0,1.0,0.75,0.825,0.125,0.3022805536440065,0.06697918951859277,0.43387275319622676,True,False
0.11519230533871005,0.0,False,0.0,0.0,1.0,1.0,0.125,0.4629132189680686,0.03724650779115928,0.24967853105088889,True,False
0.8618612866387546,0.25,True,0.0,1.0,1.0,0.9375,0.375,0.013225157266524743,0.0230056072136957,0.9115416328910397,False,False
0.3596322511930946,0.5,False,0.0,0.0,1.0,0.9625000000000001,0.125,0.1353440904378487,0.06856999264931747,0.5902736126704098,False,False
0.19904969723200128,0.0,False,0.0,1.0,0.875,0.8,0.125,0.21236030580995935,0.03763743340363059,0.5220875039016404,True,False
0.11947545703969908,0.0,False,0.0,0.0,0.875,0.9375,0.125,0.4413039319209032,0.1911757739419855,0.3082785459779358,True,False
0.4275188116789218,0.25,False,0.0,1.0,0.75,0.5,0.125,0.1883800083716472,0.03950243996588557,0.6213353504551993,False,False
0.3780276145630673,0.0,False,0.0,1.0,1.0,0.875,0.125,0.2246119877245507,0.05768153905191646,0.49901449978462,False,False
0.19831108880083492,0.0,False,0.0,1.0,0.875,0.825,0.125,0.2530486749237441,0.046491972979386606,0.4992865428282742,True,False
0.2017319257813619,0.0,False,0.0,0.0,1.0,0.9750000000000001,0.125,0.30376311201944983,0.12420234105815564,0.36154395923696114,True,False
0.29585303807498564,0.0,False,0.0,0.0,1.0,0.9750000000000001,0.125,0.4008461440192266,0.2707592308989517,0.29428924287165104,False,False
0.3294771087624807,0.0,False,0.0,1.0,0.875,0.875,0.0,0.23983119636159264,0.04536233648378948,0.5357126156974894,False,False
0.20508806235318777,0.0,False,0.0,1.0,1.0,1.0,0.125,0.3559995254051246,0.01993439324775767,0.35440859938207114,True,False
0.3424234377347789,0.25,False,1.0,0.0,1.0,0.6875,0.125,0.22728578235197922,0.06268527984630758,0.5742442467669331,False,False
0.19904969723200128,0.0,False,0.0,0.0,1.0,0.925,0.125,0.41071367786093993,0.0539710840168161,0.3010853141166123,True,False
0.4640348028689635,0.5,False,0.0,0.0,1.0,0.9625000000000001,0.25,0.22354870267610735,0.06524645427753062,0.4867530173309027,False,False
0.18339158825813184,0.0,True,1.0,0.0,1.0,0.9750000000000001,0.125,0.5072413600591699,0.03149270748584083,0.2045871155349166,True,False
0.29684696291536883,0.0,False,0.0,1.0,0.75,0.7750000000000001,0.125,0.5476624232090098,0.035321109814414324,0.17546315975307025,True,False
0.4587695627026217,1.0,False,0.0,0.0,0.875,0.8500000000000001,0.125,0.22796859318020124,0.030423377702352077,0.6004860382791448,False,False
0.22335041887289453,0.0,True,1.0,0.0,1.0,0.9625000000000001,0.125,0.11249215682377518,0.08787671989852464,0.6533208920271716,True,False
0.22010724953117922,0.0,True,0.0,0.0,1.0,0.9750000000000001,0.125,0.15241914699496809,0.06422743232165043,0.5648684634260883,True,False
0.28574583608421156,0.0,False,0.0,0.0,1.0,0.9375,0.125,0.12450278118325057,0.018946030962957557,0.6304144796250304,True,False
0.41726130840894193,0.0,False,1.0,0.0,1.0,1.0,0.125,0.4159632601666794,0.1178348257873626,0.289789618664805,True,False
0.2229214057183464,0.0,False,0.0,0.0,1.0,0.9750000000000001,0.125,0.216382592003349,0.041700612050181926,0.5622222877503895,True,False
0.1839274901469682,0.0,False,0.0,0.0,1.0,1.0,0.125,0.4251790714921887,0.2428392088823547,0.25512681866618125,True,False
0.1839274901469682,0.0,True,1.0,0.0,1.0,0.9625000000000001,0.125,0.22057445882981164,0.015077999455509252,0.45081859684439984,True,False
0.3963179640618252,0.0,False,0.0,0.0,1.0,1.0,0.125,0.2302114661217532,0.050841477025482015,0.4478458609902449,False,False
0.25069688375119514,0.0,False,0.0,1.0,1.0,1.0,0.0,0.29419448085372485,0.0552572745001495,0.4458862168108326,True,False
0.43475931561456005,0.0,False,0.0,0.0,1.0,0.9750000000000001,0.125,0.09544998717221953,0.036015975719589866,0.6852064109859839,False,False
0.19831108880083492,0.0,True,0.0,1.0,1.0,0.9750000000000001,0.125,0.3380724439015918,0.04540114291855295,0.39059115588800064,True,False
0.21115733074156973,0.0,False,1.0,0.0,1.0,1.0,0.125,0.17039975344289074,0.03030714110559186,0.5364517790420145,True,False
0.32275400673775134,0.0,False,0.0,1.0,1.0,0.9125000000000001,0.0,0.03730499436474002,0.02640384549039751,0.8101408615540948,True,False
0.2782017990288237,0.25,False,0.0,1.0,0.875,0.925,0.0,0.2018075723621124,0.035533644663516134,0.5357660128382038,False,False
0.1682743413758333,0.0,False,1.0,0.0,0.875,0.9125000000000001,0.125,0.37262151986413605,0.14590037052538543,0.34649795955411467,True,False
0.1514272581382603,0.0,False,1.0,0.0,1.0,1.0,0.125,0.49506960146792844,0.25501029157516986,0.2073857624865587,True,False
0.28619746033940097,0.0,False,1.0,0.0,0.875,0.8125,0.125,0.02362104532632006,0.016850422496252175,0.8641653478184512,True,False
0.33955280887912653,0.5,False,0.0,1.0,0.875,0.7875000000000001,0.125,0.21458267465210099,0.14386419590939045,0.5144189630245879,False,False
0.39428552021115826,0.5,False,0.0,1.0,1.0,0.9000000000000001,0.125,0.1649611991271257,0.03817705841678108,0.5420358315003355,False,False
0.18658298875052648,0.25,False,0.0,0.0,0.75,0.9500000000000002,0.125,0.4131043721225565,0.03595856768614118,0.27614771268646954,True,False
0.17059683290839522,0.0,True,0.0,0.0,1.0,0.9500000000000002,0.125,0.402039724496898,0.28034612566582706,0.29214439468934317,True,False
0.3332075278298613,0.25,False,0.0,0.0,1.0,1.0,0.125,0.42949235229381866,0.20140970117103615,0.2619181202231,False,False
0.21069776311509292,0.0,False,0.0,0.0,0.875,0.9375,0.125,0.33308924019760133,0.11833182429008222,0.3639891462983347,True,False
0.1514272581382603,0.5,False,1.0,0.0,0.875,0.9125000000000001,0.125,0.26002876662033036,0.18969745081237202,0.43269037617940165,True,False
0.1759938981343364,0.0,False,0.0,1.0,0.75,0.7875000000000001,0.125,0.3214431576436085,0.02862332134030394,0.39421693908404265,True,False
0.12290455240716902,0.0,False,0.0,0.0,1.0,1.0,0.125,0.9109221193553512,0.915625676501392,0.0314254683071018,True,False
0.1839274901469682,0.0,False,0.0,0.0,0.875,0.75,0.125,0.41119395670640396,0.4287027069127338,0.28836272240662963,True,False
0.4230561336252575,0.0,False,0.0,1.0,1.0,1.0,0.0,0.06829899950094166,0.02615604981676669,0.7942398622449249,False,False
0.14083500787991265,0.0,False,1.0,0.0,1.0,1.0,0.125,0.46660770265671947,0.15002851168705628,0.25861315988723543,True,False
0.3996015870951227,0.5,False,0.0,0.0,0.875,0.875,0.25,0.35307579852513815,0.09407087598134453,0.3493379432181869,False,False
0.473857675915626,1.0,True,1.0,0.0,1.0,1.0,0.25,0.17963639795252623,0.0058242155558831474,0.5494003377409078,False,False
0.14851153312476129,0.0,False,0.0,0.0,0.875,0.8375000000000001,0.125,0.33684885555592997,0.014582514499075014,0.3921716141796796,True,False
0.14488155464167207,0.0,False,0.0,0.0,1.0,0.9750000000000001,0.125,0.5382812030653624,0.07292591441609968,0.18663380243192274,True,False
0.21613554699622606,0.0,False,0.0,0.0,0.875,0.9125000000000001,0.125,0.25971220675877155,0.12232149296943812,0.4175578363784562,True,False
0.20838190059244077,0.25,False,0.0,0.0,0.75,0.9125000000000001,0.125,0.4092301323300339,0.029405994322172183,0.27935622830463935,False,False
0.2387325961309844,0.0,False,0.0,0.0,1.0,1.0,0.125,0.26273246483895596,0.21728120641782028,0.425187957791173,True,False
0.34535612476386623,0.25,False,1.0,0.0,0.875,0.8,0.125,0.35334767592629146,0.03279512708330464,0.36276401223926946,False,False
0.29138319459034745,0.0,False,0.0,0.0,0.875,0.9000000000000001,0.125,0.35077568433054457,0.10873638460855388,0.31546231837720495,False,False
0.21069776311509292,0.0,False,0.0,1.0,1.0,0.9125000000000001,0.125,0.39991957585144133,0.07056875981576817,0.3076432746576112,True,False
0.17655257740394903,0.0,False,0.0,1.0,0.875,0.8375000000000001,0.125,0.2895203576567835,0.10305528818886228,0.4630619543916734,True,False
0.22335041887289453,0.0,False,0.0,0.0,1.0,0.9750000000000001,0.125,0.29792262724968716,0.04481082594169607,0.3782794092257711,True,False
0.47343943714124237,1.0,False,0.0,1.0,0.875,0.7750000000000001,0.25,0.20906945494601714,0.029151844680131364,0.5914288194741368,False,False
0.4681804642661894,0.0,False,0.0,0.0,1.0,1.0,0.125,0.16604653684802986,0.05459098008100195,0.6212565651091442,False,False
0.1255265552107213,0.0,False,0.0,0.0,0.5,0.7250000000000001,0.125,0.2895896357212485,0.07728620184315797,0.4054345383191942,True,False
0.21023700219550734,0.0,False,1.0,0.0,0.875,0.825,0.125,0.20242105514702166,0.041197947616281864,0.5148498240605033,True,False
0.29356008484014373,0.75,False,1.0,0.0,0.5,0.75,0.125,0.36105298894481874,0.2958794217953973,0.3343232440851014,False,True
0.2041356256633543,0.0,True,1.0,0.0,1.0,1.0,0.125,0.4389237709567992,0.1372703818112457,0.2766530743572986,True,False
0.2397121763990986,0.0,False,1.0,0.0,0.75,0.9500000000000002,0.125,0.27463812695951045,0.15215554170988765,0.4176438347954867,True,False
0.25069688375119514,0.0,True,1.0,0.0,1.0,0.9375,0.125,0.22858647176455552,0.06452645607992458,0.4518616229995538,True,False
0.24810699415119353,0.0,False,1.0,0.0,1.0,0.9625000000000001,0.125,0.42479824719231896,0.1527708903548713,0.28115071924922463,True,False
0.17655257740394903,0.0,False,0.0,1.0,0.75,0.8125,0.125,0.28306334147227535,0.09523516956968588,0.4746985611122123,True,False
0.33135212084661003,0.25,False,0.0,1.0,1.0,0.8125,0.0,0.27492920582897745,0.061208523373405696,0.42726402927169915,False,False
0.05638946285849755,0.0,False,1.0,0.0,0.75,0.7375,0.125,0.42479931475500426,0.3024420200557312,0.2744302119316415,True,False
0.11637072787099811,0.0,False,0.0,0.0,0.75,0.8875,0.125,0.2531982765994529,0.07010183344843397,0.4118622027662835,True,False
0.40078789170443174,0.5,False,0.0,1.0,0.25,0.25,0.125,0.18357389417459954,0.058295290859409474,0.5991183659444985,False,False
0.29123711464002977,0.5,True,1.0,0.0,1.0,0.9750000000000001,0.25,0.5831199711824042,0.25956542398833987,0.2282490209005945,True,False
0.40774384667142904,0.5,True,0.0,0.0,0.875,0.9500000000000002,0.125,0.03180496356843725,0.027493554071433654,0.8385961351958651,False,False
0.464310540291237,0.5,False,0.0,1.0,1.0,1.0,0.25,0.21167259290067994,0.08448505842038269,0.47587440980790285,False,False
0.1841948354016394,0.0,False,0.0,0.0,1.0,1.0,0.125,0.5126606678889406,0.03483994042918491,0.2009419108990822,True,False
0.41726130840894193,0.5,False,0.0,0.0,0.875,0.8375000000000001,0.25,0.3178611483014973,0.18793280370343052,0.3625325868949989,False,False
0.42116889954226056,0.5,False,0.0,0.0,1.0,0.8375000000000001,0.25,0.319150368408567,0.0967326967593329,0.37346605781112485,False,False
0.4110477960276119,0.5,False,0.0,1.0,0.875,0.8500000000000001,0.125,0.08775967494904545,0.06221656340598901,0.7429199855141801,False,False
0.15206874199191067,0.0,True,0.0,0.0,1.0,1.0,0.125,0.41558389880692026,0.09206391479397621,0.2754638153553344,True,False
0.39704398239708427,0.75,False,0.0,1.0,1.0,0.0,0.25,0.3413775501258169,0.03923363438666511,0.36062314387470384,False,False
0.3351578699950323,0.0,False,0.0,1.0,1.0,0.75,0.125,0.45612282166597157,0.05562173002265875,0.2428868269420883,True,False
0.357431904366342,0.25,True,0.0,0.0,0.875,0.9000000000000001,0.125,0.20332499774920035,0.08170230006530001,0.4901917104588107,False,False
0.18919933382519116,0.0,True,1.0,0.0,1.0,0.9625000000000001,0.125,0.4414832828931603,0.03261436838350997,0.24377647905398248,True,False
0.3443839378016743,0.5,False,0.0,0.0,1.0,1.0,0.125,0.09217479768301247,0.025773232583592442,0.7187615758445944,False,False
0.1768312588239036,0.0,False,0.0,1.0,0.875,0.8125,0.125,0.36092224396912914,0.08398232822891086,0.3616032743238011,True,False
0.4820218776070492,0.5,True,1.0,0.0,0.75,0.7875000000000001,0.25,0.13924416895140493,0.01222029525514024,0.6685193738842443,False,False
0.2235645371255457,0.0,False,0.0,0.0,0.75,0.825,0.125,0.2838243059387272,0.054436628585673906,0.45279036599669165,False,False
0.3273437640392046,0.0,False,0.0,0.0,0.875,0.9750000000000001,0.125,0.39519401790125747,0.025145941755755952,0.3199469434792386,False,False
0.30214751313210064,0.0,False,0.0,1.0,0.875,0.8625,0.125,0.2208431122683148,0.018881058114654833,0.5735348129364191,True,False
0.3332075278298613,1.0,False,0.0,1.0,0.625,0.75,0.25,0.5250097998707498,0.4118557290451481,0.2428845638465995,False,False
0.24184840542655606,0.0,False,0.0,0.0,1.0,1.0,0.125,0.5620624505705469,0.22450561752141834,0.2513242573251311,False,False
0.4644207154022736,1.0,False,1.0,0.0,0.875,0.7250000000000001,0.125,0.25567650734697966,0.07971598912930641,0.42974596307215673,False,False
0.22010724953117922,0.5,False,0.0,1.0,0.75,0.7125,0.125,0.3196974472604988,0.09483492572801376,0.4129316434814867,True,False
0.3058197399667294,0.0,True,0.0,0.0,1.0,0.9625000000000001,0.125,0.2324106364422444,0.02321696571181144,0.578517280293503,True,False
0.2541523455280844,0.0,False,0.0,0.0,1.0,1.0,0.125,0.14152333346791018,0.0228190486965424,0.5840759750221707,True,False
0.38271451370725906,0.0,False,0.0,0.0,1.0,0.9125000000000001,0.125,0.12867618175127532,0.05228173501830174,0.6184938922318421,False,False
0.38905807221011857,0.5,False,0.0,1.0,0.875,0.8500000000000001,0.125,0.21228973627074446,0.018022412469784987,0.6110593131172992,False,False
0.39231222637129115,0.5,True,0.0,1.0,1.0,1.0,0.125,0.1376585077401833,0.06452670539949652,0.5862843597834799,False,False
0.19831108880083492,0.0,True,0.0,0.0,1.0,0.9875,0.125,0.3932085176240805,0.21020823190401974,0.2878774053783717,True,False
0.42499229356865265,1.0,False,0.0,1.0,1.0,0.7875000000000001,0.25,0.06798573435788755,0.027691211799265657,0.7418031870743116,False,False
0.41326572820348073,1.0,False,0.0,1.0,1.0,0.925,0.25,0.34094137291794224,0.17254887121317428,0.329600399834868,False,False
0.3937122393982392,1.0,False,0.0,1.0,0.75,0.7875000000000001,0.125,0.2043209154433317,0.0069774975146380536,0.5643084360467854,False,False
0.2954253601423583,0.25,False,0.0,0.0,1.0,0.75,0.0,0.5314627718688485,0.466948537462587,0.22720517676243523,False,False
0.29442341813256856,0.5,False,0.0,1.0,0.875,0.8875,0.125,0.2451607730294252,0.043288907400561634,0.5477827340487738,False,False
0.4657375085794181,0.0,False,0.0,1.0,1.0,0.875,0.125,0.17403397702010762,0.04739114568991058,0.7457297054053034,False,False
0.1411757669663588,0.0,True,0.0,0.0,1.0,0.9875,0.125,0.3777165823401928,0.22358967849392467,0.30346554721717856,True,False
0.3607222770624977,0.0,False,0.0,0.0,1.0,1.0,0.125,0.2910763929499679,0.043860358911919375,0.42405617495653103,False,False
0.15835917607605532,0.0,False,0.0,0.0,1.0,0.925,0.125,0.23156481295586104,0.08132926755241705,0.44823997055206455,True,False
0.3124257749366902,0.0,False,1.0,0.0,0.875,0.9000000000000001,0.125,0.1700843359468351,0.05253785891387798,0.5275282713225502,True,False
0.22925017703069872,0.0,False,0.0,1.0,0.875,0.8375000000000001,0.125,0.18686853899004124,0.04336990279635087,0.5487283814414554,True,False
0.2743863651066005,0.25,False,1.0,0.0,0.875,0.9125000000000001,0.125,0.43962260019890204,0.35369758218328134,0.2545127796393125,True,False
0.09117311568673825,0.0,False,0.0,0.0,1.0,0.9625000000000001,0.125,0.5819843815807718,0.6049399444449325,0.16651076638347595,True,False
0.4119382982431904,0.0,False,0.0,0.0,1.0,0.9125000000000001,0.125,0.27681440708354466,0.04655423524917585,0.46376930465957833,False,False
0.16503045611886513,0.0,True,1.0,0.0,1.0,0.9875,0.125,0.4992632581280866,0.17811896467758842,0.2185334395398284,True,False
0.2737424067449248,0.0,False,0.0,1.0,0.875,0.7625,0.0,0.16534530183544147,0.028866525412083784,0.6074366920701282,False,False
0.34546381748910326,0.0,True,1.0,0.0,1.0,1.0,0.125,0.18459368891804068,0.05819483253627363,0.6253577617064638,True,False
0.1602036306527207,0.0,False,0.0,0.0,1.0,0.9750000000000001,0.125,0.33256466888723724,0.10674775137588288,0.36581147441361495,True,False
0.3478166710323848,0.0,False,1.0,0.0,1.0,0.9875,0.25,0.11459333757136388,0.06742978163409513,0.6470023127285054,True,False
0.228210932524332,0.0,False,1.0,0.0,0.75,0.75,0.125,0.288314558008864,0.056061455345931065,0.4045257625181091,True,False
0.21813250985352595,0.0,False,0.0,0.0,1.0,0.9375,0.125,0.3107725433857148,0.020690013909066593,0.4207345096291206,True,False
0.08380229570857478,0.0,False,0.0,1.0,0.5,0.75,0.125,0.3672498213379709,0.053375279969457436,0.3504927366989077,True,False
0.29123711464002977,0.5,False,0.0,1.0,1.0,0.9125000000000001,0.125,0.23776825270940175,0.02966896900014091,0.563886702657233,False,False
0.30076790948683885,0.0,False,0.0,0.0,0.875,0.925,0.125,0.13144851542328642,0.023763295277667622,0.6721923502903384,True,False
0.2737424067449248,0.0,False,0.0,1.0,1.0,0.925,0.125,0.035944941451518504,0.03297046084801697,0.8457380355043909,True,False
0.20245646069050482,0.0,True,1.0,0.0,1.0,0.9500000000000002,0.125,0.32870771044298736,0.03264254305184467,0.3845219172376724,True,False
0.30662557203613117,0.5,False,1.0,0.0,1.0,1.0,0.125,0.4587855241073491,0.06925300406432881,0.24842279624232066,True,False
0.2550506038158944,0.0,False,0.0,1.0,0.625,0.5625,0.125,0.21593305466138846,0.019710613559143643,0.6564733759580528,True,False
0.37712924172165085,0.5,False,0.0,0.0,1.0,1.0,0.25,0.32649465728732374,0.027409193073863556,0.39135208447171466,False,False
0.473857675915626,0.5,False,0.0,1.0,0.875,0.8125,0.25,0.3178772323611283,0.012963385364929756,0.3930655278338482,False,False
0.28285854363842466,0.0,False,0.0,1.0,1.0,1.0,0.125,0.47536090888870575,0.1861644131271501,0.2293837687712652,False,False
0.32201833187143947,0.5,False,0.0,0.0,1.0,1.0,0.25,0.3620975188618096,0.14522996825342807,0.32138709922196784,False,False
0.2751880406627567,0.25,False,0.0,0.0,0.75,0.8375000000000001,0.125,0.25000728509502096,0.037523605074045674,0.41425611706727605,False,False
0.30595429969375776,0.5,False,0.0,1.0,1.0,0.8375000000000001,0.125,0.2030346618153003,0.0225375161162712,0.5341061108441005,False,False
0.351808626339993,0.75,False,0.0,1.0,1.0,0.875,0.125,0.19062319350446347,0.041470001153317025,0.5369887419553776,False,False
0.19806420122279356,0.25,False,1.0,0.0,0.75,0.75,0.125,0.5223770977011054,0.42502629153108307,0.19354815184041252,True,False
0.27081532053030977,0.0,False,0.0,1.0,0.875,0.75,0.125,0.3383071577704816,0.01233348437617668,0.37213199220205717,False,False
0.215688708956697,0.5,False,0.0,0.0,0.375,0.375,0.125,0.2536114295938519,0.023686531530036303,0.4758996574142387,True,False
0.4352143594927004,1.0,False,0.0,1.0,1.0,1.0,0.25,0.07372646065500033,0.04718887890787235,0.7398415936035412,False,False
0.269993598409354,0.0,False,1.0,0.0,0.625,0.8375000000000001,0.125,0.07712207998354641,0.01279698809763875,0.6944128839810877,True,False
0.2780444497937604,0.25,False,0.0,0.0,0.875,0.9500000000000002,0.125,0.3049249823416225,0.02517606028728888,0.40927902987890685,False,False
0.29123711464002977,0.0,True,0.0,0.0,0.875,0.925,0.125,0.34399466558863845,0.022039836622818627,0.3813148718536379,False,False
0.29196631480354684,0.25,False,0.0,1.0,1.0,0.9500000000000002,0.125,0.5085094495747788,0.23058294356216788,0.19901439201420956,False,False
0.39006572130677786,0.5,False,0.0,1.0,0.75,0.825,0.125,0.2635221526124235,0.03319694406949638,0.4634127493288025,False,False
0.26933346996197427,0.0,True,0.0,1.0,1.0,0.9375,0.125,0.2469817443517582,0.1772665372085866,0.4363870207840379,True,False
0.24566777319209177,0.5,False,1.0,0.0,1.0,0.9500000000000002,0.125,0.35221983316316247,0.14936563325649072,0.34277389928201596,True,False
0.30595429969375776,0.5,True,1.0,0.0,0.875,0.925,0.125,0.21806549547222934,0.08508062620544556,0.48388154935375627,False,False
0.2343570186517372,0.0,False,0.0,1.0,1.0,1.0,0.125,0.2944102215794428,0.08722801831678424,0.39698636794337805,True,False
0.21023700219550734,0.0,False,1.0,0.0,1.0,1.0,0.125,0.34186216757065035,0.22225827354500144,0.3367675149049978,True,False
0.2351606452976025,0.0,False,0.0,0.0,0.75,0.8500000000000001,0.125,0.12673139348134796,0.057887634190519156,0.6245181523403116,True,False
0.36817054530228777,0.0,False,0.0,0.0,0.875,1.0,0.125,0.2951884782169416,0.021964378387034106,0.41448604302827974,False,False
0.134586726009698,0.0,False,0.0,0.0,1.0,0.9500000000000002,0.125,0.5447096906388434,0.07266680155699341,0.17696000323453642,True,False
0.3268661841772992,0.0,False,0.0,0.0,1.0,0.9125000000000001,0.125,0.23830665120045944,0.08059729731685748,0.46800344633632407,True,False
0.34610860493463325,0.5,False,1.0,0.0,0.75,0.75,0.25,0.387250962105912,0.21657900616527148,0.3093710380629684,False,False
0.5907954277009441,1.0,True,0.0,1.0,1.0,0.9625000000000001,0.25,0.03425914977544369,0.02201429421554482,0.8353680562665415,False,False
0.2275844517662704,0.0,False,0.0,0.0,1.0,1.0,0.125,0.28154995996371207,0.09413565371330622,0.42637449810707384,True,False
0.2743863651066005,0.0,True,1.0,0.0,1.0,0.9875,0.125,0.22299291377629202,0.011440001178278356,0.4476626448492067,True,False
0.4502090433431062,1.0,False,0.0,1.0,0.0,0.0,0.25,0.23795509813826798,0.08032902255661224,0.4678103344673461,False,False
0.3628824450656146,0.5,False,0.0,0.0,1.0,1.0,0.25,0.5011598081323512,0.07827046163678439,0.21172340584473748,False,False
0.1514272581382603,0.0,True,1.0,0.0,1.0,0.9625000000000001,0.125,0.7387521872714355,0.5692796931101851,0.11080424739936157,True,False
0.5012845543525924,0.0,False,0.0,1.0,0.875,0.8500000000000001,0.125,0.03817215018827837,0.03053270674155639,0.845468206136915,False,False
0.38262721781504616,0.5,False,0.0,1.0,0.875,0.75,0.125,0.18556021516660878,0.06593277307070076,0.5801405199052756,False,False
0.24604522726389022,0.0,False,1.0,0.0,1.0,0.875,0.125,0.37318862948401954,0.06453891234513282,0.31014291192970966,True,False
0.2651510805228984,0.0,True,0.0,0.0,1.0,1.0,0.125,0.3674114544434803,0.14240820880471686,0.3046331592671032,True,False
0.30662557203613117,0.75,True,1.0,0.0,1.0,1.0,0.25,0.42848570478419645,0.2504673061580476,0.26408228951534896,False,False
0.11201104130645712,0.0,False,0.0,0.0,1.0,1.0,0.125,0.8633734127679741,0.7716588984187603,0.05339255470465343,True,False
0.2743863651066005,0.0,False,0.0,0.0,1.0,0.9750000000000001,0.125,0.05331599152728719,0.02719477089637436,0.921773669469514,True,False
0.27898645911348063,0.0,False,0.0,0.0,1.0,0.9875,0.125,0.18197042110120454,0.028550000511514628,0.5566885854748143,True,False
0.25576595090664944,0.0,False,1.0,0.0,0.875,0.8375000000000001,0.125,0.36958378332778286,0.046398355437434216,0.35484064628302003,True,False
0.2451000824035493,0.0,True,0.0,0.0,0.875,0.9500000000000002,0.125,0.20899178730813778,0.0306527188330469,0.5906310163600061,True,False
0.39704398239708427,1.0,True,0.0,0.0,1.0,0.9500000000000002,0.25,0.3461794429151058,0.022024295709491583,0.3764214271113495,False,False
0.39704398239708427,1.0,False,0.0,1.0,1.0,0.75,0.25,0.3413772656628198,0.03923365440669977,0.3606235816845267,False,False
0.39567011126395346,0.0,False,0.0,0.0,1.0,0.9750000000000001,0.125,0.11865730852021371,0.014628221399570545,0.629020268743882,False,False
0.4888218717339555,0.0,False,0.0,1.0,0.75,0.875,0.125,0.029087324633928564,0.010469136320498264,0.8548095684428496,False,False
0.30297015610439615,0.0,True,1.0,0.0,1.0,0.9625000000000001,0.125,0.21809655506480957,0.04829940183288944,0.509165614125177,True,False
0.40560884582436596,0.5,False,0.0,0.0,1.0,0.75,0.25,0.28924964604280434,0.05249836280219621,0.4546522854890096,False,False
0.48992234531529955,0.25,False,0.0,1.0,0.75,0.8375000000000001,0.125,0.3050827179200041,0.04253305236049735,0.4340658289074748,False,False
0.19228886384536403,0.0,True,0.0,0.0,1.0,0.9875,0.125,0.5570896135480101,0.05817722447767244,0.2454098675846914,True,False
0.5083453682782052,1.0,False,0.0,0.0,1.0,0.8375000000000001,0.25,0.029483154844071182,0.030117335006749197,0.843326054395892,False,False
0.3623938017677343,1.0,False,0.0,1.0,1.0,0.9375,0.25,0.8404590182094016,0.560320755907568,0.06316436633038469,False,False
0.20603541428460392,0.25,False,0.0,1.0,0.75,0.8125,0.125,0.39758164060799706,0.11447046833274033,0.3279915742212445,True,False
0.40925327198760797,1.0,False,0.0,1.0,0.875,0.8500000000000001,0.125,0.16080002343498684,0.06539850380312749,0.5609118416158991,False,False
0.3655942564375413,0.0,False,0.0,1.0,0.875,0.9000000000000001,0.0,0.26127241970563186,0.04325519660829625,0.4937442434642494,False,False
0.10379904476824553,0.0,False,0.0,0.0,1.0,0.9000000000000001,0.125,0.36103027580280844,0.3553971094975473,0.3226185106324124,True,False
0.1404935931743213,0.0,False,0.0,0.0,1.0,1.0,0.125,0.4064815184103765,0.21152066825872384,0.271515784268638,True,False
0.26833864985313904,0.0,False,1.0,0.0,0.875,0.875,0.125,0.10852956418419615,0.06904476903735361,0.6488843977032914,True,False
0.2252682452146565,0.0,True,0.0,0.0,1.0,0.9375,0.125,0.4635205930439468,0.13559007897922581,0.23267159178649277,True,False
0.24547874464902375,0.0,False,0.0,0.0,1.0,0.9500000000000002,0.125,0.13713242521430483,0.0247641141968817,0.599630865199984,True,False
0.1798682119669005,0.0,False,0.0,0.0,1.0,1.0,0.125,0.5129655750630376,0.0044411647760959835,0.20153200844782448,True,False
0.08890245099564842,0.0,False,0.0,0.0,0.75,0.5875,0.125,0.6334089268748513,0.7133422050595417,0.1401609917884281,True,False
0.4171175799405097,0.25,False,0.0,0.0,1.0,1.0,0.125,0.33304177872778273,0.004719503494827989,0.3969394534262549,False,False
0.3755914917338784,0.0,False,1.0,0.0,0.875,0.6875,0.125,0.24839494456303027,0.04352327875952648,0.5288778748076777,False,False
0.23814224178568866,0.0,False,0.0,1.0,0.75,0.7250000000000001,0.125,0.1828302430421109,0.03972176774616233,0.5496973931776126,True,False
0.5326562614794158,1.0,False,0.0,1.0,0.75,0.75,0.25,0.21683344365965554,0.039253757171289184,0.5228649220809363,False,False
0.3051454065277114,0.0,False,0.0,1.0,0.0,0.0,0.125,0.09800961622944247,0.06831839350587805,0.6950116174929959,True,False
0.2954253601423583,0.5,True,1.0,0.0,1.0,1.0,0.0,0.20959225981384164,0.03843595709844556,0.5572115675790257,True,False
0.3723829450910586,1.0,False,0.0,1.0,0.5,0.25,0.25,0.2864755506027679,0.03917042808802715,0.45683178328334617,False,False
0.3523272609049949,0.5,False,0.0,1.0,0.5,0.25,0.0,0.3008959254113915,0.04182317011909292,0.4176041525951073,False,False
0.5340380078621928,0.5,False,0.0,1.0,0.875,0.925,0.25,0.21232353987417865,0.046617143903455324,0.4932444353616614,False,False
0.29442341813256856,0.0,False,1.0,0.0,1.0,0.9375,0.125,0.2686687464708028,0.01850303555997527,0.4766606241967115,False,False
0.3733976107957918,0.0,False,0.0,0.0,1.0,1.0,0.125,0.08323976670277082,0.04093690662459862,0.6823613294261115,False,False
0.10795254270854027,0.0,False,0.0,0.0,1.0,1.0,0.125,0.7255233023068557,0.46179424370774314,0.1199525069040599,True,False
0.5833186424330293,0.5,False,0.0,0.0,0.875,0.9375,0.25,0.39955870671670624,0.09421466983021218,0.30544790229411056,False,False
0.34610860493463325,0.25,False,0.0,0.0,0.875,0.925,0.125,0.38916664619343033,0.011530634378371258,0.3294767796190219,False,False
0.1514272581382603,0.0,False,0.0,0.0,1.0,1.0,0.125,0.8372711601292162,0.5664523731341152,0.06463916347464438,True,False
0.28239833003520975,0.0,False,0.0,0.0,1.0,0.9875,0.125,0.13392476116883886,0.04067782501243564,0.6200024009383962,True,False
0.5153840597535452,1.0,False,0.0,1.0,0.75,0.675,0.25,0.1102180097689289,0.017642937907055897,0.6720096613310154,False,False
0.621687027383394,1.0,True,0.0,1.0,1.0,1.0,0.25,0.22475852957275008,0.09810360989202037,0.5025129483723365,False,False
0.25069688375119514,0.5,False,0.0,0.0,0.75,0.8125,0.125,0.3811309454857695,0.1510244500686574,0.3207200244164021,False,False
0.26481219177777016,0.25,False,0.0,1.0,0.75,0.7875000000000001,0.0,0.28683042317507357,0.14861117339619456,0.4191953259282071,False,False
0.18339158825813184,0.0,False,0.0,0.0,1.0,1.0,0.125,0.24854058286103506,0.12353658855075289,0.4398486301450373,True,False
0.1331678261903072,0.0,False,0.0,1.0,0.875,0.8875,0.125,0.4632501031645337,0.1439691629123752,0.2971514348651101,True,False
0.19126498563031902,0.0,False,0.0,0.0,1.0,1.0,0.125,0.46325082209632235,0.016840355055235255,0.24024719777348147,True,False
0.23415554204266942,0.0,True,0.0,0.0,1.0,0.9750000000000001,0.125,0.30237748389426017,0.021404346848255,0.36359453138865794,True,False
0.24773390485161428,0.0,True,0.0,0.0,1.0,0.9750000000000001,0.125,0.5182998846501061,0.1064418931426911,0.20171347175867926,True,False
0.24922157850687243,0.75,False,0.0,0.0,0.625,0.8500000000000001,0.375,0.5645320322633518,0.6053485122412261,0.19164750340880676,False,False
0.08660235381352821,0.0,True,1.0,0.0,1.0,1.0,0.125,0.872998984478608,0.4578327259351996,0.048292308236757675,True,False
0.2550506038158944,0.0,False,0.0,0.0,0.75,0.8875,0.125,0.4861574882481397,0.07058848813139895,0.21820962646445108,False,False
0.1331678261903072,0.0,False,0.0,0.0,0.625,0.75,0.125,0.6009570484915256,0.4739588224171109,0.1868626673427085,True,False
0.22119490524322316,0.0,False,0.0,1.0,1.0,1.0,0.125,0.32496869259672856,0.040668649706135755,0.3929489340940999,True,False
0.2997957651159654,0.0,False,1.0,0.0,0.75,0.8125,0.125,0.27908114657995936,0.06540850415211275,0.41707985032613415,True,False
0.3332075278298613,0.0,False,0.0,1.0,0.875,0.9500000000000002,0.0,0.22536596665013783,0.03782088857544538,0.6402240896521514,False,False
0.0991150275045719,0.0,False,0.0,0.0,0.875,0.8500000000000001,0.125,0.33896056231324667,0.24064483827757843,0.34472913695369845,True,False
0.18710935290994468,0.0,False,0.0,0.0,1.0,1.0,0.125,0.3510702949718161,0.03538672036866481,0.36308670036443336,True,False
0.1623315399495997,0.0,False,0.0,1.0,0.75,0.7625,0.125,0.11709455840959844,0.008337043717893794,0.6313301524440602,True,False
0.2887351778355717,0.5,False,1.0,0.0,1.0,1.0,0.25,0.2253117577125433,0.10008513499298304,0.46559745266946795,True,False
0.30595429969375776,0.0,False,0.0,0.0,1.0,0.9125000000000001,0.125,0.46413126608519845,0.048509643638919714,0.23720217229128915,False,False
0.19880383585558348,0.25,False,0.0,0.0,1.0,1.0,0.125,0.503230484549434,0.4462859377486496,0.24362173146326516,True,False
0.378385694073332,0.0,False,0.0,0.0,1.0,1.0,0.125,0.24738419132230846,0.011880380424285382,0.4579596320190158,False,False
0.20556237051819792,0.0,False,0.0,0.0,1.0,1.0,0.0,0.3463131970063583,0.0932426583694382,0.3230372746105725,True,False
0.3546936481453137,0.0,False,1.0,0.0,0.75,0.8500000000000001,0.0,0.2648053347767099,0.049095146576206006,0.4865397241715672,False,False
0.4188346855794297,0.75,False,0.0,1.0,0.75,0.625,0.25,0.21637199688270525,0.09404610162034513,0.47584643955990424,False,False
0.2716332550338506,0.0,True,0.0,0.0,1.0,0.9875,0.125,0.34843224978309745,0.027103233956718514,0.36018150121410986,True,False
0.3733976107957918,0.5,False,1.0,0.0,0.875,0.925,0.25,0.2459995156375083,0.004191390732743218,0.4629898163208179,False,False
0.25522971112040116,0.5,False,0.0,1.0,0.875,0.8500000000000001,0.125,0.12207936026585481,0.04182728081886524,0.6250479721526201,True,False
0.19228886384536403,0.0,False,1.0,0.0,0.875,0.9125000000000001,0.125,0.271724527978526,0.03033925072033,0.4166008102170473,True,False
0.367601260364658,0.75,False,0.0,1.0,0.875,0.8500000000000001,0.25,0.2973143456698272,0.2069578975313482,0.3853461384579848,False,False
0.2870972751670433,0.0,False,0.0,0.0,1.0,1.0,0.125,0.4995655334885877,0.09426515399712358,0.21548624664709348,True,False
0.5235803672364113,0.5,False,0.0,0.0,1.0,0.9625000000000001,0.25,0.12108074550997643,0.05775096522457813,0.7073495495081144,False,False
0.2397121763990986,0.0,False,0.0,0.0,0.75,0.8375000000000001,0.125,0.09073903619183991,0.0340911609067869,0.69945996144207,True,False
0.31320222383114726,0.0,False,0.0,0.0,1.0,0.925,0.125,0.2350969749432557,0.011732624619097536,0.4971894353918873,True,False
0.37229041440906585,0.0,False,0.0,1.0,0.875,0.9500000000000002,0.125,0.23580683832094346,0.0685170523078228,0.5679286091465485,True,False
0.10795254270854027,0.0,False,1.0,0.0,0.875,0.8375000000000001,0.125,0.7651240498572349,0.8834520620874955,0.08516994871483963,True,False
0.2632791320174994,0.0,False,0.0,1.0,0.875,0.7000000000000001,0.0,0.16788543459165908,0.04452835549738505,0.5349355718320474,False,False
0.20884749730392682,0.0,False,0.0,0.0,0.875,0.8625,0.125,0.08669638100606145,0.06913667821276323,0.7435772455081411,True,False
0.16202911071139625,0.0,False,0.0,0.0,0.75,0.9375,0.125,0.34533623630707644,0.11874616093223947,0.31880819939344773,True,False
0.3103384799797889,1.0,False,0.0,0.0,1.0,0.9500000000000002,0.375,0.40123268509136567,0.04657595661171169,0.2962350944545664,False,False
0.378206744639609,0.5,False,0.0,1.0,0.875,0.8125,0.125,0.10490241234271394,0.023508724961713953,0.6707222315828565,False,False
0.1849944629541187,0.0,False,1.0,0.0,0.875,0.75,0.125,0.41345727462175036,0.23700275745096297,0.26792986017415443,True,False
0.25522971112040116,0.0,False,0.0,0.0,1.0,1.0,0.125,0.22497908178876597,0.057361919275463136,0.5423153121982236,True,False
0.30954937078703926,0.0,False,0.0,0.0,0.875,0.825,0.125,0.17537982747214315,0.05867461441773619,0.523769584557582,False,False
0.23655829365336611,0.0,True,1.0,0.0,1.0,0.9750000000000001,0.125,0.275796446641626,0.15304319538659578,0.4173151847880481,True,False
0.21069776311509292,0.0,True,1.0,0.0,1.0,1.0,0.125,0.19365979886367232,0.03412234813549066,0.5340956267275436,True,False
0.31929445885789687,0.25,False,0.0,0.0,0.875,0.9500000000000002,0.125,0.2605584930662769,0.006199008255548123,0.4154934957365066,False,False
0.2235645371255457,0.0,False,0.0,0.0,1.0,1.0,0.125,0.5541711423905148,0.22953675485665426,0.18133950279959232,True,False
0.29656355200595164,0.0,True,0.0,0.0,1.0,0.9375,0.125,0.1953059454164053,0.055324415418217164,0.6565150009703475,True,False
0.3652093828598225,0.5,False,1.0,0.0,1.0,0.9500000000000002,0.25,0.21079310541988594,0.13210226515061704,0.5302312893962691,False,False
0.4089524123300413,0.5,False,0.0,1.0,0.875,0.6000000000000001,0.25,0.0818719899236418,0.021303349075407294,0.7984919832116915,False,False
0.2072125359468001,0.0,False,0.0,1.0,1.0,0.9750000000000001,0.125,0.4549447699962753,0.25502426716799176,0.2531095289779248,True,False
0.34546381748910326,0.75,False,0.0,0.0,1.0,0.925,0.125,0.256083338934382,0.009937520502629967,0.5076890000243013,False,False
0.3138466793870843,0.0,True,0.0,0.0,1.0,0.9750000000000001,0.125,0.41644488845228506,0.029622697648565264,0.3036445603518776,False,False
0.22119490524322316,0.0,False,0.0,1.0,1.0,1.0,0.125,0.3253421783427293,0.03311202170137656,0.39167959656357176,True,False
0.36826524881740663,1.0,False,0.0,0.0,0.75,0.8500000000000001,0.25,0.18388466306511814,0.074357212260535,0.5222622902628331,False,False
0.289622247908352,0.5,False,0.0,0.0,1.0,0.925,0.125,0.49558817786318277,0.07665885822487475,0.2177373828313689,True,False
0.18068753024402562,0.25,False,0.0,1.0,0.875,1.0,0.125,0.21621768143349365,0.03802533322766271,0.49805290626114473,True,False
0.3044685007671454,0.0,False,0.0,0.0,0.875,0.875,0.125,0.2237132133327689,0.07198250256433888,0.5647471440238798,False,False
0.22862736097375158,0.0,False,0.0,1.0,0.875,0.8625,0.125,0.31893718747349453,0.07770752070611199,0.34284659889668556,True,False
0.26086773083427817,0.0,False,0.0,1.0,0.875,0.8500000000000001,0.125,0.47037120756947115,0.11589625785557701,0.27505226723220133,True,False
0.36511303389363514,0.25,False,0.0,1.0,1.0,1.0,0.125,0.17576448467180142,0.018476458726327933,0.5591604896562004,False,False
0.269993598409354,0.0,False,0.0,1.0,1.0,0.9625000000000001,0.125,0.11687841001393635,0.04768320588632993,0.6495753707310596,True,False
0.3646305027905482,0.0,False,1.0,0.0,1.0,1.0,0.125,0.18436844880485403,0.08338669448050641,0.518009052500281,True,False
0.25576595090664944,0.0,True,0.0,0.0,1.0,0.9625000000000001,0.125,0.5449260395763809,0.5599847026743724,0.1898969841984275,True,False
0.29909810106782675,0.0,True,1.0,0.0,1.0,0.9375,0.125,0.295952830718135,0.012888425204112939,0.4343216497100981,True,False
0.19781696967121776,0.0,False,0.0,0.0,1.0,0.9750000000000001,0.125,0.7998765539556275,0.6379109560974991,0.08228491791045855,True,False
0.24566777319209177,0.0,False,0.0,1.0,0.625,0.675,0.125,0.11997060278607995,0.03455596522478446,0.6437737869134437,True,False
0.3501387354565436,1.0,False,0.0,1.0,0.875,0.75,0.125,0.213480079258857,0.04882562570480148,0.5421780181425717,False,False
0.27914297563061585,0.0,True,0.0,0.0,1.0,0.9500000000000002,0.125,0.43850535012927916,0.16240696123537643,0.24803568233345463,False,False
0.2329418547612636,0.0,False,0.0,1.0,1.0,0.5,0.125,0.13392102512598356,0.07302759002742196,0.5940800427277604,True,False
0.22505617409979006,0.0,True,0.0,1.0,1.0,0.9500000000000002,0.125,0.8189047759174911,0.5372135671359166,0.07289644970776243,True,False
0.25197779034574197,0.0,False,0.0,0.0,1.0,0.9125000000000001,0.125,0.19163596549512835,0.07599574616814442,0.4920645849172618,True,False
0.22010724953117922,0.0,False,1.0,0.0,0.375,0.375,0.125,0.20023841320990163,0.03083092640680647,0.5179218510246444,True,False
0.38539960332752454,0.5,False,0.0,1.0,0.875,0.875,0.125,0.12274974709514853,0.01828933709191066,0.6229602305626045,False,False
0.175152567339807,0.0,False,0.0,0.0,0.75,1.0,0.125,0.19891708884884923,0.07062122275227742,0.4811938285713335,True,False
0.26052055428457976,0.0,False,1.0,0.0,0.75,0.825,0.0,0.10394013030986997,0.014235538649635152,0.6541103558597561,False,False
0.35803470985911867,0.0,False,0.0,1.0,0.875,0.7875000000000001,0.125,0.31861964017167305,0.012493581555808889,0.36718818019156463,False,False
0.20603541428460392,0.25,False,0.0,1.0,0.75,0.875,0.125,0.29113190188382104,0.12124860699819635,0.4618880682557458,True,False
0.2252682452146565,0.0,False,0.0,0.0,1.0,0.9750000000000001,0.125,0.42753713121917863,0.0806141170474115,0.25379973371746245,True,False
0.30662557203613117,0.25,False,0.0,0.0,1.0,1.0,0.125,0.3621085311290748,0.005977604703547258,0.3495433137494548,False,False
0.41149360573599225,1.0,False,0.0,1.0,0.75,0.8625,0.125,0.15897748370282327,0.06111087091384845,0.5646750034070225,False,False
0.061795817342488846,0.0,False,1.0,0.0,0.5,0.5875,0.125,0.3919218607823278,0.050375153575434886,0.3284305826656737,True,False
0.34610860493463325,0.25,False,1.0,0.0,0.875,0.9500000000000002,0.125,0.19724157104892007,0.060633728111887136,0.5165049893423903,True,False
0.21746934944105067,0.0,True,1.0,0.0,1.0,0.9375,0.125,0.35427824504186944,0.060665491513543356,0.3246470381175943,True,False
0.39256009147530635,0.25,False,1.0,0.0,1.0,0.75,0.125,0.2984784839637312,0.08702283820054142,0.3875965856502668,False,False
0.3540793656014395,0.0,True,0.0,1.0,0.875,1.0,0.0,0.25819242742597426,0.04530780190643324,0.44816221385832344,False,False
0.23814224178568866,0.0,False,0.0,1.0,0.875,0.875,0.125,0.13095288457415272,0.02880889994757153,0.6103784156508119,True,False
0.42567869131748937,0.0,False,0.0,0.0,0.875,1.0,0.125,0.004996241333419742,0.022266727329880436,0.9999867559392404,False,False
0.2954253601423583,0.0,False,1.0,0.0,1.0,0.75,0.0,0.44018882231895534,0.06738640887996604,0.3072127960357103,False,False
0.1857905033904771,0.0,False,0.0,1.0,1.0,0.8500000000000001,0.125,0.19856467220959506,0.14385582573182243,0.4858670898714541,True,False
0.31320222383114726,0.0,False,0.0,0.0,1.0,1.0,0.125,0.2277861505211819,0.06138844802217312,0.5439655225075859,False,False
0.3306513109895125,0.5,False,0.0,0.0,1.0,1.0,0.25,0.4544457766537778,0.2932058448261519,0.23517987429335574,False,False
0.4365725314259131,0.0,True,0.0,0.0,1.0,0.9875,0.125,0.3342674279980654,0.011277430814588969,0.3535859540032489,False,False
0.23415554204266942,0.0,True,1.0,0.0,1.0,1.0,0.125,0.2595536300550478,0.20423349416683229,0.4176327124704988,True,False
0.3708966328440727,0.5,False,1.0,0.0,0.5,0.375,0.0,0.26397245602674096,0.04574923441833896,0.48772716785371695,False,False
0.26276515465118755,0.75,False,0.0,1.0,0.875,0.8625,0.125,0.4343108228415153,0.2877970350693583,0.29947330177418396,False,False
0.16081421295707443,0.0,False,0.0,0.0,1.0,0.9750000000000001,0.125,0.5948050228985265,0.6456507010512943,0.16081590233184095,True,False
0.15206874199191067,0.0,False,0.0,1.0,0.625,0.75,0.125,0.13855870564672476,0.0627324387913517,0.584599175117273,True,False
0.5053973606428012,0.75,False,0.0,1.0,1.0,1.0,0.25,0.11784145892952257,0.04298124065950309,0.6679165128394011,False,False
0.2905049056005683,0.0,False,0.0,0.0,0.875,0.9125000000000001,0.125,0.4888567914741413,0.37750578505547183,0.27251758749685306,False,False
0.3888895729907115,0.5,False,0.0,0.0,1.0,0.9750000000000001,0.25,0.4450741289999435,0.2739473604730627,0.26013670073770356,False,False
0.3300651810942702,0.0,False,0.0,1.0,1.0,0.925,0.0,0.21245889014812208,0.038488846315952646,0.5208411857524047,False,False
0.7306108176208174,0.5,True,0.0,0.0,1.0,1.0,0.25,0.2778508607091199,0.03450332612213388,0.44671976947728376,False,False
0.25964962956097737,0.0,True,0.0,0.0,1.0,0.9875,0.125,0.18103854236314834,0.053189643577370355,0.517297229789025,True,False
0.2113866689982885,0.0,False,0.0,0.0,1.0,1.0,0.125,0.24841596931772023,0.08566138163828303,0.5719498317657012,True,False
0.4714392291150321,1.0,False,0.0,0.0,1.0,0.9750000000000001,0.375,0.2359129447527674,0.0857245397417077,0.4623677799295851,False,False
0.3963179640618252,0.0,False,0.0,1.0,0.875,0.6625000000000001,0.125,0.4310768007727134,0.06043768581976366,0.312912100177023,False,False
0.19781696967121776,0.0,False,0.0,0.0,1.0,0.9750000000000001,0.125,0.4663644891194318,0.06199065963590618,0.2261460753187583,True,False
0.34132483847626804,0.5,True,0.0,0.0,0.875,0.9625000000000001,0.125,0.29932766334421235,0.026606167074170416,0.42466154540652545,False,False
0.3460013029308767,0.0,False,0.0,1.0,1.0,0.9750000000000001,0.125,0.24497113929949993,0.02561806811505256,0.47879955282440845,True,False
0.18710935290994468,0.0,False,0.0,0.0,0.875,0.9125000000000001,0.0,0.38342807446323884,0.09783405212864003,0.2971003839670363,True,False
0.3813125997220287,0.75,False,1.0,0.0,1.0,0.875,0.125,0.2626819236163257,0.029678896023397138,0.4854487219136099,False,False
0.24977625633037193,0.0,False,1.0,0.0,1.0,1.0,0.125,0.23502448315371377,0.12416502076914324,0.4475113137981668,True,False
0.15897612689682528,0.0,False,0.0,1.0,0.875,0.8625,0.125,0.41899130729793277,0.20029625945530688,0.26575133105265514,True,False
0.2905049056005683,0.0,False,0.0,1.0,0.875,0.875,0.125,0.2153331249059777,0.022079536338724007,0.6891826098179004,True,False
0.3268661841772992,0.0,False,0.0,0.0,1.0,1.0,0.125,0.2935862956847202,0.08564201451701221,0.41220558794709605,False,False
0.1849944629541187,0.0,False,1.0,0.0,0.875,0.9125000000000001,0.125,0.8473312871971319,0.6082047284013726,0.06055255927900327,True,False
0.4803684806985872,0.0,False,0.0,0.0,0.625,0.875,0.125,0.1698270102417246,0.04631800145836167,0.5736358686703185,False,False
0.11281172005477969,0.0,False,0.0,0.0,0.25,0.0,0.125,0.5888500733999993,0.554885723517781,0.18415189933573584,False,True
0.3591345627500212,0.25,False,0.0,0.0,1.0,0.9500000000000002,0.25,0.37681771207146525,0.13715806645716613,0.3487728430057708,False,False
0.48776282009789107,0.0,False,0.0,0.0,1.0,0.9625000000000001,0.125,0.2847205833317615,0.06724801692202365,0.44821927139545026,False,False
0.17794162840544014,0.0,True,1.0,0.0,1.0,0.925,0.125,0.4773645553065462,0.2059813962401244,0.2384357462591553,True,False
0.33999747799441093,0.0,False,0.0,0.0,0.75,0.75,0.125,0.09231944436765441,0.0365211402701719,0.6888580174550922,False,False
0.2952825714676811,0.0,False,0.0,0.0,0.875,0.9125000000000001,0.125,0.05053894411607302,0.034214105898455846,0.7579997371025375,True,False
0.18123164832544447,0.0,False,1.0,0.0,0.5,0.75,0.125,0.0759244917252645,0.021757284154419923,0.7523575999658418,True,False
0.2554086378279916,0.0,True,0.0,0.0,1.0,0.9750000000000001,0.125,0.2883436075254162,0.17972741574522347,0.4001797032070389,True,False
0.22335041887289453,0.0,False,0.0,1.0,0.875,0.9375,0.125,0.08937304548010219,0.021796582966571915,0.7194349956440984,True,False
0.37712924172165085,0.5,False,0.0,0.0,0.75,0.75,0.125,0.3787323743941592,0.03583670794318147,0.30098776471184174,False,False
0.5587567788577313,0.0,False,1.0,0.0,0.875,0.9625000000000001,0.125,0.28433731655681904,0.0698815586429102,0.4281917486343476,True,False
0.49620154210792167,1.0,True,0.0,1.0,1.0,0.9875,0.25,0.17452729609748943,0.06690189334629958,0.5199691794145,False,False
0.22119490524322316,0.0,False,0.0,1.0,0.75,0.75,0.125,0.3275494239935847,0.020661077917046033,0.38779685642567663,True,False
0.233144713316363,0.0,False,0.0,1.0,1.0,1.0,0.125,0.5733542607916895,0.07934583841032211,0.1606718848843831,True,False
0.3877904107176021,0.0,False,0.0,1.0,1.0,1.0,0.125,0.2364573470376548,0.02803688207058616,0.4869487232624985,False,False
0.3629800124642518,0.5,True,1.0,0.0,1.0,1.0,0.125,0.35400551963323623,0.044199735490354504,0.35971902432554015,False,False
0.3344719589977777,0.0,True,1.0,0.0,1.0,0.9875,0.125,0.33074398832277685,0.0649622509678812,0.3340667211637347,False,False
0.20508806235318777,0.0,False,0.0,0.0,1.0,0.9375,0.125,0.36705212109334934,0.15946676308664293,0.3295732799288238,True,False
0.15835917607605532,0.0,False,1.0,0.0,1.0,0.925,0.125,0.4198259890935449,0.14881728354231682,0.2853778403155889,True,False
0.25576595090664944,0.0,False,0.0,0.0,0.375,0.5,0.125,0.5039005158383542,0.1394889357151064,0.22416250865153287,False,False
0.32876883975144555,0.5,False,0.0,1.0,1.0,0.875,0.25,0.5954820413157698,0.5737956715939819,0.17889834331989762,False,False
0.4968449383966008,0.5,False,0.0,1.0,0.875,0.825,0.125,0.0778584743377368,0.055514035200707953,0.8081800141510991,False,False
0.3332075278298613,0.0,False,0.0,0.0,0.875,0.9000000000000001,0.125,0.2744197250907994,0.09451377457917343,0.4399519363946085,False,False
0.21069776311509292,0.0,False,0.0,0.0,1.0,0.9625000000000001,0.125,0.31657901441194175,0.08060353381525096,0.34490130979535993,True,False
0.2402973393912795,0.0,True,1.0,0.0,1.0,0.9500000000000002,0.125,0.2295560476465287,0.062457277283497384,0.48282472592505066,True,False
0.23090041148935792,0.25,False,0.0,1.0,0.875,0.8,0.125,0.22949792387789478,0.05082635516569537,0.5536074295587246,True,False
0.24088057908739002,0.0,False,1.0,0.0,1.0,0.9875,0.125,0.7814735841465569,0.48114804256204236,0.09149151166546776,True,False
0.13352361620659736,0.0,True,1.0,0.0,1.0,0.9375,0.125,0.4415529916460547,0.17095835180002866,0.3075921316422159,True,False
0.4566534538921255,1.0,False,0.0,1.0,0.875,0.8125,0.25,0.19041303756009081,0.015262338896575614,0.5326442484266378,False,False
0.22119490524322316,0.0,False,0.0,1.0,1.0,0.5,0.125,0.32869012500923844,0.04272890685912115,0.3887383734319536,True,False
0.03666864294119887,0.0,False,0.0,0.0,1.0,1.0,0.125,0.816962664332773,0.8841066104655997,0.06554885854608439,True,False
0.40133879808483675,0.0,True,1.0,0.0,1.0,0.9875,0.125,0.1933243107504712,0.07114398145446393,0.5043899232452316,False,False
0.18971800542409967,0.0,False,0.0,0.0,0.5,0.5,0.125,0.40619126054500543,0.09443090042185563,0.29967889025553274,True,False
0.17904509321601503,0.0,False,1.0,0.0,0.75,1.0,0.125,0.5954177192352075,0.6604342980797057,0.17215241885552435,True,False
0.17655257740394903,0.0,False,0.0,1.0,0.875,0.7625,0.125,0.26353324725650196,0.027762116844154645,0.49536357644679807,True,False
0.19075082257961895,0.0,True,1.0,0.0,1.0,0.9750000000000001,0.125,0.5815859644309348,0.2523890788659724,0.22927492808430383,True,False
0.1331678261903072,0.0,False,1.0,0.0,1.0,1.0,0.125,0.40928774655218575,0.23939762604248555,0.31470163657950345,True,False
0.39073432251084295,0.5,False,0.0,1.0,0.875,0.8875,0.125,0.08487009641299997,0.039281149850925956,0.7060897118854261,False,False
0.42717948514233617,0.25,False,0.0,1.0,1.0,1.0,0.125,0.006708590212256265,0.020022206166377562,0.9440073472040269,False,False
0.3546936481453137,0.0,False,0.0,1.0,0.875,0.8375000000000001,0.0,0.2623066380491594,0.04767340800192632,0.4919180226948432,False,False
0.367601260364658,1.0,False,1.0,0.0,0.875,0.925,0.25,0.3145476038635656,0.053605451712644685,0.39226340806570414,False,False
0.2347592869000048,0.0,False,1.0,0.0,1.0,0.9625000000000001,0.125,0.17199028578179432,0.00766510359025516,0.5690519300555641,True,False
0.41754841657278197,1.0,False,0.0,0.0,1.0,1.0,0.5,0.5828477126797514,0.3193940317880412,0.15572116659513768,False,False
0.46287200397491624,1.0,False,0.0,1.0,0.875,0.875,0.125,0.1798004248679472,0.03096983257584766,0.5562094595622034,False,False
0.29755351618285075,0.0,False,0.0,1.0,0.75,0.7125,0.0,0.34035013439337874,0.02481214490163823,0.3763849013746978,False,False
0.27867301131389066,0.5,False,0.0,0.0,0.875,0.9375,0.125,0.33846240796778637,0.2976446674499936,0.3389112019797995,False,False
0.23048928939034186,0.25,False,0.0,1.0,0.875,0.8,0.125,0.1389679886791285,0.014403645889834631,0.603198632601913,True,False
0.23556109795104652,0.0,False,1.0,0.0,0.875,1.0,0.125,0.3818907787980854,0.11126982677914912,0.29081018255109337,True,False
0.21115733074156973,0.0,False,0.0,0.0,1.0,1.0,0.25,0.23071709762966136,0.04658453345847301,0.5309854902815041,True,False
0.3559158704108766,0.0,False,0.0,0.0,1.0,0.9125000000000001,0.125,0.2177054424392175,0.0907743831931813,0.4682329820901585,False,False
0.31741300653883664,0.25,False,1.0,0.0,1.0,1.0,0.0,0.2218096335620023,0.022743728448155504,0.5693660245720351,False,False
0.1759938981343364,0.0,False,0.0,1.0,0.75,0.7625,0.125,0.3531843934047428,0.034010000424223044,0.3645321119424314,True,False
0.2239920000991058,0.0,False,0.0,1.0,0.875,0.925,0.125,0.12383103257961638,0.058164621079512084,0.6168700215029044,True,False
0.31929445885789687,0.0,False,0.0,0.0,0.875,0.9375,0.125,0.3692128124596194,0.14146032209150908,0.33020437296688465,False,False
0.4354738616157824,0.5,False,0.0,0.0,0.875,1.0,0.25,0.12269762986352033,0.01818975269044333,0.6320083564519638,False,False
0.22945729756037014,0.0,False,0.0,1.0,0.875,0.7875000000000001,0.125,0.18806200127692954,0.0646575360402269,0.5115666986266554,True,False
0.18841847275158208,0.0,False,0.0,0.0,0.75,0.875,0.125,0.4151701041082062,0.27897853697493785,0.27501600345360555,True,False
0.26532028250539186,0.0,False,1.0,0.0,1.0,1.0,0.125,0.29044632476020354,0.07211693728690274,0.403702704278063,True,False
0.1876341603567594,0.75,False,0.0,1.0,0.875,0.7875000000000001,0.125,0.48584136813629863,0.1040821355035413,0.2846836459924129,True,False
0.2517953688024823,0.0,False,1.0,0.0,1.0,0.9125000000000001,0.125,0.26203726356268414,0.033459326182916374,0.4121193919979609,True,False
0.45939384049459464,1.0,False,0.0,1.0,0.875,0.7875000000000001,0.25,0.17059005396136642,0.046681326397153715,0.5724197076927966,False,False
0.4014173595638896,0.5,False,0.0,1.0,0.875,0.9125000000000001,0.125,0.2516081244699203,0.11102455593350473,0.47612489080188625,False,False
0.3617074326809516,0.0,False,0.0,0.0,1.0,0.9750000000000001,0.125,0.2886341082964953,0.19933000763144992,0.39221257247223695,False,False
0.1714599898945014,0.0,False,1.0,0.0,0.875,1.0,0.125,0.21571948859784867,0.07880815332254573,0.4715749707198189,True,False
0.36492017887781325,0.25,False,0.0,1.0,1.0,0.75,0.125,0.20806096928693604,0.12260900682887224,0.5443571557449289,True,False
0.36607417750034676,0.5,False,1.0,0.0,0.5,0.75,0.25,0.35931667537741885,0.07673678266192993,0.35119985519898345,False,False
0.28239833003520975,0.0,True,0.0,0.0,1.0,1.0,0.125,0.32076942184950374,0.016898738999824605,0.3968410170557446,False,False
0.48572327287692973,1.0,False,1.0,0.0,0.875,0.9375,0.25,0.3058468044105686,0.0554405657417118,0.41805207948764633,False,False
0.10295655019191619,0.0,False,0.0,0.0,0.875,0.875,0.125,0.3253411366105255,0.07386531092700735,0.36845253188762395,True,False
0.4079710806069915,1.0,False,0.0,1.0,0.75,0.7625,0.125,0.2145794479673491,0.021576754947085143,0.6340764976708071,False,False
0.3708966328440727,1.0,False,1.0,0.0,1.0,1.0,0.375,0.39039825314539184,0.16822979885132724,0.3121820066136429,False,False
0.27260982568717207,0.0,True,1.0,0.0,1.0,0.9750000000000001,0.125,0.2930193455895901,0.07857761868294667,0.39422881287703015,True,False
0.5732011108458025,0.5,False,0.0,1.0,1.0,0.9750000000000001,0.25,0.0599924981085574,0.04175202819559126,0.864342194144625,False,False
0.2550506038158944,0.0,False,1.0,0.0,1.0,0.9750000000000001,0.125,0.28216460293988915,0.053645310511333005,0.43825923157145086,True,False
0.42622590426254237,0.5,False,1.0,0.0,0.875,0.8625,0.125,0.03992066487783355,0.03790498567324102,0.8088207889555878,False,False
0.15897612689682528,0.0,False,1.0,0.0,0.875,0.875,0.125,0.35918390060609773,0.09687080919177928,0.3623641265307538,True,False
0.2125289352735129,0.5,False,1.0,0.0,1.0,0.9375,0.125,0.39245263315794454,0.01490821319890251,0.32240587148179767,True,False
0.20931187557619513,0.0,True,1.0,0.0,1.0,0.9750000000000001,0.125,0.24733824600703364,0.07469208429145063,0.44345436901713486,True,False
0.1968245844728419,0.0,False,0.0,0.0,0.75,0.7125,0.125,0.41932455403243013,0.22760582595568093,0.2603096352290215,False,False
0.38922641158217075,0.5,False,0.0,0.0,0.875,0.875,0.25,0.34196942565821137,0.014453296761226276,0.36808460129653997,False,False
0.14320669321579982,0.0,False,1.0,0.0,1.0,1.0,0.125,0.3010701144498645,0.26726543253852225,0.3842567479677663,True,False
0.26481219177777016,0.0,True,1.0,0.0,1.0,0.9875,0.125,0.27072841021777233,0.1462971348948309,0.4212765143155017,True,False
0.12478135651244726,0.0,False,1.0,0.0,0.875,0.925,0.125,0.9737036313227727,0.3993436561374302,0.008682991033486909,True,False
0.37631679902510207,0.0,False,0.0,1.0,1.0,1.0,0.125,0.014662918715608072,0.01663205662099208,0.9418664451626255,False,False
0.3539767781193147,0.25,False,0.0,1.0,0.625,0.5625,0.0,0.2575552933511521,0.03669326634999433,0.5027328138847835,False,False
0.4566534538921255,0.0,True,0.0,0.0,1.0,0.9875,0.125,0.26818048996942484,0.043740127430189395,0.4796502114350798,False,False
0.2879925502399644,0.0,False,1.0,0.0,1.0,0.9750000000000001,0.125,0.12256308417674139,0.060277252254279316,0.6448192756803008,True,False
0.405301737920687,0.5,True,0.0,0.0,0.875,0.9375,0.25,0.3620595330362802,0.2291698900085996,0.31182382108615836,False,False
0.21069776311509292,0.0,False,0.0,0.0,1.0,0.9875,0.125,0.34929891250652034,0.2280090776333072,0.3272125502013534,True,False
0.2839277564095325,0.5,False,1.0,0.0,0.875,0.9125000000000001,0.125,0.24170291490603302,0.017500091843346263,0.4617109944137141,True,False
0.4948149298611374,0.25,False,0.0,1.0,0.875,0.9000000000000001,0.125,0.24550916785848062,0.05577498059281928,0.5603036108822868,False,False
0.21115733074156973,0.0,False,1.0,0.0,1.0,0.875,0.0,0.2848179992380197,0.04563755093346237,0.4391906045438603,True,False
0.10754154054153764,0.25,False,0.0,0.0,1.0,1.0,0.25,0.9258657333166691,0.584755345760247,0.02760881084371114,True,False
0.3234866442354115,0.0,True,1.0,0.0,1.0,0.9500000000000002,0.125,0.3764638381183547,0.008831585579326487,0.31253467175097494,True,False
0.24547874464902375,0.0,False,0.0,0.0,1.0,0.9500000000000002,0.125,0.14910600011733077,0.04032650039736991,0.5859159179652456,True,False
0.2541523455280844,0.0,True,1.0,0.0,1.0,0.9375,0.125,0.17100927056815687,0.026602802953505308,0.5841881946186163,True,False
0.29909810106782675,0.25,True,0.0,1.0,1.0,0.9750000000000001,0.125,0.11860129802482007,0.007507683809245427,0.6428758165648776,True,False
0.23496007957282694,0.0,False,0.0,1.0,0.875,0.8375000000000001,0.125,0.10774017924696945,0.04284033118424932,0.6794160826534554,True,False
0.3370870090054702,0.0,True,1.0,0.0,1.0,1.0,0.125,0.1640285693034364,0.04299629386641468,0.5399892165142712,True,False
0.1876341603567594,0.0,False,1.0,0.0,0.875,0.875,0.125,0.23073033676551422,0.19998587091394643,0.45025716676398697,True,False
0.11870435249276634,0.0,False,0.0,1.0,0.75,0.7125,0.125,0.48698419080465244,0.14866159671855286,0.29015225881403883,True,False
0.3300651810942702,0.0,False,0.0,0.0,1.0,1.0,0.125,0.37260381504803053,0.007476070264013195,0.3160624300993018,False,False
0.2743863651066005,0.0,False,0.0,0.0,0.875,0.9625000000000001,0.125,0.2031454624138242,0.02090087362489611,0.6090844870440622,False,False
0.1331678261903072,0.0,False,0.0,0.0,1.0,0.9375,0.125,0.46599559934443546,0.4790464503814233,0.2498232943767964,True,False
0.25999851255513073,0.0,True,0.0,1.0,0.875,0.9125000000000001,0.125,0.2374632233711353,0.017735829875081235,0.47045366234137553,True,False
0.09162378267414306,0.0,False,0.0,0.0,0.875,0.9125000000000001,0.125,0.4223786524730537,0.3328880755038921,0.26685094739620596,True,False
0.2651510805228984,0.0,True,1.0,0.0,1.0,0.9750000000000001,0.125,0.5950020745284664,0.23697211665525023,0.2115393541167121,False,False
0.25594433800208805,0.5,False,0.0,1.0,0.75,0.8,0.125,0.11331237121470066,0.03757895888274228,0.6617951017596457,True,False
0.5194689684418691,0.0,False,0.0,1.0,1.0,1.0,0.125,0.2754684459698764,0.05969519202032775,0.45346030851834973,False,False
0.3708966328440727,1.0,True,0.0,0.0,1.0,1.0,0.25,0.36830383625803187,0.07413701846582638,0.3352784291704862,False,False
0.20485043200541464,0.0,False,0.0,1.0,0.75,0.8375000000000001,0.125,0.2515837650745752,0.06470066114993958,0.5430096524914683,True,False
0.3813125997220287,0.25,False,1.0,0.0,0.0,0.0,0.25,0.17485257272648547,0.008267524025533636,0.5511455147355586,False,False
0.22695575141330848,0.0,True,0.0,0.0,0.875,0.9750000000000001,0.125,0.16004124477487625,0.04317146435496725,0.5668678147931174,True,False
0.2983976832608183,0.0,True,1.0,0.0,1.0,0.9875,0.125,0.1928835599861898,0.07771087415689659,0.5981160092509907,True,False
0.256122545949362,0.0,False,1.0,0.0,1.0,0.9625000000000001,0.125,0.4216158221381806,0.05698378589211666,0.3299445206631608,True,False
0.4366369477129578,1.0,False,0.0,0.0,1.0,0.925,0.25,0.1848275704354784,0.030833083876652127,0.7158559028086295,False,False
0.08095734521249498,0.0,False,0.0,1.0,0.875,0.7125,0.125,0.320855596195235,0.11576026459549532,0.4132365872818611,True,False
0.2881413245974592,0.0,True,0.0,1.0,1.0,0.9500000000000002,0.125,0.0824074327649463,0.02406806555637795,0.7263085865692602,True,False
0.311515602960751,0.0,True,0.0,1.0,1.0,1.0,0.125,0.10595028339001913,0.02128202330407128,0.6481266776264594,False,False
0.31371797537952617,0.0,False,0.0,0.0,0.875,0.925,0.125,0.35228441418146783,0.05416732041245962,0.3620364424593199,False,False
0.33999747799441093,0.0,False,0.0,1.0,0.75,0.5,0.125,0.13669816066139803,0.009618483546537509,0.6101468229374949,True,False
0.2275844517662704,0.0,False,1.0,0.0,0.875,0.875,0.0,0.4201916901803274,0.0378309677335821,0.2926900844899587,False,False
0.37739923145222176,0.25,False,1.0,0.0,0.5,0.5,0.25,0.3642819192235485,0.1475207882198734,0.3636601288452208,True,False
0.2229214057183464,0.0,False,0.0,0.0,0.875,0.9375,0.125,0.2798632389436821,0.23039186736145345,0.3986125259427933,True,False
0.3557127504067671,0.0,True,1.0,0.0,1.0,0.9875,0.125,0.18568905042047884,0.0392119952993487,0.5289862371524112,False,False
0.11241183227452445,0.0,False,0.0,0.0,0.875,0.9125000000000001,0.125,0.38813567673358434,0.11519899087478389,0.28267602259134406,True,False
0.39920438326673346,0.5,False,0.0,0.0,0.875,0.8625,0.125,0.3310089010741404,0.01182320844669915,0.38928070989340857,False,False
0.15492706339564766,0.0,False,0.0,1.0,0.75,0.7375,0.125,0.2162967187500485,0.02777985981316956,0.4994310158109454,True,False
0.3138466793870843,0.5,False,1.0,0.0,1.0,1.0,0.125,0.35209683914264794,0.06172836891548811,0.3266666105967604,False,False
0.16885782018472062,0.0,False,0.0,0.0,1.0,0.9625000000000001,0.125,0.5107832721659834,0.2869953862325665,0.19771376323951118,True,False
0.2974124304118596,0.5,False,1.0,0.0,1.0,0.9500000000000002,0.25,0.5894076498104022,0.2872073386244619,0.15197059246970612,False,False
0.22695575141330848,0.0,False,0.0,0.0,1.0,0.9125000000000001,0.125,0.43097417048690206,0.10545499157099335,0.2991796990181401,True,False
0.33843623653045285,0.0,True,1.0,0.0,1.0,0.9375,0.0,0.22078783063165422,0.05032108160432137,0.5029869585202029,False,False
0.31538389002912404,0.0,False,0.0,1.0,1.0,0.9500000000000002,0.125,0.22796580227179417,0.04977780622712953,0.49266110060305923,False,False
0.39501988456045967,1.0,False,0.0,1.0,1.0,0.9375,0.375,0.2747703840977492,0.20273065191247372,0.41251957118356897,False,False
0.4049940975947658,1.0,False,0.0,1.0,1.0,0.75,0.125,0.22975859301142634,0.07129847040714123,0.5355643962551717,False,False
0.22862736097375158,0.5,False,0.0,0.0,0.875,0.9500000000000002,0.0,0.2775725532088148,0.13018275610417146,0.4331314404365936,False,False
0.25522971112040116,0.0,False,0.0,1.0,0.875,0.8875,0.125,0.11106264263592704,0.03161101375318521,0.6756915500300145,True,False
0.15206874199191067,0.0,False,1.0,0.0,0.875,1.0,0.125,0.389647254408932,0.05783490591095518,0.2907089611293998,True,False
0.19831108880083492,0.5,False,1.0,0.0,0.5,0.8375000000000001,0.125,0.2679431790478287,0.11456455293708052,0.40767552667666385,True,False
0.3629800124642518,0.0,False,0.0,0.0,1.0,1.0,0.125,0.45217742682706324,0.05986710372642806,0.26154102927500933,False,False
0.4098534653330993,0.0,False,1.0,0.0,1.0,0.925,0.125,0.018256810410991496,0.023989948618835334,0.9029978559334904,False,False
0.500252534642584,0.5,True,1.0,0.0,1.0,1.0,0.25,0.48943448800703643,0.10372303331363487,0.28138200398814894,False,False
0.49803366317896225,0.5,False,0.0,1.0,1.0,1.0,0.25,0.2758029720932348,0.1348159892880896,0.40022149833348664,False,False
0.17288931976518618,0.0,True,1.0,0.0,1.0,0.9875,0.125,0.4820474742406858,0.4896840578603682,0.24097753734888983,True,False
0.34546381748910326,0.0,False,0.0,1.0,1.0,1.0,0.125,0.11028510115787875,0.05771115789518216,0.64889985623926,True,False
0.14253229716796056,0.0,False,0.0,0.0,1.0,0.9875,0.125,0.3402184803217784,0.12279450284032593,0.3565335386234898,True,False
0.18867914175461908,0.5,False,1.0,0.0,0.875,0.9375,0.25,0.3420953440527541,0.2530139494392287,0.3391626661766165,True,False
0.1759938981343364,0.0,False,0.0,1.0,0.875,0.8125,0.125,0.31453988098483976,0.027461859124132088,0.40309702292739913,True,False
0.13808511871408913,0.0,False,0.0,0.0,1.0,1.0,0.125,0.37050254785369746,0.027096961369676542,0.30924038491081607,True,False
0.19781696967121776,0.0,False,0.0,0.0,1.0,1.0,0.125,0.31091147980428036,0.14749630060329025,0.39796398762694585,True,False
0.40614500904290274,0.5,False,1.0,0.0,0.875,0.8500000000000001,0.125,0.33331224988173497,0.045261922680699104,0.38473934661633247,False,False
0.15206874199191067,0.0,False,1.0,0.0,1.0,1.0,0.125,0.5945840749643576,0.6178974961878767,0.17565521949337337,True,False
0.30214751313210064,0.0,True,0.0,0.0,1.0,1.0,0.125,0.34513448412151915,0.24009194506374043,0.33026451583047023,False,False
0.22162810771808772,0.0,False,0.0,0.0,1.0,0.925,0.125,0.2711702924189857,0.1494449236519814,0.3962422892777482,True,False
0.3693977661540647,0.0,False,0.0,1.0,1.0,0.75,0.125,0.2371259810868388,0.060357270856463884,0.6145264188554056,False,False
0.45151678463847855,0.5,False,0.0,1.0,1.0,1.0,0.25,0.41982252716214136,0.11935360119834745,0.2864676348038373,False,False
0.17487123497386725,0.0,False,0.0,0.0,1.0,1.0,0.125,0.44188418471895197,0.06006737119625732,0.27822565282369704,True,False
0.1682743413758333,0.0,False,1.0,0.0,1.0,1.0,0.125,0.512203106763157,0.013602731249110015,0.2016834165737631,True,False
0.3242162693419982,0.0,False,0.0,0.0,1.0,1.0,0.125,0.4701383402097449,0.1353568522731387,0.25619057821393176,True,False
0.1564953483824092,0.0,True,0.0,0.0,1.0,0.9750000000000001,0.125,0.47521407581755576,0.33176481295819527,0.2215228039238324,True,False
0.3817518887698633,0.5,True,1.0,0.0,0.875,0.9000000000000001,0.25,0.3118283516631027,0.01618356407004148,0.40272432824746063,False,False
0.26259349750500316,0.75,False,0.0,1.0,0.75,0.825,0.125,0.31237780030509094,0.06752957009266886,0.41891989987090095,True,False
0.5241712467845366,1.0,False,0.0,1.0,0.875,0.8500000000000001,0.375,0.27198106255257043,0.04128448254694913,0.4850724286208723,False,False
0.4791055702992998,0.0,False,0.0,1.0,1.0,1.0,0.125,0.05361232409717825,0.031382942520870594,0.8289790407390676,False,False
0.35753251426047294,0.0,False,1.0,0.0,0.875,0.9375,0.0,0.12605549150617515,0.024900982696556922,0.6235930758085604,False,False
0.34492469909686096,0.25,False,0.0,0.0,1.0,1.0,0.125,0.37564573798129886,0.24803529636179167,0.3060681188554133,False,False
0.32004148953752243,0.5,False,0.0,1.0,0.75,0.8,0.125,0.34261208284285877,0.06094751477684673,0.3409813127089927,False,False
0.33389833422413695,0.5,True,0.0,0.0,1.0,1.0,0.25,0.5686252710197841,0.08136927195167862,0.23117924261237155,False,False
0.16503045611886513,0.0,False,0.0,0.0,1.0,1.0,0.125,0.4495901572796126,0.11035947037965937,0.2580062981253386,True,False
0.24866516142767547,0.25,False,0.0,0.0,0.625,0.6625000000000001,0.125,0.082681403076275,0.03563486891267957,0.7139994849565601,True,False
0.2550506038158944,0.0,True,1.0,0.0,1.0,0.9750000000000001,0.125,0.29042565489771316,0.0888477665027058,0.37386096423887105,True,False
0.9553080426816344,0.0,False,0.0,0.0,0.75,0.8625,0.375,0.24669359012363426,0.07497128380208869,0.5030581618070826,True,False
0.26069422746428594,0.0,False,1.0,0.0,1.0,1.0,0.125,0.35059385589352704,0.03176354351245535,0.33044062854477163,True,False
0.2002739202454118,0.0,False,0.0,0.0,1.0,1.0,0.125,0.3843998662255102,0.28041041164274766,0.32035112720586967,True,False
0.473962081765806,0.25,False,0.0,1.0,0.875,0.8875,0.25,0.08197839005234744,0.032462562848728456,0.685873287590546,False,False
0.1839274901469682,0.0,False,1.0,0.0,0.875,0.9750000000000001,0.125,0.5580212528628994,0.5464639043312869,0.20151607753919354,True,False
0.16532781743217495,0.0,True,1.0,0.0,1.0,0.9750000000000001,0.125,0.2965038813394535,0.13808101099619202,0.3776683086259538,True,False
0.2229214057183464,0.0,False,0.0,0.0,0.875,0.9625000000000001,0.125,0.17125979255720064,0.012261883167115429,0.5622538198456186,True,False
0.32817644840819515,0.0,False,0.0,0.0,0.875,0.9625000000000001,0.125,0.5279348968183988,0.115134294975209,0.1885513311946354,False,False
0.26017269716418734,0.0,False,0.0,0.0,1.0,1.0,0.125,0.5666582959145484,0.5682579197305151,0.1745664612519986,True,False
0.3228763232373576,0.5,True,1.0,0.0,1.0,0.9625000000000001,0.25,0.5438809572598368,0.07963849352022308,0.17741740994423072,False,False
0.3207853885551156,0.5,False,1.0,0.0,0.875,0.9625000000000001,0.25,0.23659261445911087,0.012081033279423755,0.43032552894952003,False,False
0.5196707661670291,0.5,False,0.0,1.0,1.0,1.0,0.125,0.19332670016265616,0.0021391935547913697,0.5317801977206169,False,False
0.41201230543707534,1.0,False,0.0,1.0,1.0,1.0,0.125,0.47879063158352464,0.006868325338393641,0.21847451685091546,False,False
0.49550959036535425,0.0,False,0.0,0.0,0.875,0.9125000000000001,0.125,0.16574587799319634,0.06689629010353429,0.555687149481916,False,False
0.4348243933684871,0.5,False,0.0,0.0,1.0,0.9500000000000002,0.125,0.15869758985861243,0.05487550908724801,0.5973359608614128,False,False
0.2351606452976025,0.0,False,0.0,0.0,1.0,0.75,0.125,0.35984996347686227,0.18609097654731382,0.31779197595755715,True,False
0.24088057908739002,0.0,False,0.0,1.0,1.0,0.9125000000000001,0.0,0.2877534257129275,0.14400905999989552,0.41933983339275827,False,False
0.19831108880083492,0.0,False,0.0,0.0,0.5,1.0,0.125,0.5599336465667343,0.2219220316552906,0.16816810704009333,True,False
0.4428389430247196,0.5,False,0.0,0.0,1.0,0.875,0.25,0.20538882350723778,0.020214030750129782,0.5260324490384174,False,False
0.2651510805228984,0.0,False,0.0,1.0,0.625,0.55,0.125,0.3324283669453704,0.010668586191181674,0.3872009521824893,False,False
0.20838190059244077,0.25,False,0.0,0.0,0.875,0.8875,0.125,0.5886841930838727,0.12524021770468607,0.21130658333835606,True,False
0.4329931336403118,0.5,True,1.0,0.0,1.0,1.0,0.25,0.11631502832936134,0.046835669316397634,0.6511396964043996,False,False
0.3544891234802513,1.0,False,1.0,0.0,1.0,1.0,0.5,0.4406855130355654,0.2763067759521875,0.2640407484192073,False,False
0.25964962956097737,0.0,False,0.0,1.0,0.875,0.8875,0.125,0.10665008978126879,0.035754106409914985,0.6793631844315726,True,False
0.3921467904147661,0.0,False,0.0,0.0,1.0,0.9125000000000001,0.125,0.3318260438733577,0.02901288620891467,0.38927014395944703,False,False
0.21023700219550734,0.0,True,1.0,0.0,1.0,0.9625000000000001,0.125,0.3234906828193288,0.005261370666185962,0.3839119996553706,True,False
0.20508806235318777,0.0,False,0.0,1.0,0.875,0.8,0.125,0.2694569172973667,0.09479782769060392,0.504191974955023,True,False
0.41783506095781375,0.5,False,0.0,1.0,0.875,0.8875,0.125,0.15851601854230754,0.0412041230582303,0.5715999542583263,False,False
0.31320222383114726,0.0,False,0.0,1.0,1.0,1.0,0.0,0.20183699817957226,0.019712886690754054,0.5364710308144638,False,False
0.37766881102012706,0.5,False,0.0,1.0,1.0,0.6625000000000001,0.125,0.3178290346025801,0.0143184375197893,0.36813261964227006,False,False
0.21069776311509292,0.0,False,0.0,0.0,1.0,0.9750000000000001,0.125,0.39739373630195796,0.06281790175288916,0.27688682136861975,True,False
0.29513966780329415,0.0,False,0.0,1.0,0.875,0.7750000000000001,0.0,0.2906087737614366,0.0020380487499842307,0.4401663006260248,False,False
0.2782017990288237,0.0,False,1.0,0.0,1.0,1.0,0.125,0.3099710762463915,0.15847316833023403,0.3580498232887095,True,False
0.16885782018472062,0.0,False,0.0,0.0,1.0,1.0,0.0,0.5635353005308846,0.14294472371408148,0.23333210019070938,True,False
0.5130547569837459,1.0,True,0.0,1.0,1.0,1.0,0.375,0.23270599124131092,0.03988377226231922,0.47392897237686205,False,False
0.3568270441449498,0.0,False,0.0,0.0,1.0,1.0,0.125,0.368569974033496,0.17728040277894216,0.3130626051905574,False,False
0.3268661841772992,0.25,False,0.0,0.0,0.75,0.7000000000000001,0.125,0.27703074841136177,0.0633958473136435,0.44496558979162026,False,False
0.17655257740394903,0.0,False,0.0,1.0,0.75,0.75,0.125,0.293783881344849,0.10746530155044143,0.4555913121090247,True,False
0.1717467783888943,0.0,False,0.0,0.0,1.0,0.9125000000000001,0.125,0.43719743849660797,0.08037723869659145,0.274710760514592,True,False
0.513222153548406,0.5,False,0.0,0.0,0.5,0.875,0.125,0.08686867718139742,0.024289926477204245,0.6779803146105352,False,False
0.34546381748910326,0.0,False,0.0,0.0,1.0,1.0,0.125,0.32211847625691836,0.16920992352003436,0.34703109308364577,True,False
0.30662557203613117,0.0,False,0.0,0.0,0.75,0.8,0.125,0.2771544670753361,0.039532700321549576,0.39917583623387065,False,False
0.31371797537952617,0.25,False,0.0,0.0,0.875,0.8875,0.125,0.3478683240637468,0.14107675825175392,0.3805432745745987,False,False
0.24903629993598153,0.25,False,1.0,0.0,1.0,1.0,0.125,0.5692539765094259,0.6305959911057077,0.17762570646895925,True,False
0.19482300767235994,0.0,False,0.0,1.0,1.0,1.0,0.125,0.13761906913311592,0.03503825159959525,0.595876901648372,True,False
0.5231458016642329,0.5,False,1.0,0.0,1.0,1.0,0.25,0.35453308475014994,0.14482952935180296,0.32866857205342104,False,False
0.20508806235318777,0.0,True,0.0,0.0,0.875,0.9625000000000001,0.125,0.21767878579266936,0.05721393098803738,0.4849926647226033,True,False
0.11870435249276634,0.0,False,0.0,1.0,0.625,0.75,0.125,0.48845026851631396,0.17118868298742715,0.29471814722714806,True,False
0.38838311320546237,0.5,False,0.0,1.0,1.0,0.9375,0.125,0.11391038904388695,0.04627005998447454,0.659262637650412,False,False
0.15866791960860183,0.25,True,0.0,1.0,0.875,0.9375,0.125,0.38183316302181347,0.1262759503432526,0.3442990196680362,True,False
0.14320669321579982,0.0,False,0.0,0.0,1.0,0.875,0.125,0.3468474082419209,0.17203386199508364,0.329141513424557,True,False
0.1768312588239036,0.0,False,0.0,1.0,0.875,0.9000000000000001,0.125,0.35542397503544776,0.07346293961228968,0.36713944981978064,True,False
0.42499229356865265,0.5,False,0.0,0.0,1.0,1.0,0.25,0.3007534093767645,0.045170360406456014,0.3864822991540775,False,False
0.16885782018472062,0.0,True,0.0,0.0,1.0,0.9750000000000001,0.625,0.41737077405128536,0.32759988861376704,0.27514716831655606,True,False
0.33999747799441093,0.25,False,0.0,1.0,1.0,1.0,0.125,0.21298897944092823,0.04282571107552239,0.5136268513921523,True,False
0.33955280887912653,0.5,False,0.0,1.0,0.875,0.8875,0.125,0.22794702001482453,0.060526535782429586,0.5579693688150671,False,False
0.19756939318629507,0.0,False,0.0,0.0,0.75,0.8625,0.125,0.2943430683859673,0.04375123661661369,0.36729983008365963,True,False
0.3051454065277114,0.25,False,0.0,1.0,0.875,0.875,0.0,0.18117915530688983,0.04637286679133112,0.6365878970537495,True,False
0.2613872253985209,0.5,False,1.0,0.0,0.875,0.8500000000000001,0.125,0.12295364330784044,0.055155981353335215,0.633795826276236,True,False
0.33389833422413695,0.25,False,1.0,0.0,0.875,0.8375000000000001,0.0,0.244677308821244,0.011780082033484558,0.4674992115130632,False,False
0.1682743413758333,0.0,True,1.0,0.0,1.0,1.0,0.125,0.31470476019391974,0.0698509518537532,0.37087869345902846,True,False
0.46823437200101725,1.0,False,0.0,1.0,0.875,0.8625,0.25,0.16750150650421874,0.048356906206865946,0.5606821747354291,False,False
0.5481207123994752,0.75,False,0.0,1.0,1.0,1.0,0.25,0.24690616269432986,0.04192177109796162,0.5269555192840669,False,False
0.23415554204266942,0.0,False,0.0,1.0,0.875,0.875,0.125,0.1938636770235208,0.02510853769023108,0.5412138506422226,True,False
0.09954599327401004,0.0,False,0.0,0.0,1.0,1.0,0.125,0.841554285310878,0.5895477630939396,0.06293773986632045,True,False
0.11281172005477969,0.0,False,0.0,0.0,0.875,0.9000000000000001,0.125,0.31156078795701747,0.26443050588489947,0.3755656074391567,True,False
0.21069776311509292,0.0,False,1.0,0.0,0.875,0.8625,0.125,0.1511252311718746,0.07341221277750348,0.5691239851739875,True,False
0.30888908858793085,0.25,False,0.0,0.0,0.875,1.0,0.125,0.31144371087668543,0.09707249211588967,0.38933470881665566,False,False
0.3221411563468829,0.0,False,0.0,0.0,1.0,0.9750000000000001,0.125,0.2877287820472121,0.04300672110982067,0.41280933517010165,False,False
0.15174828993494538,0.0,False,0.0,0.0,0.0,0.25,0.125,0.33984029817842976,0.07089217970124922,0.3858090631790112,True,False
0.31448880291451087,0.0,False,0.0,1.0,0.75,0.75,0.125,0.12589479844126605,0.026100042130901023,0.6229967097304296,True,False
0.2737424067449248,0.0,False,1.0,0.0,1.0,0.9625000000000001,0.25,0.30375507403886054,0.1840124374816201,0.36643638947020785,False,False
0.14421350584311732,0.0,False,1.0,0.0,0.875,0.875,0.125,0.3064269731650444,0.18648767719532444,0.37570442055635933,True,False
0.2002739202454118,0.0,False,0.0,0.0,0.75,0.75,0.125,0.4282772575015955,0.10306029958795719,0.3134133658542728,True,False
0.35753251426047294,0.0,False,0.0,0.0,1.0,0.9500000000000002,0.125,0.465131348127498,0.3478328415018049,0.282065643446219,True,False
0.48454720531829965,1.0,False,0.0,1.0,0.875,0.875,0.25,0.09704911847280634,0.014193960116197819,0.7019386915269497,False,False
0.21343748359103298,0.25,False,1.0,0.0,0.875,0.9000000000000001,0.125,0.4360045370020623,0.07051163014888442,0.2481475742833097,False,False
0.412455701599315,1.0,False,0.0,1.0,0.5,0.5,0.25,0.2845092274007511,0.050043386897152806,0.42888657320708323,False,False
0.23395383641829348,0.0,False,1.0,0.0,1.0,0.9000000000000001,0.125,0.3590801378750188,0.06945191994612646,0.35640966955317244,True,False
0.3628824450656146,0.5,False,0.0,0.0,1.0,1.0,0.125,0.12237513661958363,0.06902569842259396,0.6188595672676818,False,False
0.061795817342488846,0.0,False,1.0,0.0,0.75,0.625,0.5,0.809730437823524,0.5323518877314447,0.07767752352826496,True,False
0.33999747799441093,0.0,False,0.0,1.0,1.0,0.9750000000000001,0.125,0.1414649020279234,0.021918446813857465,0.6024130455109211,True,False
0.3332075278298613,0.75,False,0.0,1.0,1.0,1.0,0.125,0.8628593184052341,0.4343740946071997,0.05235085257732064,False,False
0.23951669247323193,0.0,False,0.0,1.0,0.75,0.7750000000000001,0.125,0.1170871639850199,0.03701996216043987,0.650990533247072,True,False
0.25106380151150653,0.0,False,0.0,0.0,1.0,0.9375,0.125,0.4363965922507339,0.07557533853100262,0.3091292271424275,False,False
0.340662399340533,0.0,False,0.0,1.0,0.875,0.7750000000000001,0.125,0.0802084629359341,0.013852041877148936,0.7062138766551089,True,False
0.23395383641829348,0.0,True,0.0,0.0,1.0,0.9750000000000001,0.125,0.31643310152874016,0.02259355752033049,0.39424813913214884,True,False
0.14785703624482216,0.0,False,0.0,1.0,1.0,1.0,0.125,0.19597811940346546,0.014983925623197164,0.5350985567101834,True,False
0.19431906581166813,0.0,False,0.0,0.0,0.875,0.9625000000000001,0.125,0.3632332913160533,0.07349029973428539,0.35792285814249447,True,False
0.2737424067449248,0.5,False,0.0,0.0,0.875,0.9625000000000001,0.125,0.24415554803957198,0.041814030795496816,0.5545825765096819,False,False
0.30662557203613117,0.5,False,0.0,0.0,0.875,0.8500000000000001,0.125,0.3804730181578094,0.14219616987015873,0.32284467492567304,False,False
0.3943672664900938,0.5,True,1.0,0.0,0.875,0.8375000000000001,0.125,0.12862413602013437,0.00933465194168085,0.6288524077657418,False,False
0.36817054530228777,0.75,False,1.0,0.0,0.75,0.75,0.125,0.1874914668067028,0.032969279683426965,0.5386920354688449,False,False
0.2737424067449248,0.0,False,0.0,1.0,0.875,0.9000000000000001,0.125,0.039241869808933974,0.034601493900165634,0.8552067092160356,True,False
0.16885782018472062,0.0,False,0.0,1.0,0.875,0.9125000000000001,0.125,0.39087096044492886,0.28182201940493057,0.31625014370421467,True,False
0.21746934944105067,0.25,False,0.0,1.0,0.875,0.8500000000000001,0.125,0.23824973479899333,0.06601628332715904,0.5377704508096637,True,False
0.3872807995717006,0.0,False,0.0,0.0,1.0,1.0,0.125,0.22409979443663333,0.03950585889188034,0.611010203289283,False,False
0.15866791960860183,0.0,False,0.0,0.0,1.0,0.8625,0.125,0.4597335672517174,0.3989874639879319,0.2420469153084266,True,False
0.5065737621568073,0.5,False,0.0,1.0,0.75,0.75,0.25,0.00960946948630387,0.013942738959284086,0.9100679237394242,False,False
0.1841948354016394,0.0,False,0.0,1.0,0.625,0.75,0.125,0.26757257213683994,0.036191926325745076,0.435797284422037,True,False
0.4828676529447945,1.0,False,0.0,0.0,0.875,0.8500000000000001,0.25,0.2253939356820083,0.05533132691671053,0.4993052379722025,False,False
0.5169883781983698,0.75,False,0.0,1.0,1.0,0.9750000000000001,0.25,0.2135288358458406,0.0354888447355923,0.5771519374570488,False,False
0.19557624719088196,0.0,False,1.0,0.0,0.5,1.0,0.125,0.4294827928694763,0.19291827046387505,0.26168281609027844,True,False
0.29123711464002977,0.0,False,1.0,0.0,1.0,1.0,0.125,0.16346093158095376,0.042579728527585466,0.5648507620221606,False,False
0.3201656894734407,0.0,True,0.0,1.0,1.0,0.9125000000000001,0.0,0.21711354222723225,0.04048811582006137,0.5203706254305795,False,False
0.22966417662094474,0.0,True,0.0,0.0,1.0,0.9875,0.125,0.4460551821397653,0.0070788394698718966,0.2670625944586913,True,False
0.25964962956097737,0.0,True,1.0,0.0,1.0,0.9875,0.125,0.3176740053018833,0.0680042671568498,0.41245481227077074,True,False
0.20485043200541464,0.0,False,0.0,1.0,0.75,0.8125,0.125,0.22610025918603466,0.10765477557370669,0.46320871156111876,True,False
0.20508806235318777,0.0,False,0.0,1.0,0.875,0.8500000000000001,0.125,0.35082558599891134,0.03129396133780945,0.34819930832534607,True,False
0.37676861522205896,1.0,False,0.0,1.0,0.625,0.625,0.0,0.0982163360822589,0.03374401413048449,0.6592240656806405,False,False
0.35753251426047294,0.5,False,0.0,0.0,0.875,0.8875,0.25,0.2903457551843965,0.07190268846374621,0.38293869612137277,False,False
0.3656903445431038,0.0,True,1.0,0.0,1.0,0.9750000000000001,0.125,0.10882085582977834,0.03858837591962974,0.6760947479406951,False,False
0.34187498828329843,0.0,False,0.0,1.0,0.875,0.7875000000000001,0.0,0.23898660056920681,0.052976423929195764,0.5326878182057495,False,False
0.42478585543802916,0.0,False,0.0,1.0,0.875,0.9625000000000001,0.125,0.24755453209172767,0.10748994923303558,0.4840199095497313,True,False
0.3234866442354115,0.5,False,0.0,1.0,1.0,0.7875000000000001,0.125,0.2820554033667276,0.05948020443600853,0.41474525114057315,False,False
0.45916708441617693,1.0,False,0.0,1.0,0.875,0.8,0.25,0.13662640959217706,0.06454250320745154,0.6037185464104562,False,False
0.44140271888250104,0.0,False,0.0,0.0,0.75,0.875,0.125,0.13254622248394501,0.028893522631733143,0.6220754369540611,False,False
0.228210932524332,0.0,False,1.0,0.0,1.0,0.9125000000000001,0.125,0.35800910325318164,0.02049009029620158,0.35229389572136904,True,False
0.3273437640392046,0.0,False,1.0,0.0,1.0,0.9375,0.125,0.394665995513893,0.04790834067792171,0.30168956156604154,True,False
0.283011683321037,0.5,False,0.0,1.0,0.625,0.5625,0.125,0.04013182425933526,0.02565293903986506,0.8431433376079478,True,False
0.44955154077707105,1.0,False,1.0,0.0,1.0,0.9625000000000001,0.25,0.10555435644648732,0.05648751733946105,0.6498628649129632,False,False
0.25912501556490786,0.0,True,0.0,0.0,1.0,0.9500000000000002,0.125,0.2913029007632038,0.07145233747153026,0.42217011765488266,True,False
0.19954040040265897,0.0,False,0.0,1.0,0.75,0.7250000000000001,0.125,0.24983308957108738,0.06229820980751169,0.548078149802794,True,False
0.39387622298980485,0.5,False,0.0,1.0,0.875,0.7750000000000001,0.0,0.17638313058618493,0.021452507861945042,0.5549667674601213,False,False
0.4502090433431062,0.5,False,1.0,0.0,0.875,0.9500000000000002,0.25,0.12113672273793308,0.002727217366583458,0.6367024917451172,False,False
0.17655257740394903,0.0,False,0.0,1.0,0.75,0.75,0.125,0.239606076872994,0.047600661990000515,0.5299046865868864,True,False
0.2550506038158944,0.0,False,0.0,0.0,0.0,0.0,0.0,0.7794093374691942,0.4718350991139395,0.09299141584792503,True,False
0.3777585799440689,0.5,False,0.0,0.0,0.875,0.8500000000000001,0.125,0.2073147981157705,0.017112376065346456,0.5216815681664242,False,False
0.3629800124642518,1.0,False,0.0,0.0,1.0,0.75,0.125,0.3956148502857309,0.09280895660989719,0.3092189736497597,False,False
0.2343570186517372,0.0,False,0.0,0.0,1.0,1.0,0.125,0.28797522481614335,0.2410732060874552,0.38690718316797,True,False
0.4154562806390919,0.0,False,0.0,1.0,1.0,0.9375,0.0,0.0977147052907175,0.051148379973846386,0.6627126683934477,False,False
0.2905049056005683,0.0,False,1.0,0.0,0.875,1.0,0.25,0.2603970803580992,0.20375286477125895,0.4220879715047523,True,False
0.14621015424893014,0.0,False,1.0,0.0,1.0,1.0,0.125,0.2642847577149253,0.20980337185794393,0.41686987699964884,True,False
0.2347592869000048,0.0,True,1.0,0.0,1.0,1.0,0.125,0.3480709172613502,0.0649094757658801,0.3293347691745203,True,False
0.11870435249276634,0.0,False,0.0,1.0,0.625,0.6625000000000001,0.125,0.4917238010791877,0.15353910174841404,0.2894548339663878,True,False
0.13877659637533346,0.25,True,1.0,0.0,1.0,0.9625000000000001,0.125,0.6052008186104872,0.6989951390377152,0.1646789867849523,True,False
0.14421350584311732,0.0,False,0.0,1.0,0.875,0.8375000000000001,0.0,0.4984584485109741,0.1648494763430708,0.2916503668735826,True,False
0.1623315399495997,0.0,False,0.0,0.0,1.0,0.9875,0.125,0.49749111617516867,0.06624196439628247,0.2064231789764075,True,False
0.4139257379448672,1.0,False,0.0,0.0,1.0,0.9750000000000001,0.375,0.3959364458657673,0.1530302706265989,0.28700763350020875,False,False
0.21389001927083318,0.0,False,1.0,0.0,0.875,0.9375,0.125,0.28728053381849494,0.06525275869858937,0.40685419550841395,True,False
0.18123164832544447,0.0,True,0.0,0.0,1.0,0.9500000000000002,0.125,0.4097092396952157,0.16925346430252478,0.2767134824845654,True,False
0.5161674627959966,0.75,False,0.0,1.0,0.875,0.8375000000000001,0.25,0.30948066087270726,0.007351032103376497,0.40872814936545043,False,False
0.2649817170498764,0.5,False,0.0,0.0,1.0,0.925,0.125,0.34828173627475717,0.13132012453739628,0.3193740770516973,True,False
0.19831108880083492,0.0,True,1.0,0.0,1.0,0.9625000000000001,0.125,0.36863558289104364,0.03768633811374287,0.3098886046777227,True,False
0.1514272581382603,0.0,False,1.0,0.0,0.875,0.825,0.125,0.5276262974534808,0.4330946263805846,0.1900446162379208,True,False
0.3365217889945621,0.75,False,0.0,0.0,0.625,0.6625000000000001,0.25,0.785784341709706,0.4853094912325653,0.0894462410774246,False,False
0.1552418311750694,0.0,False,0.0,0.0,0.875,0.9500000000000002,0.125,0.34691114777692666,0.056728552787485065,0.365188981533924,True,False
0.41030228187347484,0.0,False,0.0,0.0,1.0,0.9500000000000002,0.125,0.21515799231919513,0.055791373973199825,0.4875113538961262,False,False
0.26156005283736583,0.0,False,0.0,0.0,1.0,0.9750000000000001,0.125,0.19570688274492992,0.048840558846440736,0.5112225920223163,True,False
0.41326572820348073,0.5,False,0.0,0.0,1.0,1.0,0.25,0.8134877251211263,0.5335043704677228,0.07563167538576798,False,False
0.08890245099564842,0.0,False,1.0,0.0,0.75,0.875,0.125,0.3474218319126989,0.19911191581001866,0.3311681668560007,True,False
0.17655257740394903,0.0,False,0.0,1.0,0.625,0.7125,0.125,0.2575823052791148,0.05205753432251098,0.5151861717467103,True,False
0.3817518887698633,0.5,False,0.0,1.0,0.875,0.875,0.125,0.13449100098787406,0.039809165043238635,0.5986707667945614,False,False
0.311776128813647,0.25,False,0.0,1.0,0.625,0.75,0.125,0.1788441166506106,0.07469374728894855,0.526876285120327,True,False
0.4914421740778375,0.5,False,0.0,1.0,1.0,0.9125000000000001,0.25,0.24650529293495782,0.04071340796631188,0.4729010733715897,False,False
0.4613096569994547,0.5,False,1.0,0.0,1.0,1.0,0.375,0.3642712065576776,0.049150171846027595,0.3349001454300462,False,False
0.3614124598461156,0.5,True,0.0,1.0,1.0,0.925,0.125,0.2620438678380489,0.0524556763050007,0.507295278604428,False,False
0.3794556174820961,0.5,True,0.0,1.0,0.875,0.9375,0.125,0.43302371879367724,0.08447477254474192,0.31089060586523964,False,False
0.1623315399495997,0.0,False,0.0,0.0,0.0,0.5,0.125,0.23873102435686225,0.08816300798831618,0.48644802258859876,True,False
0.1759938981343364,0.0,False,0.0,1.0,0.875,0.825,0.125,0.32531636388197727,0.03950626293918171,0.39014253825595335,True,False
0.3294771087624807,0.0,False,0.0,1.0,0.75,0.75,0.0,0.2398317210443852,0.045362214042387446,0.5357112848365828,False,False
0.28888333113634024,0.25,False,0.0,1.0,0.875,0.625,0.125,0.45938185019391087,0.09915156423258593,0.2551785568454623,False,False
0.264642504397139,0.0,False,1.0,0.0,0.75,0.75,1.0,0.7015902111018603,0.6845411408324691,0.1206810429660794,True,False
0.3490870169394459,0.5,False,0.0,0.0,0.875,0.9750000000000001,0.25,0.3812246905854904,0.2192180771802174,0.3004526346317029,False,False
0.3387719465619622,0.0,True,1.0,0.0,1.0,0.9500000000000002,0.125,0.2558150399983267,0.09660594709299117,0.4787562525480935,False,False
0.4292057790277314,0.5,False,0.0,0.0,1.0,0.9500000000000002,0.125,0.5054125716832536,0.2863042875473581,0.3288677247489451,False,False
0.3067595223219207,0.25,False,1.0,0.0,0.625,0.6625000000000001,0.125,0.22491041286008384,0.032216088674057966,0.4939834538519179,False,False
0.3394414672750782,0.0,False,0.0,1.0,1.0,0.9000000000000001,0.0,0.4123191546331628,0.05649657270889737,0.3259645353657188,False,False
0.39704398239708427,0.0,False,0.0,0.0,0.875,1.0,0.125,0.12843948729137195,0.04112219489427002,0.6447435836541713,False,False
0.23455826676495228,0.75,True,0.0,1.0,1.0,1.0,0.25,0.5574669173786404,0.5511378091779835,0.17998166583422948,True,False
0.3273437640392046,0.0,False,0.0,0.0,1.0,1.0,0.125,0.1668343047808815,0.04686826238356726,0.5626889832894131,False,False
0.2550506038158944,0.0,False,1.0,0.0,0.875,0.8375000000000001,0.125,0.08223422192850144,0.008328591933269422,0.7233461226005908,True,False
0.25964962956097737,0.0,False,0.0,0.0,1.0,0.9625000000000001,0.125,0.34895964239349186,0.31376468057772616,0.33020911285866594,False,False
0.4742749312492235,1.0,False,0.0,1.0,0.875,0.8375000000000001,0.375,0.2200555207190379,0.06229289768635363,0.5177741519421866,False,False
0.1682743413758333,0.0,True,0.0,0.0,0.875,0.9625000000000001,0.125,0.44294380279521434,0.28301386598984474,0.26115364550854125,True,False
0.43200427200122926,0.5,True,1.0,0.0,1.0,1.0,0.125,0.11075624596940319,0.036573174910958,0.6698547931562424,False,False
0.13877659637533346,0.5,False,1.0,0.0,0.875,0.7625,0.125,0.4252186725806885,0.01298944744782023,0.2955997113101103,True,False
0.25576595090664944,0.0,False,0.0,0.0,1.0,1.0,0.125,0.3526584931578929,0.05268104789906462,0.35330758451103517,True,False
0.38702544412465556,0.0,False,0.0,0.0,0.25,0.625,0.125,0.46178102157949835,0.2988531498283589,0.24424828051083658,True,False
0.29356008484014373,0.0,False,0.0,0.0,1.0,0.9875,0.125,0.2412656407892849,0.09663880496636182,0.4944735623842953,True,False
0.340662399340533,0.0,False,0.0,1.0,0.625,0.625,0.125,0.08020742139164255,0.013854768808245406,0.7062149401151574,True,False
0.20485043200541464,0.0,False,0.0,1.0,0.75,0.7750000000000001,0.125,0.21844995427058028,0.07856670331004892,0.4775637364153815,True,False
0.24491044783901683,0.25,False,1.0,0.0,1.0,0.75,0.125,0.5694245193378127,0.5517541414957993,0.19478841536260605,False,False
0.5874408954475193,0.5,False,0.0,1.0,0.875,0.9000000000000001,0.25,0.11940752413186802,0.035862634970895216,0.645003198195762,False,False
0.062327502764905285,0.0,False,0.0,0.0,1.0,1.0,0.125,0.5514043231947033,0.20450295734724064,0.17303334794696124,True,False
0.2235645371255457,0.25,True,1.0,0.0,0.875,0.9625000000000001,0.125,0.40757760636014334,0.16983833286776678,0.2784327526424417,False,False
0.2323318839485774,0.0,True,1.0,0.0,0.875,0.875,0.125,0.2547498988228454,0.02773644724392734,0.4582149543805858,True,False
0.24376836489091658,0.0,False,1.0,0.0,1.0,0.9125000000000001,0.125,0.31413817051511234,0.038944546479103795,0.4082760579308218,True,False
0.21069776311509292,0.0,False,0.0,0.0,1.0,1.0,0.0,0.29844798604843775,0.02522173490345,0.417618087289261,True,False
0.24528951452963388,0.0,False,0.0,0.0,1.0,0.9750000000000001,0.125,0.3207575472558477,0.2083809416672132,0.34931437124928943,False,False
0.4049940975947658,0.5,False,0.0,1.0,0.875,0.875,0.125,0.18786323337946267,0.061487604821074,0.5852864316026514,False,False
0.26447265459765357,0.0,False,0.0,1.0,0.875,0.8875,0.125,0.24089424340963891,0.09651658651190219,0.4880496792013831,True,False
0.4921972347902902,0.5,False,0.0,1.0,0.875,0.75,0.125,0.20530844718695024,0.09658066290292547,0.5289475413354623,False,False
0.29684696291536883,0.0,False,0.0,1.0,0.875,0.8,0.125,0.5403877206921351,0.03715532705413156,0.17972183446751067,True,False
0.2113866689982885,0.0,False,1.0,0.0,0.875,0.7875000000000001,0.125,0.21820294448252975,0.0628775877071428,0.4928876889116647,True,False
0.0785512070204124,0.0,False,0.0,0.0,1.0,1.0,0.125,0.8763157071986983,0.44313112035806485,0.04679801413997109,True,False
0.3103384799797889,0.5,False,0.0,1.0,1.0,0.9375,0.125,0.248057655896845,0.0460995989221931,0.5173118176309597,True,False
0.2451000824035493,0.0,False,0.0,1.0,0.875,0.9125000000000001,0.125,0.4742339061447402,0.10649990360356673,0.2712088029241957,True,False
0.20317804933718453,0.25,True,0.0,0.0,1.0,0.9875,0.25,0.3754186300299973,0.1780585430021851,0.297105818347295,True,False
0.28285854363842466,0.0,False,0.0,0.0,1.0,1.0,0.125,0.47245607027075553,0.08128701239400118,0.2283279114803285,True,False
0.2743863651066005,0.0,False,0.0,1.0,0.875,0.9000000000000001,0.125,0.12245389550531685,0.011027458906335571,0.6408019181769431,True,False
0.1717467783888943,0.0,False,0.0,0.0,1.0,1.0,0.125,0.3392230770092002,0.08455077331802903,0.3801906894275313,True,False
0.3644371223562429,0.0,True,1.0,0.0,1.0,0.875,0.125,0.17987205506980422,0.06316767242072735,0.616854312397614,True,False
0.4091781048809616,0.5,False,0.0,1.0,1.0,0.75,0.125,0.17543015616506905,0.056656202345027225,0.602677819889152,False,False
0.20293784567168505,0.0,False,0.0,0.0,1.0,0.9500000000000002,0.125,0.47946459054313156,0.08093748430282373,0.29122852350760264,True,False
0.35294762811768343,0.5,False,0.0,0.0,0.875,0.9375,0.25,0.268507342330943,0.14352755157261607,0.4008171832594476,False,False
0.21069776311509292,0.0,False,0.0,1.0,0.875,0.8,0.125,0.1639536174443222,0.03221987447040871,0.5419498913314391,True,False
0.2235645371255457,0.0,False,1.0,0.0,0.875,0.8625,0.125,0.3657489906005984,0.054038382415723875,0.3593693907627684,True,False
0.22335041887289453,0.0,False,0.0,1.0,0.75,0.75,0.125,0.2920758136787366,0.04972801943483705,0.44859223528048586,True,False
0.25576595090664944,0.5,False,0.0,1.0,0.875,0.825,0.125,0.13364582663358462,0.02723440711530165,0.6047517853568483,True,False
0.2982572673323133,0.0,False,1.0,0.0,1.0,0.8375000000000001,0.125,0.3361068677288862,0.09487562460411113,0.3925737306869954,False,False
0.2041356256633543,0.0,False,1.0,0.0,1.0,1.0,0.125,0.20609750835474386,0.11031773425024691,0.5584054583522144,True,False
0.11440232011993279,0.0,False,0.0,1.0,0.625,0.7625,0.125,0.4784723292108212,0.10365011255072842,0.28816853159116596,True,False
0.24679773527625148,0.0,False,1.0,0.0,1.0,1.0,0.125,0.11536401146118637,0.039873140955267,0.6533345777171471,True,False
0.2343570186517372,0.0,True,1.0,0.0,1.0,0.9875,0.125,0.29374680124451613,0.17908599367791492,0.376677728193193,True,False
0.17655257740394903,0.0,False,0.0,1.0,0.875,0.7875000000000001,0.125,0.2577447516630133,0.03261428332890908,0.5048790494661695,True,False
0.09341509162752937,0.0,False,0.0,0.0,0.875,0.9750000000000001,0.125,0.43245216278694376,0.28461835881065045,0.30037227504726793,True,False
0.3194191825672693,0.0,False,0.0,1.0,1.0,0.75,0.125,0.12305673720647702,0.04685009022856108,0.6345699860638412,True,False
0.25379176517616986,0.75,False,0.0,1.0,1.0,1.0,0.125,0.2003147931787872,0.007975248626215114,0.5219730894295804,True,False
0.14421350584311732,0.0,True,0.0,0.0,1.0,0.9875,0.125,0.6414050037861214,0.5700384500207574,0.1560188477501927,True,False
0.1411757669663588,0.0,False,1.0,0.0,0.875,0.9625000000000001,0.125,0.2801065673839903,0.0776021128382314,0.39769132965750553,True,False
0.5515240064827968,1.0,False,1.0,0.0,1.0,0.875,0.375,0.2711674744399829,0.05992008881685004,0.4468520329325194,False,False
0.38410543891919724,0.5,False,0.0,1.0,0.875,0.825,0.125,0.1556565665858911,0.05319267521141804,0.5752544412106937,False,False
0.4099283469651437,1.0,False,0.0,0.0,1.0,1.0,0.125,0.2126977885870829,0.0631414733365174,0.4650237175272922,False,False
0.15835917607605532,0.0,False,1.0,0.0,0.625,0.8375000000000001,0.125,0.2269715365332324,0.03997989036952929,0.6403713682065004,True,False
0.3326297943954285,0.0,False,0.0,1.0,1.0,1.0,0.0,0.22729007256794068,0.04245309523215053,0.6263663026358564,False,False
0.3116459136988182,0.5,False,0.0,1.0,1.0,1.0,0.25,0.45425065554930494,0.2527998351985429,0.2539928370276898,True,False
0.5656751355502573,0.0,False,0.0,0.0,1.0,0.9625000000000001,0.125,0.5619716101183961,0.03718749172984307,0.16736942279738076,True,False
0.5649578150001618,0.5,False,0.0,1.0,1.0,1.0,0.25,0.06465462383361895,0.03900116688500104,0.8684542572134633,False,False
0.3300651810942702,0.0,False,0.0,0.0,1.0,0.9375,0.125,0.32591521975391646,0.12781759028659173,0.3706331510392131,False,False
0.18068753024402562,0.0,False,0.0,0.0,1.0,0.9750000000000001,0.125,0.22616523188938686,0.09268568597219631,0.5255822425078007,True,False
0.2239920000991058,0.0,False,0.0,0.0,0.75,1.0,0.125,0.5278333920559991,0.5141695832317412,0.20073285755223513,False,False
0.2721222121583905,0.25,False,0.0,1.0,0.875,0.7375,0.0,0.19358702268275166,0.047663687322342795,0.4999621945381847,False,False
0.23655829365336611,0.0,True,0.0,0.0,1.0,0.9875,0.125,0.5421037736247695,0.14634300407354464,0.25420592000278686,True,False
0.2508804374664776,0.0,False,0.0,1.0,1.0,0.9500000000000002,0.125,0.23028176299560266,0.07530501540652541,0.5000984784803095,True,False
0.2132107822424778,0.0,True,0.0,1.0,1.0,0.9000000000000001,0.125,0.31360086225897443,0.04402852638416438,0.37025440888245753,True,False
0.2451000824035493,0.0,False,1.0,0.0,1.0,0.9625000000000001,0.125,0.28483875124049374,0.1604895611673286,0.40421004703404284,True,False
0.11201104130645712,0.0,False,0.0,0.0,1.0,1.0,0.125,0.23476562306286264,0.15528155068321295,0.4515771829443289,True,False
0.2343570186517372,0.0,False,0.0,0.0,1.0,0.8500000000000001,0.125,0.4295063402219442,0.04432613276141116,0.25259032639669954,True,False
0.13877659637533346,0.0,False,1.0,0.0,1.0,0.925,0.125,0.4122786572526328,0.30997283901298867,0.30060254385540164,True,False
0.367601260364658,0.5,False,0.0,1.0,1.0,1.0,0.125,0.31662292781831564,0.05789526540693476,0.34567373914865596,True,False
0.31371797537952617,0.0,True,0.0,0.0,1.0,0.9625000000000001,0.125,0.36554812143981336,0.08949157491728711,0.33238787604466014,False,False
0.1514272581382603,0.0,True,1.0,0.0,1.0,0.9375,0.125,0.4470537109078216,0.4050552583255048,0.2690431295156892,True,False
0.3364085286288315,0.0,False,0.0,1.0,0.875,0.8500000000000001,0.125,0.1870685052020505,0.017852580478270326,0.5489894196667984,False,False
0.3619038091852885,0.5,False,0.0,0.0,1.0,1.0,0.25,0.36575516742484326,0.1305699709027114,0.3632767322747572,False,False
0.24242657760571618,0.5,False,0.0,0.0,0.875,0.9000000000000001,0.125,0.47399482914679264,0.2673626949848572,0.23254362164102615,True,False
0.12290455240716902,0.0,True,1.0,0.0,0.625,0.75,0.125,0.5720826354926495,0.06087075880507053,0.16150684243737712,True,False
0.40751632137933747,0.25,False,0.0,1.0,1.0,0.9750000000000001,0.0,0.21890985307388305,0.03844206371364904,0.570209322934246,False,False
0.3882139715493874,0.5,False,1.0,0.0,0.75,0.7000000000000001,0.25,0.2676451090352966,0.053919203228532164,0.4501558659371061,False,False
0.39999790381279865,0.0,False,0.0,1.0,1.0,0.75,0.125,0.24982747813669684,0.11327069272714327,0.47828753734639884,True,False
0.1768312588239036,0.0,False,0.0,1.0,0.875,0.8125,0.125,0.36334102976972554,0.10722341908969601,0.3607953604328986,True,False
0.2612142294711105,0.0,True,0.0,0.0,1.0,0.9750000000000001,0.125,0.23834498269770238,0.08040690208914034,0.47819511074065857,True,False
0.37284487613843986,0.5,False,0.0,0.0,1.0,0.9500000000000002,0.25,0.42775215847582065,0.013153305849667849,0.25367389907855387,False,False
0.34546381748910326,0.25,False,0.0,0.0,0.875,0.8,0.25,0.3409288333332466,0.06034873625426457,0.34250999545737626,False,False
0.33999747799441093,0.0,False,0.0,1.0,0.75,1.0,0.125,0.28143023810482715,0.06163861574505099,0.4420393220624159,False,False
0.1370428236348713,0.25,True,1.0,0.0,1.0,0.9625000000000001,0.125,0.4241824447582239,0.23766951546779194,0.25724701858830223,True,False
0.3201656894734407,0.25,False,0.0,1.0,1.0,0.875,0.125,0.19973258467717164,0.015012208688480631,0.5405444956843171,False,False
0.4144373870432848,0.0,True,1.0,0.0,1.0,0.9875,0.125,0.14231571803502255,0.057540064615010024,0.5774200999842232,True,False
0.2343570186517372,0.0,False,0.0,0.0,0.875,0.9125000000000001,0.125,0.23242181777627616,0.11714218953475702,0.4899602489650512,True,False
0.2550506038158944,0.0,False,1.0,0.0,1.0,1.0,0.125,0.536783847352246,0.026866393622857636,0.18229475107102555,True,False
0.20603541428460392,0.0,False,0.0,0.0,1.0,0.9750000000000001,0.125,0.2564715331553627,0.07574655725552859,0.42715029888269695,True,False
0.2813198338470281,0.0,False,0.0,0.0,0.875,0.9750000000000001,0.0,0.3110482358495272,0.05832759835145005,0.385172218717065,False,False
0.43253235054368655,0.5,False,0.0,1.0,1.0,0.875,0.125,0.3535230323611756,0.030882786307300233,0.36304184836028686,False,False
0.21857324393537003,0.25,False,0.0,1.0,0.875,1.0,0.125,0.6082272724481927,0.5168900692891719,0.17787177499439366,True,False
0.15174828993494538,0.0,True,0.0,1.0,1.0,1.0,0.125,0.5112804588531988,0.22001065344367463,0.1973513621539673,True,False
0.1514272581382603,0.0,False,1.0,0.0,1.0,0.8875,0.125,0.36819875042521466,0.06047970743839981,0.34416472507544404,True,False
0.3067595223219207,0.5,True,0.0,1.0,0.875,1.0,0.125,0.44621354463731805,0.1430316724636938,0.2478581789572054,False,False
0.29123711464002977,0.0,True,0.0,0.0,1.0,0.9375,0.125,0.3884558869520286,0.08324785260101117,0.31691463569901046,True,False
0.340662399340533,0.5,False,0.0,0.0,0.875,0.9125000000000001,0.125,0.3279380857474529,0.02959895918040726,0.3854998212689411,False,False
0.38676972068630155,0.25,False,0.0,1.0,1.0,0.8375000000000001,0.125,0.2046662388298763,0.03261465190693452,0.5939750044592012,False,False
0.538083484327904,1.0,False,1.0,0.0,1.0,0.9125000000000001,0.375,0.27780589237984793,0.10398441150159062,0.4286983513411755,False,False
0.48508720400127825,1.0,False,0.0,1.0,0.5,0.75,0.25,0.2502494216561145,0.03751852950564147,0.5200045806362374,False,False
0.3941219145923279,0.5,False,0.0,1.0,1.0,0.8875,0.125,0.13231732957666084,0.050583030562796436,0.6158078178337125,False,False
0.26430264206809273,0.25,False,0.0,0.0,0.875,0.9000000000000001,0.125,0.2000024708847602,0.10186747265819636,0.4882366743696722,True,False
0.15206874199191067,0.0,False,1.0,0.0,0.625,0.7750000000000001,0.125,0.26461266903908964,0.011469681496669494,0.4112864877632394,True,False
0.2351606452976025,0.25,False,0.0,1.0,0.625,0.7000000000000001,0.125,0.03414920194569499,0.03417208166473552,0.8371325390819973,True,False
0.3628824450656146,1.0,False,1.0,0.0,1.0,1.0,0.375,0.5331877909867785,0.2195669969541629,0.19528262058843704,False,False
0.29442341813256856,0.5,False,0.0,1.0,0.625,0.625,0.125,0.24699785874505586,0.045026729404109206,0.5414703176029019,False,False
0.22862736097375158,0.0,False,0.0,0.0,1.0,0.9625000000000001,0.125,0.2695052272489641,0.009577449318185344,0.4253653947645075,True,False
0.1768312588239036,0.0,False,0.0,1.0,0.75,0.7375,0.125,0.36872908170380897,0.1319494442147463,0.3567997404687082,True,False
0.34077297773768056,0.0,False,0.0,1.0,0.875,0.7125,0.0,0.28601977545815027,0.025724369045137804,0.44009661923487187,False,False
0.4831156451491453,1.0,False,0.0,0.0,1.0,1.0,0.5,0.5211595302061078,0.0581083495076854,0.1951032745990513,False,False
0.25379176517616986,0.75,False,0.0,1.0,1.0,1.0,0.125,0.19563652438565748,0.01537893977928259,0.5358231625454246,True,False
0.3596322511930946,0.25,False,0.0,0.0,1.0,0.9375,0.0,0.18892750329921537,0.09657847942504061,0.5068515012894044,False,False
